conf;job_url;table;secundary_table;job;version
t_b0hn_toolkit_ems_metric_target-qlm-MRField.conf;"https://bbva.ghe.com/platform/gl-cs-360-gdh-qlt-b0hn/blob/19.0.0/hammurabi/jobs/europa/b0hn-gl-hmm-qlt-toolkitemsmetrictarmrfield-01.json
https://bbva.ghe.com/platform/gl-cs-360-gdh-qlt-b0hn/blob/19.0.0/hammurabi/jobs/america-ada/b0hn-gl-hmm-qlt-toolkitemsmetrictarmrfield-01.json";t_b0hn_toolkit_ems_metric_target;;b0hn-gl-hmm-qlt-toolkitemsmetrictarmrfield-01.json;"""19.0.0"""
t_b0hn_toolkit_esg_general_data-qlm-MRField.conf;"https://bbva.ghe.com/platform/gl-cs-360-gdh-qlt-b0hn/blob/19.0.0/hammurabi/jobs/europa/b0hn-gl-hmm-qlt-toolkitesggeneraldamrfield-01.json
https://bbva.ghe.com/platform/gl-cs-360-gdh-qlt-b0hn/blob/19.0.0/hammurabi/jobs/america-ada/b0hn-gl-hmm-qlt-toolkitesggeneraldamrfield-01.json";t_b0hn_toolkit_esg_general_data;;b0hn-gl-hmm-qlt-toolkitesggeneraldamrfield-01.json;"""19.0.0"""
t_b0hn_toolkit_esg_rating-qlm-MRField.conf;"https://bbva.ghe.com/platform/gl-cs-360-gdh-qlt-b0hn/blob/19.0.0/hammurabi/jobs/europa/b0hn-gl-hmm-qlt-toolkitesgratingmrfield-01.json
https://bbva.ghe.com/platform/gl-cs-360-gdh-qlt-b0hn/blob/19.0.0/hammurabi/jobs/america-ada/b0hn-gl-hmm-qlt-toolkitesgratingmrfield-01.json";t_b0hn_toolkit_esg_rating;;b0hn-gl-hmm-qlt-toolkitesgratingmrfield-01.json;"""19.0.0"""
t_b0hn_toolkit_esg_sector-qlm-MRField.conf;"https://bbva.ghe.com/platform/gl-cs-360-gdh-qlt-b0hn/blob/19.0.0/hammurabi/jobs/europa/b0hn-gl-hmm-qlt-toolkitesgsectormrfield-01.json
https://bbva.ghe.com/platform/gl-cs-360-gdh-qlt-b0hn/blob/19.0.0/hammurabi/jobs/america-ada/b0hn-gl-hmm-qlt-toolkitesgsectormrfield-01.json";t_b0hn_toolkit_esg_sector;;b0hn-gl-hmm-qlt-toolkitesgsectormrfield-01.json;"""19.0.0"""
t_b0hn_toolkit_esg_strategy-qlm-MRField.conf;"https://bbva.ghe.com/platform/gl-cs-360-gdh-qlt-b0hn/blob/19.0.0/hammurabi/jobs/europa/b0hn-gl-hmm-qlt-toolkitesgstrategymrfield-01.json
https://bbva.ghe.com/platform/gl-cs-360-gdh-qlt-b0hn/blob/19.0.0/hammurabi/jobs/america-ada/b0hn-gl-hmm-qlt-toolkitesgstrategymrfield-01.json";t_b0hn_toolkit_esg_strategy;;b0hn-gl-hmm-qlt-toolkitesgstrategymrfield-01.json;"""19.0.0"""
t_b0hn_toolkit_esg_top_5_geo-qlm-MRField.conf;"https://bbva.ghe.com/platform/gl-cs-360-gdh-qlt-b0hn/blob/19.0.0/hammurabi/jobs/europa/b0hn-gl-hmm-qlt-toolkitesgtop5geomrfield-01.json
https://bbva.ghe.com/platform/gl-cs-360-gdh-qlt-b0hn/blob/19.0.0/hammurabi/jobs/america-ada/b0hn-gl-hmm-qlt-toolkitesgtop5geomrfield-01.json";t_b0hn_toolkit_esg_top_5_geo;;b0hn-gl-hmm-qlt-toolkitesgtop5geomrfield-01.json;"""19.0.0"""
CGJ7_customer-carbon-footprint_MRField.conf;"https://bitbucket.globaldevtools.bbva.com/bitbucket/projects/GL_CGJ7_APP-ID-23154_DSG/repos/glgldh360gloqlt/browse/hammurabi/jobs/europa/cgj7-gl-hmm-qlt-customercarbonfootpmrfield-01.json?at=refs%2Ftags%2Fv18.3.7
https://bitbucket.globaldevtools.bbva.com/bitbucket/projects/GL_CGJ7_APP-ID-23154_DSG/repos/glgldh360gloqlt/browse/hammurabi/jobs/america/cgj7-gl-hmm-qlt-customercarbonfootpmrfield-01.json?at=refs%2Ftags%2Fv18.3.7";t_cgj7_customer_carbon_footprint;;cgj7-gl-hmm-qlt-customercarbonfootpmrfield-01.json;"""18.3.7"""
CGJ7_customer-carbon-footprint_MRObject.conf;"https://bitbucket.globaldevtools.bbva.com/bitbucket/projects/GL_CGJ7_APP-ID-23154_DSG/repos/glgldh360gloqlt/browse/hammurabi/jobs/europa/cgj7-gl-hmm-qlt-customercarbonfootpmrobject-01.json?at=refs%2Ftags%2Fv18.3.7
https://bitbucket.globaldevtools.bbva.com/bitbucket/projects/GL_CGJ7_APP-ID-23154_DSG/repos/glgldh360gloqlt/browse/hammurabi/jobs/america/cgj7-gl-hmm-qlt-customercarbonfootpmrobject-01.json?at=refs%2Ftags%2Fv18.3.7";t_cgj7_customer_carbon_footprint;;cgj7-gl-hmm-qlt-customercarbonfootpmrobject-01.json;"""18.3.7"""
CGJ7_customer-carbon-footprint_KCOG_country_MMRule.conf;"https://bitbucket.globaldevtools.bbva.com/bitbucket/projects/GL_CGJ7_APP-ID-23154_DSG/repos/glgldh360gloqlt/browse/hammurabi/jobs/europa/cgj7-gl-hmm-qlt-customercarbonfootpmmrule-01.json?at=refs%2Ftags%2Fv18.3.7
https://bitbucket.globaldevtools.bbva.com/bitbucket/projects/GL_CGJ7_APP-ID-23154_DSG/repos/glgldh360gloqlt/browse/hammurabi/jobs/america/cgj7-gl-hmm-qlt-customercarbonfootpmmrule-01.json?at=refs%2Ftags%2Fv18.3.7";t_cgj7_customer_carbon_footprint;t_kcog_country;cgj7-gl-hmm-qlt-customercarbonfootpmmrule-01.json;"""18.3.7"""
CGJ7_customer-carbon-footprint_KBTQ_customer-info_MMRule.conf;"https://bitbucket.globaldevtools.bbva.com/bitbucket/projects/GL_CGJ7_APP-ID-23154_DSG/repos/glgldh360gloqlt/browse/hammurabi/jobs/europa/cgj7-gl-hmm-qlt-customercarbonfootpmmrule-02.json?at=refs%2Ftags%2Fv18.3.7
https://bitbucket.globaldevtools.bbva.com/bitbucket/projects/GL_CGJ7_APP-ID-23154_DSG/repos/glgldh360gloqlt/browse/hammurabi/jobs/america/cgj7-gl-hmm-qlt-customercarbonfootpmmrule-02.json?at=refs%2Ftags%2Fv18.3.7";t_cgj7_customer_carbon_footprint;t_kbtq_customer_info;cgj7-gl-hmm-qlt-customercarbonfootpmmrule-02.json;"""18.3.7"""
CGJ7_customer-carbon-footprint_KCOG_entity_MMRule.conf;"https://bitbucket.globaldevtools.bbva.com/bitbucket/projects/GL_CGJ7_APP-ID-23154_DSG/repos/glgldh360gloqlt/browse/hammurabi/jobs/europa/cgj7-gl-hmm-qlt-customercarbonfootpmmrule-03.json?at=refs%2Ftags%2Fv18.3.7
https://bitbucket.globaldevtools.bbva.com/bitbucket/projects/GL_CGJ7_APP-ID-23154_DSG/repos/glgldh360gloqlt/browse/hammurabi/jobs/america/cgj7-gl-hmm-qlt-customercarbonfootpmmrule-03.json?at=refs%2Ftags%2Fv18.3.7";t_cgj7_customer_carbon_footprint;t_kcog_entity;cgj7-gl-hmm-qlt-customercarbonfootpmmrule-03.json;"""18.3.7"""
CGJ7_sust-customer-mark_MRField.conf;"https://bitbucket.globaldevtools.bbva.com/bitbucket/projects/GL_CGJ7_APP-ID-23154_DSG/repos/glgldh360gloqlt/browse/hammurabi/jobs/europa/cgj7-gl-hmm-qlt-sustcustomermarkmrfield-01.json?at=refs%2Ftags%2Fv18.4.0
https://bitbucket.globaldevtools.bbva.com/bitbucket/projects/GL_CGJ7_APP-ID-23154_DSG/repos/glgldh360gloqlt/browse/hammurabi/jobs/america/cgj7-gl-hmm-qlt-sustcustomermarkmrfield-01.json?at=refs%2Ftags%2Fv18.4.0";t_cgj7_sust_customer_mark;;cgj7-gl-hmm-qlt-sustcustomermarkmrfield-01.json;"""18.4.0"""
CGJ7_sust-customer-mark_MRObject.conf;"https://bitbucket.globaldevtools.bbva.com/bitbucket/projects/GL_CGJ7_APP-ID-23154_DSG/repos/glgldh360gloqlt/browse/hammurabi/jobs/europa/cgj7-gl-hmm-qlt-sustcustomermarkmrobject-01.json?at=refs%2Ftags%2Fv18.3.7
https://bitbucket.globaldevtools.bbva.com/bitbucket/projects/GL_CGJ7_APP-ID-23154_DSG/repos/glgldh360gloqlt/browse/hammurabi/jobs/america/cgj7-gl-hmm-qlt-sustcustomermarkmrobject-01.json?at=refs%2Ftags%2Fv18.3.7";t_cgj7_sust_customer_mark;;cgj7-gl-hmm-qlt-sustcustomermarkmrobject-01.json;"""18.3.7"""
CMOV_bbva-categorized-mov_MRField.conf;"https://bitbucket.globaldevtools.bbva.com/bitbucket/projects/GL_CMOV_APP-ID-2755180_DSG/repos/glgldh360gloqlt/browse/hammurabi/jobs/europa/cmov-gl-hmm-qlt-bbvacategorizedmovmrfield-01.json?at=refs%2Ftags%2Fv18.4.4
https://bitbucket.globaldevtools.bbva.com/bitbucket/projects/GL_CMOV_APP-ID-2755180_DSG/repos/glgldh360gloqlt/browse/hammurabi/jobs/america/cmov-gl-hmm-qlt-bbvacategorizedmovmrfield-01.json?at=refs%2Ftags%2Fv18.4.4";t_cmov_bbva_categorized_mov;;cmov-gl-hmm-qlt-bbvacategorizedmovmrfield-01.json;"""18.4.4"""
CMOV_bbva-categorized-mov_MRObject.conf;"https://bitbucket.globaldevtools.bbva.com/bitbucket/projects/GL_CMOV_APP-ID-2755180_DSG/repos/glgldh360gloqlt/browse/hammurabi/jobs/europa/cmov-gl-hmm-qlt-bbvacategorizedmovmrobject-01.json?at=refs%2Ftags%2Fv18.4.4
https://bitbucket.globaldevtools.bbva.com/bitbucket/projects/GL_CMOV_APP-ID-2755180_DSG/repos/glgldh360gloqlt/browse/hammurabi/jobs/america/cmov-gl-hmm-qlt-bbvacategorizedmovmrobject-01.json?at=refs%2Ftags%2Fv18.4.4";t_cmov_bbva_categorized_mov;;cmov-gl-hmm-qlt-bbvacategorizedmovmrobject-01.json;"""18.4.4"""
CMOV_bbva-categorized-mov_KMOL_card-movements_MMRule.conf;"https://bitbucket.globaldevtools.bbva.com/bitbucket/projects/GL_CMOV_APP-ID-2755180_DSG/repos/glgldh360gloqlt/browse/hammurabi/jobs/europa/cmov-gl-hmm-qlt-bbvacategorizedmovmmrule-01.json?at=refs%2Ftags%2Fv18.4.4
https://bitbucket.globaldevtools.bbva.com/bitbucket/projects/GL_CMOV_APP-ID-2755180_DSG/repos/glgldh360gloqlt/browse/hammurabi/jobs/america/cmov-gl-hmm-qlt-bbvacategorizedmovmmrule-01.json?at=refs%2Ftags%2Fv18.4.4";t_cmov_bbva_categorized_mov;t_kmol_card_movements;cmov-gl-hmm-qlt-bbvacategorizedmovmmrule-01.json;"""18.4.4"""
CMOV_bbva-categorized-mov_KMOL_account-movements_MMRule.conf;"https://bitbucket.globaldevtools.bbva.com/bitbucket/projects/GL_CMOV_APP-ID-2755180_DSG/repos/glgldh360gloqlt/browse/hammurabi/jobs/europa/cmov-gl-hmm-qlt-bbvacategorizedmovmmrule-02.json?at=refs%2Ftags%2Fv18.4.4
https://bitbucket.globaldevtools.bbva.com/bitbucket/projects/GL_CMOV_APP-ID-2755180_DSG/repos/glgldh360gloqlt/browse/hammurabi/jobs/america/cmov-gl-hmm-qlt-bbvacategorizedmovmmrule-02.json?at=refs%2Ftags%2Fv18.4.4";t_cmov_bbva_categorized_mov;t_kmol_account_movements;cmov-gl-hmm-qlt-bbvacategorizedmovmmrule-02.json;"""18.4.4"""
CMOV_nobbva-categorized-mov_MRField.conf;"https://bitbucket.globaldevtools.bbva.com/bitbucket/projects/GL_CMOV_APP-ID-2755180_DSG/repos/glgldh360gloqlt/browse/hammurabi/jobs/europa/cmov-gl-hmm-qlt-nobbvacategorizedmomrfield-01.json?at=refs%2Ftags%2Fv18.4.4
https://bitbucket.globaldevtools.bbva.com/bitbucket/projects/GL_CMOV_APP-ID-2755180_DSG/repos/glgldh360gloqlt/browse/hammurabi/jobs/america/cmov-gl-hmm-qlt-nobbvacategorizedmomrfield-01.json?at=refs%2Ftags%2Fv18.4.4";t_cmov_nobbva_categorized_mov;;cmov-gl-hmm-qlt-nobbvacategorizedmomrfield-01.json;"""18.4.4"""
CMOV_nobbva-categorized-mov_MRObject.conf;"https://bitbucket.globaldevtools.bbva.com/bitbucket/projects/GL_CMOV_APP-ID-2755180_DSG/repos/glgldh360gloqlt/browse/hammurabi/jobs/europa/cmov-gl-hmm-qlt-nobbvacategorizedmomrobject-01.json?at=refs%2Ftags%2Fv18.4.4
https://bitbucket.globaldevtools.bbva.com/bitbucket/projects/GL_CMOV_APP-ID-2755180_DSG/repos/glgldh360gloqlt/browse/hammurabi/jobs/america/cmov-gl-hmm-qlt-nobbvacategorizedmomrobject-01.json?at=refs%2Ftags%2Fv18.4.4";t_cmov_nobbva_categorized_mov;;cmov-gl-hmm-qlt-nobbvacategorizedmomrobject-01.json;"""18.4.4"""
CMOV_nobbva-categorized-mov_KMOL_card-nobbva-move_MMRule.conf;"https://bitbucket.globaldevtools.bbva.com/bitbucket/projects/GL_CMOV_APP-ID-2755180_DSG/repos/glgldh360gloqlt/browse/hammurabi/jobs/europa/cmov-gl-hmm-qlt-nobbvacategorizedmommrule-01.json?at=refs%2Ftags%2Fv18.4.4
https://bitbucket.globaldevtools.bbva.com/bitbucket/projects/GL_CMOV_APP-ID-2755180_DSG/repos/glgldh360gloqlt/browse/hammurabi/jobs/america/cmov-gl-hmm-qlt-nobbvacategorizedmommrule-01.json?at=refs%2Ftags%2Fv18.4.4";t_cmov_nobbva_categorized_mov;t_kmol_card_nobbva_move;cmov-gl-hmm-qlt-nobbvacategorizedmommrule-01.json;"""18.4.4"""
CMOV_nobbva-categorized-mov_KMOL_account-nobbva-move_MMRule.conf;"https://bitbucket.globaldevtools.bbva.com/bitbucket/projects/GL_CMOV_APP-ID-2755180_DSG/repos/glgldh360gloqlt/browse/hammurabi/jobs/europa/cmov-gl-hmm-qlt-nobbvacategorizedmommrule-02.json?at=refs%2Ftags%2Fv18.4.4
https://bitbucket.globaldevtools.bbva.com/bitbucket/projects/GL_CMOV_APP-ID-2755180_DSG/repos/glgldh360gloqlt/browse/hammurabi/jobs/america/cmov-gl-hmm-qlt-nobbvacategorizedmommrule-02.json?at=refs%2Ftags%2Fv18.4.4";t_cmov_nobbva_categorized_mov;t_kmol_account_nobbva_move;cmov-gl-hmm-qlt-nobbvacategorizedmommrule-02.json;"""18.4.4"""
CTAR_sign-proc-contract_MRField.conf;"https://bitbucket.globaldevtools.bbva.com/bitbucket/projects/CTAR_GL_DSG/repos/glgldh360gloqlt/browse/hammurabi/jobs/europa/ctar-gl-hmm-qlt-signproccontractmrfield-01.json?at=refs%2Ftags%2Fv18.3.3
https://bitbucket.globaldevtools.bbva.com/bitbucket/projects/CTAR_GL_DSG/repos/glgldh360gloqlt/browse/hammurabi/jobs/america/ctar-gl-hmm-qlt-signproccontractmrfield-01.json?at=refs%2Ftags%2Fv18.3.3";t_ctar_sign_proc_contract;;ctar-gl-hmm-qlt-signproccontractmrfield-01.json;"""18.3.3"""
CTAR_sign-proc-participant_MRField.conf;"https://bitbucket.globaldevtools.bbva.com/bitbucket/projects/CTAR_GL_DSG/repos/glgldh360gloqlt/browse/hammurabi/jobs/europa/ctar-gl-hmm-qlt-signprocparticipantmrfield-01.json?at=refs%2Ftags%2Fv18.3.3
https://bitbucket.globaldevtools.bbva.com/bitbucket/projects/CTAR_GL_DSG/repos/glgldh360gloqlt/browse/hammurabi/jobs/america/ctar-gl-hmm-qlt-signprocparticipantmrfield-01.json?at=refs%2Ftags%2Fv18.3.3";t_ctar_sign_proc_participant;;ctar-gl-hmm-qlt-signprocparticipantmrfield-01.json;"""18.3.3"""
CTAR_sign-proc-participant_MRObject.conf;"https://bitbucket.globaldevtools.bbva.com/bitbucket/projects/CTAR_GL_DSG/repos/glgldh360gloqlt/browse/hammurabi/jobs/europa/ctar-gl-hmm-qlt-signprocparticipantmrobject-01.json?at=refs%2Ftags%2Fv18.3.3
https://bitbucket.globaldevtools.bbva.com/bitbucket/projects/CTAR_GL_DSG/repos/glgldh360gloqlt/browse/hammurabi/jobs/america/ctar-gl-hmm-qlt-signprocparticipantmrobject-01.json?at=refs%2Ftags%2Fv18.3.3";t_ctar_sign_proc_participant;;ctar-gl-hmm-qlt-signprocparticipantmrobject-01.json;"""18.3.3"""
CTAR_sign-proc-participant_KBTQ_role-person_MMRule.conf;"https://bitbucket.globaldevtools.bbva.com/bitbucket/projects/CTAR_GL_DSG/repos/glgldh360gloqlt/browse/hammurabi/jobs/europa/ctar-gl-hmm-qlt-signprocparticipantmmrule-01.json?at=refs%2Ftags%2Fv18.3.3
https://bitbucket.globaldevtools.bbva.com/bitbucket/projects/CTAR_GL_DSG/repos/glgldh360gloqlt/browse/hammurabi/jobs/america/ctar-gl-hmm-qlt-signprocparticipantmmrule-01.json?at=refs%2Ftags%2Fv18.3.3";t_ctar_sign_proc_participant;t_kbtq_role_person;ctar-gl-hmm-qlt-signprocparticipantmmrule-01.json;"""18.3.3"""
CTAR_signature-process_MRField.conf;"https://bitbucket.globaldevtools.bbva.com/bitbucket/projects/CTAR_GL_DSG/repos/glgldh360gloqlt/browse/hammurabi/jobs/europa/ctar-gl-hmm-qlt-signatureprocessmrfield-01.json?at=refs%2Ftags%2Fv18.3.3
https://bitbucket.globaldevtools.bbva.com/bitbucket/projects/CTAR_GL_DSG/repos/glgldh360gloqlt/browse/hammurabi/jobs/america/ctar-gl-hmm-qlt-signatureprocessmrfield-01.json?at=refs%2Ftags%2Fv18.3.3";t_ctar_signature_process;;ctar-gl-hmm-qlt-signatureprocessmrfield-01.json;"""18.3.3"""
CTAR_signature-process_MRObject.conf;"https://bitbucket.globaldevtools.bbva.com/bitbucket/projects/CTAR_GL_DSG/repos/glgldh360gloqlt/browse/hammurabi/jobs/europa/ctar-gl-hmm-qlt-signatureprocessmrobject-01.json?at=refs%2Ftags%2Fv18.3.3
https://bitbucket.globaldevtools.bbva.com/bitbucket/projects/CTAR_GL_DSG/repos/glgldh360gloqlt/browse/hammurabi/jobs/america/ctar-gl-hmm-qlt-signatureprocessmrobject-01.json?at=refs%2Ftags%2Fv18.3.3";t_ctar_signature_process;;ctar-gl-hmm-qlt-signatureprocessmrobject-01.json;"""18.3.3"""
DAST_crypto-exchange_MRField.conf;"https://bitbucket.globaldevtools.bbva.com/bitbucket/projects/DAST_GL_DSG/repos/glgldh360gloqlt/browse/hammurabi/jobs/europa/dast-gl-hmm-qlt-cryptoexchangemrfield-01.json?at=refs%2Ftags%2Fv16.1.5
https://bitbucket.globaldevtools.bbva.com/bitbucket/projects/DAST_GL_DSG/repos/glgldh360gloqlt/browse/hammurabi/jobs/america/dast-gl-hmm-qlt-cryptoexchangemrfield-01.json?at=refs%2Ftags%2Fv16.1.5";t_dast_crypto_exchange;;dast-gl-hmm-qlt-cryptoexchangemrfield-01.json;"""16.1.5"""
DAST_crypto-exchange_MRObject.conf;"https://bitbucket.globaldevtools.bbva.com/bitbucket/projects/DAST_GL_DSG/repos/glgldh360gloqlt/browse/hammurabi/jobs/europa/dast-gl-hmm-qlt-cryptoexchangemrobject-01.json?at=refs%2Ftags%2Fv16.1.5
https://bitbucket.globaldevtools.bbva.com/bitbucket/projects/DAST_GL_DSG/repos/glgldh360gloqlt/browse/hammurabi/jobs/america/dast-gl-hmm-qlt-cryptoexchangemrobject-01.json?at=refs%2Ftags%2Fv16.1.5";t_dast_crypto_exchange;;dast-gl-hmm-qlt-cryptoexchangemrobject-01.json;"""16.1.5"""
DAST_crypto-exchange-account_MRField.conf;"https://bitbucket.globaldevtools.bbva.com/bitbucket/projects/DAST_GL_DSG/repos/glgldh360gloqlt/browse/hammurabi/jobs/europa/dast-gl-hmm-qlt-cryptoexchangeaccoumrfield-01.json?at=refs%2Ftags%2Fv16.1.5
https://bitbucket.globaldevtools.bbva.com/bitbucket/projects/DAST_GL_DSG/repos/glgldh360gloqlt/browse/hammurabi/jobs/america/dast-gl-hmm-qlt-cryptoexchangeaccoumrfield-01.json?at=refs%2Ftags%2Fv16.1.5";t_dast_crypto_exchange_account;;dast-gl-hmm-qlt-cryptoexchangeaccoumrfield-01.json;"""16.1.5"""
DAST_crypto-exchange-account_MRObject.conf;"https://bitbucket.globaldevtools.bbva.com/bitbucket/projects/DAST_GL_DSG/repos/glgldh360gloqlt/browse/hammurabi/jobs/europa/dast-gl-hmm-qlt-cryptoexchangeaccoumrobject-01.json?at=refs%2Ftags%2Fv16.1.5
https://bitbucket.globaldevtools.bbva.com/bitbucket/projects/DAST_GL_DSG/repos/glgldh360gloqlt/browse/hammurabi/jobs/america/dast-gl-hmm-qlt-cryptoexchangeaccoumrobject-01.json?at=refs%2Ftags%2Fv16.1.5";t_dast_crypto_exchange_account;;dast-gl-hmm-qlt-cryptoexchangeaccoumrobject-01.json;"""16.1.5"""
DAST_crypto-exchange-account_DAST_crypto-exchange_MMRule.conf;"https://bitbucket.globaldevtools.bbva.com/bitbucket/projects/DAST_GL_DSG/repos/glgldh360gloqlt/browse/hammurabi/jobs/europa/dast-gl-hmm-qlt-cryptoexchangeaccoummrule-01.json?at=refs%2Ftags%2Fv16.1.5
https://bitbucket.globaldevtools.bbva.com/bitbucket/projects/DAST_GL_DSG/repos/glgldh360gloqlt/browse/hammurabi/jobs/america/dast-gl-hmm-qlt-cryptoexchangeaccoummrule-01.json?at=refs%2Ftags%2Fv16.1.5";t_dast_crypto_exchange_account;t_dast_crypto_exchange;dast-gl-hmm-qlt-cryptoexchangeaccoummrule-01.json;"""16.1.5"""
DTAU_act-regis-hist-inf-rpt_MRField.conf;"https://bitbucket.globaldevtools.bbva.com/bitbucket/projects/GL_DTAU_APP-ID-573291_DSG/repos/glgldh360gloqlt/browse/hammurabi/jobs/europa/dtau-gl-hmm-qlt-actregishistinfrptmrfield-01.json?at=refs%2Ftags%2Fv18.4.1
https://bitbucket.globaldevtools.bbva.com/bitbucket/projects/GL_DTAU_APP-ID-573291_DSG/repos/glgldh360gloqlt/browse/hammurabi/jobs/america/dtau-gl-hmm-qlt-actregishistinfrptmrfield-01.json?at=refs%2Ftags%2Fv18.4.1";t_dtau_act_regis_hist_inf_rpt;;dtau-gl-hmm-qlt-actregishistinfrptmrfield-01.json;"""18.4.1"""
DTAU_act-regis-hist-inf-rpt_MRObject.conf;"https://bitbucket.globaldevtools.bbva.com/bitbucket/projects/GL_DTAU_APP-ID-573291_DSG/repos/glgldh360gloqlt/browse/hammurabi/jobs/europa/dtau-gl-hmm-qlt-actregishistinfrptmrobject-01.json?at=refs%2Ftags%2Fv18.4.1
https://bitbucket.globaldevtools.bbva.com/bitbucket/projects/GL_DTAU_APP-ID-573291_DSG/repos/glgldh360gloqlt/browse/hammurabi/jobs/america/dtau-gl-hmm-qlt-actregishistinfrptmrobject-01.json?at=refs%2Ftags%2Fv18.4.1";t_dtau_act_regis_hist_inf_rpt;;dtau-gl-hmm-qlt-actregishistinfrptmrobject-01.json;"""18.4.1"""
DTAU_activity-register_MRField.conf;"https://bitbucket.globaldevtools.bbva.com/bitbucket/projects/GL_DTAU_APP-ID-573291_DSG/repos/glgldh360gloqlt/browse/hammurabi/jobs/europa/dtau-gl-hmm-qlt-activityregistermrfield-01.json?at=refs%2Ftags%2Fv18.4.1
https://bitbucket.globaldevtools.bbva.com/bitbucket/projects/GL_DTAU_APP-ID-573291_DSG/repos/glgldh360gloqlt/browse/hammurabi/jobs/america/dtau-gl-hmm-qlt-activityregistermrfield-01.json?at=refs%2Ftags%2Fv18.4.1";t_dtau_activity_register;;dtau-gl-hmm-qlt-activityregistermrfield-01.json;"""18.4.1"""
DTAU_activity-register_MRObject.conf;"https://bitbucket.globaldevtools.bbva.com/bitbucket/projects/GL_DTAU_APP-ID-573291_DSG/repos/glgldh360gloqlt/browse/hammurabi/jobs/europa/dtau-gl-hmm-qlt-activityregistermrobject-01.json?at=refs%2Ftags%2Fv18.4.1
https://bitbucket.globaldevtools.bbva.com/bitbucket/projects/GL_DTAU_APP-ID-573291_DSG/repos/glgldh360gloqlt/browse/hammurabi/jobs/america/dtau-gl-hmm-qlt-activityregistermrobject-01.json?at=refs%2Ftags%2Fv18.4.1";t_dtau_activity_register;;dtau-gl-hmm-qlt-activityregistermrobject-01.json;"""18.4.1"""
DTAU_historic-info-request_MRField.conf;"https://bitbucket.globaldevtools.bbva.com/bitbucket/projects/GL_DTAU_APP-ID-573291_DSG/repos/glgldh360gloqlt/browse/hammurabi/jobs/europa/dtau-gl-hmm-qlt-historicinforequestmrfield-01.json?at=refs%2Ftags%2Fv18.4.1
https://bitbucket.globaldevtools.bbva.com/bitbucket/projects/GL_DTAU_APP-ID-573291_DSG/repos/glgldh360gloqlt/browse/hammurabi/jobs/america/dtau-gl-hmm-qlt-historicinforequestmrfield-01.json?at=refs%2Ftags%2Fv18.4.1";t_dtau_historic_info_request;;dtau-gl-hmm-qlt-historicinforequestmrfield-01.json;"""18.4.1"""
DTAU_historic-info-request_MRObject.conf;"https://bitbucket.globaldevtools.bbva.com/bitbucket/projects/GL_DTAU_APP-ID-573291_DSG/repos/glgldh360gloqlt/browse/hammurabi/jobs/europa/dtau-gl-hmm-qlt-historicinforequestmrobject-01.json?at=refs%2Ftags%2Fv18.4.1
https://bitbucket.globaldevtools.bbva.com/bitbucket/projects/GL_DTAU_APP-ID-573291_DSG/repos/glgldh360gloqlt/browse/hammurabi/jobs/america/dtau-gl-hmm-qlt-historicinforequestmrobject-01.json?at=refs%2Ftags%2Fv18.4.1";t_dtau_historic_info_request;;dtau-gl-hmm-qlt-historicinforequestmrobject-01.json;"""18.4.1"""
EJB6_contract-calculations_MRField.conf;"https://bitbucket.globaldevtools.bbva.com/bitbucket/projects/GL_EJB6_APP-ID-169045_DSG/repos/glgldh360gloqlt/browse/hammurabi/jobs/europa/ejb6-gl-hmm-qlt-contractcalculationmrfield-01.json?at=refs%2Ftags%2Fv18.3.3
https://bitbucket.globaldevtools.bbva.com/bitbucket/projects/GL_EJB6_APP-ID-169045_DSG/repos/glgldh360gloqlt/browse/hammurabi/jobs/america/ejb6-gl-hmm-qlt-contractcalculationmrfield-01.json?at=refs%2Ftags%2Fv18.3.3";t_ejb6_contract_calculations;;ejb6-gl-hmm-qlt-contractcalculationmrfield-01.json;"""18.3.3"""
EJB6_contract-calculations_MRObject.conf;"https://bitbucket.globaldevtools.bbva.com/bitbucket/projects/GL_EJB6_APP-ID-169045_DSG/repos/glgldh360gloqlt/browse/hammurabi/jobs/europa/ejb6-gl-hmm-qlt-contractcalculationmrobject-01.json?at=refs%2Ftags%2Fv18.3.3
https://bitbucket.globaldevtools.bbva.com/bitbucket/projects/GL_EJB6_APP-ID-169045_DSG/repos/glgldh360gloqlt/browse/hammurabi/jobs/america/ejb6-gl-hmm-qlt-contractcalculationmrobject-01.json?at=refs%2Ftags%2Fv18.3.3";t_ejb6_contract_calculations;;ejb6-gl-hmm-qlt-contractcalculationmrobject-01.json;"""18.3.3"""
EJB6_contract-calculations_KSAN_contract-global-local_MMRule.conf;"https://bitbucket.globaldevtools.bbva.com/bitbucket/projects/GL_EJB6_APP-ID-169045_DSG/repos/glgldh360gloqlt/browse/hammurabi/jobs/europa/ejb6-gl-hmm-qlt-contractcalculationmmrule-01.json?at=refs%2Ftags%2Fv18.3.3
https://bitbucket.globaldevtools.bbva.com/bitbucket/projects/GL_EJB6_APP-ID-169045_DSG/repos/glgldh360gloqlt/browse/hammurabi/jobs/america/ejb6-gl-hmm-qlt-contractcalculationmmrule-01.json?at=refs%2Ftags%2Fv18.3.3";t_ejb6_contract_calculations;t_ksan_contract_global_local;ejb6-gl-hmm-qlt-contractcalculationmmrule-01.json;"""18.3.3"""
EJB6_contract-calculations_KCOG_entity_MMRule.conf;"https://bitbucket.globaldevtools.bbva.com/bitbucket/projects/GL_EJB6_APP-ID-169045_DSG/repos/glgldh360gloqlt/browse/hammurabi/jobs/europa/ejb6-gl-hmm-qlt-contractcalculationmmrule-02.json?at=refs%2Ftags%2Fv18.3.3
https://bitbucket.globaldevtools.bbva.com/bitbucket/projects/GL_EJB6_APP-ID-169045_DSG/repos/glgldh360gloqlt/browse/hammurabi/jobs/america/ejb6-gl-hmm-qlt-contractcalculationmmrule-02.json?at=refs%2Ftags%2Fv18.3.3";t_ejb6_contract_calculations;t_kcog_entity;ejb6-gl-hmm-qlt-contractcalculationmmrule-02.json;"""18.3.3"""
EJB6_contract-calculations_KCOG_country_MMRule.conf;"https://bitbucket.globaldevtools.bbva.com/bitbucket/projects/GL_EJB6_APP-ID-169045_DSG/repos/glgldh360gloqlt/browse/hammurabi/jobs/europa/ejb6-gl-hmm-qlt-contractcalculationmmrule-03.json?at=refs%2Ftags%2Fv18.3.3
https://bitbucket.globaldevtools.bbva.com/bitbucket/projects/GL_EJB6_APP-ID-169045_DSG/repos/glgldh360gloqlt/browse/hammurabi/jobs/america/ejb6-gl-hmm-qlt-contractcalculationmmrule-03.json?at=refs%2Ftags%2Fv18.3.3";t_ejb6_contract_calculations;t_kcog_country;ejb6-gl-hmm-qlt-contractcalculationmmrule-03.json;"""18.3.3"""
EJB6_contract-calculations-dp_MRField.conf;"https://bitbucket.globaldevtools.bbva.com/bitbucket/projects/GL_EJB6_APP-ID-169045_DSG/repos/glgldh360gloqlt/browse/hammurabi/jobs/europa/ejb6-gl-hmm-qlt-contractcalculationmrfield-02.json?at=refs%2Ftags%2Fv18.3.3
https://bitbucket.globaldevtools.bbva.com/bitbucket/projects/GL_EJB6_APP-ID-169045_DSG/repos/glgldh360gloqlt/browse/hammurabi/jobs/america/ejb6-gl-hmm-qlt-contractcalculationmrfield-02.json?at=refs%2Ftags%2Fv18.3.3";t_ejb6_contract_calculations_dp;;ejb6-gl-hmm-qlt-contractcalculationmrfield-02.json;"""18.3.3"""
EJB6_contract-calculations-dp_MRObject.conf;"https://bitbucket.globaldevtools.bbva.com/bitbucket/projects/GL_EJB6_APP-ID-169045_DSG/repos/glgldh360gloqlt/browse/hammurabi/jobs/europa/ejb6-gl-hmm-qlt-contractcalculationmrobject-02.json?at=refs%2Ftags%2Fv18.3.3
https://bitbucket.globaldevtools.bbva.com/bitbucket/projects/GL_EJB6_APP-ID-169045_DSG/repos/glgldh360gloqlt/browse/hammurabi/jobs/america/ejb6-gl-hmm-qlt-contractcalculationmrobject-02.json?at=refs%2Ftags%2Fv18.3.3";t_ejb6_contract_calculations_dp;;ejb6-gl-hmm-qlt-contractcalculationmrobject-02.json;"""18.3.3"""
EJB6_contract-calculations-dp_KSAN_contract-global-local_MMRule.conf;"https://bitbucket.globaldevtools.bbva.com/bitbucket/projects/GL_EJB6_APP-ID-169045_DSG/repos/glgldh360gloqlt/browse/hammurabi/jobs/europa/ejb6-gl-hmm-qlt-contractcalculationmmrule-04.json?at=refs%2Ftags%2Fv18.3.3
https://bitbucket.globaldevtools.bbva.com/bitbucket/projects/GL_EJB6_APP-ID-169045_DSG/repos/glgldh360gloqlt/browse/hammurabi/jobs/america/ejb6-gl-hmm-qlt-contractcalculationmmrule-04.json?at=refs%2Ftags%2Fv18.3.3";t_ejb6_contract_calculations_dp;t_ksan_contract_global_local;ejb6-gl-hmm-qlt-contractcalculationmmrule-04.json;"""18.3.3"""
EJB6_digital-sales_MRField.conf;"https://bitbucket.globaldevtools.bbva.com/bitbucket/projects/GL_EJB6_APP-ID-169045_DSG/repos/glgldh360gloqlt/browse/hammurabi/jobs/europa/ejb6-gl-hmm-qlt-digitalsalesmrfield-01.json?at=refs%2Ftags%2Fv18.3.3
https://bitbucket.globaldevtools.bbva.com/bitbucket/projects/GL_EJB6_APP-ID-169045_DSG/repos/glgldh360gloqlt/browse/hammurabi/jobs/america/ejb6-gl-hmm-qlt-digitalsalesmrfield-01.json?at=refs%2Ftags%2Fv18.3.3";t_ejb6_digital_sales;;ejb6-gl-hmm-qlt-digitalsalesmrfield-01.json;"""18.3.3"""
EJB6_digital-sales_MRObject.conf;"https://bitbucket.globaldevtools.bbva.com/bitbucket/projects/GL_EJB6_APP-ID-169045_DSG/repos/glgldh360gloqlt/browse/hammurabi/jobs/europa/ejb6-gl-hmm-qlt-digitalsalesmrobject-01.json?at=refs%2Ftags%2Fv18.3.3
https://bitbucket.globaldevtools.bbva.com/bitbucket/projects/GL_EJB6_APP-ID-169045_DSG/repos/glgldh360gloqlt/browse/hammurabi/jobs/america/ejb6-gl-hmm-qlt-digitalsalesmrobject-01.json?at=refs%2Ftags%2Fv18.3.3";t_ejb6_digital_sales;;ejb6-gl-hmm-qlt-digitalsalesmrobject-01.json;"""18.3.3"""
EJB6_digital-sales_KCOG_country_MMRule.conf;"https://bitbucket.globaldevtools.bbva.com/bitbucket/projects/GL_EJB6_APP-ID-169045_DSG/repos/glgldh360gloqlt/browse/hammurabi/jobs/europa/ejb6-gl-hmm-qlt-digitalsalesmmrule-01.json?at=refs%2Ftags%2Fv18.3.3
https://bitbucket.globaldevtools.bbva.com/bitbucket/projects/GL_EJB6_APP-ID-169045_DSG/repos/glgldh360gloqlt/browse/hammurabi/jobs/america/ejb6-gl-hmm-qlt-digitalsalesmmrule-01.json?at=refs%2Ftags%2Fv18.3.3";t_ejb6_digital_sales;t_kcog_country;ejb6-gl-hmm-qlt-digitalsalesmmrule-01.json;"""18.3.3"""
EJB6_digital-sales_KSAN_contract-global-local_MMRule.conf;"https://bitbucket.globaldevtools.bbva.com/bitbucket/projects/GL_EJB6_APP-ID-169045_DSG/repos/glgldh360gloqlt/browse/hammurabi/jobs/europa/ejb6-gl-hmm-qlt-digitalsalesmmrule-02.json?at=refs%2Ftags%2Fv18.3.3
https://bitbucket.globaldevtools.bbva.com/bitbucket/projects/GL_EJB6_APP-ID-169045_DSG/repos/glgldh360gloqlt/browse/hammurabi/jobs/america/ejb6-gl-hmm-qlt-digitalsalesmmrule-02.json?at=refs%2Ftags%2Fv18.3.3";t_ejb6_digital_sales;t_ksan_contract_global_local;ejb6-gl-hmm-qlt-digitalsalesmmrule-02.json;"""18.3.3"""
EJB6_digital-sales_KCOG_entity_MMRule.conf;"https://bitbucket.globaldevtools.bbva.com/bitbucket/projects/GL_EJB6_APP-ID-169045_DSG/repos/glgldh360gloqlt/browse/hammurabi/jobs/europa/ejb6-gl-hmm-qlt-digitalsalesmmrule-03.json?at=refs%2Ftags%2Fv18.3.3
https://bitbucket.globaldevtools.bbva.com/bitbucket/projects/GL_EJB6_APP-ID-169045_DSG/repos/glgldh360gloqlt/browse/hammurabi/jobs/america/ejb6-gl-hmm-qlt-digitalsalesmmrule-03.json?at=refs%2Ftags%2Fv18.3.3";t_ejb6_digital_sales;t_kcog_entity;ejb6-gl-hmm-qlt-digitalsalesmmrule-03.json;"""18.3.3"""
EJB6_digital-sales-op-ctr_MRField.conf;"https://bitbucket.globaldevtools.bbva.com/bitbucket/projects/GL_EJB6_APP-ID-169045_DSG/repos/glgldh360gloqlt/browse/hammurabi/jobs/europa/ejb6-gl-hmm-qlt-digitalsalesopctrmrfield-01.json?at=refs%2Ftags%2Fv18.3.3
https://bitbucket.globaldevtools.bbva.com/bitbucket/projects/GL_EJB6_APP-ID-169045_DSG/repos/glgldh360gloqlt/browse/hammurabi/jobs/america/ejb6-gl-hmm-qlt-digitalsalesopctrmrfield-01.json?at=refs%2Ftags%2Fv18.3.3";t_ejb6_digital_sales_op_ctr;;ejb6-gl-hmm-qlt-digitalsalesopctrmrfield-01.json;"""18.3.3"""
EJB6_digital-sales-op-ctr_KAOC_eom-operation_MMRule.conf;"https://bitbucket.globaldevtools.bbva.com/bitbucket/projects/GL_EJB6_APP-ID-169045_DSG/repos/glgldh360gloqlt/browse/hammurabi/jobs/europa/ejb6-gl-hmm-qlt-digitalsalesopctrmmrule-01.json?at=refs%2Ftags%2Fv18.3.3
https://bitbucket.globaldevtools.bbva.com/bitbucket/projects/GL_EJB6_APP-ID-169045_DSG/repos/glgldh360gloqlt/browse/hammurabi/jobs/america/ejb6-gl-hmm-qlt-digitalsalesopctrmmrule-01.json?at=refs%2Ftags%2Fv18.3.3";t_ejb6_digital_sales_op_ctr;t_kaoc_eom_operation;ejb6-gl-hmm-qlt-digitalsalesopctrmmrule-01.json;"""18.3.3"""
EJB6_operation-calculations_MRField.conf;"https://bitbucket.globaldevtools.bbva.com/bitbucket/projects/GL_EJB6_APP-ID-169045_DSG/repos/glgldh360gloqlt/browse/hammurabi/jobs/europa/ejb6-gl-hmm-qlt-operationcalculatiomrfield-01.json?at=refs%2Ftags%2Fv18.3.3
https://bitbucket.globaldevtools.bbva.com/bitbucket/projects/GL_EJB6_APP-ID-169045_DSG/repos/glgldh360gloqlt/browse/hammurabi/jobs/america/ejb6-gl-hmm-qlt-operationcalculatiomrfield-01.json?at=refs%2Ftags%2Fv18.3.3";t_ejb6_operation_calculations;;ejb6-gl-hmm-qlt-operationcalculatiomrfield-01.json;"""18.3.3"""
EJB6_operation-calculations_MRObject.conf;"https://bitbucket.globaldevtools.bbva.com/bitbucket/projects/GL_EJB6_APP-ID-169045_DSG/repos/glgldh360gloqlt/browse/hammurabi/jobs/europa/ejb6-gl-hmm-qlt-operationcalculatiomrobject-01.json?at=refs%2Ftags%2Fv18.3.3
https://bitbucket.globaldevtools.bbva.com/bitbucket/projects/GL_EJB6_APP-ID-169045_DSG/repos/glgldh360gloqlt/browse/hammurabi/jobs/america/ejb6-gl-hmm-qlt-operationcalculatiomrobject-01.json?at=refs%2Ftags%2Fv18.3.3";t_ejb6_operation_calculations;;ejb6-gl-hmm-qlt-operationcalculatiomrobject-01.json;"""18.3.3"""
EJB6_operation-calculations_KAOC_eom-operation_MMRule.conf;"https://bitbucket.globaldevtools.bbva.com/bitbucket/projects/GL_EJB6_APP-ID-169045_DSG/repos/glgldh360gloqlt/browse/hammurabi/jobs/europa/ejb6-gl-hmm-qlt-operationcalculatiommrule-01.json?at=refs%2Ftags%2Fv18.3.3
https://bitbucket.globaldevtools.bbva.com/bitbucket/projects/GL_EJB6_APP-ID-169045_DSG/repos/glgldh360gloqlt/browse/hammurabi/jobs/america/ejb6-gl-hmm-qlt-operationcalculatiommrule-01.json?at=refs%2Ftags%2Fv18.3.3";t_ejb6_operation_calculations;t_kaoc_eom_operation;ejb6-gl-hmm-qlt-operationcalculatiommrule-01.json;"""18.3.3"""
EJB6_operation-calculations-dp_MRField.conf;"https://bitbucket.globaldevtools.bbva.com/bitbucket/projects/GL_EJB6_APP-ID-169045_DSG/repos/glgldh360gloqlt/browse/hammurabi/jobs/europa/ejb6-gl-hmm-qlt-operationcalculatiomrfield-02.json?at=refs%2Ftags%2Fv18.3.3
https://bitbucket.globaldevtools.bbva.com/bitbucket/projects/GL_EJB6_APP-ID-169045_DSG/repos/glgldh360gloqlt/browse/hammurabi/jobs/america/ejb6-gl-hmm-qlt-operationcalculatiomrfield-02.json?at=refs%2Ftags%2Fv18.3.3";t_ejb6_operation_calculations_dp;;ejb6-gl-hmm-qlt-operationcalculatiomrfield-02.json;"""18.3.3"""
EJB6_operation-calculations-dp_MRObject.conf;"https://bitbucket.globaldevtools.bbva.com/bitbucket/projects/GL_EJB6_APP-ID-169045_DSG/repos/glgldh360gloqlt/browse/hammurabi/jobs/europa/ejb6-gl-hmm-qlt-operationcalculatiomrobject-02.json?at=refs%2Ftags%2Fv18.3.3
https://bitbucket.globaldevtools.bbva.com/bitbucket/projects/GL_EJB6_APP-ID-169045_DSG/repos/glgldh360gloqlt/browse/hammurabi/jobs/america/ejb6-gl-hmm-qlt-operationcalculatiomrobject-02.json?at=refs%2Ftags%2Fv18.3.3";t_ejb6_operation_calculations_dp;;ejb6-gl-hmm-qlt-operationcalculatiomrobject-02.json;"""18.3.3"""
FZPD_filled-form-field_MRField.conf;"https://bitbucket.globaldevtools.bbva.com/bitbucket/projects/GL_FZPD_APP-ID-2125440_DSG/repos/glgldh360gloqlt/browse/hammurabi/jobs/europa/fzpd-gl-hmm-qlt-filledformfieldmrfield-01.json?at=refs%2Ftags%2Fv18.3.3
https://bitbucket.globaldevtools.bbva.com/bitbucket/projects/GL_FZPD_APP-ID-2125440_DSG/repos/glgldh360gloqlt/browse/hammurabi/jobs/america/fzpd-gl-hmm-qlt-filledformfieldmrfield-01.json?at=refs%2Ftags%2Fv18.3.3";t_fzpd_filled_form_field;;fzpd-gl-hmm-qlt-filledformfieldmrfield-01.json;"""18.3.3"""
FZPD_filled-form-field_MRObject.conf;"https://bitbucket.globaldevtools.bbva.com/bitbucket/projects/GL_FZPD_APP-ID-2125440_DSG/repos/glgldh360gloqlt/browse/hammurabi/jobs/europa/fzpd-gl-hmm-qlt-filledformfieldmrobject-01.json?at=refs%2Ftags%2Fv18.3.3
https://bitbucket.globaldevtools.bbva.com/bitbucket/projects/GL_FZPD_APP-ID-2125440_DSG/repos/glgldh360gloqlt/browse/hammurabi/jobs/america/fzpd-gl-hmm-qlt-filledformfieldmrobject-01.json?at=refs%2Ftags%2Fv18.3.3";t_fzpd_filled_form_field;;fzpd-gl-hmm-qlt-filledformfieldmrobject-01.json;"""18.3.3"""
t_g5m3_sust_mob_operations-qlm-MRField.conf;"https://bbva.ghe.com/platform/gl-cs-360-gdh-qlt-g5m3/blob/19.0.0/hammurabi/jobs/europa/g5m3-gl-hmm-qlt-sustmoboperationsmrfield-01.json
https://bbva.ghe.com/platform/gl-cs-360-gdh-qlt-g5m3/blob/19.0.0/hammurabi/jobs/america-ada/g5m3-gl-hmm-qlt-sustmoboperationsmrfield-01.json";t_g5m3_sust_mob_operations;;g5m3-gl-hmm-qlt-sustmoboperationsmrfield-01.json;"""19.0.0"""
J7IL_atm-session-message_MRField.conf;"https://bitbucket.globaldevtools.bbva.com/bitbucket/projects/GL_J7IL_APP-ID-19695_DSG/repos/glgldh360gloqlt/browse/hammurabi/jobs/europa/j7il-gl-hmm-qlt-atmsessionmessagemrfield-01.json?at=refs%2Ftags%2Fv18.4.6
https://bitbucket.globaldevtools.bbva.com/bitbucket/projects/GL_J7IL_APP-ID-19695_DSG/repos/glgldh360gloqlt/browse/hammurabi/jobs/america/j7il-gl-hmm-qlt-atmsessionmessagemrfield-01.json?at=refs%2Ftags%2Fv18.4.6";t_j7il_atm_session_message;;j7il-gl-hmm-qlt-atmsessionmessagemrfield-01.json;"""18.4.6"""
J7IL_atm-session-message_MRObject.conf;"https://bitbucket.globaldevtools.bbva.com/bitbucket/projects/GL_J7IL_APP-ID-19695_DSG/repos/glgldh360gloqlt/browse/hammurabi/jobs/europa/j7il-gl-hmm-qlt-atmsessionmessagemrobject-01.json?at=refs%2Ftags%2Fv18.4.6
https://bitbucket.globaldevtools.bbva.com/bitbucket/projects/GL_J7IL_APP-ID-19695_DSG/repos/glgldh360gloqlt/browse/hammurabi/jobs/america/j7il-gl-hmm-qlt-atmsessionmessagemrobject-01.json?at=refs%2Ftags%2Fv18.4.6";t_j7il_atm_session_message;;j7il-gl-hmm-qlt-atmsessionmessagemrobject-01.json;"""18.4.6"""
J7IL_atm-session-message_KCOG_entity_MMRule.conf;"https://bitbucket.globaldevtools.bbva.com/bitbucket/projects/GL_J7IL_APP-ID-19695_DSG/repos/glgldh360gloqlt/browse/hammurabi/jobs/europa/j7il-gl-hmm-qlt-atmsessionmessagemmrule-01.json?at=refs%2Ftags%2Fv18.4.6
https://bitbucket.globaldevtools.bbva.com/bitbucket/projects/GL_J7IL_APP-ID-19695_DSG/repos/glgldh360gloqlt/browse/hammurabi/jobs/america/j7il-gl-hmm-qlt-atmsessionmessagemmrule-01.json?at=refs%2Ftags%2Fv18.4.6";t_j7il_atm_session_message;t_kcog_entity;j7il-gl-hmm-qlt-atmsessionmessagemmrule-01.json;"""18.4.6"""
J7IL_customer-personalization_MRField.conf;"https://bitbucket.globaldevtools.bbva.com/bitbucket/projects/GL_J7IL_APP-ID-19695_DSG/repos/glgldh360gloqlt/browse/hammurabi/jobs/europa/j7il-gl-hmm-qlt-customerpersonalizamrfield-01.json?at=refs%2Ftags%2Fv18.4.6
https://bitbucket.globaldevtools.bbva.com/bitbucket/projects/GL_J7IL_APP-ID-19695_DSG/repos/glgldh360gloqlt/browse/hammurabi/jobs/america/j7il-gl-hmm-qlt-customerpersonalizamrfield-01.json?at=refs%2Ftags%2Fv18.4.6";t_j7il_customer_personalization;;j7il-gl-hmm-qlt-customerpersonalizamrfield-01.json;"""18.4.6"""
J7IL_customer-personalization_MRObject.conf;"https://bitbucket.globaldevtools.bbva.com/bitbucket/projects/GL_J7IL_APP-ID-19695_DSG/repos/glgldh360gloqlt/browse/hammurabi/jobs/europa/j7il-gl-hmm-qlt-customerpersonalizamrobject-01.json?at=refs%2Ftags%2Fv18.4.6
https://bitbucket.globaldevtools.bbva.com/bitbucket/projects/GL_J7IL_APP-ID-19695_DSG/repos/glgldh360gloqlt/browse/hammurabi/jobs/america/j7il-gl-hmm-qlt-customerpersonalizamrobject-01.json?at=refs%2Ftags%2Fv18.4.6";t_j7il_customer_personalization;;j7il-gl-hmm-qlt-customerpersonalizamrobject-01.json;"""18.4.6"""
J7IL_customer-personalization_KBTQ_role-person_MMRule.conf;"https://bitbucket.globaldevtools.bbva.com/bitbucket/projects/GL_J7IL_APP-ID-19695_DSG/repos/glgldh360gloqlt/browse/hammurabi/jobs/europa/j7il-gl-hmm-qlt-customerpersonalizammrule-01.json?at=refs%2Ftags%2Fv18.4.6
https://bitbucket.globaldevtools.bbva.com/bitbucket/projects/GL_J7IL_APP-ID-19695_DSG/repos/glgldh360gloqlt/browse/hammurabi/jobs/america/j7il-gl-hmm-qlt-customerpersonalizammrule-01.json?at=refs%2Ftags%2Fv18.4.6";t_j7il_customer_personalization;t_kbtq_role_person;j7il-gl-hmm-qlt-customerpersonalizammrule-01.json;"""18.4.6"""
J7IL_customer-personalization_KCOG_country_MMRule.conf;"https://bitbucket.globaldevtools.bbva.com/bitbucket/projects/GL_J7IL_APP-ID-19695_DSG/repos/glgldh360gloqlt/browse/hammurabi/jobs/europa/j7il-gl-hmm-qlt-customerpersonalizammrule-02.json?at=refs%2Ftags%2Fv18.4.6
https://bitbucket.globaldevtools.bbva.com/bitbucket/projects/GL_J7IL_APP-ID-19695_DSG/repos/glgldh360gloqlt/browse/hammurabi/jobs/america/j7il-gl-hmm-qlt-customerpersonalizammrule-02.json?at=refs%2Ftags%2Fv18.4.6";t_j7il_customer_personalization;t_kcog_country;j7il-gl-hmm-qlt-customerpersonalizammrule-02.json;"""18.4.6"""
J7IL_customer-personalization_KCOG_entity_MMRule.conf;"https://bitbucket.globaldevtools.bbva.com/bitbucket/projects/GL_J7IL_APP-ID-19695_DSG/repos/glgldh360gloqlt/browse/hammurabi/jobs/europa/j7il-gl-hmm-qlt-customerpersonalizammrule-03.json?at=refs%2Ftags%2Fv18.4.6
https://bitbucket.globaldevtools.bbva.com/bitbucket/projects/GL_J7IL_APP-ID-19695_DSG/repos/glgldh360gloqlt/browse/hammurabi/jobs/america/j7il-gl-hmm-qlt-customerpersonalizammrule-03.json?at=refs%2Ftags%2Fv18.4.6";t_j7il_customer_personalization;t_kcog_entity;j7il-gl-hmm-qlt-customerpersonalizammrule-03.json;"""18.4.6"""
J7IL_customer-refusals_MRField.conf;"https://bitbucket.globaldevtools.bbva.com/bitbucket/projects/GL_J7IL_APP-ID-19695_DSG/repos/glgldh360gloqlt/browse/hammurabi/jobs/europa/j7il-gl-hmm-qlt-customerrefusalsmrfield-01.json?at=refs%2Ftags%2Fv18.4.6
https://bitbucket.globaldevtools.bbva.com/bitbucket/projects/GL_J7IL_APP-ID-19695_DSG/repos/glgldh360gloqlt/browse/hammurabi/jobs/america/j7il-gl-hmm-qlt-customerrefusalsmrfield-01.json?at=refs%2Ftags%2Fv18.4.6";t_j7il_customer_refusals;;j7il-gl-hmm-qlt-customerrefusalsmrfield-01.json;"""18.4.6"""
J7IL_customer-refusals_MRObject.conf;"https://bitbucket.globaldevtools.bbva.com/bitbucket/projects/GL_J7IL_APP-ID-19695_DSG/repos/glgldh360gloqlt/browse/hammurabi/jobs/europa/j7il-gl-hmm-qlt-customerrefusalsmrobject-01.json?at=refs%2Ftags%2Fv18.4.6
https://bitbucket.globaldevtools.bbva.com/bitbucket/projects/GL_J7IL_APP-ID-19695_DSG/repos/glgldh360gloqlt/browse/hammurabi/jobs/america/j7il-gl-hmm-qlt-customerrefusalsmrobject-01.json?at=refs%2Ftags%2Fv18.4.6";t_j7il_customer_refusals;;j7il-gl-hmm-qlt-customerrefusalsmrobject-01.json;"""18.4.6"""
J7IL_customer-refusals_KBTQ_role-person_MMRule.conf;"https://bitbucket.globaldevtools.bbva.com/bitbucket/projects/GL_J7IL_APP-ID-19695_DSG/repos/glgldh360gloqlt/browse/hammurabi/jobs/europa/j7il-gl-hmm-qlt-customerrefusalsmmrule-01.json?at=refs%2Ftags%2Fv18.4.6
https://bitbucket.globaldevtools.bbva.com/bitbucket/projects/GL_J7IL_APP-ID-19695_DSG/repos/glgldh360gloqlt/browse/hammurabi/jobs/america/j7il-gl-hmm-qlt-customerrefusalsmmrule-01.json?at=refs%2Ftags%2Fv18.4.6";t_j7il_customer_refusals;t_kbtq_role_person;j7il-gl-hmm-qlt-customerrefusalsmmrule-01.json;"""18.4.6"""
J7IL_customer-refusals_KCOG_country_MMRule.conf;"https://bitbucket.globaldevtools.bbva.com/bitbucket/projects/GL_J7IL_APP-ID-19695_DSG/repos/glgldh360gloqlt/browse/hammurabi/jobs/europa/j7il-gl-hmm-qlt-customerrefusalsmmrule-02.json?at=refs%2Ftags%2Fv18.4.6
https://bitbucket.globaldevtools.bbva.com/bitbucket/projects/GL_J7IL_APP-ID-19695_DSG/repos/glgldh360gloqlt/browse/hammurabi/jobs/america/j7il-gl-hmm-qlt-customerrefusalsmmrule-02.json?at=refs%2Ftags%2Fv18.4.6";t_j7il_customer_refusals;t_kcog_country;j7il-gl-hmm-qlt-customerrefusalsmmrule-02.json;"""18.4.6"""
J7IL_customer-refusals_KCOG_entity_MMRule.conf;"https://bitbucket.globaldevtools.bbva.com/bitbucket/projects/GL_J7IL_APP-ID-19695_DSG/repos/glgldh360gloqlt/browse/hammurabi/jobs/europa/j7il-gl-hmm-qlt-customerrefusalsmmrule-03.json?at=refs%2Ftags%2Fv18.4.6
https://bitbucket.globaldevtools.bbva.com/bitbucket/projects/GL_J7IL_APP-ID-19695_DSG/repos/glgldh360gloqlt/browse/hammurabi/jobs/america/j7il-gl-hmm-qlt-customerrefusalsmmrule-03.json?at=refs%2Ftags%2Fv18.4.6";t_j7il_customer_refusals;t_kcog_entity;j7il-gl-hmm-qlt-customerrefusalsmmrule-03.json;"""18.4.6"""
J7IL_email-notifications_MRField.conf;"https://bitbucket.globaldevtools.bbva.com/bitbucket/projects/GL_J7IL_APP-ID-19695_DSG/repos/glgldh360gloqlt/browse/hammurabi/jobs/europa/j7il-gl-hmm-qlt-emailnotificationsmrfield-01.json?at=refs%2Ftags%2Fv18.4.6
https://bitbucket.globaldevtools.bbva.com/bitbucket/projects/GL_J7IL_APP-ID-19695_DSG/repos/glgldh360gloqlt/browse/hammurabi/jobs/america/j7il-gl-hmm-qlt-emailnotificationsmrfield-01.json?at=refs%2Ftags%2Fv18.4.6";t_j7il_email_notifications;;j7il-gl-hmm-qlt-emailnotificationsmrfield-01.json;"""18.4.6"""
J7IL_notification-type_MRField.conf;"https://bitbucket.globaldevtools.bbva.com/bitbucket/projects/GL_J7IL_APP-ID-19695_DSG/repos/glgldh360gloqlt/browse/hammurabi/jobs/europa/j7il-gl-hmm-qlt-notificationtypemrfield-01.json?at=refs%2Ftags%2Fv18.4.6
https://bitbucket.globaldevtools.bbva.com/bitbucket/projects/GL_J7IL_APP-ID-19695_DSG/repos/glgldh360gloqlt/browse/hammurabi/jobs/america/j7il-gl-hmm-qlt-notificationtypemrfield-01.json?at=refs%2Ftags%2Fv18.4.6";t_j7il_notification_type;;j7il-gl-hmm-qlt-notificationtypemrfield-01.json;"""18.4.6"""
J7IL_notifications_MRField.conf;"https://bitbucket.globaldevtools.bbva.com/bitbucket/projects/GL_J7IL_APP-ID-19695_DSG/repos/glgldh360gloqlt/browse/hammurabi/jobs/europa/j7il-gl-hmm-qlt-notificationsmrfield-01.json?at=refs%2Ftags%2Fv18.4.6
https://bitbucket.globaldevtools.bbva.com/bitbucket/projects/GL_J7IL_APP-ID-19695_DSG/repos/glgldh360gloqlt/browse/hammurabi/jobs/america/j7il-gl-hmm-qlt-notificationsmrfield-01.json?at=refs%2Ftags%2Fv18.4.6";t_j7il_notifications;;j7il-gl-hmm-qlt-notificationsmrfield-01.json;"""18.4.6"""
J7IL_push-notifications_MRField.conf;"https://bitbucket.globaldevtools.bbva.com/bitbucket/projects/GL_J7IL_APP-ID-19695_DSG/repos/glgldh360gloqlt/browse/hammurabi/jobs/europa/j7il-gl-hmm-qlt-pushnotificationsmrfield-01.json?at=refs%2Ftags%2Fv18.4.6
https://bitbucket.globaldevtools.bbva.com/bitbucket/projects/GL_J7IL_APP-ID-19695_DSG/repos/glgldh360gloqlt/browse/hammurabi/jobs/america/j7il-gl-hmm-qlt-pushnotificationsmrfield-01.json?at=refs%2Ftags%2Fv18.4.6";t_j7il_push_notifications;;j7il-gl-hmm-qlt-pushnotificationsmrfield-01.json;"""18.4.6"""
J7IL_sms-notifications_MRField.conf;"https://bitbucket.globaldevtools.bbva.com/bitbucket/projects/GL_J7IL_APP-ID-19695_DSG/repos/glgldh360gloqlt/browse/hammurabi/jobs/europa/j7il-gl-hmm-qlt-smsnotificationsmrfield-01.json?at=refs%2Ftags%2Fv18.4.6
https://bitbucket.globaldevtools.bbva.com/bitbucket/projects/GL_J7IL_APP-ID-19695_DSG/repos/glgldh360gloqlt/browse/hammurabi/jobs/america/j7il-gl-hmm-qlt-smsnotificationsmrfield-01.json?at=refs%2Ftags%2Fv18.4.6";t_j7il_sms_notifications;;j7il-gl-hmm-qlt-smsnotificationsmrfield-01.json;"""18.4.6"""
J7IL_webpush-notifications_MRField.conf;"https://bitbucket.globaldevtools.bbva.com/bitbucket/projects/GL_J7IL_APP-ID-19695_DSG/repos/glgldh360gloqlt/browse/hammurabi/jobs/europa/j7il-gl-hmm-qlt-webpushnotificationmrfield-01.json?at=refs%2Ftags%2Fv18.4.6
https://bitbucket.globaldevtools.bbva.com/bitbucket/projects/GL_J7IL_APP-ID-19695_DSG/repos/glgldh360gloqlt/browse/hammurabi/jobs/america/j7il-gl-hmm-qlt-webpushnotificationmrfield-01.json?at=refs%2Ftags%2Fv18.4.6";t_j7il_webpush_notifications;;j7il-gl-hmm-qlt-webpushnotificationmrfield-01.json;"""18.4.6"""
KATC_attributes-contract-mp_MRField.conf;"https://bitbucket.globaldevtools.bbva.com/bitbucket/projects/GL_KATC_APP-ID-24547_DSG/repos/glgldh360gloqlt/browse/hammurabi/jobs/europa/katc-gl-hmm-qlt-attributescontractmmrfield-01.json?at=refs%2Ftags%2Fv18.4.4
https://bitbucket.globaldevtools.bbva.com/bitbucket/projects/GL_KATC_APP-ID-24547_DSG/repos/glgldh360gloqlt/browse/hammurabi/jobs/america/katc-gl-hmm-qlt-attributescontractmmrfield-01.json?at=refs%2Ftags%2Fv18.4.4";t_katc_attributes_contract_mp;;katc-gl-hmm-qlt-attributescontractmmrfield-01.json;"""18.4.4"""
KATC_attributes-contract-mp_MRObject.conf;"https://bitbucket.globaldevtools.bbva.com/bitbucket/projects/GL_KATC_APP-ID-24547_DSG/repos/glgldh360gloqlt/browse/hammurabi/jobs/europa/katc-gl-hmm-qlt-attributescontractmmrobject-01.json?at=refs%2Ftags%2Fv18.4.4
https://bitbucket.globaldevtools.bbva.com/bitbucket/projects/GL_KATC_APP-ID-24547_DSG/repos/glgldh360gloqlt/browse/hammurabi/jobs/america/katc-gl-hmm-qlt-attributescontractmmrobject-01.json?at=refs%2Ftags%2Fv18.4.4";t_katc_attributes_contract_mp;;katc-gl-hmm-qlt-attributescontractmmrobject-01.json;"""18.4.4"""
KATC_attributes-contract-mp_KSAN_contract-global-local_MMRule.conf;"https://bitbucket.globaldevtools.bbva.com/bitbucket/projects/GL_KATC_APP-ID-24547_DSG/repos/glgldh360gloqlt/browse/hammurabi/jobs/europa/katc-gl-hmm-qlt-attributescontractmmmrule-01.json?at=refs%2Ftags%2Fv18.4.4
https://bitbucket.globaldevtools.bbva.com/bitbucket/projects/GL_KATC_APP-ID-24547_DSG/repos/glgldh360gloqlt/browse/hammurabi/jobs/america/katc-gl-hmm-qlt-attributescontractmmmrule-01.json?at=refs%2Ftags%2Fv18.4.4";t_katc_attributes_contract_mp;t_ksan_contract_global_local;katc-gl-hmm-qlt-attributescontractmmmrule-01.json;"""18.4.4"""
KATC_attributes-contract-mp_KCOG_entity_MMRule.conf;"https://bitbucket.globaldevtools.bbva.com/bitbucket/projects/GL_KATC_APP-ID-24547_DSG/repos/glgldh360gloqlt/browse/hammurabi/jobs/europa/katc-gl-hmm-qlt-attributescontractmmmrule-02.json?at=refs%2Ftags%2Fv18.4.4
https://bitbucket.globaldevtools.bbva.com/bitbucket/projects/GL_KATC_APP-ID-24547_DSG/repos/glgldh360gloqlt/browse/hammurabi/jobs/america/katc-gl-hmm-qlt-attributescontractmmmrule-02.json?at=refs%2Ftags%2Fv18.4.4";t_katc_attributes_contract_mp;t_kcog_entity;katc-gl-hmm-qlt-attributescontractmmmrule-02.json;"""18.4.4"""
KATC_attributes-contract-mp_KCOG_currency_MMRule.conf;"https://bitbucket.globaldevtools.bbva.com/bitbucket/projects/GL_KATC_APP-ID-24547_DSG/repos/glgldh360gloqlt/browse/hammurabi/jobs/europa/katc-gl-hmm-qlt-attributescontractmmmrule-03.json?at=refs%2Ftags%2Fv18.4.4
https://bitbucket.globaldevtools.bbva.com/bitbucket/projects/GL_KATC_APP-ID-24547_DSG/repos/glgldh360gloqlt/browse/hammurabi/jobs/america/katc-gl-hmm-qlt-attributescontractmmmrule-03.json?at=refs%2Ftags%2Fv18.4.4";t_katc_attributes_contract_mp;t_kcog_currency;katc-gl-hmm-qlt-attributescontractmmmrule-03.json;"""18.4.4"""
KATC_attributes-contract-mp_KCOG_country_MMRule.conf;"https://bitbucket.globaldevtools.bbva.com/bitbucket/projects/GL_KATC_APP-ID-24547_DSG/repos/glgldh360gloqlt/browse/hammurabi/jobs/europa/katc-gl-hmm-qlt-attributescontractmmmrule-04.json?at=refs%2Ftags%2Fv18.4.4
https://bitbucket.globaldevtools.bbva.com/bitbucket/projects/GL_KATC_APP-ID-24547_DSG/repos/glgldh360gloqlt/browse/hammurabi/jobs/america/katc-gl-hmm-qlt-attributescontractmmmrule-04.json?at=refs%2Ftags%2Fv18.4.4";t_katc_attributes_contract_mp;t_kcog_country;katc-gl-hmm-qlt-attributescontractmmmrule-04.json;"""18.4.4"""
KATC_attributes-contract-mp_KBTQ_customer-info_MMRule.conf;"https://bitbucket.globaldevtools.bbva.com/bitbucket/projects/GL_KATC_APP-ID-24547_DSG/repos/glgldh360gloqlt/browse/hammurabi/jobs/europa/katc-gl-hmm-qlt-attributescontractmmmrule-05.json?at=refs%2Ftags%2Fv18.4.4
https://bitbucket.globaldevtools.bbva.com/bitbucket/projects/GL_KATC_APP-ID-24547_DSG/repos/glgldh360gloqlt/browse/hammurabi/jobs/america/katc-gl-hmm-qlt-attributescontractmmmrule-05.json?at=refs%2Ftags%2Fv18.4.4";t_katc_attributes_contract_mp;t_kbtq_customer_info;katc-gl-hmm-qlt-attributescontractmmmrule-05.json;"""18.4.4"""
KATC_attributes-dp_MRField.conf;"https://bitbucket.globaldevtools.bbva.com/bitbucket/projects/GL_KATC_APP-ID-24547_DSG/repos/glgldh360gloqlt/browse/hammurabi/jobs/europa/katc-gl-hmm-qlt-attributesdpmrfield-01.json?at=refs%2Ftags%2Fv18.4.4
https://bitbucket.globaldevtools.bbva.com/bitbucket/projects/GL_KATC_APP-ID-24547_DSG/repos/glgldh360gloqlt/browse/hammurabi/jobs/america/katc-gl-hmm-qlt-attributesdpmrfield-01.json?at=refs%2Ftags%2Fv18.4.4";t_katc_attributes_dp;;katc-gl-hmm-qlt-attributesdpmrfield-01.json;"""18.4.4"""
KATC_attributes-dp_MRObject.conf;"https://bitbucket.globaldevtools.bbva.com/bitbucket/projects/GL_KATC_APP-ID-24547_DSG/repos/glgldh360gloqlt/browse/hammurabi/jobs/europa/katc-gl-hmm-qlt-attributesdpmrobject-01.json?at=refs%2Ftags%2Fv18.4.4
https://bitbucket.globaldevtools.bbva.com/bitbucket/projects/GL_KATC_APP-ID-24547_DSG/repos/glgldh360gloqlt/browse/hammurabi/jobs/america/katc-gl-hmm-qlt-attributesdpmrobject-01.json?at=refs%2Ftags%2Fv18.4.4";t_katc_attributes_dp;;katc-gl-hmm-qlt-attributesdpmrobject-01.json;"""18.4.4"""
KATC_attributes-dp_KCOG_currency_MMRule.conf;"https://bitbucket.globaldevtools.bbva.com/bitbucket/projects/GL_KATC_APP-ID-24547_DSG/repos/glgldh360gloqlt/browse/hammurabi/jobs/europa/katc-gl-hmm-qlt-attributesdpmmrule-01.json?at=refs%2Ftags%2Fv18.4.4
https://bitbucket.globaldevtools.bbva.com/bitbucket/projects/GL_KATC_APP-ID-24547_DSG/repos/glgldh360gloqlt/browse/hammurabi/jobs/america/katc-gl-hmm-qlt-attributesdpmmrule-01.json?at=refs%2Ftags%2Fv18.4.4";t_katc_attributes_dp;t_kcog_currency;katc-gl-hmm-qlt-attributesdpmmrule-01.json;"""18.4.4"""
KATC_attributes-dp_KBTQ_customer-info_MMRule.conf;"https://bitbucket.globaldevtools.bbva.com/bitbucket/projects/GL_KATC_APP-ID-24547_DSG/repos/glgldh360gloqlt/browse/hammurabi/jobs/europa/katc-gl-hmm-qlt-attributesdpmmrule-02.json?at=refs%2Ftags%2Fv18.4.4
https://bitbucket.globaldevtools.bbva.com/bitbucket/projects/GL_KATC_APP-ID-24547_DSG/repos/glgldh360gloqlt/browse/hammurabi/jobs/america/katc-gl-hmm-qlt-attributesdpmmrule-02.json?at=refs%2Ftags%2Fv18.4.4";t_katc_attributes_dp;t_kbtq_customer_info;katc-gl-hmm-qlt-attributesdpmmrule-02.json;"""18.4.4"""
KATC_attributes-dp_KCOG_entity_MMRule.conf;"https://bitbucket.globaldevtools.bbva.com/bitbucket/projects/GL_KATC_APP-ID-24547_DSG/repos/glgldh360gloqlt/browse/hammurabi/jobs/europa/katc-gl-hmm-qlt-attributesdpmmrule-03.json?at=refs%2Ftags%2Fv18.4.4
https://bitbucket.globaldevtools.bbva.com/bitbucket/projects/GL_KATC_APP-ID-24547_DSG/repos/glgldh360gloqlt/browse/hammurabi/jobs/america/katc-gl-hmm-qlt-attributesdpmmrule-03.json?at=refs%2Ftags%2Fv18.4.4";t_katc_attributes_dp;t_kcog_entity;katc-gl-hmm-qlt-attributesdpmmrule-03.json;"""18.4.4"""
KATC_attributes-dp_KCOG_country_MMRule.conf;"https://bitbucket.globaldevtools.bbva.com/bitbucket/projects/GL_KATC_APP-ID-24547_DSG/repos/glgldh360gloqlt/browse/hammurabi/jobs/europa/katc-gl-hmm-qlt-attributesdpmmrule-04.json?at=refs%2Ftags%2Fv18.4.4
https://bitbucket.globaldevtools.bbva.com/bitbucket/projects/GL_KATC_APP-ID-24547_DSG/repos/glgldh360gloqlt/browse/hammurabi/jobs/america/katc-gl-hmm-qlt-attributesdpmmrule-04.json?at=refs%2Ftags%2Fv18.4.4";t_katc_attributes_dp;t_kcog_country;katc-gl-hmm-qlt-attributesdpmmrule-04.json;"""18.4.4"""
KATC_attributes-mp_MRField.conf;"https://bitbucket.globaldevtools.bbva.com/bitbucket/projects/GL_KATC_APP-ID-24547_DSG/repos/glgldh360gloqlt/browse/hammurabi/jobs/europa/katc-gl-hmm-qlt-attributesmpmrfield-01.json?at=refs%2Ftags%2Fv18.4.4
https://bitbucket.globaldevtools.bbva.com/bitbucket/projects/GL_KATC_APP-ID-24547_DSG/repos/glgldh360gloqlt/browse/hammurabi/jobs/america/katc-gl-hmm-qlt-attributesmpmrfield-01.json?at=refs%2Ftags%2Fv18.4.4";t_katc_attributes_mp;;katc-gl-hmm-qlt-attributesmpmrfield-01.json;"""18.4.4"""
KATC_attributes-mp_MRObject.conf;"https://bitbucket.globaldevtools.bbva.com/bitbucket/projects/GL_KATC_APP-ID-24547_DSG/repos/glgldh360gloqlt/browse/hammurabi/jobs/europa/katc-gl-hmm-qlt-attributesmpmrobject-01.json?at=refs%2Ftags%2Fv18.4.4
https://bitbucket.globaldevtools.bbva.com/bitbucket/projects/GL_KATC_APP-ID-24547_DSG/repos/glgldh360gloqlt/browse/hammurabi/jobs/america/katc-gl-hmm-qlt-attributesmpmrobject-01.json?at=refs%2Ftags%2Fv18.4.4";t_katc_attributes_mp;;katc-gl-hmm-qlt-attributesmpmrobject-01.json;"""18.4.4"""
KATC_attributes-mp_KCOG_currency_MMRule.conf;"https://bitbucket.globaldevtools.bbva.com/bitbucket/projects/GL_KATC_APP-ID-24547_DSG/repos/glgldh360gloqlt/browse/hammurabi/jobs/europa/katc-gl-hmm-qlt-attributesmpmmrule-01.json?at=refs%2Ftags%2Fv18.4.4
https://bitbucket.globaldevtools.bbva.com/bitbucket/projects/GL_KATC_APP-ID-24547_DSG/repos/glgldh360gloqlt/browse/hammurabi/jobs/america/katc-gl-hmm-qlt-attributesmpmmrule-01.json?at=refs%2Ftags%2Fv18.4.4";t_katc_attributes_mp;t_kcog_currency;katc-gl-hmm-qlt-attributesmpmmrule-01.json;"""18.4.4"""
KATC_attributes-mp_KBTQ_customer-info_MMRule.conf;"https://bitbucket.globaldevtools.bbva.com/bitbucket/projects/GL_KATC_APP-ID-24547_DSG/repos/glgldh360gloqlt/browse/hammurabi/jobs/europa/katc-gl-hmm-qlt-attributesmpmmrule-02.json?at=refs%2Ftags%2Fv18.4.4
https://bitbucket.globaldevtools.bbva.com/bitbucket/projects/GL_KATC_APP-ID-24547_DSG/repos/glgldh360gloqlt/browse/hammurabi/jobs/america/katc-gl-hmm-qlt-attributesmpmmrule-02.json?at=refs%2Ftags%2Fv18.4.4";t_katc_attributes_mp;t_kbtq_customer_info;katc-gl-hmm-qlt-attributesmpmmrule-02.json;"""18.4.4"""
KATC_attributes-mp_KCOG_entity_MMRule.conf;"https://bitbucket.globaldevtools.bbva.com/bitbucket/projects/GL_KATC_APP-ID-24547_DSG/repos/glgldh360gloqlt/browse/hammurabi/jobs/europa/katc-gl-hmm-qlt-attributesmpmmrule-03.json?at=refs%2Ftags%2Fv18.4.4
https://bitbucket.globaldevtools.bbva.com/bitbucket/projects/GL_KATC_APP-ID-24547_DSG/repos/glgldh360gloqlt/browse/hammurabi/jobs/america/katc-gl-hmm-qlt-attributesmpmmrule-03.json?at=refs%2Ftags%2Fv18.4.4";t_katc_attributes_mp;t_kcog_entity;katc-gl-hmm-qlt-attributesmpmmrule-03.json;"""18.4.4"""
KATC_attributes-mp_KCOG_country_MMRule.conf;"https://bitbucket.globaldevtools.bbva.com/bitbucket/projects/GL_KATC_APP-ID-24547_DSG/repos/glgldh360gloqlt/browse/hammurabi/jobs/europa/katc-gl-hmm-qlt-attributesmpmmrule-04.json?at=refs%2Ftags%2Fv18.4.4
https://bitbucket.globaldevtools.bbva.com/bitbucket/projects/GL_KATC_APP-ID-24547_DSG/repos/glgldh360gloqlt/browse/hammurabi/jobs/america/katc-gl-hmm-qlt-attributesmpmmrule-04.json?at=refs%2Ftags%2Fv18.4.4";t_katc_attributes_mp;t_kcog_country;katc-gl-hmm-qlt-attributesmpmmrule-04.json;"""18.4.4"""
KATC_balance-forecast_MRField.conf;"https://bitbucket.globaldevtools.bbva.com/bitbucket/projects/GL_KATC_APP-ID-24547_DSG/repos/glgldh360gloqlt/browse/hammurabi/jobs/europa/katc-gl-hmm-qlt-balanceforecastmrfield-01.json?at=refs%2Ftags%2Fv18.4.4
https://bitbucket.globaldevtools.bbva.com/bitbucket/projects/GL_KATC_APP-ID-24547_DSG/repos/glgldh360gloqlt/browse/hammurabi/jobs/america/katc-gl-hmm-qlt-balanceforecastmrfield-01.json?at=refs%2Ftags%2Fv18.4.4";t_katc_balance_forecast;;katc-gl-hmm-qlt-balanceforecastmrfield-01.json;"""18.4.4"""
KATC_balance-forecast_MRObject.conf;"https://bitbucket.globaldevtools.bbva.com/bitbucket/projects/GL_KATC_APP-ID-24547_DSG/repos/glgldh360gloqlt/browse/hammurabi/jobs/europa/katc-gl-hmm-qlt-balanceforecastmrobject-01.json?at=refs%2Ftags%2Fv18.4.4
https://bitbucket.globaldevtools.bbva.com/bitbucket/projects/GL_KATC_APP-ID-24547_DSG/repos/glgldh360gloqlt/browse/hammurabi/jobs/america/katc-gl-hmm-qlt-balanceforecastmrobject-01.json?at=refs%2Ftags%2Fv18.4.4";t_katc_balance_forecast;;katc-gl-hmm-qlt-balanceforecastmrobject-01.json;"""18.4.4"""
KATC_balance-forecast_KCOG_country_MMRule.conf;"https://bitbucket.globaldevtools.bbva.com/bitbucket/projects/GL_KATC_APP-ID-24547_DSG/repos/glgldh360gloqlt/browse/hammurabi/jobs/europa/katc-gl-hmm-qlt-balanceforecastmmrule-01.json?at=refs%2Ftags%2Fv18.4.4
https://bitbucket.globaldevtools.bbva.com/bitbucket/projects/GL_KATC_APP-ID-24547_DSG/repos/glgldh360gloqlt/browse/hammurabi/jobs/america/katc-gl-hmm-qlt-balanceforecastmmrule-01.json?at=refs%2Ftags%2Fv18.4.4";t_katc_balance_forecast;t_kcog_country;katc-gl-hmm-qlt-balanceforecastmmrule-01.json;"""18.4.4"""
KATC_balance-forecast_KSAN_contract-global-local_MMRule.conf;"https://bitbucket.globaldevtools.bbva.com/bitbucket/projects/GL_KATC_APP-ID-24547_DSG/repos/glgldh360gloqlt/browse/hammurabi/jobs/europa/katc-gl-hmm-qlt-balanceforecastmmrule-02.json?at=refs%2Ftags%2Fv18.4.4
https://bitbucket.globaldevtools.bbva.com/bitbucket/projects/GL_KATC_APP-ID-24547_DSG/repos/glgldh360gloqlt/browse/hammurabi/jobs/america/katc-gl-hmm-qlt-balanceforecastmmrule-02.json?at=refs%2Ftags%2Fv18.4.4";t_katc_balance_forecast;t_ksan_contract_global_local;katc-gl-hmm-qlt-balanceforecastmmrule-02.json;"""18.4.4"""
KATC_balance-forecast_KBTQ_customer-info_MMRule.conf;"https://bitbucket.globaldevtools.bbva.com/bitbucket/projects/GL_KATC_APP-ID-24547_DSG/repos/glgldh360gloqlt/browse/hammurabi/jobs/europa/katc-gl-hmm-qlt-balanceforecastmmrule-03.json?at=refs%2Ftags%2Fv18.4.4
https://bitbucket.globaldevtools.bbva.com/bitbucket/projects/GL_KATC_APP-ID-24547_DSG/repos/glgldh360gloqlt/browse/hammurabi/jobs/america/katc-gl-hmm-qlt-balanceforecastmmrule-03.json?at=refs%2Ftags%2Fv18.4.4";t_katc_balance_forecast;t_kbtq_customer_info;katc-gl-hmm-qlt-balanceforecastmmrule-03.json;"""18.4.4"""
KATC_balance-forecast_KCOG_entity_MMRule.conf;"https://bitbucket.globaldevtools.bbva.com/bitbucket/projects/GL_KATC_APP-ID-24547_DSG/repos/glgldh360gloqlt/browse/hammurabi/jobs/europa/katc-gl-hmm-qlt-balanceforecastmmrule-04.json?at=refs%2Ftags%2Fv18.4.4
https://bitbucket.globaldevtools.bbva.com/bitbucket/projects/GL_KATC_APP-ID-24547_DSG/repos/glgldh360gloqlt/browse/hammurabi/jobs/america/katc-gl-hmm-qlt-balanceforecastmmrule-04.json?at=refs%2Ftags%2Fv18.4.4";t_katc_balance_forecast;t_kcog_entity;katc-gl-hmm-qlt-balanceforecastmmrule-04.json;"""18.4.4"""
KATC_burned-collections_MRField.conf;"https://bitbucket.globaldevtools.bbva.com/bitbucket/projects/GL_KATC_APP-ID-24547_DSG/repos/glgldh360gloqlt/browse/hammurabi/jobs/europa/katc-gl-hmm-qlt-burnedcollectionsmrfield-01.json?at=refs%2Ftags%2Fv18.4.4
https://bitbucket.globaldevtools.bbva.com/bitbucket/projects/GL_KATC_APP-ID-24547_DSG/repos/glgldh360gloqlt/browse/hammurabi/jobs/america/katc-gl-hmm-qlt-burnedcollectionsmrfield-01.json?at=refs%2Ftags%2Fv18.4.4";t_katc_burned_collections;;katc-gl-hmm-qlt-burnedcollectionsmrfield-01.json;"""18.4.4"""
KATC_burned-items_MRField.conf;"https://bitbucket.globaldevtools.bbva.com/bitbucket/projects/GL_KATC_APP-ID-24547_DSG/repos/glgldh360gloqlt/browse/hammurabi/jobs/europa/katc-gl-hmm-qlt-burneditemsmrfield-01.json?at=refs%2Ftags%2Fv18.4.4
https://bitbucket.globaldevtools.bbva.com/bitbucket/projects/GL_KATC_APP-ID-24547_DSG/repos/glgldh360gloqlt/browse/hammurabi/jobs/america/katc-gl-hmm-qlt-burneditemsmrfield-01.json?at=refs%2Ftags%2Fv18.4.4";t_katc_burned_items;;katc-gl-hmm-qlt-burneditemsmrfield-01.json;"""18.4.4"""
KATC_burned-items_MRObject.conf;"https://bitbucket.globaldevtools.bbva.com/bitbucket/projects/GL_KATC_APP-ID-24547_DSG/repos/glgldh360gloqlt/browse/hammurabi/jobs/europa/katc-gl-hmm-qlt-burneditemsmrobject-01.json?at=refs%2Ftags%2Fv18.4.4
https://bitbucket.globaldevtools.bbva.com/bitbucket/projects/GL_KATC_APP-ID-24547_DSG/repos/glgldh360gloqlt/browse/hammurabi/jobs/america/katc-gl-hmm-qlt-burneditemsmrobject-01.json?at=refs%2Ftags%2Fv18.4.4";t_katc_burned_items;;katc-gl-hmm-qlt-burneditemsmrobject-01.json;"""18.4.4"""
KATC_burned-items_KBTQ_customer-info_MMRule.conf;"https://bitbucket.globaldevtools.bbva.com/bitbucket/projects/GL_KATC_APP-ID-24547_DSG/repos/glgldh360gloqlt/browse/hammurabi/jobs/europa/katc-gl-hmm-qlt-burneditemsmmrule-01.json?at=refs%2Ftags%2Fv18.4.4
https://bitbucket.globaldevtools.bbva.com/bitbucket/projects/GL_KATC_APP-ID-24547_DSG/repos/glgldh360gloqlt/browse/hammurabi/jobs/america/katc-gl-hmm-qlt-burneditemsmmrule-01.json?at=refs%2Ftags%2Fv18.4.4";t_katc_burned_items;t_kbtq_customer_info;katc-gl-hmm-qlt-burneditemsmmrule-01.json;"""18.4.4"""
KATC_recurrence-forecast_MRField.conf;"https://bitbucket.globaldevtools.bbva.com/bitbucket/projects/GL_KATC_APP-ID-24547_DSG/repos/glgldh360gloqlt/browse/hammurabi/jobs/europa/katc-gl-hmm-qlt-recurrenceforecastmrfield-01.json?at=refs%2Ftags%2Fv18.4.4
https://bitbucket.globaldevtools.bbva.com/bitbucket/projects/GL_KATC_APP-ID-24547_DSG/repos/glgldh360gloqlt/browse/hammurabi/jobs/america/katc-gl-hmm-qlt-recurrenceforecastmrfield-01.json?at=refs%2Ftags%2Fv18.4.4";t_katc_recurrence_forecast;;katc-gl-hmm-qlt-recurrenceforecastmrfield-01.json;"""18.4.4"""
KATC_recurrence-forecast_MRObject.conf;"https://bitbucket.globaldevtools.bbva.com/bitbucket/projects/GL_KATC_APP-ID-24547_DSG/repos/glgldh360gloqlt/browse/hammurabi/jobs/europa/katc-gl-hmm-qlt-recurrenceforecastmrobject-01.json?at=refs%2Ftags%2Fv18.4.4
https://bitbucket.globaldevtools.bbva.com/bitbucket/projects/GL_KATC_APP-ID-24547_DSG/repos/glgldh360gloqlt/browse/hammurabi/jobs/america/katc-gl-hmm-qlt-recurrenceforecastmrobject-01.json?at=refs%2Ftags%2Fv18.4.4";t_katc_recurrence_forecast;;katc-gl-hmm-qlt-recurrenceforecastmrobject-01.json;"""18.4.4"""
KATC_recurrence-forecast_KSAN_contract-global-local_MMRule.conf;"https://bitbucket.globaldevtools.bbva.com/bitbucket/projects/GL_KATC_APP-ID-24547_DSG/repos/glgldh360gloqlt/browse/hammurabi/jobs/europa/katc-gl-hmm-qlt-recurrenceforecastmmrule-01.json?at=refs%2Ftags%2Fv18.4.4
https://bitbucket.globaldevtools.bbva.com/bitbucket/projects/GL_KATC_APP-ID-24547_DSG/repos/glgldh360gloqlt/browse/hammurabi/jobs/america/katc-gl-hmm-qlt-recurrenceforecastmmrule-01.json?at=refs%2Ftags%2Fv18.4.4";t_katc_recurrence_forecast;t_ksan_contract_global_local;katc-gl-hmm-qlt-recurrenceforecastmmrule-01.json;"""18.4.4"""
KATC_recurrence-forecast_KBTQ_customer-info_MMRule.conf;"https://bitbucket.globaldevtools.bbva.com/bitbucket/projects/GL_KATC_APP-ID-24547_DSG/repos/glgldh360gloqlt/browse/hammurabi/jobs/europa/katc-gl-hmm-qlt-recurrenceforecastmmrule-02.json?at=refs%2Ftags%2Fv18.4.4
https://bitbucket.globaldevtools.bbva.com/bitbucket/projects/GL_KATC_APP-ID-24547_DSG/repos/glgldh360gloqlt/browse/hammurabi/jobs/america/katc-gl-hmm-qlt-recurrenceforecastmmrule-02.json?at=refs%2Ftags%2Fv18.4.4";t_katc_recurrence_forecast;t_kbtq_customer_info;katc-gl-hmm-qlt-recurrenceforecastmmrule-02.json;"""18.4.4"""
KATC_recurrence-forecast_KCOG_entity_MMRule.conf;"https://bitbucket.globaldevtools.bbva.com/bitbucket/projects/GL_KATC_APP-ID-24547_DSG/repos/glgldh360gloqlt/browse/hammurabi/jobs/europa/katc-gl-hmm-qlt-recurrenceforecastmmrule-03.json?at=refs%2Ftags%2Fv18.4.4
https://bitbucket.globaldevtools.bbva.com/bitbucket/projects/GL_KATC_APP-ID-24547_DSG/repos/glgldh360gloqlt/browse/hammurabi/jobs/america/katc-gl-hmm-qlt-recurrenceforecastmmrule-03.json?at=refs%2Ftags%2Fv18.4.4";t_katc_recurrence_forecast;t_kcog_entity;katc-gl-hmm-qlt-recurrenceforecastmmrule-03.json;"""18.4.4"""
KATC_recurrence-forecast_KCOG_country_MMRule.conf;"https://bitbucket.globaldevtools.bbva.com/bitbucket/projects/GL_KATC_APP-ID-24547_DSG/repos/glgldh360gloqlt/browse/hammurabi/jobs/europa/katc-gl-hmm-qlt-recurrenceforecastmmrule-04.json?at=refs%2Ftags%2Fv18.4.4
https://bitbucket.globaldevtools.bbva.com/bitbucket/projects/GL_KATC_APP-ID-24547_DSG/repos/glgldh360gloqlt/browse/hammurabi/jobs/america/katc-gl-hmm-qlt-recurrenceforecastmmrule-04.json?at=refs%2Ftags%2Fv18.4.4";t_katc_recurrence_forecast;t_kcog_country;katc-gl-hmm-qlt-recurrenceforecastmmrule-04.json;"""18.4.4"""
KATC_relevant-facts_MRField.conf;"https://bitbucket.globaldevtools.bbva.com/bitbucket/projects/GL_KATC_APP-ID-24547_DSG/repos/glgldh360gloqlt/browse/hammurabi/jobs/europa/katc-gl-hmm-qlt-relevantfactsmrfield-01.json?at=refs%2Ftags%2Fv18.4.4
https://bitbucket.globaldevtools.bbva.com/bitbucket/projects/GL_KATC_APP-ID-24547_DSG/repos/glgldh360gloqlt/browse/hammurabi/jobs/america/katc-gl-hmm-qlt-relevantfactsmrfield-01.json?at=refs%2Ftags%2Fv18.4.4";t_katc_relevant_facts;;katc-gl-hmm-qlt-relevantfactsmrfield-01.json;"""18.4.4"""
KATC_relevant-facts_MRObject.conf;"https://bitbucket.globaldevtools.bbva.com/bitbucket/projects/GL_KATC_APP-ID-24547_DSG/repos/glgldh360gloqlt/browse/hammurabi/jobs/europa/katc-gl-hmm-qlt-relevantfactsmrobject-01.json?at=refs%2Ftags%2Fv18.4.4
https://bitbucket.globaldevtools.bbva.com/bitbucket/projects/GL_KATC_APP-ID-24547_DSG/repos/glgldh360gloqlt/browse/hammurabi/jobs/america/katc-gl-hmm-qlt-relevantfactsmrobject-01.json?at=refs%2Ftags%2Fv18.4.4";t_katc_relevant_facts;;katc-gl-hmm-qlt-relevantfactsmrobject-01.json;"""18.4.4"""
KATC_relevant-facts_KBTQ_customer-info_MMRule.conf;"https://bitbucket.globaldevtools.bbva.com/bitbucket/projects/GL_KATC_APP-ID-24547_DSG/repos/glgldh360gloqlt/browse/hammurabi/jobs/europa/katc-gl-hmm-qlt-relevantfactsmmrule-01.json?at=refs%2Ftags%2Fv18.4.4
https://bitbucket.globaldevtools.bbva.com/bitbucket/projects/GL_KATC_APP-ID-24547_DSG/repos/glgldh360gloqlt/browse/hammurabi/jobs/america/katc-gl-hmm-qlt-relevantfactsmmrule-01.json?at=refs%2Ftags%2Fv18.4.4";t_katc_relevant_facts;t_kbtq_customer_info;katc-gl-hmm-qlt-relevantfactsmmrule-01.json;"""18.4.4"""
KATC_relevant-facts_KCOG_entity_MMRule.conf;"https://bitbucket.globaldevtools.bbva.com/bitbucket/projects/GL_KATC_APP-ID-24547_DSG/repos/glgldh360gloqlt/browse/hammurabi/jobs/europa/katc-gl-hmm-qlt-relevantfactsmmrule-02.json?at=refs%2Ftags%2Fv18.4.4
https://bitbucket.globaldevtools.bbva.com/bitbucket/projects/GL_KATC_APP-ID-24547_DSG/repos/glgldh360gloqlt/browse/hammurabi/jobs/america/katc-gl-hmm-qlt-relevantfactsmmrule-02.json?at=refs%2Ftags%2Fv18.4.4";t_katc_relevant_facts;t_kcog_entity;katc-gl-hmm-qlt-relevantfactsmmrule-02.json;"""18.4.4"""
KATC_relevant-facts_KCOG_country_MMRule.conf;"https://bitbucket.globaldevtools.bbva.com/bitbucket/projects/GL_KATC_APP-ID-24547_DSG/repos/glgldh360gloqlt/browse/hammurabi/jobs/europa/katc-gl-hmm-qlt-relevantfactsmmrule-03.json?at=refs%2Ftags%2Fv18.4.4
https://bitbucket.globaldevtools.bbva.com/bitbucket/projects/GL_KATC_APP-ID-24547_DSG/repos/glgldh360gloqlt/browse/hammurabi/jobs/america/katc-gl-hmm-qlt-relevantfactsmmrule-03.json?at=refs%2Ftags%2Fv18.4.4";t_katc_relevant_facts;t_kcog_country;katc-gl-hmm-qlt-relevantfactsmmrule-03.json;"""18.4.4"""
t_kcdg_graph_edges-qlm-MMRule_01.conf;"https://bbva.ghe.com/platform/gl-cs-360-gdh-qlt-kcdg/blob/19.0.2/hammurabi/jobs/europa/kcdg-gl-hmm-qlt-graphedgesmmrule_01-01.json
https://bbva.ghe.com/platform/gl-cs-360-gdh-qlt-kcdg/blob/19.0.2/hammurabi/jobs/america-ada/kcdg-gl-hmm-qlt-graphedgesmmrule_01-01.json";t_kcdg_graph_edges;t_kcdg_graph_nodes;kcdg-gl-hmm-qlt-graphedgesmmrule_01-01.json;"""19.0.2"""
t_kcdg_graph_nodes-qlm-MRField.conf;"https://bbva.ghe.com/platform/gl-cs-360-gdh-qlt-kcdg/blob/19.0.0/hammurabi/jobs/europa/kcdg-gl-hmm-qlt-graphnodesmrfield-01.json
https://bbva.ghe.com/platform/gl-cs-360-gdh-qlt-kcdg/blob/19.0.0/hammurabi/jobs/america-ada/kcdg-gl-hmm-qlt-graphnodesmrfield-01.json";t_kcdg_graph_nodes;;kcdg-gl-hmm-qlt-graphnodesmrfield-01.json;"""19.0.0"""
t_kcdg_graph_nodes-qlm-MRField.conf;"https://bbva.ghe.com/platform/gl-cs-360-gdh-qlt-kcdg/blob/19.0.2/hammurabi/jobs/europa/kcdg-gl-hmm-qlt-graphnodesmrfield-01.json
https://bbva.ghe.com/platform/gl-cs-360-gdh-qlt-kcdg/blob/19.0.2/hammurabi/jobs/america-ada/kcdg-gl-hmm-qlt-graphnodesmrfield-01.json";t_kcdg_graph_nodes;;kcdg-gl-hmm-qlt-graphnodesmrfield-01.json;"""19.0.2"""
KCEG_agg-balances_MRField.conf;"https://bitbucket.globaldevtools.bbva.com/bitbucket/projects/GL_KCEG_APP-ID-22485_DSG/repos/glgldh360gloqlt/browse/hammurabi/jobs/europa/kceg-gl-hmm-qlt-aggbalancesmrfield-01.json?at=refs%2Ftags%2Fv18.4.4
https://bitbucket.globaldevtools.bbva.com/bitbucket/projects/GL_KCEG_APP-ID-22485_DSG/repos/glgldh360gloqlt/browse/hammurabi/jobs/america/kceg-gl-hmm-qlt-aggbalancesmrfield-01.json?at=refs%2Ftags%2Fv18.4.4";t_kceg_agg_balances;;kceg-gl-hmm-qlt-aggbalancesmrfield-01.json;"""18.4.4"""
KCEG_agg-balances_MRObject.conf;"https://bitbucket.globaldevtools.bbva.com/bitbucket/projects/GL_KCEG_APP-ID-22485_DSG/repos/glgldh360gloqlt/browse/hammurabi/jobs/europa/kceg-gl-hmm-qlt-aggbalancesmrobject-01.json?at=refs%2Ftags%2Fv18.4.4
https://bitbucket.globaldevtools.bbva.com/bitbucket/projects/GL_KCEG_APP-ID-22485_DSG/repos/glgldh360gloqlt/browse/hammurabi/jobs/america/kceg-gl-hmm-qlt-aggbalancesmrobject-01.json?at=refs%2Ftags%2Fv18.4.4";t_kceg_agg_balances;;kceg-gl-hmm-qlt-aggbalancesmrobject-01.json;"""18.4.4"""
KCEG_agg-balances_KCOG_entity_MMRule.conf;"https://bitbucket.globaldevtools.bbva.com/bitbucket/projects/GL_KCEG_APP-ID-22485_DSG/repos/glgldh360gloqlt/browse/hammurabi/jobs/europa/kceg-gl-hmm-qlt-aggbalancesmmrule-01.json?at=refs%2Ftags%2Fv18.4.4
https://bitbucket.globaldevtools.bbva.com/bitbucket/projects/GL_KCEG_APP-ID-22485_DSG/repos/glgldh360gloqlt/browse/hammurabi/jobs/america/kceg-gl-hmm-qlt-aggbalancesmmrule-01.json?at=refs%2Ftags%2Fv18.4.4";t_kceg_agg_balances;t_kcog_entity;kceg-gl-hmm-qlt-aggbalancesmmrule-01.json;"""18.4.4"""
KCEG_agg-balances_KCOG_country_MMRule.conf;"https://bitbucket.globaldevtools.bbva.com/bitbucket/projects/GL_KCEG_APP-ID-22485_DSG/repos/glgldh360gloqlt/browse/hammurabi/jobs/europa/kceg-gl-hmm-qlt-aggbalancesmmrule-02.json?at=refs%2Ftags%2Fv18.4.4
https://bitbucket.globaldevtools.bbva.com/bitbucket/projects/GL_KCEG_APP-ID-22485_DSG/repos/glgldh360gloqlt/browse/hammurabi/jobs/america/kceg-gl-hmm-qlt-aggbalancesmmrule-02.json?at=refs%2Ftags%2Fv18.4.4";t_kceg_agg_balances;t_kcog_country;kceg-gl-hmm-qlt-aggbalancesmmrule-02.json;"""18.4.4"""
KCEG_agg-balances_KBTQ_customer-info_MMRule.conf;"https://bitbucket.globaldevtools.bbva.com/bitbucket/projects/GL_KCEG_APP-ID-22485_DSG/repos/glgldh360gloqlt/browse/hammurabi/jobs/europa/kceg-gl-hmm-qlt-aggbalancesmmrule-03.json?at=refs%2Ftags%2Fv18.4.4
https://bitbucket.globaldevtools.bbva.com/bitbucket/projects/GL_KCEG_APP-ID-22485_DSG/repos/glgldh360gloqlt/browse/hammurabi/jobs/america/kceg-gl-hmm-qlt-aggbalancesmmrule-03.json?at=refs%2Ftags%2Fv18.4.4";t_kceg_agg_balances;t_kbtq_customer_info;kceg-gl-hmm-qlt-aggbalancesmmrule-03.json;"""18.4.4"""
KCEG_agg-balances-any-holder_MRField.conf;"https://bitbucket.globaldevtools.bbva.com/bitbucket/projects/GL_KCEG_APP-ID-22485_DSG/repos/glgldh360gloqlt/browse/hammurabi/jobs/europa/kceg-gl-hmm-qlt-aggbalancesanyholdemrfield-01.json?at=refs%2Ftags%2Fv18.4.4
https://bitbucket.globaldevtools.bbva.com/bitbucket/projects/GL_KCEG_APP-ID-22485_DSG/repos/glgldh360gloqlt/browse/hammurabi/jobs/america/kceg-gl-hmm-qlt-aggbalancesanyholdemrfield-01.json?at=refs%2Ftags%2Fv18.4.4";t_kceg_agg_balances_any_holder;;kceg-gl-hmm-qlt-aggbalancesanyholdemrfield-01.json;"""18.4.4"""
KCEG_agg-balances-any-holder_MRObject.conf;"https://bitbucket.globaldevtools.bbva.com/bitbucket/projects/GL_KCEG_APP-ID-22485_DSG/repos/glgldh360gloqlt/browse/hammurabi/jobs/europa/kceg-gl-hmm-qlt-aggbalancesanyholdemrobject-01.json?at=refs%2Ftags%2Fv18.4.4
https://bitbucket.globaldevtools.bbva.com/bitbucket/projects/GL_KCEG_APP-ID-22485_DSG/repos/glgldh360gloqlt/browse/hammurabi/jobs/america/kceg-gl-hmm-qlt-aggbalancesanyholdemrobject-01.json?at=refs%2Ftags%2Fv18.4.4";t_kceg_agg_balances_any_holder;;kceg-gl-hmm-qlt-aggbalancesanyholdemrobject-01.json;"""18.4.4"""
KCEG_agg-balances-main-holder_MRField.conf;"https://bitbucket.globaldevtools.bbva.com/bitbucket/projects/GL_KCEG_APP-ID-22485_DSG/repos/glgldh360gloqlt/browse/hammurabi/jobs/europa/kceg-gl-hmm-qlt-aggbalancesmainholdmrfield-01.json?at=refs%2Ftags%2Fv18.4.4
https://bitbucket.globaldevtools.bbva.com/bitbucket/projects/GL_KCEG_APP-ID-22485_DSG/repos/glgldh360gloqlt/browse/hammurabi/jobs/america/kceg-gl-hmm-qlt-aggbalancesmainholdmrfield-01.json?at=refs%2Ftags%2Fv18.4.4";t_kceg_agg_balances_main_holder;;kceg-gl-hmm-qlt-aggbalancesmainholdmrfield-01.json;"""18.4.4"""
KCEG_agg-balances-main-holder_MRObject.conf;"https://bitbucket.globaldevtools.bbva.com/bitbucket/projects/GL_KCEG_APP-ID-22485_DSG/repos/glgldh360gloqlt/browse/hammurabi/jobs/europa/kceg-gl-hmm-qlt-aggbalancesmainholdmrobject-01.json?at=refs%2Ftags%2Fv18.4.4
https://bitbucket.globaldevtools.bbva.com/bitbucket/projects/GL_KCEG_APP-ID-22485_DSG/repos/glgldh360gloqlt/browse/hammurabi/jobs/america/kceg-gl-hmm-qlt-aggbalancesmainholdmrobject-01.json?at=refs%2Ftags%2Fv18.4.4";t_kceg_agg_balances_main_holder;;kceg-gl-hmm-qlt-aggbalancesmainholdmrobject-01.json;"""18.4.4"""
KCEG_agg-balances-main-holder_YH2J_global-product-hierarchy_MMRule.conf;"https://bitbucket.globaldevtools.bbva.com/bitbucket/projects/GL_KCEG_APP-ID-22485_DSG/repos/glgldh360gloqlt/browse/hammurabi/jobs/europa/kceg-gl-hmm-qlt-aggbalancesmainholdmmrule-01.json?at=refs%2Ftags%2Fv18.4.4
https://bitbucket.globaldevtools.bbva.com/bitbucket/projects/GL_KCEG_APP-ID-22485_DSG/repos/glgldh360gloqlt/browse/hammurabi/jobs/america/kceg-gl-hmm-qlt-aggbalancesmainholdmmrule-01.json?at=refs%2Ftags%2Fv18.4.4";t_kceg_agg_balances_main_holder;t_yh2j_global_product_hierarchy;kceg-gl-hmm-qlt-aggbalancesmainholdmmrule-01.json;"""18.4.4"""
KCEG_agg-balances-main-holder_KBTQ_customer-info_MMRule.conf;"https://bitbucket.globaldevtools.bbva.com/bitbucket/projects/GL_KCEG_APP-ID-22485_DSG/repos/glgldh360gloqlt/browse/hammurabi/jobs/europa/kceg-gl-hmm-qlt-aggbalancesmainholdmmrule-02.json?at=refs%2Ftags%2Fv18.4.4
https://bitbucket.globaldevtools.bbva.com/bitbucket/projects/GL_KCEG_APP-ID-22485_DSG/repos/glgldh360gloqlt/browse/hammurabi/jobs/america/kceg-gl-hmm-qlt-aggbalancesmainholdmmrule-02.json?at=refs%2Ftags%2Fv18.4.4";t_kceg_agg_balances_main_holder;t_kbtq_customer_info;kceg-gl-hmm-qlt-aggbalancesmainholdmmrule-02.json;"""18.4.4"""
KCEG_agg-services_MRField.conf;"https://bitbucket.globaldevtools.bbva.com/bitbucket/projects/GL_KCEG_APP-ID-22485_DSG/repos/glgldh360gloqlt/browse/hammurabi/jobs/europa/kceg-gl-hmm-qlt-aggservicesmrfield-01.json?at=refs%2Ftags%2Fv18.4.4
https://bitbucket.globaldevtools.bbva.com/bitbucket/projects/GL_KCEG_APP-ID-22485_DSG/repos/glgldh360gloqlt/browse/hammurabi/jobs/america/kceg-gl-hmm-qlt-aggservicesmrfield-01.json?at=refs%2Ftags%2Fv18.4.4";t_kceg_agg_services;;kceg-gl-hmm-qlt-aggservicesmrfield-01.json;"""18.4.4"""
KCEG_agg-services_MRObject.conf;"https://bitbucket.globaldevtools.bbva.com/bitbucket/projects/GL_KCEG_APP-ID-22485_DSG/repos/glgldh360gloqlt/browse/hammurabi/jobs/europa/kceg-gl-hmm-qlt-aggservicesmrobject-01.json?at=refs%2Ftags%2Fv18.4.4
https://bitbucket.globaldevtools.bbva.com/bitbucket/projects/GL_KCEG_APP-ID-22485_DSG/repos/glgldh360gloqlt/browse/hammurabi/jobs/america/kceg-gl-hmm-qlt-aggservicesmrobject-01.json?at=refs%2Ftags%2Fv18.4.4";t_kceg_agg_services;;kceg-gl-hmm-qlt-aggservicesmrobject-01.json;"""18.4.4"""
KCEG_agg-services_KBTQ_customer-info_MMRule.conf;"https://bitbucket.globaldevtools.bbva.com/bitbucket/projects/GL_KCEG_APP-ID-22485_DSG/repos/glgldh360gloqlt/browse/hammurabi/jobs/europa/kceg-gl-hmm-qlt-aggservicesmmrule-01.json?at=refs%2Ftags%2Fv18.4.4
https://bitbucket.globaldevtools.bbva.com/bitbucket/projects/GL_KCEG_APP-ID-22485_DSG/repos/glgldh360gloqlt/browse/hammurabi/jobs/america/kceg-gl-hmm-qlt-aggservicesmmrule-01.json?at=refs%2Ftags%2Fv18.4.4";t_kceg_agg_services;t_kbtq_customer_info;kceg-gl-hmm-qlt-aggservicesmmrule-01.json;"""18.4.4"""
KCEG_agg-services_KCOG_entity_MMRule.conf;"https://bitbucket.globaldevtools.bbva.com/bitbucket/projects/GL_KCEG_APP-ID-22485_DSG/repos/glgldh360gloqlt/browse/hammurabi/jobs/europa/kceg-gl-hmm-qlt-aggservicesmmrule-02.json?at=refs%2Ftags%2Fv18.4.4
https://bitbucket.globaldevtools.bbva.com/bitbucket/projects/GL_KCEG_APP-ID-22485_DSG/repos/glgldh360gloqlt/browse/hammurabi/jobs/america/kceg-gl-hmm-qlt-aggservicesmmrule-02.json?at=refs%2Ftags%2Fv18.4.4";t_kceg_agg_services;t_kcog_entity;kceg-gl-hmm-qlt-aggservicesmmrule-02.json;"""18.4.4"""
KCEG_agg-services_KCOG_country_MMRule.conf;"https://bitbucket.globaldevtools.bbva.com/bitbucket/projects/GL_KCEG_APP-ID-22485_DSG/repos/glgldh360gloqlt/browse/hammurabi/jobs/europa/kceg-gl-hmm-qlt-aggservicesmmrule-03.json?at=refs%2Ftags%2Fv18.4.4
https://bitbucket.globaldevtools.bbva.com/bitbucket/projects/GL_KCEG_APP-ID-22485_DSG/repos/glgldh360gloqlt/browse/hammurabi/jobs/america/kceg-gl-hmm-qlt-aggservicesmmrule-03.json?at=refs%2Ftags%2Fv18.4.4";t_kceg_agg_services;t_kcog_country;kceg-gl-hmm-qlt-aggservicesmmrule-03.json;"""18.4.4"""
KCEG_cust-agg-recurring-income_MRField.conf;"https://bitbucket.globaldevtools.bbva.com/bitbucket/projects/GL_KCEG_APP-ID-22485_DSG/repos/glgldh360gloqlt/browse/hammurabi/jobs/europa/kceg-gl-hmm-qlt-custaggrecurringincmrfield-01.json?at=refs%2Ftags%2Fv18.4.4
https://bitbucket.globaldevtools.bbva.com/bitbucket/projects/GL_KCEG_APP-ID-22485_DSG/repos/glgldh360gloqlt/browse/hammurabi/jobs/america/kceg-gl-hmm-qlt-custaggrecurringincmrfield-01.json?at=refs%2Ftags%2Fv18.4.4";t_kceg_cust_agg_recurring_income;;kceg-gl-hmm-qlt-custaggrecurringincmrfield-01.json;"""18.4.4"""
KCEG_cust-agg-recurring-income_MRObject.conf;"https://bitbucket.globaldevtools.bbva.com/bitbucket/projects/GL_KCEG_APP-ID-22485_DSG/repos/glgldh360gloqlt/browse/hammurabi/jobs/europa/kceg-gl-hmm-qlt-custaggrecurringincmrobject-01.json?at=refs%2Ftags%2Fv18.4.4
https://bitbucket.globaldevtools.bbva.com/bitbucket/projects/GL_KCEG_APP-ID-22485_DSG/repos/glgldh360gloqlt/browse/hammurabi/jobs/america/kceg-gl-hmm-qlt-custaggrecurringincmrobject-01.json?at=refs%2Ftags%2Fv18.4.4";t_kceg_cust_agg_recurring_income;;kceg-gl-hmm-qlt-custaggrecurringincmrobject-01.json;"""18.4.4"""
KCEG_cust-agg-recurring-income_KBTQ_eom-customer_MMRule.conf;"https://bitbucket.globaldevtools.bbva.com/bitbucket/projects/GL_KCEG_APP-ID-22485_DSG/repos/glgldh360gloqlt/browse/hammurabi/jobs/europa/kceg-gl-hmm-qlt-custaggrecurringincmmrule-01.json?at=refs%2Ftags%2Fv18.4.4
https://bitbucket.globaldevtools.bbva.com/bitbucket/projects/GL_KCEG_APP-ID-22485_DSG/repos/glgldh360gloqlt/browse/hammurabi/jobs/america/kceg-gl-hmm-qlt-custaggrecurringincmmrule-01.json?at=refs%2Ftags%2Fv18.4.4";t_kceg_cust_agg_recurring_income;t_kbtq_eom_customer;kceg-gl-hmm-qlt-custaggrecurringincmmrule-01.json;"""18.4.4"""
KCEG_cust-digital-metrics-dp_MRField.conf;"https://bitbucket.globaldevtools.bbva.com/bitbucket/projects/GL_KCEG_APP-ID-22485_DSG/repos/glgldh360gloqlt/browse/hammurabi/jobs/europa/kceg-gl-hmm-qlt-custdigitalmetricsdmrfield-01.json?at=refs%2Ftags%2Fv18.4.4
https://bitbucket.globaldevtools.bbva.com/bitbucket/projects/GL_KCEG_APP-ID-22485_DSG/repos/glgldh360gloqlt/browse/hammurabi/jobs/america/kceg-gl-hmm-qlt-custdigitalmetricsdmrfield-01.json?at=refs%2Ftags%2Fv18.4.4";t_kceg_cust_digital_metrics_dp;;kceg-gl-hmm-qlt-custdigitalmetricsdmrfield-01.json;"""18.4.4"""
KCEG_cust-digital-metrics-mp_MRField.conf;"https://bitbucket.globaldevtools.bbva.com/bitbucket/projects/GL_KCEG_APP-ID-22485_DSG/repos/glgldh360gloqlt/browse/hammurabi/jobs/europa/kceg-gl-hmm-qlt-custdigitalmetricsmmrfield-01.json?at=refs%2Ftags%2Fv18.4.4
https://bitbucket.globaldevtools.bbva.com/bitbucket/projects/GL_KCEG_APP-ID-22485_DSG/repos/glgldh360gloqlt/browse/hammurabi/jobs/america/kceg-gl-hmm-qlt-custdigitalmetricsmmrfield-01.json?at=refs%2Ftags%2Fv18.4.4";t_kceg_cust_digital_metrics_mp;;kceg-gl-hmm-qlt-custdigitalmetricsmmrfield-01.json;"""18.4.4"""
KCEG_cust-prod-any-holder_MRField.conf;"https://bitbucket.globaldevtools.bbva.com/bitbucket/projects/GL_KCEG_APP-ID-22485_DSG/repos/glgldh360gloqlt/browse/hammurabi/jobs/europa/kceg-gl-hmm-qlt-custprodanyholdermrfield-01.json?at=refs%2Ftags%2Fv18.4.4
https://bitbucket.globaldevtools.bbva.com/bitbucket/projects/GL_KCEG_APP-ID-22485_DSG/repos/glgldh360gloqlt/browse/hammurabi/jobs/america/kceg-gl-hmm-qlt-custprodanyholdermrfield-01.json?at=refs%2Ftags%2Fv18.4.4";t_kceg_cust_prod_any_holder;;kceg-gl-hmm-qlt-custprodanyholdermrfield-01.json;"""18.4.4"""
KCEG_cust-prod-any-holder_MRObject.conf;"https://bitbucket.globaldevtools.bbva.com/bitbucket/projects/GL_KCEG_APP-ID-22485_DSG/repos/glgldh360gloqlt/browse/hammurabi/jobs/europa/kceg-gl-hmm-qlt-custprodanyholdermrobject-01.json?at=refs%2Ftags%2Fv18.4.4
https://bitbucket.globaldevtools.bbva.com/bitbucket/projects/GL_KCEG_APP-ID-22485_DSG/repos/glgldh360gloqlt/browse/hammurabi/jobs/america/kceg-gl-hmm-qlt-custprodanyholdermrobject-01.json?at=refs%2Ftags%2Fv18.4.4";t_kceg_cust_prod_any_holder;;kceg-gl-hmm-qlt-custprodanyholdermrobject-01.json;"""18.4.4"""
KCEG_cust-prod-main-holder_MRField.conf;"https://bitbucket.globaldevtools.bbva.com/bitbucket/projects/GL_KCEG_APP-ID-22485_DSG/repos/glgldh360gloqlt/browse/hammurabi/jobs/europa/kceg-gl-hmm-qlt-custprodmainholdermrfield-01.json?at=refs%2Ftags%2Fv18.4.4
https://bitbucket.globaldevtools.bbva.com/bitbucket/projects/GL_KCEG_APP-ID-22485_DSG/repos/glgldh360gloqlt/browse/hammurabi/jobs/america/kceg-gl-hmm-qlt-custprodmainholdermrfield-01.json?at=refs%2Ftags%2Fv18.4.4";t_kceg_cust_prod_main_holder;;kceg-gl-hmm-qlt-custprodmainholdermrfield-01.json;"""18.4.4"""
KCEG_cust-prod-main-holder_MRObject.conf;"https://bitbucket.globaldevtools.bbva.com/bitbucket/projects/GL_KCEG_APP-ID-22485_DSG/repos/glgldh360gloqlt/browse/hammurabi/jobs/europa/kceg-gl-hmm-qlt-custprodmainholdermrobject-01.json?at=refs%2Ftags%2Fv18.4.4
https://bitbucket.globaldevtools.bbva.com/bitbucket/projects/GL_KCEG_APP-ID-22485_DSG/repos/glgldh360gloqlt/browse/hammurabi/jobs/america/kceg-gl-hmm-qlt-custprodmainholdermrobject-01.json?at=refs%2Ftags%2Fv18.4.4";t_kceg_cust_prod_main_holder;;kceg-gl-hmm-qlt-custprodmainholdermrobject-01.json;"""18.4.4"""
KCEG_cust-prod-main-holder_YH2J_global-product-hierarchy_MMRule.conf;"https://bitbucket.globaldevtools.bbva.com/bitbucket/projects/GL_KCEG_APP-ID-22485_DSG/repos/glgldh360gloqlt/browse/hammurabi/jobs/europa/kceg-gl-hmm-qlt-custprodmainholdermmrule-01.json?at=refs%2Ftags%2Fv18.4.4
https://bitbucket.globaldevtools.bbva.com/bitbucket/projects/GL_KCEG_APP-ID-22485_DSG/repos/glgldh360gloqlt/browse/hammurabi/jobs/america/kceg-gl-hmm-qlt-custprodmainholdermmrule-01.json?at=refs%2Ftags%2Fv18.4.4";t_kceg_cust_prod_main_holder;t_yh2j_global_product_hierarchy;kceg-gl-hmm-qlt-custprodmainholdermmrule-01.json;"""18.4.4"""
KCEG_cust-prod-main-holder_KBTQ_customer-info_MMRule.conf;"https://bitbucket.globaldevtools.bbva.com/bitbucket/projects/GL_KCEG_APP-ID-22485_DSG/repos/glgldh360gloqlt/browse/hammurabi/jobs/europa/kceg-gl-hmm-qlt-custprodmainholdermmrule-02.json?at=refs%2Ftags%2Fv18.4.4
https://bitbucket.globaldevtools.bbva.com/bitbucket/projects/GL_KCEG_APP-ID-22485_DSG/repos/glgldh360gloqlt/browse/hammurabi/jobs/america/kceg-gl-hmm-qlt-custprodmainholdermmrule-02.json?at=refs%2Ftags%2Fv18.4.4";t_kceg_cust_prod_main_holder;t_kbtq_customer_info;kceg-gl-hmm-qlt-custprodmainholdermmrule-02.json;"""18.4.4"""
KCEG_cust-trans-events_MRField.conf;"https://bitbucket.globaldevtools.bbva.com/bitbucket/projects/GL_KCEG_APP-ID-22485_DSG/repos/glgldh360gloqlt/browse/hammurabi/jobs/europa/kceg-gl-hmm-qlt-custtranseventsmrfield-01.json?at=refs%2Ftags%2Fv18.4.4
https://bitbucket.globaldevtools.bbva.com/bitbucket/projects/GL_KCEG_APP-ID-22485_DSG/repos/glgldh360gloqlt/browse/hammurabi/jobs/america/kceg-gl-hmm-qlt-custtranseventsmrfield-01.json?at=refs%2Ftags%2Fv18.4.4";t_kceg_cust_trans_events;;kceg-gl-hmm-qlt-custtranseventsmrfield-01.json;"""18.4.4"""
KCEG_customer-app-expertise_MRField.conf;"https://bitbucket.globaldevtools.bbva.com/bitbucket/projects/GL_KCEG_APP-ID-22485_DSG/repos/glgldh360gloqlt/browse/hammurabi/jobs/europa/kceg-gl-hmm-qlt-customerappexpertismrfield-01.json?at=refs%2Ftags%2Fv18.4.4
https://bitbucket.globaldevtools.bbva.com/bitbucket/projects/GL_KCEG_APP-ID-22485_DSG/repos/glgldh360gloqlt/browse/hammurabi/jobs/america/kceg-gl-hmm-qlt-customerappexpertismrfield-01.json?at=refs%2Ftags%2Fv18.4.4";t_kceg_customer_app_expertise;;kceg-gl-hmm-qlt-customerappexpertismrfield-01.json;"""18.4.4"""
KCEG_customer-app-expertise_MRObject.conf;"https://bitbucket.globaldevtools.bbva.com/bitbucket/projects/GL_KCEG_APP-ID-22485_DSG/repos/glgldh360gloqlt/browse/hammurabi/jobs/europa/kceg-gl-hmm-qlt-customerappexpertismrobject-01.json?at=refs%2Ftags%2Fv18.4.4
https://bitbucket.globaldevtools.bbva.com/bitbucket/projects/GL_KCEG_APP-ID-22485_DSG/repos/glgldh360gloqlt/browse/hammurabi/jobs/america/kceg-gl-hmm-qlt-customerappexpertismrobject-01.json?at=refs%2Ftags%2Fv18.4.4";t_kceg_customer_app_expertise;;kceg-gl-hmm-qlt-customerappexpertismrobject-01.json;"""18.4.4"""
KCEG_customer-app-expertise_KBTQ_customer-info_MMRule.conf;"https://bitbucket.globaldevtools.bbva.com/bitbucket/projects/GL_KCEG_APP-ID-22485_DSG/repos/glgldh360gloqlt/browse/hammurabi/jobs/europa/kceg-gl-hmm-qlt-customerappexpertismmrule-01.json?at=refs%2Ftags%2Fv18.4.4
https://bitbucket.globaldevtools.bbva.com/bitbucket/projects/GL_KCEG_APP-ID-22485_DSG/repos/glgldh360gloqlt/browse/hammurabi/jobs/america/kceg-gl-hmm-qlt-customerappexpertismmrule-01.json?at=refs%2Ftags%2Fv18.4.4";t_kceg_customer_app_expertise;t_kbtq_customer_info;kceg-gl-hmm-qlt-customerappexpertismmrule-01.json;"""18.4.4"""
KCEG_customer-cancellations_MRField.conf;"https://bitbucket.globaldevtools.bbva.com/bitbucket/projects/GL_KCEG_APP-ID-22485_DSG/repos/glgldh360gloqlt/browse/hammurabi/jobs/europa/kceg-gl-hmm-qlt-customercancellatiomrfield-01.json?at=refs%2Ftags%2Fv18.4.4
https://bitbucket.globaldevtools.bbva.com/bitbucket/projects/GL_KCEG_APP-ID-22485_DSG/repos/glgldh360gloqlt/browse/hammurabi/jobs/america/kceg-gl-hmm-qlt-customercancellatiomrfield-01.json?at=refs%2Ftags%2Fv18.4.4";t_kceg_customer_cancellations;;kceg-gl-hmm-qlt-customercancellatiomrfield-01.json;"""18.4.4"""
KCEG_customer-cancellations_MRObject.conf;"https://bitbucket.globaldevtools.bbva.com/bitbucket/projects/GL_KCEG_APP-ID-22485_DSG/repos/glgldh360gloqlt/browse/hammurabi/jobs/europa/kceg-gl-hmm-qlt-customercancellatiomrobject-01.json?at=refs%2Ftags%2Fv18.4.4
https://bitbucket.globaldevtools.bbva.com/bitbucket/projects/GL_KCEG_APP-ID-22485_DSG/repos/glgldh360gloqlt/browse/hammurabi/jobs/america/kceg-gl-hmm-qlt-customercancellatiomrobject-01.json?at=refs%2Ftags%2Fv18.4.4";t_kceg_customer_cancellations;;kceg-gl-hmm-qlt-customercancellatiomrobject-01.json;"""18.4.4"""
KCEG_customer-cancellations_KCOG_entity_MMRule.conf;"https://bitbucket.globaldevtools.bbva.com/bitbucket/projects/GL_KCEG_APP-ID-22485_DSG/repos/glgldh360gloqlt/browse/hammurabi/jobs/europa/kceg-gl-hmm-qlt-customercancellatiommrule-01.json?at=refs%2Ftags%2Fv18.4.4
https://bitbucket.globaldevtools.bbva.com/bitbucket/projects/GL_KCEG_APP-ID-22485_DSG/repos/glgldh360gloqlt/browse/hammurabi/jobs/america/kceg-gl-hmm-qlt-customercancellatiommrule-01.json?at=refs%2Ftags%2Fv18.4.4";t_kceg_customer_cancellations;t_kcog_entity;kceg-gl-hmm-qlt-customercancellatiommrule-01.json;"""18.4.4"""
KCEG_customer-cancellations_KCOG_country_MMRule.conf;"https://bitbucket.globaldevtools.bbva.com/bitbucket/projects/GL_KCEG_APP-ID-22485_DSG/repos/glgldh360gloqlt/browse/hammurabi/jobs/europa/kceg-gl-hmm-qlt-customercancellatiommrule-02.json?at=refs%2Ftags%2Fv18.4.4
https://bitbucket.globaldevtools.bbva.com/bitbucket/projects/GL_KCEG_APP-ID-22485_DSG/repos/glgldh360gloqlt/browse/hammurabi/jobs/america/kceg-gl-hmm-qlt-customercancellatiommrule-02.json?at=refs%2Ftags%2Fv18.4.4";t_kceg_customer_cancellations;t_kcog_country;kceg-gl-hmm-qlt-customercancellatiommrule-02.json;"""18.4.4"""
KCEG_customer-cancellations_KCOG_branch_MMRule.conf;"https://bitbucket.globaldevtools.bbva.com/bitbucket/projects/GL_KCEG_APP-ID-22485_DSG/repos/glgldh360gloqlt/browse/hammurabi/jobs/europa/kceg-gl-hmm-qlt-customercancellatiommrule-03.json?at=refs%2Ftags%2Fv18.4.4
https://bitbucket.globaldevtools.bbva.com/bitbucket/projects/GL_KCEG_APP-ID-22485_DSG/repos/glgldh360gloqlt/browse/hammurabi/jobs/america/kceg-gl-hmm-qlt-customercancellatiommrule-03.json?at=refs%2Ftags%2Fv18.4.4";t_kceg_customer_cancellations;t_kcog_branch;kceg-gl-hmm-qlt-customercancellatiommrule-03.json;"""18.4.4"""
KCEG_customer-cancellations_KBTQ_customer-info_MMRule.conf;"https://bitbucket.globaldevtools.bbva.com/bitbucket/projects/GL_KCEG_APP-ID-22485_DSG/repos/glgldh360gloqlt/browse/hammurabi/jobs/europa/kceg-gl-hmm-qlt-customercancellatiommrule-04.json?at=refs%2Ftags%2Fv18.4.4
https://bitbucket.globaldevtools.bbva.com/bitbucket/projects/GL_KCEG_APP-ID-22485_DSG/repos/glgldh360gloqlt/browse/hammurabi/jobs/america/kceg-gl-hmm-qlt-customercancellatiommrule-04.json?at=refs%2Ftags%2Fv18.4.4";t_kceg_customer_cancellations;t_kbtq_customer_info;kceg-gl-hmm-qlt-customercancellatiommrule-04.json;"""18.4.4"""
KCEG_customer-engagement_MRField.conf;"https://bitbucket.globaldevtools.bbva.com/bitbucket/projects/GL_KCEG_APP-ID-22485_DSG/repos/glgldh360gloqlt/browse/hammurabi/jobs/europa/kceg-gl-hmm-qlt-customerengagementmrfield-01.json?at=refs%2Ftags%2Fv18.4.4
https://bitbucket.globaldevtools.bbva.com/bitbucket/projects/GL_KCEG_APP-ID-22485_DSG/repos/glgldh360gloqlt/browse/hammurabi/jobs/america/kceg-gl-hmm-qlt-customerengagementmrfield-01.json?at=refs%2Ftags%2Fv18.4.4";t_kceg_customer_engagement;;kceg-gl-hmm-qlt-customerengagementmrfield-01.json;"""18.4.4"""
KCEG_customer-engagement_MRObject.conf;"https://bitbucket.globaldevtools.bbva.com/bitbucket/projects/GL_KCEG_APP-ID-22485_DSG/repos/glgldh360gloqlt/browse/hammurabi/jobs/europa/kceg-gl-hmm-qlt-customerengagementmrobject-01.json?at=refs%2Ftags%2Fv18.4.4
https://bitbucket.globaldevtools.bbva.com/bitbucket/projects/GL_KCEG_APP-ID-22485_DSG/repos/glgldh360gloqlt/browse/hammurabi/jobs/america/kceg-gl-hmm-qlt-customerengagementmrobject-01.json?at=refs%2Ftags%2Fv18.4.4";t_kceg_customer_engagement;;kceg-gl-hmm-qlt-customerengagementmrobject-01.json;"""18.4.4"""
KCEG_customer-engagement_KBTQ_eom-customer_MMRule.conf;"https://bitbucket.globaldevtools.bbva.com/bitbucket/projects/GL_KCEG_APP-ID-22485_DSG/repos/glgldh360gloqlt/browse/hammurabi/jobs/europa/kceg-gl-hmm-qlt-customerengagementmmrule-01.json?at=refs%2Ftags%2Fv18.4.4
https://bitbucket.globaldevtools.bbva.com/bitbucket/projects/GL_KCEG_APP-ID-22485_DSG/repos/glgldh360gloqlt/browse/hammurabi/jobs/america/kceg-gl-hmm-qlt-customerengagementmmrule-01.json?at=refs%2Ftags%2Fv18.4.4";t_kceg_customer_engagement;t_kbtq_eom_customer;kceg-gl-hmm-qlt-customerengagementmmrule-01.json;"""18.4.4"""
KCEG_customer-engagement-dp_MRField.conf;"https://bitbucket.globaldevtools.bbva.com/bitbucket/projects/GL_KCEG_APP-ID-22485_DSG/repos/glgldh360gloqlt/browse/hammurabi/jobs/europa/kceg-gl-hmm-qlt-customerengagementdmrfield-01.json?at=refs%2Ftags%2Fv18.4.4
https://bitbucket.globaldevtools.bbva.com/bitbucket/projects/GL_KCEG_APP-ID-22485_DSG/repos/glgldh360gloqlt/browse/hammurabi/jobs/america/kceg-gl-hmm-qlt-customerengagementdmrfield-01.json?at=refs%2Ftags%2Fv18.4.4";t_kceg_customer_engagement_dp;;kceg-gl-hmm-qlt-customerengagementdmrfield-01.json;"""18.4.4"""
KCEG_customer-engagement-dp_MRObject.conf;"https://bitbucket.globaldevtools.bbva.com/bitbucket/projects/GL_KCEG_APP-ID-22485_DSG/repos/glgldh360gloqlt/browse/hammurabi/jobs/europa/kceg-gl-hmm-qlt-customerengagementdmrobject-01.json?at=refs%2Ftags%2Fv18.4.4
https://bitbucket.globaldevtools.bbva.com/bitbucket/projects/GL_KCEG_APP-ID-22485_DSG/repos/glgldh360gloqlt/browse/hammurabi/jobs/america/kceg-gl-hmm-qlt-customerengagementdmrobject-01.json?at=refs%2Ftags%2Fv18.4.4";t_kceg_customer_engagement_dp;;kceg-gl-hmm-qlt-customerengagementdmrobject-01.json;"""18.4.4"""
KCEG_customer-products_MRField.conf;"https://bitbucket.globaldevtools.bbva.com/bitbucket/projects/GL_KCEG_APP-ID-22485_DSG/repos/glgldh360gloqlt/browse/hammurabi/jobs/europa/kceg-gl-hmm-qlt-customerproductsmrfield-01.json?at=refs%2Ftags%2Fv18.4.4
https://bitbucket.globaldevtools.bbva.com/bitbucket/projects/GL_KCEG_APP-ID-22485_DSG/repos/glgldh360gloqlt/browse/hammurabi/jobs/america/kceg-gl-hmm-qlt-customerproductsmrfield-01.json?at=refs%2Ftags%2Fv18.4.4";t_kceg_customer_products;;kceg-gl-hmm-qlt-customerproductsmrfield-01.json;"""18.4.4"""
KCEG_customer-products_MRObject.conf;"https://bitbucket.globaldevtools.bbva.com/bitbucket/projects/GL_KCEG_APP-ID-22485_DSG/repos/glgldh360gloqlt/browse/hammurabi/jobs/europa/kceg-gl-hmm-qlt-customerproductsmrobject-01.json?at=refs%2Ftags%2Fv18.4.4
https://bitbucket.globaldevtools.bbva.com/bitbucket/projects/GL_KCEG_APP-ID-22485_DSG/repos/glgldh360gloqlt/browse/hammurabi/jobs/america/kceg-gl-hmm-qlt-customerproductsmrobject-01.json?at=refs%2Ftags%2Fv18.4.4";t_kceg_customer_products;;kceg-gl-hmm-qlt-customerproductsmrobject-01.json;"""18.4.4"""
KCEG_customer-products_KCOG_entity_MMRule.conf;"https://bitbucket.globaldevtools.bbva.com/bitbucket/projects/GL_KCEG_APP-ID-22485_DSG/repos/glgldh360gloqlt/browse/hammurabi/jobs/europa/kceg-gl-hmm-qlt-customerproductsmmrule-01.json?at=refs%2Ftags%2Fv18.4.4
https://bitbucket.globaldevtools.bbva.com/bitbucket/projects/GL_KCEG_APP-ID-22485_DSG/repos/glgldh360gloqlt/browse/hammurabi/jobs/america/kceg-gl-hmm-qlt-customerproductsmmrule-01.json?at=refs%2Ftags%2Fv18.4.4";t_kceg_customer_products;t_kcog_entity;kceg-gl-hmm-qlt-customerproductsmmrule-01.json;"""18.4.4"""
KCEG_customer-products_KBTQ_customer-info_MMRule.conf;"https://bitbucket.globaldevtools.bbva.com/bitbucket/projects/GL_KCEG_APP-ID-22485_DSG/repos/glgldh360gloqlt/browse/hammurabi/jobs/europa/kceg-gl-hmm-qlt-customerproductsmmrule-02.json?at=refs%2Ftags%2Fv18.4.4
https://bitbucket.globaldevtools.bbva.com/bitbucket/projects/GL_KCEG_APP-ID-22485_DSG/repos/glgldh360gloqlt/browse/hammurabi/jobs/america/kceg-gl-hmm-qlt-customerproductsmmrule-02.json?at=refs%2Ftags%2Fv18.4.4";t_kceg_customer_products;t_kbtq_customer_info;kceg-gl-hmm-qlt-customerproductsmmrule-02.json;"""18.4.4"""
KCEG_customer-products_KSAN_eom-domestic-interveners_MMRule.conf;"https://bitbucket.globaldevtools.bbva.com/bitbucket/projects/GL_KCEG_APP-ID-22485_DSG/repos/glgldh360gloqlt/browse/hammurabi/jobs/europa/kceg-gl-hmm-qlt-customerproductsmmrule-03.json?at=refs%2Ftags%2Fv18.4.4
https://bitbucket.globaldevtools.bbva.com/bitbucket/projects/GL_KCEG_APP-ID-22485_DSG/repos/glgldh360gloqlt/browse/hammurabi/jobs/america/kceg-gl-hmm-qlt-customerproductsmmrule-03.json?at=refs%2Ftags%2Fv18.4.4";t_kceg_customer_products;t_ksan_eom_domestic_interveners;kceg-gl-hmm-qlt-customerproductsmmrule-03.json;"""18.4.4"""
KCEG_customer-products_KCOG_country_MMRule.conf;"https://bitbucket.globaldevtools.bbva.com/bitbucket/projects/GL_KCEG_APP-ID-22485_DSG/repos/glgldh360gloqlt/browse/hammurabi/jobs/europa/kceg-gl-hmm-qlt-customerproductsmmrule-04.json?at=refs%2Ftags%2Fv18.4.4
https://bitbucket.globaldevtools.bbva.com/bitbucket/projects/GL_KCEG_APP-ID-22485_DSG/repos/glgldh360gloqlt/browse/hammurabi/jobs/america/kceg-gl-hmm-qlt-customerproductsmmrule-04.json?at=refs%2Ftags%2Fv18.4.4";t_kceg_customer_products;t_kcog_country;kceg-gl-hmm-qlt-customerproductsmmrule-04.json;"""18.4.4"""
KCEG_customer-products-dp_MRField.conf;"https://bitbucket.globaldevtools.bbva.com/bitbucket/projects/GL_KCEG_APP-ID-22485_DSG/repos/glgldh360gloqlt/browse/hammurabi/jobs/europa/kceg-gl-hmm-qlt-customerproductsdpmrfield-01.json?at=refs%2Ftags%2Fv18.4.4
https://bitbucket.globaldevtools.bbva.com/bitbucket/projects/GL_KCEG_APP-ID-22485_DSG/repos/glgldh360gloqlt/browse/hammurabi/jobs/america/kceg-gl-hmm-qlt-customerproductsdpmrfield-01.json?at=refs%2Ftags%2Fv18.4.4";t_kceg_customer_products_dp;;kceg-gl-hmm-qlt-customerproductsdpmrfield-01.json;"""18.4.4"""
KCEG_customer-products-dp_MRObject.conf;"https://bitbucket.globaldevtools.bbva.com/bitbucket/projects/GL_KCEG_APP-ID-22485_DSG/repos/glgldh360gloqlt/browse/hammurabi/jobs/europa/kceg-gl-hmm-qlt-customerproductsdpmrobject-01.json?at=refs%2Ftags%2Fv18.4.4
https://bitbucket.globaldevtools.bbva.com/bitbucket/projects/GL_KCEG_APP-ID-22485_DSG/repos/glgldh360gloqlt/browse/hammurabi/jobs/america/kceg-gl-hmm-qlt-customerproductsdpmrobject-01.json?at=refs%2Ftags%2Fv18.4.4";t_kceg_customer_products_dp;;kceg-gl-hmm-qlt-customerproductsdpmrobject-01.json;"""18.4.4"""
KCEG_customer-products-dp_KBTQ_customer-info_MMRule.conf;"https://bitbucket.globaldevtools.bbva.com/bitbucket/projects/GL_KCEG_APP-ID-22485_DSG/repos/glgldh360gloqlt/browse/hammurabi/jobs/europa/kceg-gl-hmm-qlt-customerproductsdpmmrule-01.json?at=refs%2Ftags%2Fv18.4.4
https://bitbucket.globaldevtools.bbva.com/bitbucket/projects/GL_KCEG_APP-ID-22485_DSG/repos/glgldh360gloqlt/browse/hammurabi/jobs/america/kceg-gl-hmm-qlt-customerproductsdpmmrule-01.json?at=refs%2Ftags%2Fv18.4.4";t_kceg_customer_products_dp;t_kbtq_customer_info;kceg-gl-hmm-qlt-customerproductsdpmmrule-01.json;"""18.4.4"""
KCEG_customer-registers_MRField.conf;"https://bitbucket.globaldevtools.bbva.com/bitbucket/projects/GL_KCEG_APP-ID-22485_DSG/repos/glgldh360gloqlt/browse/hammurabi/jobs/europa/kceg-gl-hmm-qlt-customerregistersmrfield-01.json?at=refs%2Ftags%2Fv18.4.4
https://bitbucket.globaldevtools.bbva.com/bitbucket/projects/GL_KCEG_APP-ID-22485_DSG/repos/glgldh360gloqlt/browse/hammurabi/jobs/america/kceg-gl-hmm-qlt-customerregistersmrfield-01.json?at=refs%2Ftags%2Fv18.4.4";t_kceg_customer_registers;;kceg-gl-hmm-qlt-customerregistersmrfield-01.json;"""18.4.4"""
KCEG_customer-registers_MRObject.conf;"https://bitbucket.globaldevtools.bbva.com/bitbucket/projects/GL_KCEG_APP-ID-22485_DSG/repos/glgldh360gloqlt/browse/hammurabi/jobs/europa/kceg-gl-hmm-qlt-customerregistersmrobject-01.json?at=refs%2Ftags%2Fv18.4.4
https://bitbucket.globaldevtools.bbva.com/bitbucket/projects/GL_KCEG_APP-ID-22485_DSG/repos/glgldh360gloqlt/browse/hammurabi/jobs/america/kceg-gl-hmm-qlt-customerregistersmrobject-01.json?at=refs%2Ftags%2Fv18.4.4";t_kceg_customer_registers;;kceg-gl-hmm-qlt-customerregistersmrobject-01.json;"""18.4.4"""
KCEG_customer-registers_KCOG_branch_MMRule.conf;"https://bitbucket.globaldevtools.bbva.com/bitbucket/projects/GL_KCEG_APP-ID-22485_DSG/repos/glgldh360gloqlt/browse/hammurabi/jobs/europa/kceg-gl-hmm-qlt-customerregistersmmrule-01.json?at=refs%2Ftags%2Fv18.4.4
https://bitbucket.globaldevtools.bbva.com/bitbucket/projects/GL_KCEG_APP-ID-22485_DSG/repos/glgldh360gloqlt/browse/hammurabi/jobs/america/kceg-gl-hmm-qlt-customerregistersmmrule-01.json?at=refs%2Ftags%2Fv18.4.4";t_kceg_customer_registers;t_kcog_branch;kceg-gl-hmm-qlt-customerregistersmmrule-01.json;"""18.4.4"""
KCEG_customer-registers_KCOG_entity_MMRule.conf;"https://bitbucket.globaldevtools.bbva.com/bitbucket/projects/GL_KCEG_APP-ID-22485_DSG/repos/glgldh360gloqlt/browse/hammurabi/jobs/europa/kceg-gl-hmm-qlt-customerregistersmmrule-02.json?at=refs%2Ftags%2Fv18.4.4
https://bitbucket.globaldevtools.bbva.com/bitbucket/projects/GL_KCEG_APP-ID-22485_DSG/repos/glgldh360gloqlt/browse/hammurabi/jobs/america/kceg-gl-hmm-qlt-customerregistersmmrule-02.json?at=refs%2Ftags%2Fv18.4.4";t_kceg_customer_registers;t_kcog_entity;kceg-gl-hmm-qlt-customerregistersmmrule-02.json;"""18.4.4"""
KCEG_customer-registers_KCOG_country_MMRule.conf;"https://bitbucket.globaldevtools.bbva.com/bitbucket/projects/GL_KCEG_APP-ID-22485_DSG/repos/glgldh360gloqlt/browse/hammurabi/jobs/europa/kceg-gl-hmm-qlt-customerregistersmmrule-03.json?at=refs%2Ftags%2Fv18.4.4
https://bitbucket.globaldevtools.bbva.com/bitbucket/projects/GL_KCEG_APP-ID-22485_DSG/repos/glgldh360gloqlt/browse/hammurabi/jobs/america/kceg-gl-hmm-qlt-customerregistersmmrule-03.json?at=refs%2Ftags%2Fv18.4.4";t_kceg_customer_registers;t_kcog_country;kceg-gl-hmm-qlt-customerregistersmmrule-03.json;"""18.4.4"""
KCEG_customer-registers_KBTQ_customer-info_MMRule.conf;"https://bitbucket.globaldevtools.bbva.com/bitbucket/projects/GL_KCEG_APP-ID-22485_DSG/repos/glgldh360gloqlt/browse/hammurabi/jobs/europa/kceg-gl-hmm-qlt-customerregistersmmrule-04.json?at=refs%2Ftags%2Fv18.4.4
https://bitbucket.globaldevtools.bbva.com/bitbucket/projects/GL_KCEG_APP-ID-22485_DSG/repos/glgldh360gloqlt/browse/hammurabi/jobs/america/kceg-gl-hmm-qlt-customerregistersmmrule-04.json?at=refs%2Ftags%2Fv18.4.4";t_kceg_customer_registers;t_kbtq_customer_info;kceg-gl-hmm-qlt-customerregistersmmrule-04.json;"""18.4.4"""
KCEG_customer-registers_KCEG_customer-cancellations_MMRule.conf;"https://bitbucket.globaldevtools.bbva.com/bitbucket/projects/GL_KCEG_APP-ID-22485_DSG/repos/glgldh360gloqlt/browse/hammurabi/jobs/europa/kceg-gl-hmm-qlt-customerregistersmmrule-05.json?at=refs%2Ftags%2Fv18.4.4
https://bitbucket.globaldevtools.bbva.com/bitbucket/projects/GL_KCEG_APP-ID-22485_DSG/repos/glgldh360gloqlt/browse/hammurabi/jobs/america/kceg-gl-hmm-qlt-customerregistersmmrule-05.json?at=refs%2Ftags%2Fv18.4.4";t_kceg_customer_registers;t_kceg_customer_cancellations;kceg-gl-hmm-qlt-customerregistersmmrule-05.json;"""18.4.4"""
t_kceg_customer_registers-qlm-MRField.conf;"https://bbva.ghe.com/platform/gl-cs-360-gdh-qlt-kceg/blob/19.0.1/hammurabi/jobs/europa/kceg-gl-hmm-qlt-customerregistersmrfield-01.json
https://bbva.ghe.com/platform/gl-cs-360-gdh-qlt-kceg/blob/19.0.1/hammurabi/jobs/america-ada/kceg-gl-hmm-qlt-customerregistersmrfield-01.json";t_kceg_customer_registers;;kceg-gl-hmm-qlt-customerregistersmrfield-01.json;"""19.0.1"""
KCEG_fx-cust-channel-activity_MRField.conf;"https://bitbucket.globaldevtools.bbva.com/bitbucket/projects/GL_KCEG_APP-ID-22485_DSG/repos/glgldh360gloqlt/browse/hammurabi/jobs/europa/kceg-gl-hmm-qlt-fxcustchannelactivimrfield-01.json?at=refs%2Ftags%2Fv18.4.4
https://bitbucket.globaldevtools.bbva.com/bitbucket/projects/GL_KCEG_APP-ID-22485_DSG/repos/glgldh360gloqlt/browse/hammurabi/jobs/america/kceg-gl-hmm-qlt-fxcustchannelactivimrfield-01.json?at=refs%2Ftags%2Fv18.4.4";t_kceg_fx_cust_channel_activity;;kceg-gl-hmm-qlt-fxcustchannelactivimrfield-01.json;"""18.4.4"""
KCEG_fx-cust-channel-activity_MRObject.conf;"https://bitbucket.globaldevtools.bbva.com/bitbucket/projects/GL_KCEG_APP-ID-22485_DSG/repos/glgldh360gloqlt/browse/hammurabi/jobs/europa/kceg-gl-hmm-qlt-fxcustchannelactivimrobject-01.json?at=refs%2Ftags%2Fv18.4.4
https://bitbucket.globaldevtools.bbva.com/bitbucket/projects/GL_KCEG_APP-ID-22485_DSG/repos/glgldh360gloqlt/browse/hammurabi/jobs/america/kceg-gl-hmm-qlt-fxcustchannelactivimrobject-01.json?at=refs%2Ftags%2Fv18.4.4";t_kceg_fx_cust_channel_activity;;kceg-gl-hmm-qlt-fxcustchannelactivimrobject-01.json;"""18.4.4"""
KCEG_fx-cust-channel-activity_KBTQ_customer-info_MMRule.conf;"https://bitbucket.globaldevtools.bbva.com/bitbucket/projects/GL_KCEG_APP-ID-22485_DSG/repos/glgldh360gloqlt/browse/hammurabi/jobs/europa/kceg-gl-hmm-qlt-fxcustchannelactivimmrule-01.json?at=refs%2Ftags%2Fv18.4.4
https://bitbucket.globaldevtools.bbva.com/bitbucket/projects/GL_KCEG_APP-ID-22485_DSG/repos/glgldh360gloqlt/browse/hammurabi/jobs/america/kceg-gl-hmm-qlt-fxcustchannelactivimmrule-01.json?at=refs%2Ftags%2Fv18.4.4";t_kceg_fx_cust_channel_activity;t_kbtq_customer_info;kceg-gl-hmm-qlt-fxcustchannelactivimmrule-01.json;"""18.4.4"""
KCEG_fx-cust-channel-activity_KCEG_fx-cust-gnrl-feat_MMRule.conf;"https://bitbucket.globaldevtools.bbva.com/bitbucket/projects/GL_KCEG_APP-ID-22485_DSG/repos/glgldh360gloqlt/browse/hammurabi/jobs/europa/kceg-gl-hmm-qlt-fxcustchannelactivimmrule-02.json?at=refs%2Ftags%2Fv18.4.4
https://bitbucket.globaldevtools.bbva.com/bitbucket/projects/GL_KCEG_APP-ID-22485_DSG/repos/glgldh360gloqlt/browse/hammurabi/jobs/america/kceg-gl-hmm-qlt-fxcustchannelactivimmrule-02.json?at=refs%2Ftags%2Fv18.4.4";t_kceg_fx_cust_channel_activity;t_kceg_fx_cust_gnrl_feat;kceg-gl-hmm-qlt-fxcustchannelactivimmrule-02.json;"""18.4.4"""
KCEG_fx-cust-gnrl-feat_MRField.conf;"https://bitbucket.globaldevtools.bbva.com/bitbucket/projects/GL_KCEG_APP-ID-22485_DSG/repos/glgldh360gloqlt/browse/hammurabi/jobs/europa/kceg-gl-hmm-qlt-fxcustgnrlfeatmrfield-01.json?at=refs%2Ftags%2Fv18.4.4
https://bitbucket.globaldevtools.bbva.com/bitbucket/projects/GL_KCEG_APP-ID-22485_DSG/repos/glgldh360gloqlt/browse/hammurabi/jobs/america/kceg-gl-hmm-qlt-fxcustgnrlfeatmrfield-01.json?at=refs%2Ftags%2Fv18.4.4";t_kceg_fx_cust_gnrl_feat;;kceg-gl-hmm-qlt-fxcustgnrlfeatmrfield-01.json;"""18.4.4"""
KCEG_fx-cust-gnrl-feat_MRObject.conf;"https://bitbucket.globaldevtools.bbva.com/bitbucket/projects/GL_KCEG_APP-ID-22485_DSG/repos/glgldh360gloqlt/browse/hammurabi/jobs/europa/kceg-gl-hmm-qlt-fxcustgnrlfeatmrobject-01.json?at=refs%2Ftags%2Fv18.4.4
https://bitbucket.globaldevtools.bbva.com/bitbucket/projects/GL_KCEG_APP-ID-22485_DSG/repos/glgldh360gloqlt/browse/hammurabi/jobs/america/kceg-gl-hmm-qlt-fxcustgnrlfeatmrobject-01.json?at=refs%2Ftags%2Fv18.4.4";t_kceg_fx_cust_gnrl_feat;;kceg-gl-hmm-qlt-fxcustgnrlfeatmrobject-01.json;"""18.4.4"""
KCEG_fx-cust-gnrl-feat_KBTQ_customer-info_MMRule.conf;"https://bitbucket.globaldevtools.bbva.com/bitbucket/projects/GL_KCEG_APP-ID-22485_DSG/repos/glgldh360gloqlt/browse/hammurabi/jobs/europa/kceg-gl-hmm-qlt-fxcustgnrlfeatmmrule-01.json?at=refs%2Ftags%2Fv18.4.4
https://bitbucket.globaldevtools.bbva.com/bitbucket/projects/GL_KCEG_APP-ID-22485_DSG/repos/glgldh360gloqlt/browse/hammurabi/jobs/america/kceg-gl-hmm-qlt-fxcustgnrlfeatmmrule-01.json?at=refs%2Ftags%2Fv18.4.4";t_kceg_fx_cust_gnrl_feat;t_kbtq_customer_info;kceg-gl-hmm-qlt-fxcustgnrlfeatmmrule-01.json;"""18.4.4"""
KCEG_fx-cust-qtry-activity_MRField.conf;"https://bitbucket.globaldevtools.bbva.com/bitbucket/projects/GL_KCEG_APP-ID-22485_DSG/repos/glgldh360gloqlt/browse/hammurabi/jobs/europa/kceg-gl-hmm-qlt-fxcustqtryactivitymrfield-01.json?at=refs%2Ftags%2Fv18.4.4
https://bitbucket.globaldevtools.bbva.com/bitbucket/projects/GL_KCEG_APP-ID-22485_DSG/repos/glgldh360gloqlt/browse/hammurabi/jobs/america/kceg-gl-hmm-qlt-fxcustqtryactivitymrfield-01.json?at=refs%2Ftags%2Fv18.4.4";t_kceg_fx_cust_qtry_activity;;kceg-gl-hmm-qlt-fxcustqtryactivitymrfield-01.json;"""18.4.4"""
KCEG_fx-cust-qtry-activity_MRObject.conf;"https://bitbucket.globaldevtools.bbva.com/bitbucket/projects/GL_KCEG_APP-ID-22485_DSG/repos/glgldh360gloqlt/browse/hammurabi/jobs/europa/kceg-gl-hmm-qlt-fxcustqtryactivitymrobject-01.json?at=refs%2Ftags%2Fv18.4.4
https://bitbucket.globaldevtools.bbva.com/bitbucket/projects/GL_KCEG_APP-ID-22485_DSG/repos/glgldh360gloqlt/browse/hammurabi/jobs/america/kceg-gl-hmm-qlt-fxcustqtryactivitymrobject-01.json?at=refs%2Ftags%2Fv18.4.4";t_kceg_fx_cust_qtry_activity;;kceg-gl-hmm-qlt-fxcustqtryactivitymrobject-01.json;"""18.4.4"""
KCEG_fx-cust-qtry-activity_KCEG_fx-cust-gnrl-feat_MMRule.conf;"https://bitbucket.globaldevtools.bbva.com/bitbucket/projects/GL_KCEG_APP-ID-22485_DSG/repos/glgldh360gloqlt/browse/hammurabi/jobs/europa/kceg-gl-hmm-qlt-fxcustqtryactivitymmrule-01.json?at=refs%2Ftags%2Fv18.4.4
https://bitbucket.globaldevtools.bbva.com/bitbucket/projects/GL_KCEG_APP-ID-22485_DSG/repos/glgldh360gloqlt/browse/hammurabi/jobs/america/kceg-gl-hmm-qlt-fxcustqtryactivitymmrule-01.json?at=refs%2Ftags%2Fv18.4.4";t_kceg_fx_cust_qtry_activity;t_kceg_fx_cust_gnrl_feat;kceg-gl-hmm-qlt-fxcustqtryactivitymmrule-01.json;"""18.4.4"""
KCEG_fx-cust-scores_MRField.conf;"https://bitbucket.globaldevtools.bbva.com/bitbucket/projects/GL_KCEG_APP-ID-22485_DSG/repos/glgldh360gloqlt/browse/hammurabi/jobs/europa/kceg-gl-hmm-qlt-fxcustscoresmrfield-01.json?at=refs%2Ftags%2Fv18.4.4
https://bitbucket.globaldevtools.bbva.com/bitbucket/projects/GL_KCEG_APP-ID-22485_DSG/repos/glgldh360gloqlt/browse/hammurabi/jobs/america/kceg-gl-hmm-qlt-fxcustscoresmrfield-01.json?at=refs%2Ftags%2Fv18.4.4";t_kceg_fx_cust_scores;;kceg-gl-hmm-qlt-fxcustscoresmrfield-01.json;"""18.4.4"""
KCEG_fx-cust-scores_MRObject.conf;"https://bitbucket.globaldevtools.bbva.com/bitbucket/projects/GL_KCEG_APP-ID-22485_DSG/repos/glgldh360gloqlt/browse/hammurabi/jobs/europa/kceg-gl-hmm-qlt-fxcustscoresmrobject-01.json?at=refs%2Ftags%2Fv18.4.4
https://bitbucket.globaldevtools.bbva.com/bitbucket/projects/GL_KCEG_APP-ID-22485_DSG/repos/glgldh360gloqlt/browse/hammurabi/jobs/america/kceg-gl-hmm-qlt-fxcustscoresmrobject-01.json?at=refs%2Ftags%2Fv18.4.4";t_kceg_fx_cust_scores;;kceg-gl-hmm-qlt-fxcustscoresmrobject-01.json;"""18.4.4"""
KCEG_fx-cust-scores_KCOG_entity_MMRule.conf;"https://bitbucket.globaldevtools.bbva.com/bitbucket/projects/GL_KCEG_APP-ID-22485_DSG/repos/glgldh360gloqlt/browse/hammurabi/jobs/europa/kceg-gl-hmm-qlt-fxcustscoresmmrule-01.json?at=refs%2Ftags%2Fv18.4.4
https://bitbucket.globaldevtools.bbva.com/bitbucket/projects/GL_KCEG_APP-ID-22485_DSG/repos/glgldh360gloqlt/browse/hammurabi/jobs/america/kceg-gl-hmm-qlt-fxcustscoresmmrule-01.json?at=refs%2Ftags%2Fv18.4.4";t_kceg_fx_cust_scores;t_kcog_entity;kceg-gl-hmm-qlt-fxcustscoresmmrule-01.json;"""18.4.4"""
KCEG_group-principality-score_MRField.conf;"https://bitbucket.globaldevtools.bbva.com/bitbucket/projects/GL_KCEG_APP-ID-22485_DSG/repos/glgldh360gloqlt/browse/hammurabi/jobs/europa/kceg-gl-hmm-qlt-groupprincipalityscmrfield-01.json?at=refs%2Ftags%2Fv18.4.4
https://bitbucket.globaldevtools.bbva.com/bitbucket/projects/GL_KCEG_APP-ID-22485_DSG/repos/glgldh360gloqlt/browse/hammurabi/jobs/america/kceg-gl-hmm-qlt-groupprincipalityscmrfield-01.json?at=refs%2Ftags%2Fv18.4.4";t_kceg_group_principality_score;;kceg-gl-hmm-qlt-groupprincipalityscmrfield-01.json;"""18.4.4"""
KCEG_identity-graph_MRField.conf;"https://bitbucket.globaldevtools.bbva.com/bitbucket/projects/GL_KCEG_APP-ID-22485_DSG/repos/glgldh360gloqlt/browse/hammurabi/jobs/europa/kceg-gl-hmm-qlt-identitygraphmrfield-01.json?at=refs%2Ftags%2Fv18.4.4
https://bitbucket.globaldevtools.bbva.com/bitbucket/projects/GL_KCEG_APP-ID-22485_DSG/repos/glgldh360gloqlt/browse/hammurabi/jobs/america/kceg-gl-hmm-qlt-identitygraphmrfield-01.json?at=refs%2Ftags%2Fv18.4.4";t_kceg_identity_graph;;kceg-gl-hmm-qlt-identitygraphmrfield-01.json;"""18.4.4"""
KCEG_identity-graph_MRObject.conf;"https://bitbucket.globaldevtools.bbva.com/bitbucket/projects/GL_KCEG_APP-ID-22485_DSG/repos/glgldh360gloqlt/browse/hammurabi/jobs/europa/kceg-gl-hmm-qlt-identitygraphmrobject-01.json?at=refs%2Ftags%2Fv18.4.4
https://bitbucket.globaldevtools.bbva.com/bitbucket/projects/GL_KCEG_APP-ID-22485_DSG/repos/glgldh360gloqlt/browse/hammurabi/jobs/america/kceg-gl-hmm-qlt-identitygraphmrobject-01.json?at=refs%2Ftags%2Fv18.4.4";t_kceg_identity_graph;;kceg-gl-hmm-qlt-identitygraphmrobject-01.json;"""18.4.4"""
KCEG_identity-graph_KCOG_entity_MMRule.conf;"https://bitbucket.globaldevtools.bbva.com/bitbucket/projects/GL_KCEG_APP-ID-22485_DSG/repos/glgldh360gloqlt/browse/hammurabi/jobs/europa/kceg-gl-hmm-qlt-identitygraphmmrule-01.json?at=refs%2Ftags%2Fv18.4.4
https://bitbucket.globaldevtools.bbva.com/bitbucket/projects/GL_KCEG_APP-ID-22485_DSG/repos/glgldh360gloqlt/browse/hammurabi/jobs/america/kceg-gl-hmm-qlt-identitygraphmmrule-01.json?at=refs%2Ftags%2Fv18.4.4";t_kceg_identity_graph;t_kcog_entity;kceg-gl-hmm-qlt-identitygraphmmrule-01.json;"""18.4.4"""
KCEG_principality-score_MRField.conf;"https://bitbucket.globaldevtools.bbva.com/bitbucket/projects/GL_KCEG_APP-ID-22485_DSG/repos/glgldh360gloqlt/browse/hammurabi/jobs/europa/kceg-gl-hmm-qlt-principalityscoremrfield-01.json?at=refs%2Ftags%2Fv18.4.4
https://bitbucket.globaldevtools.bbva.com/bitbucket/projects/GL_KCEG_APP-ID-22485_DSG/repos/glgldh360gloqlt/browse/hammurabi/jobs/america/kceg-gl-hmm-qlt-principalityscoremrfield-01.json?at=refs%2Ftags%2Fv18.4.4";t_kceg_principality_score;;kceg-gl-hmm-qlt-principalityscoremrfield-01.json;"""18.4.4"""
KCEG_recurring-income-detail_MRField.conf;"https://bitbucket.globaldevtools.bbva.com/bitbucket/projects/GL_KCEG_APP-ID-22485_DSG/repos/glgldh360gloqlt/browse/hammurabi/jobs/europa/kceg-gl-hmm-qlt-recurringincomedetamrfield-01.json?at=refs%2Ftags%2Fv18.4.4
https://bitbucket.globaldevtools.bbva.com/bitbucket/projects/GL_KCEG_APP-ID-22485_DSG/repos/glgldh360gloqlt/browse/hammurabi/jobs/america/kceg-gl-hmm-qlt-recurringincomedetamrfield-01.json?at=refs%2Ftags%2Fv18.4.4";t_kceg_recurring_income_detail;;kceg-gl-hmm-qlt-recurringincomedetamrfield-01.json;"""18.4.4"""
KCEG_recurring-income-detail_KBTQ_role-person_MMRule.conf;"https://bitbucket.globaldevtools.bbva.com/bitbucket/projects/GL_KCEG_APP-ID-22485_DSG/repos/glgldh360gloqlt/browse/hammurabi/jobs/europa/kceg-gl-hmm-qlt-recurringincomedetammrule-01.json?at=refs%2Ftags%2Fv18.4.4
https://bitbucket.globaldevtools.bbva.com/bitbucket/projects/GL_KCEG_APP-ID-22485_DSG/repos/glgldh360gloqlt/browse/hammurabi/jobs/america/kceg-gl-hmm-qlt-recurringincomedetammrule-01.json?at=refs%2Ftags%2Fv18.4.4";t_kceg_recurring_income_detail;t_kbtq_role_person;kceg-gl-hmm-qlt-recurringincomedetammrule-01.json;"""18.4.4"""
KCEG_trans-recommendation_MRField.conf;"https://bitbucket.globaldevtools.bbva.com/bitbucket/projects/GL_KCEG_APP-ID-22485_DSG/repos/glgldh360gloqlt/browse/hammurabi/jobs/europa/kceg-gl-hmm-qlt-transrecommendationmrfield-01.json?at=refs%2Ftags%2Fv18.4.4
https://bitbucket.globaldevtools.bbva.com/bitbucket/projects/GL_KCEG_APP-ID-22485_DSG/repos/glgldh360gloqlt/browse/hammurabi/jobs/america/kceg-gl-hmm-qlt-transrecommendationmrfield-01.json?at=refs%2Ftags%2Fv18.4.4";t_kceg_trans_recommendation;;kceg-gl-hmm-qlt-transrecommendationmrfield-01.json;"""18.4.4"""
KCEG_trans-recommendation_KBTQ_role-person_MMRule.conf;"https://bitbucket.globaldevtools.bbva.com/bitbucket/projects/GL_KCEG_APP-ID-22485_DSG/repos/glgldh360gloqlt/browse/hammurabi/jobs/europa/kceg-gl-hmm-qlt-transrecommendationmmrule-01.json?at=refs%2Ftags%2Fv18.4.4
https://bitbucket.globaldevtools.bbva.com/bitbucket/projects/GL_KCEG_APP-ID-22485_DSG/repos/glgldh360gloqlt/browse/hammurabi/jobs/america/kceg-gl-hmm-qlt-transrecommendationmmrule-01.json?at=refs%2Ftags%2Fv18.4.4";t_kceg_trans_recommendation;t_kbtq_role_person;kceg-gl-hmm-qlt-transrecommendationmmrule-01.json;"""18.4.4"""
KCEG_transaction-evaluation_MRField.conf;"https://bitbucket.globaldevtools.bbva.com/bitbucket/projects/GL_KCEG_APP-ID-22485_DSG/repos/glgldh360gloqlt/browse/hammurabi/jobs/europa/kceg-gl-hmm-qlt-transactionevaluatimrfield-01.json?at=refs%2Ftags%2Fv18.4.4
https://bitbucket.globaldevtools.bbva.com/bitbucket/projects/GL_KCEG_APP-ID-22485_DSG/repos/glgldh360gloqlt/browse/hammurabi/jobs/america/kceg-gl-hmm-qlt-transactionevaluatimrfield-01.json?at=refs%2Ftags%2Fv18.4.4";t_kceg_transaction_evaluation;;kceg-gl-hmm-qlt-transactionevaluatimrfield-01.json;"""18.4.4"""
KCEG_transaction-evaluation_KBTQ_role-person_MMRule.conf;"https://bitbucket.globaldevtools.bbva.com/bitbucket/projects/GL_KCEG_APP-ID-22485_DSG/repos/glgldh360gloqlt/browse/hammurabi/jobs/europa/kceg-gl-hmm-qlt-transactionevaluatimmrule-01.json?at=refs%2Ftags%2Fv18.4.4
https://bitbucket.globaldevtools.bbva.com/bitbucket/projects/GL_KCEG_APP-ID-22485_DSG/repos/glgldh360gloqlt/browse/hammurabi/jobs/america/kceg-gl-hmm-qlt-transactionevaluatimmrule-01.json?at=refs%2Ftags%2Fv18.4.4";t_kceg_transaction_evaluation;t_kbtq_role_person;kceg-gl-hmm-qlt-transactionevaluatimmrule-01.json;"""18.4.4"""
KCPG_appl-cust-contract-perst_MRField.conf;"https://bitbucket.globaldevtools.bbva.com/bitbucket/projects/GL_KCPG_APP-ID-26206_DSG/repos/glgldh360gloqlt/browse/hammurabi/jobs/europa/kcpg-gl-hmm-qlt-applcustcontractpermrfield-01.json?at=refs%2Ftags%2Fv18.3.3
https://bitbucket.globaldevtools.bbva.com/bitbucket/projects/GL_KCPG_APP-ID-26206_DSG/repos/glgldh360gloqlt/browse/hammurabi/jobs/america/kcpg-gl-hmm-qlt-applcustcontractpermrfield-01.json?at=refs%2Ftags%2Fv18.3.3";t_kcpg_appl_cust_contract_perst;;kcpg-gl-hmm-qlt-applcustcontractpermrfield-01.json;"""18.3.3"""
KCPG_appl-cust-contract-perst_MRObject.conf;"https://bitbucket.globaldevtools.bbva.com/bitbucket/projects/GL_KCPG_APP-ID-26206_DSG/repos/glgldh360gloqlt/browse/hammurabi/jobs/europa/kcpg-gl-hmm-qlt-applcustcontractpermrobject-01.json?at=refs%2Ftags%2Fv18.3.3
https://bitbucket.globaldevtools.bbva.com/bitbucket/projects/GL_KCPG_APP-ID-26206_DSG/repos/glgldh360gloqlt/browse/hammurabi/jobs/america/kcpg-gl-hmm-qlt-applcustcontractpermrobject-01.json?at=refs%2Ftags%2Fv18.3.3";t_kcpg_appl_cust_contract_perst;;kcpg-gl-hmm-qlt-applcustcontractpermrobject-01.json;"""18.3.3"""
KCPG_appl-cust-contract-perst_KSAN_contract-global-local_MMRule.conf;"https://bitbucket.globaldevtools.bbva.com/bitbucket/projects/GL_KCPG_APP-ID-26206_DSG/repos/glgldh360gloqlt/browse/hammurabi/jobs/europa/kcpg-gl-hmm-qlt-applcustcontractpermmrule-01.json?at=refs%2Ftags%2Fv18.3.3
https://bitbucket.globaldevtools.bbva.com/bitbucket/projects/GL_KCPG_APP-ID-26206_DSG/repos/glgldh360gloqlt/browse/hammurabi/jobs/america/kcpg-gl-hmm-qlt-applcustcontractpermmrule-01.json?at=refs%2Ftags%2Fv18.3.3";t_kcpg_appl_cust_contract_perst;t_ksan_contract_global_local;kcpg-gl-hmm-qlt-applcustcontractpermmrule-01.json;"""18.3.3"""
KCPG_appl-cust-contract-perst_KBTQ_customer-info_MMRule.conf;"https://bitbucket.globaldevtools.bbva.com/bitbucket/projects/GL_KCPG_APP-ID-26206_DSG/repos/glgldh360gloqlt/browse/hammurabi/jobs/europa/kcpg-gl-hmm-qlt-applcustcontractpermmrule-02.json?at=refs%2Ftags%2Fv18.3.3
https://bitbucket.globaldevtools.bbva.com/bitbucket/projects/GL_KCPG_APP-ID-26206_DSG/repos/glgldh360gloqlt/browse/hammurabi/jobs/america/kcpg-gl-hmm-qlt-applcustcontractpermmrule-02.json?at=refs%2Ftags%2Fv18.3.3";t_kcpg_appl_cust_contract_perst;t_kbtq_customer_info;kcpg-gl-hmm-qlt-applcustcontractpermmrule-02.json;"""18.3.3"""
KCPG_appl-cust-perst_MRField.conf;"https://bitbucket.globaldevtools.bbva.com/bitbucket/projects/GL_KCPG_APP-ID-26206_DSG/repos/glgldh360gloqlt/browse/hammurabi/jobs/europa/kcpg-gl-hmm-qlt-applcustperstmrfield-01.json?at=refs%2Ftags%2Fv18.3.3
https://bitbucket.globaldevtools.bbva.com/bitbucket/projects/GL_KCPG_APP-ID-26206_DSG/repos/glgldh360gloqlt/browse/hammurabi/jobs/america/kcpg-gl-hmm-qlt-applcustperstmrfield-01.json?at=refs%2Ftags%2Fv18.3.3";t_kcpg_appl_cust_perst;;kcpg-gl-hmm-qlt-applcustperstmrfield-01.json;"""18.3.3"""
KCPG_appl-cust-perst_MRObject.conf;"https://bitbucket.globaldevtools.bbva.com/bitbucket/projects/GL_KCPG_APP-ID-26206_DSG/repos/glgldh360gloqlt/browse/hammurabi/jobs/europa/kcpg-gl-hmm-qlt-applcustperstmrobject-01.json?at=refs%2Ftags%2Fv18.3.3
https://bitbucket.globaldevtools.bbva.com/bitbucket/projects/GL_KCPG_APP-ID-26206_DSG/repos/glgldh360gloqlt/browse/hammurabi/jobs/america/kcpg-gl-hmm-qlt-applcustperstmrobject-01.json?at=refs%2Ftags%2Fv18.3.3";t_kcpg_appl_cust_perst;;kcpg-gl-hmm-qlt-applcustperstmrobject-01.json;"""18.3.3"""
KCPG_budget-contract-trip_MRField.conf;"https://bitbucket.globaldevtools.bbva.com/bitbucket/projects/GL_KCPG_APP-ID-26206_DSG/repos/glgldh360gloqlt/browse/hammurabi/jobs/europa/kcpg-gl-hmm-qlt-budgetcontracttripmrfield-01.json?at=refs%2Ftags%2Fv18.3.3
https://bitbucket.globaldevtools.bbva.com/bitbucket/projects/GL_KCPG_APP-ID-26206_DSG/repos/glgldh360gloqlt/browse/hammurabi/jobs/america/kcpg-gl-hmm-qlt-budgetcontracttripmrfield-01.json?at=refs%2Ftags%2Fv18.3.3";t_kcpg_budget_contract_trip;;kcpg-gl-hmm-qlt-budgetcontracttripmrfield-01.json;"""18.3.3"""
KCPG_budget-contract-trip_MRObject.conf;"https://bitbucket.globaldevtools.bbva.com/bitbucket/projects/GL_KCPG_APP-ID-26206_DSG/repos/glgldh360gloqlt/browse/hammurabi/jobs/europa/kcpg-gl-hmm-qlt-budgetcontracttripmrobject-01.json?at=refs%2Ftags%2Fv18.3.3
https://bitbucket.globaldevtools.bbva.com/bitbucket/projects/GL_KCPG_APP-ID-26206_DSG/repos/glgldh360gloqlt/browse/hammurabi/jobs/america/kcpg-gl-hmm-qlt-budgetcontracttripmrobject-01.json?at=refs%2Ftags%2Fv18.3.3";t_kcpg_budget_contract_trip;;kcpg-gl-hmm-qlt-budgetcontracttripmrobject-01.json;"""18.3.3"""
KCPG_budget-contract-trip_KSAN_contract-global-local_MMRule.conf;"https://bitbucket.globaldevtools.bbva.com/bitbucket/projects/GL_KCPG_APP-ID-26206_DSG/repos/glgldh360gloqlt/browse/hammurabi/jobs/europa/kcpg-gl-hmm-qlt-budgetcontracttripmmrule-01.json?at=refs%2Ftags%2Fv18.3.3
https://bitbucket.globaldevtools.bbva.com/bitbucket/projects/GL_KCPG_APP-ID-26206_DSG/repos/glgldh360gloqlt/browse/hammurabi/jobs/america/kcpg-gl-hmm-qlt-budgetcontracttripmmrule-01.json?at=refs%2Ftags%2Fv18.3.3";t_kcpg_budget_contract_trip;t_ksan_contract_global_local;kcpg-gl-hmm-qlt-budgetcontracttripmmrule-01.json;"""18.3.3"""
KCPG_budget-cust-trip_MRField.conf;"https://bitbucket.globaldevtools.bbva.com/bitbucket/projects/GL_KCPG_APP-ID-26206_DSG/repos/glgldh360gloqlt/browse/hammurabi/jobs/europa/kcpg-gl-hmm-qlt-budgetcusttripmrfield-01.json?at=refs%2Ftags%2Fv18.3.3
https://bitbucket.globaldevtools.bbva.com/bitbucket/projects/GL_KCPG_APP-ID-26206_DSG/repos/glgldh360gloqlt/browse/hammurabi/jobs/america/kcpg-gl-hmm-qlt-budgetcusttripmrfield-01.json?at=refs%2Ftags%2Fv18.3.3";t_kcpg_budget_cust_trip;;kcpg-gl-hmm-qlt-budgetcusttripmrfield-01.json;"""18.3.3"""
KCPG_budget-cust-trip_MRObject.conf;"https://bitbucket.globaldevtools.bbva.com/bitbucket/projects/GL_KCPG_APP-ID-26206_DSG/repos/glgldh360gloqlt/browse/hammurabi/jobs/europa/kcpg-gl-hmm-qlt-budgetcusttripmrobject-01.json?at=refs%2Ftags%2Fv18.3.3
https://bitbucket.globaldevtools.bbva.com/bitbucket/projects/GL_KCPG_APP-ID-26206_DSG/repos/glgldh360gloqlt/browse/hammurabi/jobs/america/kcpg-gl-hmm-qlt-budgetcusttripmrobject-01.json?at=refs%2Ftags%2Fv18.3.3";t_kcpg_budget_cust_trip;;kcpg-gl-hmm-qlt-budgetcusttripmrobject-01.json;"""18.3.3"""
KCPG_customer-cust-prod_MRField.conf;"https://bitbucket.globaldevtools.bbva.com/bitbucket/projects/GL_KCPG_APP-ID-26206_DSG/repos/glgldh360gloqlt/browse/hammurabi/jobs/europa/kcpg-gl-hmm-qlt-customercustprodmrfield-01.json?at=refs%2Ftags%2Fv18.3.3
https://bitbucket.globaldevtools.bbva.com/bitbucket/projects/GL_KCPG_APP-ID-26206_DSG/repos/glgldh360gloqlt/browse/hammurabi/jobs/america/kcpg-gl-hmm-qlt-customercustprodmrfield-01.json?at=refs%2Ftags%2Fv18.3.3";t_kcpg_customer_cust_prod;;kcpg-gl-hmm-qlt-customercustprodmrfield-01.json;"""18.3.3"""
KCPG_customer-cust-prod_MRObject.conf;"https://bitbucket.globaldevtools.bbva.com/bitbucket/projects/GL_KCPG_APP-ID-26206_DSG/repos/glgldh360gloqlt/browse/hammurabi/jobs/europa/kcpg-gl-hmm-qlt-customercustprodmrobject-01.json?at=refs%2Ftags%2Fv18.3.3
https://bitbucket.globaldevtools.bbva.com/bitbucket/projects/GL_KCPG_APP-ID-26206_DSG/repos/glgldh360gloqlt/browse/hammurabi/jobs/america/kcpg-gl-hmm-qlt-customercustprodmrobject-01.json?at=refs%2Ftags%2Fv18.3.3";t_kcpg_customer_cust_prod;;kcpg-gl-hmm-qlt-customercustprodmrobject-01.json;"""18.3.3"""
KCPG_customer-cust-prod_KSAN_contract-global-local_MMRule.conf;"https://bitbucket.globaldevtools.bbva.com/bitbucket/projects/GL_KCPG_APP-ID-26206_DSG/repos/glgldh360gloqlt/browse/hammurabi/jobs/europa/kcpg-gl-hmm-qlt-customercustprodmmrule-01.json?at=refs%2Ftags%2Fv18.3.3
https://bitbucket.globaldevtools.bbva.com/bitbucket/projects/GL_KCPG_APP-ID-26206_DSG/repos/glgldh360gloqlt/browse/hammurabi/jobs/america/kcpg-gl-hmm-qlt-customercustprodmmrule-01.json?at=refs%2Ftags%2Fv18.3.3";t_kcpg_customer_cust_prod;t_ksan_contract_global_local;kcpg-gl-hmm-qlt-customercustprodmmrule-01.json;"""18.3.3"""
KCPG_customer-cust-prod_KBTQ_customer-info_MMRule.conf;"https://bitbucket.globaldevtools.bbva.com/bitbucket/projects/GL_KCPG_APP-ID-26206_DSG/repos/glgldh360gloqlt/browse/hammurabi/jobs/europa/kcpg-gl-hmm-qlt-customercustprodmmrule-02.json?at=refs%2Ftags%2Fv18.3.3
https://bitbucket.globaldevtools.bbva.com/bitbucket/projects/GL_KCPG_APP-ID-26206_DSG/repos/glgldh360gloqlt/browse/hammurabi/jobs/america/kcpg-gl-hmm-qlt-customercustprodmmrule-02.json?at=refs%2Ftags%2Fv18.3.3";t_kcpg_customer_cust_prod;t_kbtq_customer_info;kcpg-gl-hmm-qlt-customercustprodmmrule-02.json;"""18.3.3"""
KCPG_customer-cust-prod-mp_MRField.conf;"https://bitbucket.globaldevtools.bbva.com/bitbucket/projects/GL_KCPG_APP-ID-26206_DSG/repos/glgldh360gloqlt/browse/hammurabi/jobs/europa/kcpg-gl-hmm-qlt-customercustprodmpmrfield-01.json?at=refs%2Ftags%2Fv18.3.3
https://bitbucket.globaldevtools.bbva.com/bitbucket/projects/GL_KCPG_APP-ID-26206_DSG/repos/glgldh360gloqlt/browse/hammurabi/jobs/america/kcpg-gl-hmm-qlt-customercustprodmpmrfield-01.json?at=refs%2Ftags%2Fv18.3.3";t_kcpg_customer_cust_prod_mp;;kcpg-gl-hmm-qlt-customercustprodmpmrfield-01.json;"""18.3.3"""
KCPG_customer-cust-prod-mp_KCOG_country_MMRule.conf;"https://bitbucket.globaldevtools.bbva.com/bitbucket/projects/GL_KCPG_APP-ID-26206_DSG/repos/glgldh360gloqlt/browse/hammurabi/jobs/europa/kcpg-gl-hmm-qlt-customercustprodmpmmrule-01.json?at=refs%2Ftags%2Fv18.3.3
https://bitbucket.globaldevtools.bbva.com/bitbucket/projects/GL_KCPG_APP-ID-26206_DSG/repos/glgldh360gloqlt/browse/hammurabi/jobs/america/kcpg-gl-hmm-qlt-customercustprodmpmmrule-01.json?at=refs%2Ftags%2Fv18.3.3";t_kcpg_customer_cust_prod_mp;t_kcog_country;kcpg-gl-hmm-qlt-customercustprodmpmmrule-01.json;"""18.3.3"""
KCPG_customer-cust-prod-mp_KCOG_currency_MMRule.conf;"https://bitbucket.globaldevtools.bbva.com/bitbucket/projects/GL_KCPG_APP-ID-26206_DSG/repos/glgldh360gloqlt/browse/hammurabi/jobs/europa/kcpg-gl-hmm-qlt-customercustprodmpmmrule-02.json?at=refs%2Ftags%2Fv18.3.3
https://bitbucket.globaldevtools.bbva.com/bitbucket/projects/GL_KCPG_APP-ID-26206_DSG/repos/glgldh360gloqlt/browse/hammurabi/jobs/america/kcpg-gl-hmm-qlt-customercustprodmpmmrule-02.json?at=refs%2Ftags%2Fv18.3.3";t_kcpg_customer_cust_prod_mp;t_kcog_currency;kcpg-gl-hmm-qlt-customercustprodmpmmrule-02.json;"""18.3.3"""
KCPG_customer-cust-prod-mp_KCOG_entity_MMRule.conf;"https://bitbucket.globaldevtools.bbva.com/bitbucket/projects/GL_KCPG_APP-ID-26206_DSG/repos/glgldh360gloqlt/browse/hammurabi/jobs/europa/kcpg-gl-hmm-qlt-customercustprodmpmmrule-03.json?at=refs%2Ftags%2Fv18.3.3
https://bitbucket.globaldevtools.bbva.com/bitbucket/projects/GL_KCPG_APP-ID-26206_DSG/repos/glgldh360gloqlt/browse/hammurabi/jobs/america/kcpg-gl-hmm-qlt-customercustprodmpmmrule-03.json?at=refs%2Ftags%2Fv18.3.3";t_kcpg_customer_cust_prod_mp;t_kcog_entity;kcpg-gl-hmm-qlt-customercustprodmpmmrule-03.json;"""18.3.3"""
KCPG_customer-cust-prod-mp_KSAN_contract-global-local_MMRule.conf;"https://bitbucket.globaldevtools.bbva.com/bitbucket/projects/GL_KCPG_APP-ID-26206_DSG/repos/glgldh360gloqlt/browse/hammurabi/jobs/europa/kcpg-gl-hmm-qlt-customercustprodmpmmrule-04.json?at=refs%2Ftags%2Fv18.3.3
https://bitbucket.globaldevtools.bbva.com/bitbucket/projects/GL_KCPG_APP-ID-26206_DSG/repos/glgldh360gloqlt/browse/hammurabi/jobs/america/kcpg-gl-hmm-qlt-customercustprodmpmmrule-04.json?at=refs%2Ftags%2Fv18.3.3";t_kcpg_customer_cust_prod_mp;t_ksan_contract_global_local;kcpg-gl-hmm-qlt-customercustprodmpmmrule-04.json;"""18.3.3"""
KCPG_customer-invest-goals_MRField.conf;"https://bitbucket.globaldevtools.bbva.com/bitbucket/projects/GL_KCPG_APP-ID-26206_DSG/repos/glgldh360gloqlt/browse/hammurabi/jobs/europa/kcpg-gl-hmm-qlt-customerinvestgoalsmrfield-01.json?at=refs%2Ftags%2Fv18.3.3
https://bitbucket.globaldevtools.bbva.com/bitbucket/projects/GL_KCPG_APP-ID-26206_DSG/repos/glgldh360gloqlt/browse/hammurabi/jobs/america/kcpg-gl-hmm-qlt-customerinvestgoalsmrfield-01.json?at=refs%2Ftags%2Fv18.3.3";t_kcpg_customer_invest_goals;;kcpg-gl-hmm-qlt-customerinvestgoalsmrfield-01.json;"""18.3.3"""
KCPG_customer-invest-goals_MRObject.conf;"https://bitbucket.globaldevtools.bbva.com/bitbucket/projects/GL_KCPG_APP-ID-26206_DSG/repos/glgldh360gloqlt/browse/hammurabi/jobs/europa/kcpg-gl-hmm-qlt-customerinvestgoalsmrobject-01.json?at=refs%2Ftags%2Fv18.3.3
https://bitbucket.globaldevtools.bbva.com/bitbucket/projects/GL_KCPG_APP-ID-26206_DSG/repos/glgldh360gloqlt/browse/hammurabi/jobs/america/kcpg-gl-hmm-qlt-customerinvestgoalsmrobject-01.json?at=refs%2Ftags%2Fv18.3.3";t_kcpg_customer_invest_goals;;kcpg-gl-hmm-qlt-customerinvestgoalsmrobject-01.json;"""18.3.3"""
KCPG_customer-invest-goals_KBTQ_customer-info_MMRule.conf;"https://bitbucket.globaldevtools.bbva.com/bitbucket/projects/GL_KCPG_APP-ID-26206_DSG/repos/glgldh360gloqlt/browse/hammurabi/jobs/europa/kcpg-gl-hmm-qlt-customerinvestgoalsmmrule-01.json?at=refs%2Ftags%2Fv18.3.3
https://bitbucket.globaldevtools.bbva.com/bitbucket/projects/GL_KCPG_APP-ID-26206_DSG/repos/glgldh360gloqlt/browse/hammurabi/jobs/america/kcpg-gl-hmm-qlt-customerinvestgoalsmmrule-01.json?at=refs%2Ftags%2Fv18.3.3";t_kcpg_customer_invest_goals;t_kbtq_customer_info;kcpg-gl-hmm-qlt-customerinvestgoalsmmrule-01.json;"""18.3.3"""
KCPG_customer-questions_MRField.conf;"https://bitbucket.globaldevtools.bbva.com/bitbucket/projects/GL_KCPG_APP-ID-26206_DSG/repos/glgldh360gloqlt/browse/hammurabi/jobs/europa/kcpg-gl-hmm-qlt-customerquestionsmrfield-01.json?at=refs%2Ftags%2Fv18.3.3
https://bitbucket.globaldevtools.bbva.com/bitbucket/projects/GL_KCPG_APP-ID-26206_DSG/repos/glgldh360gloqlt/browse/hammurabi/jobs/america/kcpg-gl-hmm-qlt-customerquestionsmrfield-01.json?at=refs%2Ftags%2Fv18.3.3";t_kcpg_customer_questions;;kcpg-gl-hmm-qlt-customerquestionsmrfield-01.json;"""18.3.3"""
KCPG_customer-questions_MRObject.conf;"https://bitbucket.globaldevtools.bbva.com/bitbucket/projects/GL_KCPG_APP-ID-26206_DSG/repos/glgldh360gloqlt/browse/hammurabi/jobs/europa/kcpg-gl-hmm-qlt-customerquestionsmrobject-01.json?at=refs%2Ftags%2Fv18.3.3
https://bitbucket.globaldevtools.bbva.com/bitbucket/projects/GL_KCPG_APP-ID-26206_DSG/repos/glgldh360gloqlt/browse/hammurabi/jobs/america/kcpg-gl-hmm-qlt-customerquestionsmrobject-01.json?at=refs%2Ftags%2Fv18.3.3";t_kcpg_customer_questions;;kcpg-gl-hmm-qlt-customerquestionsmrobject-01.json;"""18.3.3"""
KCPG_customer-rules_MRField.conf;"https://bitbucket.globaldevtools.bbva.com/bitbucket/projects/GL_KCPG_APP-ID-26206_DSG/repos/glgldh360gloqlt/browse/hammurabi/jobs/europa/kcpg-gl-hmm-qlt-customerrulesmrfield-01.json?at=refs%2Ftags%2Fv18.3.3
https://bitbucket.globaldevtools.bbva.com/bitbucket/projects/GL_KCPG_APP-ID-26206_DSG/repos/glgldh360gloqlt/browse/hammurabi/jobs/america/kcpg-gl-hmm-qlt-customerrulesmrfield-01.json?at=refs%2Ftags%2Fv18.3.3";t_kcpg_customer_rules;;kcpg-gl-hmm-qlt-customerrulesmrfield-01.json;"""18.3.3"""
KCPG_customer-rules_MRObject.conf;"https://bitbucket.globaldevtools.bbva.com/bitbucket/projects/GL_KCPG_APP-ID-26206_DSG/repos/glgldh360gloqlt/browse/hammurabi/jobs/europa/kcpg-gl-hmm-qlt-customerrulesmrobject-01.json?at=refs%2Ftags%2Fv18.3.3
https://bitbucket.globaldevtools.bbva.com/bitbucket/projects/GL_KCPG_APP-ID-26206_DSG/repos/glgldh360gloqlt/browse/hammurabi/jobs/america/kcpg-gl-hmm-qlt-customerrulesmrobject-01.json?at=refs%2Ftags%2Fv18.3.3";t_kcpg_customer_rules;;kcpg-gl-hmm-qlt-customerrulesmrobject-01.json;"""18.3.3"""
KCPG_customer-rules_KCOG_country_MMRule.conf;"https://bitbucket.globaldevtools.bbva.com/bitbucket/projects/GL_KCPG_APP-ID-26206_DSG/repos/glgldh360gloqlt/browse/hammurabi/jobs/europa/kcpg-gl-hmm-qlt-customerrulesmmrule-01.json?at=refs%2Ftags%2Fv18.3.3
https://bitbucket.globaldevtools.bbva.com/bitbucket/projects/GL_KCPG_APP-ID-26206_DSG/repos/glgldh360gloqlt/browse/hammurabi/jobs/america/kcpg-gl-hmm-qlt-customerrulesmmrule-01.json?at=refs%2Ftags%2Fv18.3.3";t_kcpg_customer_rules;t_kcog_country;kcpg-gl-hmm-qlt-customerrulesmmrule-01.json;"""18.3.3"""
KCPG_customer-rules_KBTQ_customer-info_MMRule.conf;"https://bitbucket.globaldevtools.bbva.com/bitbucket/projects/GL_KCPG_APP-ID-26206_DSG/repos/glgldh360gloqlt/browse/hammurabi/jobs/europa/kcpg-gl-hmm-qlt-customerrulesmmrule-02.json?at=refs%2Ftags%2Fv18.3.3
https://bitbucket.globaldevtools.bbva.com/bitbucket/projects/GL_KCPG_APP-ID-26206_DSG/repos/glgldh360gloqlt/browse/hammurabi/jobs/america/kcpg-gl-hmm-qlt-customerrulesmmrule-02.json?at=refs%2Ftags%2Fv18.3.3";t_kcpg_customer_rules;t_kbtq_customer_info;kcpg-gl-hmm-qlt-customerrulesmmrule-02.json;"""18.3.3"""
KCPG_customer-rules_KCOG_entity_MMRule.conf;"https://bitbucket.globaldevtools.bbva.com/bitbucket/projects/GL_KCPG_APP-ID-26206_DSG/repos/glgldh360gloqlt/browse/hammurabi/jobs/europa/kcpg-gl-hmm-qlt-customerrulesmmrule-03.json?at=refs%2Ftags%2Fv18.3.3
https://bitbucket.globaldevtools.bbva.com/bitbucket/projects/GL_KCPG_APP-ID-26206_DSG/repos/glgldh360gloqlt/browse/hammurabi/jobs/america/kcpg-gl-hmm-qlt-customerrulesmmrule-03.json?at=refs%2Ftags%2Fv18.3.3";t_kcpg_customer_rules;t_kcog_entity;kcpg-gl-hmm-qlt-customerrulesmmrule-03.json;"""18.3.3"""
KCPG_customer-rules_KCOG_currency_MMRule.conf;"https://bitbucket.globaldevtools.bbva.com/bitbucket/projects/GL_KCPG_APP-ID-26206_DSG/repos/glgldh360gloqlt/browse/hammurabi/jobs/europa/kcpg-gl-hmm-qlt-customerrulesmmrule-04.json?at=refs%2Ftags%2Fv18.3.3
https://bitbucket.globaldevtools.bbva.com/bitbucket/projects/GL_KCPG_APP-ID-26206_DSG/repos/glgldh360gloqlt/browse/hammurabi/jobs/america/kcpg-gl-hmm-qlt-customerrulesmmrule-04.json?at=refs%2Ftags%2Fv18.3.3";t_kcpg_customer_rules;t_kcog_currency;kcpg-gl-hmm-qlt-customerrulesmmrule-04.json;"""18.3.3"""
KCPG_expense-group_MRField.conf;"https://bitbucket.globaldevtools.bbva.com/bitbucket/projects/GL_KCPG_APP-ID-26206_DSG/repos/glgldh360gloqlt/browse/hammurabi/jobs/europa/kcpg-gl-hmm-qlt-expensegroupmrfield-01.json?at=refs%2Ftags%2Fv18.3.3
https://bitbucket.globaldevtools.bbva.com/bitbucket/projects/GL_KCPG_APP-ID-26206_DSG/repos/glgldh360gloqlt/browse/hammurabi/jobs/america/kcpg-gl-hmm-qlt-expensegroupmrfield-01.json?at=refs%2Ftags%2Fv18.3.3";t_kcpg_expense_group;;kcpg-gl-hmm-qlt-expensegroupmrfield-01.json;"""18.3.3"""
KCPG_expense-group_KCOG_entity_MMRule.conf;"https://bitbucket.globaldevtools.bbva.com/bitbucket/projects/GL_KCPG_APP-ID-26206_DSG/repos/glgldh360gloqlt/browse/hammurabi/jobs/europa/kcpg-gl-hmm-qlt-expensegroupmmrule-01.json?at=refs%2Ftags%2Fv18.3.3
https://bitbucket.globaldevtools.bbva.com/bitbucket/projects/GL_KCPG_APP-ID-26206_DSG/repos/glgldh360gloqlt/browse/hammurabi/jobs/america/kcpg-gl-hmm-qlt-expensegroupmmrule-01.json?at=refs%2Ftags%2Fv18.3.3";t_kcpg_expense_group;t_kcog_entity;kcpg-gl-hmm-qlt-expensegroupmmrule-01.json;"""18.3.3"""
KCPG_expense-group-member_MRField.conf;"https://bitbucket.globaldevtools.bbva.com/bitbucket/projects/GL_KCPG_APP-ID-26206_DSG/repos/glgldh360gloqlt/browse/hammurabi/jobs/europa/kcpg-gl-hmm-qlt-expensegroupmembermrfield-01.json?at=refs%2Ftags%2Fv18.3.3
https://bitbucket.globaldevtools.bbva.com/bitbucket/projects/GL_KCPG_APP-ID-26206_DSG/repos/glgldh360gloqlt/browse/hammurabi/jobs/america/kcpg-gl-hmm-qlt-expensegroupmembermrfield-01.json?at=refs%2Ftags%2Fv18.3.3";t_kcpg_expense_group_member;;kcpg-gl-hmm-qlt-expensegroupmembermrfield-01.json;"""18.3.3"""
KCPG_expense-group-member_KCPG_expense-group_MMRule.conf;"https://bitbucket.globaldevtools.bbva.com/bitbucket/projects/GL_KCPG_APP-ID-26206_DSG/repos/glgldh360gloqlt/browse/hammurabi/jobs/europa/kcpg-gl-hmm-qlt-expensegroupmembermmrule-01.json?at=refs%2Ftags%2Fv18.3.3
https://bitbucket.globaldevtools.bbva.com/bitbucket/projects/GL_KCPG_APP-ID-26206_DSG/repos/glgldh360gloqlt/browse/hammurabi/jobs/america/kcpg-gl-hmm-qlt-expensegroupmembermmrule-01.json?at=refs%2Ftags%2Fv18.3.3";t_kcpg_expense_group_member;t_kcpg_expense_group;kcpg-gl-hmm-qlt-expensegroupmembermmrule-01.json;"""18.3.3"""
KCPG_expense-group-member_KCOG_entity_MMRule.conf;"https://bitbucket.globaldevtools.bbva.com/bitbucket/projects/GL_KCPG_APP-ID-26206_DSG/repos/glgldh360gloqlt/browse/hammurabi/jobs/europa/kcpg-gl-hmm-qlt-expensegroupmembermmrule-02.json?at=refs%2Ftags%2Fv18.3.3
https://bitbucket.globaldevtools.bbva.com/bitbucket/projects/GL_KCPG_APP-ID-26206_DSG/repos/glgldh360gloqlt/browse/hammurabi/jobs/america/kcpg-gl-hmm-qlt-expensegroupmembermmrule-02.json?at=refs%2Ftags%2Fv18.3.3";t_kcpg_expense_group_member;t_kcog_entity;kcpg-gl-hmm-qlt-expensegroupmembermmrule-02.json;"""18.3.3"""
KCPG_expense-group-participant_MRField.conf;"https://bitbucket.globaldevtools.bbva.com/bitbucket/projects/GL_KCPG_APP-ID-26206_DSG/repos/glgldh360gloqlt/browse/hammurabi/jobs/europa/kcpg-gl-hmm-qlt-expensegroupparticimrfield-01.json?at=refs%2Ftags%2Fv18.3.3
https://bitbucket.globaldevtools.bbva.com/bitbucket/projects/GL_KCPG_APP-ID-26206_DSG/repos/glgldh360gloqlt/browse/hammurabi/jobs/america/kcpg-gl-hmm-qlt-expensegroupparticimrfield-01.json?at=refs%2Ftags%2Fv18.3.3";t_kcpg_expense_group_participant;;kcpg-gl-hmm-qlt-expensegroupparticimrfield-01.json;"""18.3.3"""
KCPG_expense-group-participant_KCOG_entity_MMRule.conf;"https://bitbucket.globaldevtools.bbva.com/bitbucket/projects/GL_KCPG_APP-ID-26206_DSG/repos/glgldh360gloqlt/browse/hammurabi/jobs/europa/kcpg-gl-hmm-qlt-expensegroupparticimmrule-01.json?at=refs%2Ftags%2Fv18.3.3
https://bitbucket.globaldevtools.bbva.com/bitbucket/projects/GL_KCPG_APP-ID-26206_DSG/repos/glgldh360gloqlt/browse/hammurabi/jobs/america/kcpg-gl-hmm-qlt-expensegroupparticimmrule-01.json?at=refs%2Ftags%2Fv18.3.3";t_kcpg_expense_group_participant;t_kcog_entity;kcpg-gl-hmm-qlt-expensegroupparticimmrule-01.json;"""18.3.3"""
KCPG_expense-group-participant_KBTQ_role-person_MMRule.conf;"https://bitbucket.globaldevtools.bbva.com/bitbucket/projects/GL_KCPG_APP-ID-26206_DSG/repos/glgldh360gloqlt/browse/hammurabi/jobs/europa/kcpg-gl-hmm-qlt-expensegroupparticimmrule-02.json?at=refs%2Ftags%2Fv18.3.3
https://bitbucket.globaldevtools.bbva.com/bitbucket/projects/GL_KCPG_APP-ID-26206_DSG/repos/glgldh360gloqlt/browse/hammurabi/jobs/america/kcpg-gl-hmm-qlt-expensegroupparticimmrule-02.json?at=refs%2Ftags%2Fv18.3.3";t_kcpg_expense_group_participant;t_kbtq_role_person;kcpg-gl-hmm-qlt-expensegroupparticimmrule-02.json;"""18.3.3"""
KCPG_general-budgets_MRField.conf;"https://bitbucket.globaldevtools.bbva.com/bitbucket/projects/GL_KCPG_APP-ID-26206_DSG/repos/glgldh360gloqlt/browse/hammurabi/jobs/europa/kcpg-gl-hmm-qlt-generalbudgetsmrfield-01.json?at=refs%2Ftags%2Fv18.3.3
https://bitbucket.globaldevtools.bbva.com/bitbucket/projects/GL_KCPG_APP-ID-26206_DSG/repos/glgldh360gloqlt/browse/hammurabi/jobs/america/kcpg-gl-hmm-qlt-generalbudgetsmrfield-01.json?at=refs%2Ftags%2Fv18.3.3";t_kcpg_general_budgets;;kcpg-gl-hmm-qlt-generalbudgetsmrfield-01.json;"""18.3.3"""
KCPG_general-budgets_MRObject.conf;"https://bitbucket.globaldevtools.bbva.com/bitbucket/projects/GL_KCPG_APP-ID-26206_DSG/repos/glgldh360gloqlt/browse/hammurabi/jobs/europa/kcpg-gl-hmm-qlt-generalbudgetsmrobject-01.json?at=refs%2Ftags%2Fv18.3.3
https://bitbucket.globaldevtools.bbva.com/bitbucket/projects/GL_KCPG_APP-ID-26206_DSG/repos/glgldh360gloqlt/browse/hammurabi/jobs/america/kcpg-gl-hmm-qlt-generalbudgetsmrobject-01.json?at=refs%2Ftags%2Fv18.3.3";t_kcpg_general_budgets;;kcpg-gl-hmm-qlt-generalbudgetsmrobject-01.json;"""18.3.3"""
KCPG_general-budgets_KCOG_currency_MMRule.conf;"https://bitbucket.globaldevtools.bbva.com/bitbucket/projects/GL_KCPG_APP-ID-26206_DSG/repos/glgldh360gloqlt/browse/hammurabi/jobs/europa/kcpg-gl-hmm-qlt-generalbudgetsmmrule-01.json?at=refs%2Ftags%2Fv18.3.3
https://bitbucket.globaldevtools.bbva.com/bitbucket/projects/GL_KCPG_APP-ID-26206_DSG/repos/glgldh360gloqlt/browse/hammurabi/jobs/america/kcpg-gl-hmm-qlt-generalbudgetsmmrule-01.json?at=refs%2Ftags%2Fv18.3.3";t_kcpg_general_budgets;t_kcog_currency;kcpg-gl-hmm-qlt-generalbudgetsmmrule-01.json;"""18.3.3"""
KCPG_general-budgets_KCOG_country_MMRule.conf;"https://bitbucket.globaldevtools.bbva.com/bitbucket/projects/GL_KCPG_APP-ID-26206_DSG/repos/glgldh360gloqlt/browse/hammurabi/jobs/europa/kcpg-gl-hmm-qlt-generalbudgetsmmrule-02.json?at=refs%2Ftags%2Fv18.3.3
https://bitbucket.globaldevtools.bbva.com/bitbucket/projects/GL_KCPG_APP-ID-26206_DSG/repos/glgldh360gloqlt/browse/hammurabi/jobs/america/kcpg-gl-hmm-qlt-generalbudgetsmmrule-02.json?at=refs%2Ftags%2Fv18.3.3";t_kcpg_general_budgets;t_kcog_country;kcpg-gl-hmm-qlt-generalbudgetsmmrule-02.json;"""18.3.3"""
KCPG_general-budgets_KBTQ_role-person_MMRule.conf;"https://bitbucket.globaldevtools.bbva.com/bitbucket/projects/GL_KCPG_APP-ID-26206_DSG/repos/glgldh360gloqlt/browse/hammurabi/jobs/europa/kcpg-gl-hmm-qlt-generalbudgetsmmrule-03.json?at=refs%2Ftags%2Fv18.3.3
https://bitbucket.globaldevtools.bbva.com/bitbucket/projects/GL_KCPG_APP-ID-26206_DSG/repos/glgldh360gloqlt/browse/hammurabi/jobs/america/kcpg-gl-hmm-qlt-generalbudgetsmmrule-03.json?at=refs%2Ftags%2Fv18.3.3";t_kcpg_general_budgets;t_kbtq_role_person;kcpg-gl-hmm-qlt-generalbudgetsmmrule-03.json;"""18.3.3"""
KCPG_general-goals_MRField.conf;"https://bitbucket.globaldevtools.bbva.com/bitbucket/projects/GL_KCPG_APP-ID-26206_DSG/repos/glgldh360gloqlt/browse/hammurabi/jobs/europa/kcpg-gl-hmm-qlt-generalgoalsmrfield-01.json?at=refs%2Ftags%2Fv18.3.3
https://bitbucket.globaldevtools.bbva.com/bitbucket/projects/GL_KCPG_APP-ID-26206_DSG/repos/glgldh360gloqlt/browse/hammurabi/jobs/america/kcpg-gl-hmm-qlt-generalgoalsmrfield-01.json?at=refs%2Ftags%2Fv18.3.3";t_kcpg_general_goals;;kcpg-gl-hmm-qlt-generalgoalsmrfield-01.json;"""18.3.3"""
KCPG_general-goals_MRObject.conf;"https://bitbucket.globaldevtools.bbva.com/bitbucket/projects/GL_KCPG_APP-ID-26206_DSG/repos/glgldh360gloqlt/browse/hammurabi/jobs/europa/kcpg-gl-hmm-qlt-generalgoalsmrobject-01.json?at=refs%2Ftags%2Fv18.3.3
https://bitbucket.globaldevtools.bbva.com/bitbucket/projects/GL_KCPG_APP-ID-26206_DSG/repos/glgldh360gloqlt/browse/hammurabi/jobs/america/kcpg-gl-hmm-qlt-generalgoalsmrobject-01.json?at=refs%2Ftags%2Fv18.3.3";t_kcpg_general_goals;;kcpg-gl-hmm-qlt-generalgoalsmrobject-01.json;"""18.3.3"""
KCPG_general-goals_KCOG_country_MMRule.conf;"https://bitbucket.globaldevtools.bbva.com/bitbucket/projects/GL_KCPG_APP-ID-26206_DSG/repos/glgldh360gloqlt/browse/hammurabi/jobs/europa/kcpg-gl-hmm-qlt-generalgoalsmmrule-01.json?at=refs%2Ftags%2Fv18.3.3
https://bitbucket.globaldevtools.bbva.com/bitbucket/projects/GL_KCPG_APP-ID-26206_DSG/repos/glgldh360gloqlt/browse/hammurabi/jobs/america/kcpg-gl-hmm-qlt-generalgoalsmmrule-01.json?at=refs%2Ftags%2Fv18.3.3";t_kcpg_general_goals;t_kcog_country;kcpg-gl-hmm-qlt-generalgoalsmmrule-01.json;"""18.3.3"""
KCPG_general-piggybank_MRField.conf;"https://bitbucket.globaldevtools.bbva.com/bitbucket/projects/GL_KCPG_APP-ID-26206_DSG/repos/glgldh360gloqlt/browse/hammurabi/jobs/europa/kcpg-gl-hmm-qlt-generalpiggybankmrfield-01.json?at=refs%2Ftags%2Fv18.3.3
https://bitbucket.globaldevtools.bbva.com/bitbucket/projects/GL_KCPG_APP-ID-26206_DSG/repos/glgldh360gloqlt/browse/hammurabi/jobs/america/kcpg-gl-hmm-qlt-generalpiggybankmrfield-01.json?at=refs%2Ftags%2Fv18.3.3";t_kcpg_general_piggybank;;kcpg-gl-hmm-qlt-generalpiggybankmrfield-01.json;"""18.3.3"""
KCPG_general-piggybank_MRObject.conf;"https://bitbucket.globaldevtools.bbva.com/bitbucket/projects/GL_KCPG_APP-ID-26206_DSG/repos/glgldh360gloqlt/browse/hammurabi/jobs/europa/kcpg-gl-hmm-qlt-generalpiggybankmrobject-01.json?at=refs%2Ftags%2Fv18.3.3
https://bitbucket.globaldevtools.bbva.com/bitbucket/projects/GL_KCPG_APP-ID-26206_DSG/repos/glgldh360gloqlt/browse/hammurabi/jobs/america/kcpg-gl-hmm-qlt-generalpiggybankmrobject-01.json?at=refs%2Ftags%2Fv18.3.3";t_kcpg_general_piggybank;;kcpg-gl-hmm-qlt-generalpiggybankmrobject-01.json;"""18.3.3"""
KCPG_goal-contributions_MRField.conf;"https://bitbucket.globaldevtools.bbva.com/bitbucket/projects/GL_KCPG_APP-ID-26206_DSG/repos/glgldh360gloqlt/browse/hammurabi/jobs/europa/kcpg-gl-hmm-qlt-goalcontributionsmrfield-01.json?at=refs%2Ftags%2Fv18.3.3
https://bitbucket.globaldevtools.bbva.com/bitbucket/projects/GL_KCPG_APP-ID-26206_DSG/repos/glgldh360gloqlt/browse/hammurabi/jobs/america/kcpg-gl-hmm-qlt-goalcontributionsmrfield-01.json?at=refs%2Ftags%2Fv18.3.3";t_kcpg_goal_contributions;;kcpg-gl-hmm-qlt-goalcontributionsmrfield-01.json;"""18.3.3"""
KCPG_goal-contributions_MRObject.conf;"https://bitbucket.globaldevtools.bbva.com/bitbucket/projects/GL_KCPG_APP-ID-26206_DSG/repos/glgldh360gloqlt/browse/hammurabi/jobs/europa/kcpg-gl-hmm-qlt-goalcontributionsmrobject-01.json?at=refs%2Ftags%2Fv18.3.3
https://bitbucket.globaldevtools.bbva.com/bitbucket/projects/GL_KCPG_APP-ID-26206_DSG/repos/glgldh360gloqlt/browse/hammurabi/jobs/america/kcpg-gl-hmm-qlt-goalcontributionsmrobject-01.json?at=refs%2Ftags%2Fv18.3.3";t_kcpg_goal_contributions;;kcpg-gl-hmm-qlt-goalcontributionsmrobject-01.json;"""18.3.3"""
KCPG_goal-contributions_KCOG_country_MMRule.conf;"https://bitbucket.globaldevtools.bbva.com/bitbucket/projects/GL_KCPG_APP-ID-26206_DSG/repos/glgldh360gloqlt/browse/hammurabi/jobs/europa/kcpg-gl-hmm-qlt-goalcontributionsmmrule-01.json?at=refs%2Ftags%2Fv18.3.3
https://bitbucket.globaldevtools.bbva.com/bitbucket/projects/GL_KCPG_APP-ID-26206_DSG/repos/glgldh360gloqlt/browse/hammurabi/jobs/america/kcpg-gl-hmm-qlt-goalcontributionsmmrule-01.json?at=refs%2Ftags%2Fv18.3.3";t_kcpg_goal_contributions;t_kcog_country;kcpg-gl-hmm-qlt-goalcontributionsmmrule-01.json;"""18.3.3"""
KCPG_goal-contributions_KCPG_general-goals_MMRule.conf;"https://bitbucket.globaldevtools.bbva.com/bitbucket/projects/GL_KCPG_APP-ID-26206_DSG/repos/glgldh360gloqlt/browse/hammurabi/jobs/europa/kcpg-gl-hmm-qlt-goalcontributionsmmrule-02.json?at=refs%2Ftags%2Fv18.3.3
https://bitbucket.globaldevtools.bbva.com/bitbucket/projects/GL_KCPG_APP-ID-26206_DSG/repos/glgldh360gloqlt/browse/hammurabi/jobs/america/kcpg-gl-hmm-qlt-goalcontributionsmmrule-02.json?at=refs%2Ftags%2Fv18.3.3";t_kcpg_goal_contributions;t_kcpg_general_goals;kcpg-gl-hmm-qlt-goalcontributionsmmrule-02.json;"""18.3.3"""
KCPG_goal-rules_MRField.conf;"https://bitbucket.globaldevtools.bbva.com/bitbucket/projects/GL_KCPG_APP-ID-26206_DSG/repos/glgldh360gloqlt/browse/hammurabi/jobs/europa/kcpg-gl-hmm-qlt-goalrulesmrfield-01.json?at=refs%2Ftags%2Fv18.3.3
https://bitbucket.globaldevtools.bbva.com/bitbucket/projects/GL_KCPG_APP-ID-26206_DSG/repos/glgldh360gloqlt/browse/hammurabi/jobs/america/kcpg-gl-hmm-qlt-goalrulesmrfield-01.json?at=refs%2Ftags%2Fv18.3.3";t_kcpg_goal_rules;;kcpg-gl-hmm-qlt-goalrulesmrfield-01.json;"""18.3.3"""
KCPG_goal-rules_MRObject.conf;"https://bitbucket.globaldevtools.bbva.com/bitbucket/projects/GL_KCPG_APP-ID-26206_DSG/repos/glgldh360gloqlt/browse/hammurabi/jobs/europa/kcpg-gl-hmm-qlt-goalrulesmrobject-01.json?at=refs%2Ftags%2Fv18.3.3
https://bitbucket.globaldevtools.bbva.com/bitbucket/projects/GL_KCPG_APP-ID-26206_DSG/repos/glgldh360gloqlt/browse/hammurabi/jobs/america/kcpg-gl-hmm-qlt-goalrulesmrobject-01.json?at=refs%2Ftags%2Fv18.3.3";t_kcpg_goal_rules;;kcpg-gl-hmm-qlt-goalrulesmrobject-01.json;"""18.3.3"""
KCPG_goal-rules_KCPG_general-goals_MMRule.conf;"https://bitbucket.globaldevtools.bbva.com/bitbucket/projects/GL_KCPG_APP-ID-26206_DSG/repos/glgldh360gloqlt/browse/hammurabi/jobs/europa/kcpg-gl-hmm-qlt-goalrulesmmrule-01.json?at=refs%2Ftags%2Fv18.3.3
https://bitbucket.globaldevtools.bbva.com/bitbucket/projects/GL_KCPG_APP-ID-26206_DSG/repos/glgldh360gloqlt/browse/hammurabi/jobs/america/kcpg-gl-hmm-qlt-goalrulesmmrule-01.json?at=refs%2Ftags%2Fv18.3.3";t_kcpg_goal_rules;t_kcpg_general_goals;kcpg-gl-hmm-qlt-goalrulesmmrule-01.json;"""18.3.3"""
KCPG_goal-rules_KCOG_entity_MMRule.conf;"https://bitbucket.globaldevtools.bbva.com/bitbucket/projects/GL_KCPG_APP-ID-26206_DSG/repos/glgldh360gloqlt/browse/hammurabi/jobs/europa/kcpg-gl-hmm-qlt-goalrulesmmrule-02.json?at=refs%2Ftags%2Fv18.3.3
https://bitbucket.globaldevtools.bbva.com/bitbucket/projects/GL_KCPG_APP-ID-26206_DSG/repos/glgldh360gloqlt/browse/hammurabi/jobs/america/kcpg-gl-hmm-qlt-goalrulesmmrule-02.json?at=refs%2Ftags%2Fv18.3.3";t_kcpg_goal_rules;t_kcog_entity;kcpg-gl-hmm-qlt-goalrulesmmrule-02.json;"""18.3.3"""
KCPG_goal-rules_KCOG_country_MMRule.conf;"https://bitbucket.globaldevtools.bbva.com/bitbucket/projects/GL_KCPG_APP-ID-26206_DSG/repos/glgldh360gloqlt/browse/hammurabi/jobs/europa/kcpg-gl-hmm-qlt-goalrulesmmrule-03.json?at=refs%2Ftags%2Fv18.3.3
https://bitbucket.globaldevtools.bbva.com/bitbucket/projects/GL_KCPG_APP-ID-26206_DSG/repos/glgldh360gloqlt/browse/hammurabi/jobs/america/kcpg-gl-hmm-qlt-goalrulesmmrule-03.json?at=refs%2Ftags%2Fv18.3.3";t_kcpg_goal_rules;t_kcog_country;kcpg-gl-hmm-qlt-goalrulesmmrule-03.json;"""18.3.3"""
KCPG_invest-goal-answers_MRField.conf;"https://bitbucket.globaldevtools.bbva.com/bitbucket/projects/GL_KCPG_APP-ID-26206_DSG/repos/glgldh360gloqlt/browse/hammurabi/jobs/europa/kcpg-gl-hmm-qlt-investgoalanswersmrfield-01.json?at=refs%2Ftags%2Fv18.3.3
https://bitbucket.globaldevtools.bbva.com/bitbucket/projects/GL_KCPG_APP-ID-26206_DSG/repos/glgldh360gloqlt/browse/hammurabi/jobs/america/kcpg-gl-hmm-qlt-investgoalanswersmrfield-01.json?at=refs%2Ftags%2Fv18.3.3";t_kcpg_invest_goal_answers;;kcpg-gl-hmm-qlt-investgoalanswersmrfield-01.json;"""18.3.3"""
KCPG_invest-goal-answers_MRObject.conf;"https://bitbucket.globaldevtools.bbva.com/bitbucket/projects/GL_KCPG_APP-ID-26206_DSG/repos/glgldh360gloqlt/browse/hammurabi/jobs/europa/kcpg-gl-hmm-qlt-investgoalanswersmrobject-01.json?at=refs%2Ftags%2Fv18.3.3
https://bitbucket.globaldevtools.bbva.com/bitbucket/projects/GL_KCPG_APP-ID-26206_DSG/repos/glgldh360gloqlt/browse/hammurabi/jobs/america/kcpg-gl-hmm-qlt-investgoalanswersmrobject-01.json?at=refs%2Ftags%2Fv18.3.3";t_kcpg_invest_goal_answers;;kcpg-gl-hmm-qlt-investgoalanswersmrobject-01.json;"""18.3.3"""
KCPG_invest-goal-answers_KBTQ_customer-info_MMRule.conf;"https://bitbucket.globaldevtools.bbva.com/bitbucket/projects/GL_KCPG_APP-ID-26206_DSG/repos/glgldh360gloqlt/browse/hammurabi/jobs/europa/kcpg-gl-hmm-qlt-investgoalanswersmmrule-01.json?at=refs%2Ftags%2Fv18.3.3
https://bitbucket.globaldevtools.bbva.com/bitbucket/projects/GL_KCPG_APP-ID-26206_DSG/repos/glgldh360gloqlt/browse/hammurabi/jobs/america/kcpg-gl-hmm-qlt-investgoalanswersmmrule-01.json?at=refs%2Ftags%2Fv18.3.3";t_kcpg_invest_goal_answers;t_kbtq_customer_info;kcpg-gl-hmm-qlt-investgoalanswersmmrule-01.json;"""18.3.3"""
KCPG_invest-goal-post-answers_MRField.conf;"https://bitbucket.globaldevtools.bbva.com/bitbucket/projects/GL_KCPG_APP-ID-26206_DSG/repos/glgldh360gloqlt/browse/hammurabi/jobs/europa/kcpg-gl-hmm-qlt-investgoalpostanswemrfield-01.json?at=refs%2Ftags%2Fv18.3.3
https://bitbucket.globaldevtools.bbva.com/bitbucket/projects/GL_KCPG_APP-ID-26206_DSG/repos/glgldh360gloqlt/browse/hammurabi/jobs/america/kcpg-gl-hmm-qlt-investgoalpostanswemrfield-01.json?at=refs%2Ftags%2Fv18.3.3";t_kcpg_invest_goal_post_answers;;kcpg-gl-hmm-qlt-investgoalpostanswemrfield-01.json;"""18.3.3"""
KCPG_invest-goal-post-answers_MRObject.conf;"https://bitbucket.globaldevtools.bbva.com/bitbucket/projects/GL_KCPG_APP-ID-26206_DSG/repos/glgldh360gloqlt/browse/hammurabi/jobs/europa/kcpg-gl-hmm-qlt-investgoalpostanswemrobject-01.json?at=refs%2Ftags%2Fv18.3.3
https://bitbucket.globaldevtools.bbva.com/bitbucket/projects/GL_KCPG_APP-ID-26206_DSG/repos/glgldh360gloqlt/browse/hammurabi/jobs/america/kcpg-gl-hmm-qlt-investgoalpostanswemrobject-01.json?at=refs%2Ftags%2Fv18.3.3";t_kcpg_invest_goal_post_answers;;kcpg-gl-hmm-qlt-investgoalpostanswemrobject-01.json;"""18.3.3"""
KCPG_net-worth-cust-perst-dp_MRField.conf;"https://bitbucket.globaldevtools.bbva.com/bitbucket/projects/GL_KCPG_APP-ID-26206_DSG/repos/glgldh360gloqlt/browse/hammurabi/jobs/europa/kcpg-gl-hmm-qlt-networthcustperstdpmrfield-01.json?at=refs%2Ftags%2Fv18.3.3
https://bitbucket.globaldevtools.bbva.com/bitbucket/projects/GL_KCPG_APP-ID-26206_DSG/repos/glgldh360gloqlt/browse/hammurabi/jobs/america/kcpg-gl-hmm-qlt-networthcustperstdpmrfield-01.json?at=refs%2Ftags%2Fv18.3.3";t_kcpg_net_worth_cust_perst_dp;;kcpg-gl-hmm-qlt-networthcustperstdpmrfield-01.json;"""18.3.3"""
KCPG_net-worth-cust-perst-dp_MRObject.conf;"https://bitbucket.globaldevtools.bbva.com/bitbucket/projects/GL_KCPG_APP-ID-26206_DSG/repos/glgldh360gloqlt/browse/hammurabi/jobs/europa/kcpg-gl-hmm-qlt-networthcustperstdpmrobject-01.json?at=refs%2Ftags%2Fv18.3.3
https://bitbucket.globaldevtools.bbva.com/bitbucket/projects/GL_KCPG_APP-ID-26206_DSG/repos/glgldh360gloqlt/browse/hammurabi/jobs/america/kcpg-gl-hmm-qlt-networthcustperstdpmrobject-01.json?at=refs%2Ftags%2Fv18.3.3";t_kcpg_net_worth_cust_perst_dp;;kcpg-gl-hmm-qlt-networthcustperstdpmrobject-01.json;"""18.3.3"""
KCPG_net-worth-cust-perst-dp_KBTQ_role-person_MMRule.conf;"https://bitbucket.globaldevtools.bbva.com/bitbucket/projects/GL_KCPG_APP-ID-26206_DSG/repos/glgldh360gloqlt/browse/hammurabi/jobs/europa/kcpg-gl-hmm-qlt-networthcustperstdpmmrule-01.json?at=refs%2Ftags%2Fv18.3.3
https://bitbucket.globaldevtools.bbva.com/bitbucket/projects/GL_KCPG_APP-ID-26206_DSG/repos/glgldh360gloqlt/browse/hammurabi/jobs/america/kcpg-gl-hmm-qlt-networthcustperstdpmmrule-01.json?at=refs%2Ftags%2Fv18.3.3";t_kcpg_net_worth_cust_perst_dp;t_kbtq_role_person;kcpg-gl-hmm-qlt-networthcustperstdpmmrule-01.json;"""18.3.3"""
KCPG_pfm-cust-contract-perst_MRField.conf;"https://bitbucket.globaldevtools.bbva.com/bitbucket/projects/GL_KCPG_APP-ID-26206_DSG/repos/glgldh360gloqlt/browse/hammurabi/jobs/europa/kcpg-gl-hmm-qlt-pfmcustcontractpersmrfield-01.json?at=refs%2Ftags%2Fv18.3.3
https://bitbucket.globaldevtools.bbva.com/bitbucket/projects/GL_KCPG_APP-ID-26206_DSG/repos/glgldh360gloqlt/browse/hammurabi/jobs/america/kcpg-gl-hmm-qlt-pfmcustcontractpersmrfield-01.json?at=refs%2Ftags%2Fv18.3.3";t_kcpg_pfm_cust_contract_perst;;kcpg-gl-hmm-qlt-pfmcustcontractpersmrfield-01.json;"""18.3.3"""
KCPG_pfm-cust-contract-perst_MRObject.conf;"https://bitbucket.globaldevtools.bbva.com/bitbucket/projects/GL_KCPG_APP-ID-26206_DSG/repos/glgldh360gloqlt/browse/hammurabi/jobs/europa/kcpg-gl-hmm-qlt-pfmcustcontractpersmrobject-01.json?at=refs%2Ftags%2Fv18.3.3
https://bitbucket.globaldevtools.bbva.com/bitbucket/projects/GL_KCPG_APP-ID-26206_DSG/repos/glgldh360gloqlt/browse/hammurabi/jobs/america/kcpg-gl-hmm-qlt-pfmcustcontractpersmrobject-01.json?at=refs%2Ftags%2Fv18.3.3";t_kcpg_pfm_cust_contract_perst;;kcpg-gl-hmm-qlt-pfmcustcontractpersmrobject-01.json;"""18.3.3"""
KCPG_pfm-cust-contract-perst_KBTQ_role-person_MMRule.conf;"https://bitbucket.globaldevtools.bbva.com/bitbucket/projects/GL_KCPG_APP-ID-26206_DSG/repos/glgldh360gloqlt/browse/hammurabi/jobs/europa/kcpg-gl-hmm-qlt-pfmcustcontractpersmmrule-01.json?at=refs%2Ftags%2Fv18.3.3
https://bitbucket.globaldevtools.bbva.com/bitbucket/projects/GL_KCPG_APP-ID-26206_DSG/repos/glgldh360gloqlt/browse/hammurabi/jobs/america/kcpg-gl-hmm-qlt-pfmcustcontractpersmmrule-01.json?at=refs%2Ftags%2Fv18.3.3";t_kcpg_pfm_cust_contract_perst;t_kbtq_role_person;kcpg-gl-hmm-qlt-pfmcustcontractpersmmrule-01.json;"""18.3.3"""
KCPG_pfm-cust-date-perst_MRField.conf;"https://bitbucket.globaldevtools.bbva.com/bitbucket/projects/GL_KCPG_APP-ID-26206_DSG/repos/glgldh360gloqlt/browse/hammurabi/jobs/europa/kcpg-gl-hmm-qlt-pfmcustdateperstmrfield-01.json?at=refs%2Ftags%2Fv18.3.3
https://bitbucket.globaldevtools.bbva.com/bitbucket/projects/GL_KCPG_APP-ID-26206_DSG/repos/glgldh360gloqlt/browse/hammurabi/jobs/america/kcpg-gl-hmm-qlt-pfmcustdateperstmrfield-01.json?at=refs%2Ftags%2Fv18.3.3";t_kcpg_pfm_cust_date_perst;;kcpg-gl-hmm-qlt-pfmcustdateperstmrfield-01.json;"""18.3.3"""
KCPG_pfm-cust-date-perst_MRObject.conf;"https://bitbucket.globaldevtools.bbva.com/bitbucket/projects/GL_KCPG_APP-ID-26206_DSG/repos/glgldh360gloqlt/browse/hammurabi/jobs/europa/kcpg-gl-hmm-qlt-pfmcustdateperstmrobject-01.json?at=refs%2Ftags%2Fv18.3.3
https://bitbucket.globaldevtools.bbva.com/bitbucket/projects/GL_KCPG_APP-ID-26206_DSG/repos/glgldh360gloqlt/browse/hammurabi/jobs/america/kcpg-gl-hmm-qlt-pfmcustdateperstmrobject-01.json?at=refs%2Ftags%2Fv18.3.3";t_kcpg_pfm_cust_date_perst;;kcpg-gl-hmm-qlt-pfmcustdateperstmrobject-01.json;"""18.3.3"""
KCPG_pfm-cust-date-perst_KBTQ_role-person_MMRule.conf;"https://bitbucket.globaldevtools.bbva.com/bitbucket/projects/GL_KCPG_APP-ID-26206_DSG/repos/glgldh360gloqlt/browse/hammurabi/jobs/europa/kcpg-gl-hmm-qlt-pfmcustdateperstmmrule-01.json?at=refs%2Ftags%2Fv18.3.3
https://bitbucket.globaldevtools.bbva.com/bitbucket/projects/GL_KCPG_APP-ID-26206_DSG/repos/glgldh360gloqlt/browse/hammurabi/jobs/america/kcpg-gl-hmm-qlt-pfmcustdateperstmmrule-01.json?at=refs%2Ftags%2Fv18.3.3";t_kcpg_pfm_cust_date_perst;t_kbtq_role_person;kcpg-gl-hmm-qlt-pfmcustdateperstmmrule-01.json;"""18.3.3"""
KCPG_piggybank-contr_MRField.conf;"https://bitbucket.globaldevtools.bbva.com/bitbucket/projects/GL_KCPG_APP-ID-26206_DSG/repos/glgldh360gloqlt/browse/hammurabi/jobs/europa/kcpg-gl-hmm-qlt-piggybankcontrmrfield-01.json?at=refs%2Ftags%2Fv18.3.3
https://bitbucket.globaldevtools.bbva.com/bitbucket/projects/GL_KCPG_APP-ID-26206_DSG/repos/glgldh360gloqlt/browse/hammurabi/jobs/america/kcpg-gl-hmm-qlt-piggybankcontrmrfield-01.json?at=refs%2Ftags%2Fv18.3.3";t_kcpg_piggybank_contr;;kcpg-gl-hmm-qlt-piggybankcontrmrfield-01.json;"""18.3.3"""
KCPG_piggybank-contr_MRObject.conf;"https://bitbucket.globaldevtools.bbva.com/bitbucket/projects/GL_KCPG_APP-ID-26206_DSG/repos/glgldh360gloqlt/browse/hammurabi/jobs/europa/kcpg-gl-hmm-qlt-piggybankcontrmrobject-01.json?at=refs%2Ftags%2Fv18.3.3
https://bitbucket.globaldevtools.bbva.com/bitbucket/projects/GL_KCPG_APP-ID-26206_DSG/repos/glgldh360gloqlt/browse/hammurabi/jobs/america/kcpg-gl-hmm-qlt-piggybankcontrmrobject-01.json?at=refs%2Ftags%2Fv18.3.3";t_kcpg_piggybank_contr;;kcpg-gl-hmm-qlt-piggybankcontrmrobject-01.json;"""18.3.3"""
KCPG_piggybank-rules_MRField.conf;"https://bitbucket.globaldevtools.bbva.com/bitbucket/projects/GL_KCPG_APP-ID-26206_DSG/repos/glgldh360gloqlt/browse/hammurabi/jobs/europa/kcpg-gl-hmm-qlt-piggybankrulesmrfield-01.json?at=refs%2Ftags%2Fv18.3.3
https://bitbucket.globaldevtools.bbva.com/bitbucket/projects/GL_KCPG_APP-ID-26206_DSG/repos/glgldh360gloqlt/browse/hammurabi/jobs/america/kcpg-gl-hmm-qlt-piggybankrulesmrfield-01.json?at=refs%2Ftags%2Fv18.3.3";t_kcpg_piggybank_rules;;kcpg-gl-hmm-qlt-piggybankrulesmrfield-01.json;"""18.3.3"""
KCPG_piggybank-rules_MRObject.conf;"https://bitbucket.globaldevtools.bbva.com/bitbucket/projects/GL_KCPG_APP-ID-26206_DSG/repos/glgldh360gloqlt/browse/hammurabi/jobs/europa/kcpg-gl-hmm-qlt-piggybankrulesmrobject-01.json?at=refs%2Ftags%2Fv18.3.3
https://bitbucket.globaldevtools.bbva.com/bitbucket/projects/GL_KCPG_APP-ID-26206_DSG/repos/glgldh360gloqlt/browse/hammurabi/jobs/america/kcpg-gl-hmm-qlt-piggybankrulesmrobject-01.json?at=refs%2Ftags%2Fv18.3.3";t_kcpg_piggybank_rules;;kcpg-gl-hmm-qlt-piggybankrulesmrobject-01.json;"""18.3.3"""
KCPG_rules-budgets_MRField.conf;"https://bitbucket.globaldevtools.bbva.com/bitbucket/projects/GL_KCPG_APP-ID-26206_DSG/repos/glgldh360gloqlt/browse/hammurabi/jobs/europa/kcpg-gl-hmm-qlt-rulesbudgetsmrfield-01.json?at=refs%2Ftags%2Fv18.3.3
https://bitbucket.globaldevtools.bbva.com/bitbucket/projects/GL_KCPG_APP-ID-26206_DSG/repos/glgldh360gloqlt/browse/hammurabi/jobs/america/kcpg-gl-hmm-qlt-rulesbudgetsmrfield-01.json?at=refs%2Ftags%2Fv18.3.3";t_kcpg_rules_budgets;;kcpg-gl-hmm-qlt-rulesbudgetsmrfield-01.json;"""18.3.3"""
KCPG_rules-budgets_MRObject.conf;"https://bitbucket.globaldevtools.bbva.com/bitbucket/projects/GL_KCPG_APP-ID-26206_DSG/repos/glgldh360gloqlt/browse/hammurabi/jobs/europa/kcpg-gl-hmm-qlt-rulesbudgetsmrobject-01.json?at=refs%2Ftags%2Fv18.3.3
https://bitbucket.globaldevtools.bbva.com/bitbucket/projects/GL_KCPG_APP-ID-26206_DSG/repos/glgldh360gloqlt/browse/hammurabi/jobs/america/kcpg-gl-hmm-qlt-rulesbudgetsmrobject-01.json?at=refs%2Ftags%2Fv18.3.3";t_kcpg_rules_budgets;;kcpg-gl-hmm-qlt-rulesbudgetsmrobject-01.json;"""18.3.3"""
KCPG_rules-budgets_KCPG_customer-rules_MMRule.conf;"https://bitbucket.globaldevtools.bbva.com/bitbucket/projects/GL_KCPG_APP-ID-26206_DSG/repos/glgldh360gloqlt/browse/hammurabi/jobs/europa/kcpg-gl-hmm-qlt-rulesbudgetsmmrule-01.json?at=refs%2Ftags%2Fv18.3.3
https://bitbucket.globaldevtools.bbva.com/bitbucket/projects/GL_KCPG_APP-ID-26206_DSG/repos/glgldh360gloqlt/browse/hammurabi/jobs/america/kcpg-gl-hmm-qlt-rulesbudgetsmmrule-01.json?at=refs%2Ftags%2Fv18.3.3";t_kcpg_rules_budgets;t_kcpg_customer_rules;kcpg-gl-hmm-qlt-rulesbudgetsmmrule-01.json;"""18.3.3"""
KCPG_rules-budgets_KCPG_general-budgets_MMRule.conf;"https://bitbucket.globaldevtools.bbva.com/bitbucket/projects/GL_KCPG_APP-ID-26206_DSG/repos/glgldh360gloqlt/browse/hammurabi/jobs/europa/kcpg-gl-hmm-qlt-rulesbudgetsmmrule-02.json?at=refs%2Ftags%2Fv18.3.3
https://bitbucket.globaldevtools.bbva.com/bitbucket/projects/GL_KCPG_APP-ID-26206_DSG/repos/glgldh360gloqlt/browse/hammurabi/jobs/america/kcpg-gl-hmm-qlt-rulesbudgetsmmrule-02.json?at=refs%2Ftags%2Fv18.3.3";t_kcpg_rules_budgets;t_kcpg_general_budgets;kcpg-gl-hmm-qlt-rulesbudgetsmmrule-02.json;"""18.3.3"""
KCPG_rules-budgets_KCOG_entity_MMRule.conf;"https://bitbucket.globaldevtools.bbva.com/bitbucket/projects/GL_KCPG_APP-ID-26206_DSG/repos/glgldh360gloqlt/browse/hammurabi/jobs/europa/kcpg-gl-hmm-qlt-rulesbudgetsmmrule-03.json?at=refs%2Ftags%2Fv18.3.3
https://bitbucket.globaldevtools.bbva.com/bitbucket/projects/GL_KCPG_APP-ID-26206_DSG/repos/glgldh360gloqlt/browse/hammurabi/jobs/america/kcpg-gl-hmm-qlt-rulesbudgetsmmrule-03.json?at=refs%2Ftags%2Fv18.3.3";t_kcpg_rules_budgets;t_kcog_entity;kcpg-gl-hmm-qlt-rulesbudgetsmmrule-03.json;"""18.3.3"""
KCPG_rules-budgets_KCOG_country_MMRule.conf;"https://bitbucket.globaldevtools.bbva.com/bitbucket/projects/GL_KCPG_APP-ID-26206_DSG/repos/glgldh360gloqlt/browse/hammurabi/jobs/europa/kcpg-gl-hmm-qlt-rulesbudgetsmmrule-04.json?at=refs%2Ftags%2Fv18.3.3
https://bitbucket.globaldevtools.bbva.com/bitbucket/projects/GL_KCPG_APP-ID-26206_DSG/repos/glgldh360gloqlt/browse/hammurabi/jobs/america/kcpg-gl-hmm-qlt-rulesbudgetsmmrule-04.json?at=refs%2Ftags%2Fv18.3.3";t_kcpg_rules_budgets;t_kcog_country;kcpg-gl-hmm-qlt-rulesbudgetsmmrule-04.json;"""18.3.3"""
KCPG_rules-category_MRField.conf;"https://bitbucket.globaldevtools.bbva.com/bitbucket/projects/GL_KCPG_APP-ID-26206_DSG/repos/glgldh360gloqlt/browse/hammurabi/jobs/europa/kcpg-gl-hmm-qlt-rulescategorymrfield-01.json?at=refs%2Ftags%2Fv18.3.3
https://bitbucket.globaldevtools.bbva.com/bitbucket/projects/GL_KCPG_APP-ID-26206_DSG/repos/glgldh360gloqlt/browse/hammurabi/jobs/america/kcpg-gl-hmm-qlt-rulescategorymrfield-01.json?at=refs%2Ftags%2Fv18.3.3";t_kcpg_rules_category;;kcpg-gl-hmm-qlt-rulescategorymrfield-01.json;"""18.3.3"""
KCPG_rules-category_MRObject.conf;"https://bitbucket.globaldevtools.bbva.com/bitbucket/projects/GL_KCPG_APP-ID-26206_DSG/repos/glgldh360gloqlt/browse/hammurabi/jobs/europa/kcpg-gl-hmm-qlt-rulescategorymrobject-01.json?at=refs%2Ftags%2Fv18.3.3
https://bitbucket.globaldevtools.bbva.com/bitbucket/projects/GL_KCPG_APP-ID-26206_DSG/repos/glgldh360gloqlt/browse/hammurabi/jobs/america/kcpg-gl-hmm-qlt-rulescategorymrobject-01.json?at=refs%2Ftags%2Fv18.3.3";t_kcpg_rules_category;;kcpg-gl-hmm-qlt-rulescategorymrobject-01.json;"""18.3.3"""
KCPG_rules-category_KCPG_customer-rules_MMRule.conf;"https://bitbucket.globaldevtools.bbva.com/bitbucket/projects/GL_KCPG_APP-ID-26206_DSG/repos/glgldh360gloqlt/browse/hammurabi/jobs/europa/kcpg-gl-hmm-qlt-rulescategorymmrule-01.json?at=refs%2Ftags%2Fv18.3.3
https://bitbucket.globaldevtools.bbva.com/bitbucket/projects/GL_KCPG_APP-ID-26206_DSG/repos/glgldh360gloqlt/browse/hammurabi/jobs/america/kcpg-gl-hmm-qlt-rulescategorymmrule-01.json?at=refs%2Ftags%2Fv18.3.3";t_kcpg_rules_category;t_kcpg_customer_rules;kcpg-gl-hmm-qlt-rulescategorymmrule-01.json;"""18.3.3"""
KCPG_rules-category_KBTQ_customer-info_MMRule.conf;"https://bitbucket.globaldevtools.bbva.com/bitbucket/projects/GL_KCPG_APP-ID-26206_DSG/repos/glgldh360gloqlt/browse/hammurabi/jobs/europa/kcpg-gl-hmm-qlt-rulescategorymmrule-02.json?at=refs%2Ftags%2Fv18.3.3
https://bitbucket.globaldevtools.bbva.com/bitbucket/projects/GL_KCPG_APP-ID-26206_DSG/repos/glgldh360gloqlt/browse/hammurabi/jobs/america/kcpg-gl-hmm-qlt-rulescategorymmrule-02.json?at=refs%2Ftags%2Fv18.3.3";t_kcpg_rules_category;t_kbtq_customer_info;kcpg-gl-hmm-qlt-rulescategorymmrule-02.json;"""18.3.3"""
KCPG_rules-category_KCOG_entity_MMRule.conf;"https://bitbucket.globaldevtools.bbva.com/bitbucket/projects/GL_KCPG_APP-ID-26206_DSG/repos/glgldh360gloqlt/browse/hammurabi/jobs/europa/kcpg-gl-hmm-qlt-rulescategorymmrule-03.json?at=refs%2Ftags%2Fv18.3.3
https://bitbucket.globaldevtools.bbva.com/bitbucket/projects/GL_KCPG_APP-ID-26206_DSG/repos/glgldh360gloqlt/browse/hammurabi/jobs/america/kcpg-gl-hmm-qlt-rulescategorymmrule-03.json?at=refs%2Ftags%2Fv18.3.3";t_kcpg_rules_category;t_kcog_entity;kcpg-gl-hmm-qlt-rulescategorymmrule-03.json;"""18.3.3"""
KCPG_rules-category_KCOG_country_MMRule.conf;"https://bitbucket.globaldevtools.bbva.com/bitbucket/projects/GL_KCPG_APP-ID-26206_DSG/repos/glgldh360gloqlt/browse/hammurabi/jobs/europa/kcpg-gl-hmm-qlt-rulescategorymmrule-04.json?at=refs%2Ftags%2Fv18.3.3
https://bitbucket.globaldevtools.bbva.com/bitbucket/projects/GL_KCPG_APP-ID-26206_DSG/repos/glgldh360gloqlt/browse/hammurabi/jobs/america/kcpg-gl-hmm-qlt-rulescategorymmrule-04.json?at=refs%2Ftags%2Fv18.3.3";t_kcpg_rules_category;t_kcog_country;kcpg-gl-hmm-qlt-rulescategorymmrule-04.json;"""18.3.3"""
KCPG_rules-movements_MRField.conf;"https://bitbucket.globaldevtools.bbva.com/bitbucket/projects/GL_KCPG_APP-ID-26206_DSG/repos/glgldh360gloqlt/browse/hammurabi/jobs/europa/kcpg-gl-hmm-qlt-rulesmovementsmrfield-01.json?at=refs%2Ftags%2Fv18.3.3
https://bitbucket.globaldevtools.bbva.com/bitbucket/projects/GL_KCPG_APP-ID-26206_DSG/repos/glgldh360gloqlt/browse/hammurabi/jobs/america/kcpg-gl-hmm-qlt-rulesmovementsmrfield-01.json?at=refs%2Ftags%2Fv18.3.3";t_kcpg_rules_movements;;kcpg-gl-hmm-qlt-rulesmovementsmrfield-01.json;"""18.3.3"""
KCPG_rules-movements_MRObject.conf;"https://bitbucket.globaldevtools.bbva.com/bitbucket/projects/GL_KCPG_APP-ID-26206_DSG/repos/glgldh360gloqlt/browse/hammurabi/jobs/europa/kcpg-gl-hmm-qlt-rulesmovementsmrobject-01.json?at=refs%2Ftags%2Fv18.3.3
https://bitbucket.globaldevtools.bbva.com/bitbucket/projects/GL_KCPG_APP-ID-26206_DSG/repos/glgldh360gloqlt/browse/hammurabi/jobs/america/kcpg-gl-hmm-qlt-rulesmovementsmrobject-01.json?at=refs%2Ftags%2Fv18.3.3";t_kcpg_rules_movements;;kcpg-gl-hmm-qlt-rulesmovementsmrobject-01.json;"""18.3.3"""
KCPG_rules-movements_KCOG_country_MMRule.conf;"https://bitbucket.globaldevtools.bbva.com/bitbucket/projects/GL_KCPG_APP-ID-26206_DSG/repos/glgldh360gloqlt/browse/hammurabi/jobs/europa/kcpg-gl-hmm-qlt-rulesmovementsmmrule-01.json?at=refs%2Ftags%2Fv18.3.3
https://bitbucket.globaldevtools.bbva.com/bitbucket/projects/GL_KCPG_APP-ID-26206_DSG/repos/glgldh360gloqlt/browse/hammurabi/jobs/america/kcpg-gl-hmm-qlt-rulesmovementsmmrule-01.json?at=refs%2Ftags%2Fv18.3.3";t_kcpg_rules_movements;t_kcog_country;kcpg-gl-hmm-qlt-rulesmovementsmmrule-01.json;"""18.3.3"""
KCPG_rules-movements_KCPG_customer-rules_MMRule.conf;"https://bitbucket.globaldevtools.bbva.com/bitbucket/projects/GL_KCPG_APP-ID-26206_DSG/repos/glgldh360gloqlt/browse/hammurabi/jobs/europa/kcpg-gl-hmm-qlt-rulesmovementsmmrule-02.json?at=refs%2Ftags%2Fv18.3.3
https://bitbucket.globaldevtools.bbva.com/bitbucket/projects/GL_KCPG_APP-ID-26206_DSG/repos/glgldh360gloqlt/browse/hammurabi/jobs/america/kcpg-gl-hmm-qlt-rulesmovementsmmrule-02.json?at=refs%2Ftags%2Fv18.3.3";t_kcpg_rules_movements;t_kcpg_customer_rules;kcpg-gl-hmm-qlt-rulesmovementsmmrule-02.json;"""18.3.3"""
KCPG_rules-movements_KBTQ_customer-info_MMRule.conf;"https://bitbucket.globaldevtools.bbva.com/bitbucket/projects/GL_KCPG_APP-ID-26206_DSG/repos/glgldh360gloqlt/browse/hammurabi/jobs/europa/kcpg-gl-hmm-qlt-rulesmovementsmmrule-03.json?at=refs%2Ftags%2Fv18.3.3
https://bitbucket.globaldevtools.bbva.com/bitbucket/projects/GL_KCPG_APP-ID-26206_DSG/repos/glgldh360gloqlt/browse/hammurabi/jobs/america/kcpg-gl-hmm-qlt-rulesmovementsmmrule-03.json?at=refs%2Ftags%2Fv18.3.3";t_kcpg_rules_movements;t_kbtq_customer_info;kcpg-gl-hmm-qlt-rulesmovementsmmrule-03.json;"""18.3.3"""
KCPG_rules-movements_KCOG_entity_MMRule.conf;"https://bitbucket.globaldevtools.bbva.com/bitbucket/projects/GL_KCPG_APP-ID-26206_DSG/repos/glgldh360gloqlt/browse/hammurabi/jobs/europa/kcpg-gl-hmm-qlt-rulesmovementsmmrule-04.json?at=refs%2Ftags%2Fv18.3.3
https://bitbucket.globaldevtools.bbva.com/bitbucket/projects/GL_KCPG_APP-ID-26206_DSG/repos/glgldh360gloqlt/browse/hammurabi/jobs/america/kcpg-gl-hmm-qlt-rulesmovementsmmrule-04.json?at=refs%2Ftags%2Fv18.3.3";t_kcpg_rules_movements;t_kcog_entity;kcpg-gl-hmm-qlt-rulesmovementsmmrule-04.json;"""18.3.3"""
KCPG_rules-movements_KCPG_general-goals_MMRule.conf;"https://bitbucket.globaldevtools.bbva.com/bitbucket/projects/GL_KCPG_APP-ID-26206_DSG/repos/glgldh360gloqlt/browse/hammurabi/jobs/europa/kcpg-gl-hmm-qlt-rulesmovementsmmrule-05.json?at=refs%2Ftags%2Fv18.3.3
https://bitbucket.globaldevtools.bbva.com/bitbucket/projects/GL_KCPG_APP-ID-26206_DSG/repos/glgldh360gloqlt/browse/hammurabi/jobs/america/kcpg-gl-hmm-qlt-rulesmovementsmmrule-05.json?at=refs%2Ftags%2Fv18.3.3";t_kcpg_rules_movements;t_kcpg_general_goals;kcpg-gl-hmm-qlt-rulesmovementsmmrule-05.json;"""18.3.3"""
KCPG_rules-movements_KCPG_goal-rules_MMRule.conf;"https://bitbucket.globaldevtools.bbva.com/bitbucket/projects/GL_KCPG_APP-ID-26206_DSG/repos/glgldh360gloqlt/browse/hammurabi/jobs/europa/kcpg-gl-hmm-qlt-rulesmovementsmmrule-06.json?at=refs%2Ftags%2Fv18.3.3
https://bitbucket.globaldevtools.bbva.com/bitbucket/projects/GL_KCPG_APP-ID-26206_DSG/repos/glgldh360gloqlt/browse/hammurabi/jobs/america/kcpg-gl-hmm-qlt-rulesmovementsmmrule-06.json?at=refs%2Ftags%2Fv18.3.3";t_kcpg_rules_movements;t_kcpg_goal_rules;kcpg-gl-hmm-qlt-rulesmovementsmmrule-06.json;"""18.3.3"""
KCPG_time-execution-day_MRField.conf;"https://bitbucket.globaldevtools.bbva.com/bitbucket/projects/GL_KCPG_APP-ID-26206_DSG/repos/glgldh360gloqlt/browse/hammurabi/jobs/europa/kcpg-gl-hmm-qlt-timeexecutiondaymrfield-01.json?at=refs%2Ftags%2Fv18.3.3
https://bitbucket.globaldevtools.bbva.com/bitbucket/projects/GL_KCPG_APP-ID-26206_DSG/repos/glgldh360gloqlt/browse/hammurabi/jobs/america/kcpg-gl-hmm-qlt-timeexecutiondaymrfield-01.json?at=refs%2Ftags%2Fv18.3.3";t_kcpg_time_execution_day;;kcpg-gl-hmm-qlt-timeexecutiondaymrfield-01.json;"""18.3.3"""
KCPG_time-execution-day_MRObject.conf;"https://bitbucket.globaldevtools.bbva.com/bitbucket/projects/GL_KCPG_APP-ID-26206_DSG/repos/glgldh360gloqlt/browse/hammurabi/jobs/europa/kcpg-gl-hmm-qlt-timeexecutiondaymrobject-01.json?at=refs%2Ftags%2Fv18.3.3
https://bitbucket.globaldevtools.bbva.com/bitbucket/projects/GL_KCPG_APP-ID-26206_DSG/repos/glgldh360gloqlt/browse/hammurabi/jobs/america/kcpg-gl-hmm-qlt-timeexecutiondaymrobject-01.json?at=refs%2Ftags%2Fv18.3.3";t_kcpg_time_execution_day;;kcpg-gl-hmm-qlt-timeexecutiondaymrobject-01.json;"""18.3.3"""
KCPG_time-execution-day_KCPG_customer-rules_MMRule.conf;"https://bitbucket.globaldevtools.bbva.com/bitbucket/projects/GL_KCPG_APP-ID-26206_DSG/repos/glgldh360gloqlt/browse/hammurabi/jobs/europa/kcpg-gl-hmm-qlt-timeexecutiondaymmrule-01.json?at=refs%2Ftags%2Fv18.3.3
https://bitbucket.globaldevtools.bbva.com/bitbucket/projects/GL_KCPG_APP-ID-26206_DSG/repos/glgldh360gloqlt/browse/hammurabi/jobs/america/kcpg-gl-hmm-qlt-timeexecutiondaymmrule-01.json?at=refs%2Ftags%2Fv18.3.3";t_kcpg_time_execution_day;t_kcpg_customer_rules;kcpg-gl-hmm-qlt-timeexecutiondaymmrule-01.json;"""18.3.3"""
KCPG_time-execution-day_KBTQ_customer-info_MMRule.conf;"https://bitbucket.globaldevtools.bbva.com/bitbucket/projects/GL_KCPG_APP-ID-26206_DSG/repos/glgldh360gloqlt/browse/hammurabi/jobs/europa/kcpg-gl-hmm-qlt-timeexecutiondaymmrule-02.json?at=refs%2Ftags%2Fv18.3.3
https://bitbucket.globaldevtools.bbva.com/bitbucket/projects/GL_KCPG_APP-ID-26206_DSG/repos/glgldh360gloqlt/browse/hammurabi/jobs/america/kcpg-gl-hmm-qlt-timeexecutiondaymmrule-02.json?at=refs%2Ftags%2Fv18.3.3";t_kcpg_time_execution_day;t_kbtq_customer_info;kcpg-gl-hmm-qlt-timeexecutiondaymmrule-02.json;"""18.3.3"""
t_kctd_interaction_activity-qlm-MRField.conf;"https://bbva.ghe.com/platform/gl-cs-360-gdh-qlt-kctd/blob/19.0.2/hammurabi/jobs/europa/kctd-gl-hmm-qlt-interactionactivitymrfield-01.json
https://bbva.ghe.com/platform/gl-cs-360-gdh-qlt-kctd/blob/19.0.2/hammurabi/jobs/america-ada/kctd-gl-hmm-qlt-interactionactivitymrfield-01.json";t_kctd_interaction_activity;;kctd-gl-hmm-qlt-interactionactivitymrfield-01.json;"""19.0.2"""
KFCM_cust-fdbk_MRField.conf;"https://bitbucket.globaldevtools.bbva.com/bitbucket/projects/GL_KFCM_APP-ID-26255_DSG/repos/glgldh360gloqlt/browse/hammurabi/jobs/europa/kfcm-gl-hmm-qlt-custfdbkmrfield-01.json?at=refs%2Ftags%2Fv18.4.0
https://bitbucket.globaldevtools.bbva.com/bitbucket/projects/GL_KFCM_APP-ID-26255_DSG/repos/glgldh360gloqlt/browse/hammurabi/jobs/america/kfcm-gl-hmm-qlt-custfdbkmrfield-01.json?at=refs%2Ftags%2Fv18.4.0";t_kfcm_cust_fdbk;;kfcm-gl-hmm-qlt-custfdbkmrfield-01.json;"""18.4.0"""
KFCM_cust-fdbk_MRObject.conf;"https://bitbucket.globaldevtools.bbva.com/bitbucket/projects/GL_KFCM_APP-ID-26255_DSG/repos/glgldh360gloqlt/browse/hammurabi/jobs/europa/kfcm-gl-hmm-qlt-custfdbkmrobject-01.json?at=refs%2Ftags%2Fv18.4.0
https://bitbucket.globaldevtools.bbva.com/bitbucket/projects/GL_KFCM_APP-ID-26255_DSG/repos/glgldh360gloqlt/browse/hammurabi/jobs/america/kfcm-gl-hmm-qlt-custfdbkmrobject-01.json?at=refs%2Ftags%2Fv18.4.0";t_kfcm_cust_fdbk;;kfcm-gl-hmm-qlt-custfdbkmrobject-01.json;"""18.4.0"""
KFCM_cust-fdbk-detail_MRField.conf;"https://bitbucket.globaldevtools.bbva.com/bitbucket/projects/GL_KFCM_APP-ID-26255_DSG/repos/glgldh360gloqlt/browse/hammurabi/jobs/europa/kfcm-gl-hmm-qlt-custfdbkdetailmrfield-01.json?at=refs%2Ftags%2Fv18.4.0
https://bitbucket.globaldevtools.bbva.com/bitbucket/projects/GL_KFCM_APP-ID-26255_DSG/repos/glgldh360gloqlt/browse/hammurabi/jobs/america/kfcm-gl-hmm-qlt-custfdbkdetailmrfield-01.json?at=refs%2Ftags%2Fv18.4.0";t_kfcm_cust_fdbk_detail;;kfcm-gl-hmm-qlt-custfdbkdetailmrfield-01.json;"""18.4.0"""
KFCM_cust-fdbk-detail_MRObject.conf;"https://bitbucket.globaldevtools.bbva.com/bitbucket/projects/GL_KFCM_APP-ID-26255_DSG/repos/glgldh360gloqlt/browse/hammurabi/jobs/europa/kfcm-gl-hmm-qlt-custfdbkdetailmrobject-01.json?at=refs%2Ftags%2Fv18.4.0
https://bitbucket.globaldevtools.bbva.com/bitbucket/projects/GL_KFCM_APP-ID-26255_DSG/repos/glgldh360gloqlt/browse/hammurabi/jobs/america/kfcm-gl-hmm-qlt-custfdbkdetailmrobject-01.json?at=refs%2Ftags%2Fv18.4.0";t_kfcm_cust_fdbk_detail;;kfcm-gl-hmm-qlt-custfdbkdetailmrobject-01.json;"""18.4.0"""
KFCM_cust-fdbk-detail_KFCM_cust-fdbk_MMRule.conf;"https://bitbucket.globaldevtools.bbva.com/bitbucket/projects/GL_KFCM_APP-ID-26255_DSG/repos/glgldh360gloqlt/browse/hammurabi/jobs/europa/kfcm-gl-hmm-qlt-custfdbkdetailmmrule-01.json?at=refs%2Ftags%2Fv18.4.0
https://bitbucket.globaldevtools.bbva.com/bitbucket/projects/GL_KFCM_APP-ID-26255_DSG/repos/glgldh360gloqlt/browse/hammurabi/jobs/america/kfcm-gl-hmm-qlt-custfdbkdetailmmrule-01.json?at=refs%2Ftags%2Fv18.4.0";t_kfcm_cust_fdbk_detail;t_kfcm_cust_fdbk;kfcm-gl-hmm-qlt-custfdbkdetailmmrule-01.json;"""18.4.0"""
KFCM_fdbk-filled-form-field_MRField.conf;"https://bitbucket.globaldevtools.bbva.com/bitbucket/projects/GL_KFCM_APP-ID-26255_DSG/repos/glgldh360gloqlt/browse/hammurabi/jobs/europa/kfcm-gl-hmm-qlt-fdbkfilledformfieldmrfield-01.json?at=refs%2Ftags%2Fv18.4.0
https://bitbucket.globaldevtools.bbva.com/bitbucket/projects/GL_KFCM_APP-ID-26255_DSG/repos/glgldh360gloqlt/browse/hammurabi/jobs/america/kfcm-gl-hmm-qlt-fdbkfilledformfieldmrfield-01.json?at=refs%2Ftags%2Fv18.4.0";t_kfcm_fdbk_filled_form_field;;kfcm-gl-hmm-qlt-fdbkfilledformfieldmrfield-01.json;"""18.4.0"""
KFCM_fdbk-filled-form-field_MRObject.conf;"https://bitbucket.globaldevtools.bbva.com/bitbucket/projects/GL_KFCM_APP-ID-26255_DSG/repos/glgldh360gloqlt/browse/hammurabi/jobs/europa/kfcm-gl-hmm-qlt-fdbkfilledformfieldmrobject-01.json?at=refs%2Ftags%2Fv18.4.0
https://bitbucket.globaldevtools.bbva.com/bitbucket/projects/GL_KFCM_APP-ID-26255_DSG/repos/glgldh360gloqlt/browse/hammurabi/jobs/america/kfcm-gl-hmm-qlt-fdbkfilledformfieldmrobject-01.json?at=refs%2Ftags%2Fv18.4.0";t_kfcm_fdbk_filled_form_field;;kfcm-gl-hmm-qlt-fdbkfilledformfieldmrobject-01.json;"""18.4.0"""
KFCM_fdbk-filled-form-field_KFCM_feedback-form-shown_MMRule.conf;"https://bitbucket.globaldevtools.bbva.com/bitbucket/projects/GL_KFCM_APP-ID-26255_DSG/repos/glgldh360gloqlt/browse/hammurabi/jobs/europa/kfcm-gl-hmm-qlt-fdbkfilledformfieldmmrule-01.json?at=refs%2Ftags%2Fv18.4.0
https://bitbucket.globaldevtools.bbva.com/bitbucket/projects/GL_KFCM_APP-ID-26255_DSG/repos/glgldh360gloqlt/browse/hammurabi/jobs/america/kfcm-gl-hmm-qlt-fdbkfilledformfieldmmrule-01.json?at=refs%2Ftags%2Fv18.4.0";t_kfcm_fdbk_filled_form_field;t_kfcm_feedback_form_shown;kfcm-gl-hmm-qlt-fdbkfilledformfieldmmrule-01.json;"""18.4.0"""
KFCM_fdbk-saturation-rules_MRField.conf;"https://bitbucket.globaldevtools.bbva.com/bitbucket/projects/GL_KFCM_APP-ID-26255_DSG/repos/glgldh360gloqlt/browse/hammurabi/jobs/europa/kfcm-gl-hmm-qlt-fdbksaturationrulesmrfield-01.json?at=refs%2Ftags%2Fv18.4.0
https://bitbucket.globaldevtools.bbva.com/bitbucket/projects/GL_KFCM_APP-ID-26255_DSG/repos/glgldh360gloqlt/browse/hammurabi/jobs/america/kfcm-gl-hmm-qlt-fdbksaturationrulesmrfield-01.json?at=refs%2Ftags%2Fv18.4.0";t_kfcm_fdbk_saturation_rules;;kfcm-gl-hmm-qlt-fdbksaturationrulesmrfield-01.json;"""18.4.0"""
KFCM_fdbk-saturation-rules_MRObject.conf;"https://bitbucket.globaldevtools.bbva.com/bitbucket/projects/GL_KFCM_APP-ID-26255_DSG/repos/glgldh360gloqlt/browse/hammurabi/jobs/europa/kfcm-gl-hmm-qlt-fdbksaturationrulesmrobject-01.json?at=refs%2Ftags%2Fv18.4.0
https://bitbucket.globaldevtools.bbva.com/bitbucket/projects/GL_KFCM_APP-ID-26255_DSG/repos/glgldh360gloqlt/browse/hammurabi/jobs/america/kfcm-gl-hmm-qlt-fdbksaturationrulesmrobject-01.json?at=refs%2Ftags%2Fv18.4.0";t_kfcm_fdbk_saturation_rules;;kfcm-gl-hmm-qlt-fdbksaturationrulesmrobject-01.json;"""18.4.0"""
KFCM_feedback-config_MRField.conf;"https://bitbucket.globaldevtools.bbva.com/bitbucket/projects/GL_KFCM_APP-ID-26255_DSG/repos/glgldh360gloqlt/browse/hammurabi/jobs/europa/kfcm-gl-hmm-qlt-feedbackconfigmrfield-01.json?at=refs%2Ftags%2Fv18.4.0
https://bitbucket.globaldevtools.bbva.com/bitbucket/projects/GL_KFCM_APP-ID-26255_DSG/repos/glgldh360gloqlt/browse/hammurabi/jobs/america/kfcm-gl-hmm-qlt-feedbackconfigmrfield-01.json?at=refs%2Ftags%2Fv18.4.0";t_kfcm_feedback_config;;kfcm-gl-hmm-qlt-feedbackconfigmrfield-01.json;"""18.4.0"""
KFCM_feedback-config_KBTQ_customer-info_MMRule.conf;"https://bitbucket.globaldevtools.bbva.com/bitbucket/projects/GL_KFCM_APP-ID-26255_DSG/repos/glgldh360gloqlt/browse/hammurabi/jobs/europa/kfcm-gl-hmm-qlt-feedbackconfigmmrule-01.json?at=refs%2Ftags%2Fv18.4.0
https://bitbucket.globaldevtools.bbva.com/bitbucket/projects/GL_KFCM_APP-ID-26255_DSG/repos/glgldh360gloqlt/browse/hammurabi/jobs/america/kfcm-gl-hmm-qlt-feedbackconfigmmrule-01.json?at=refs%2Ftags%2Fv18.4.0";t_kfcm_feedback_config;t_kbtq_customer_info;kfcm-gl-hmm-qlt-feedbackconfigmmrule-01.json;"""18.4.0"""
KFCM_feedback-config_KCOG_entity_MMRule.conf;"https://bitbucket.globaldevtools.bbva.com/bitbucket/projects/GL_KFCM_APP-ID-26255_DSG/repos/glgldh360gloqlt/browse/hammurabi/jobs/europa/kfcm-gl-hmm-qlt-feedbackconfigmmrule-02.json?at=refs%2Ftags%2Fv18.4.0
https://bitbucket.globaldevtools.bbva.com/bitbucket/projects/GL_KFCM_APP-ID-26255_DSG/repos/glgldh360gloqlt/browse/hammurabi/jobs/america/kfcm-gl-hmm-qlt-feedbackconfigmmrule-02.json?at=refs%2Ftags%2Fv18.4.0";t_kfcm_feedback_config;t_kcog_entity;kfcm-gl-hmm-qlt-feedbackconfigmmrule-02.json;"""18.4.0"""
KFCM_feedback-config_KCOG_country_MMRule.conf;"https://bitbucket.globaldevtools.bbva.com/bitbucket/projects/GL_KFCM_APP-ID-26255_DSG/repos/glgldh360gloqlt/browse/hammurabi/jobs/europa/kfcm-gl-hmm-qlt-feedbackconfigmmrule-03.json?at=refs%2Ftags%2Fv18.4.0
https://bitbucket.globaldevtools.bbva.com/bitbucket/projects/GL_KFCM_APP-ID-26255_DSG/repos/glgldh360gloqlt/browse/hammurabi/jobs/america/kfcm-gl-hmm-qlt-feedbackconfigmmrule-03.json?at=refs%2Ftags%2Fv18.4.0";t_kfcm_feedback_config;t_kcog_country;kfcm-gl-hmm-qlt-feedbackconfigmmrule-03.json;"""18.4.0"""
KFCM_feedback-config_MRObject.conf;"https://bitbucket.globaldevtools.bbva.com/bitbucket/projects/GL_KFCM_APP-ID-26255_DSG/repos/glgldh360gloqlt/browse/hammurabi/jobs/europa/kfcm-gl-hmm-qlt-feedbackconfigmrobject-01.json?at=refs%2Ftags%2Fv18.4.0
https://bitbucket.globaldevtools.bbva.com/bitbucket/projects/GL_KFCM_APP-ID-26255_DSG/repos/glgldh360gloqlt/browse/hammurabi/jobs/america/kfcm-gl-hmm-qlt-feedbackconfigmrobject-01.json?at=refs%2Ftags%2Fv18.4.0";t_kfcm_feedback_config;;kfcm-gl-hmm-qlt-feedbackconfigmrobject-01.json;"""18.4.0"""
KFCM_feedback-filled-form_MRField.conf;"https://bitbucket.globaldevtools.bbva.com/bitbucket/projects/GL_KFCM_APP-ID-26255_DSG/repos/glgldh360gloqlt/browse/hammurabi/jobs/europa/kfcm-gl-hmm-qlt-feedbackfilledformmrfield-01.json?at=refs%2Ftags%2Fv18.4.0
https://bitbucket.globaldevtools.bbva.com/bitbucket/projects/GL_KFCM_APP-ID-26255_DSG/repos/glgldh360gloqlt/browse/hammurabi/jobs/america/kfcm-gl-hmm-qlt-feedbackfilledformmrfield-01.json?at=refs%2Ftags%2Fv18.4.0";t_kfcm_feedback_filled_form;;kfcm-gl-hmm-qlt-feedbackfilledformmrfield-01.json;"""18.4.0"""
KFCM_feedback-filled-form_MRObject.conf;"https://bitbucket.globaldevtools.bbva.com/bitbucket/projects/GL_KFCM_APP-ID-26255_DSG/repos/glgldh360gloqlt/browse/hammurabi/jobs/europa/kfcm-gl-hmm-qlt-feedbackfilledformmrobject-01.json?at=refs%2Ftags%2Fv18.4.0
https://bitbucket.globaldevtools.bbva.com/bitbucket/projects/GL_KFCM_APP-ID-26255_DSG/repos/glgldh360gloqlt/browse/hammurabi/jobs/america/kfcm-gl-hmm-qlt-feedbackfilledformmrobject-01.json?at=refs%2Ftags%2Fv18.4.0";t_kfcm_feedback_filled_form;;kfcm-gl-hmm-qlt-feedbackfilledformmrobject-01.json;"""18.4.0"""
KFCM_feedback-filled-form_KFCM_feedback-form-shown_MMRule.conf;"https://bitbucket.globaldevtools.bbva.com/bitbucket/projects/GL_KFCM_APP-ID-26255_DSG/repos/glgldh360gloqlt/browse/hammurabi/jobs/europa/kfcm-gl-hmm-qlt-feedbackfilledformmmrule-01.json?at=refs%2Ftags%2Fv18.4.0
https://bitbucket.globaldevtools.bbva.com/bitbucket/projects/GL_KFCM_APP-ID-26255_DSG/repos/glgldh360gloqlt/browse/hammurabi/jobs/america/kfcm-gl-hmm-qlt-feedbackfilledformmmrule-01.json?at=refs%2Ftags%2Fv18.4.0";t_kfcm_feedback_filled_form;t_kfcm_feedback_form_shown;kfcm-gl-hmm-qlt-feedbackfilledformmmrule-01.json;"""18.4.0"""
KFCM_feedback-form-field_MRField.conf;"https://bitbucket.globaldevtools.bbva.com/bitbucket/projects/GL_KFCM_APP-ID-26255_DSG/repos/glgldh360gloqlt/browse/hammurabi/jobs/europa/kfcm-gl-hmm-qlt-feedbackformfieldmrfield-01.json?at=refs%2Ftags%2Fv18.4.0
https://bitbucket.globaldevtools.bbva.com/bitbucket/projects/GL_KFCM_APP-ID-26255_DSG/repos/glgldh360gloqlt/browse/hammurabi/jobs/america/kfcm-gl-hmm-qlt-feedbackformfieldmrfield-01.json?at=refs%2Ftags%2Fv18.4.0";t_kfcm_feedback_form_field;;kfcm-gl-hmm-qlt-feedbackformfieldmrfield-01.json;"""18.4.0"""
KFCM_feedback-form-field_MRObject.conf;"https://bitbucket.globaldevtools.bbva.com/bitbucket/projects/GL_KFCM_APP-ID-26255_DSG/repos/glgldh360gloqlt/browse/hammurabi/jobs/europa/kfcm-gl-hmm-qlt-feedbackformfieldmrobject-01.json?at=refs%2Ftags%2Fv18.4.0
https://bitbucket.globaldevtools.bbva.com/bitbucket/projects/GL_KFCM_APP-ID-26255_DSG/repos/glgldh360gloqlt/browse/hammurabi/jobs/america/kfcm-gl-hmm-qlt-feedbackformfieldmrobject-01.json?at=refs%2Ftags%2Fv18.4.0";t_kfcm_feedback_form_field;;kfcm-gl-hmm-qlt-feedbackformfieldmrobject-01.json;"""18.4.0"""
KFCM_feedback-form-shown_MRField.conf;"https://bitbucket.globaldevtools.bbva.com/bitbucket/projects/GL_KFCM_APP-ID-26255_DSG/repos/glgldh360gloqlt/browse/hammurabi/jobs/europa/kfcm-gl-hmm-qlt-feedbackformshownmrfield-01.json?at=refs%2Ftags%2Fv18.4.0
https://bitbucket.globaldevtools.bbva.com/bitbucket/projects/GL_KFCM_APP-ID-26255_DSG/repos/glgldh360gloqlt/browse/hammurabi/jobs/america/kfcm-gl-hmm-qlt-feedbackformshownmrfield-01.json?at=refs%2Ftags%2Fv18.4.0";t_kfcm_feedback_form_shown;;kfcm-gl-hmm-qlt-feedbackformshownmrfield-01.json;"""18.4.0"""
KFCM_feedback-form-shown_KCOG_country_MMRule.conf;"https://bitbucket.globaldevtools.bbva.com/bitbucket/projects/GL_KFCM_APP-ID-26255_DSG/repos/glgldh360gloqlt/browse/hammurabi/jobs/europa/kfcm-gl-hmm-qlt-feedbackformshownmmrule-01.json?at=refs%2Ftags%2Fv18.4.0
https://bitbucket.globaldevtools.bbva.com/bitbucket/projects/GL_KFCM_APP-ID-26255_DSG/repos/glgldh360gloqlt/browse/hammurabi/jobs/america/kfcm-gl-hmm-qlt-feedbackformshownmmrule-01.json?at=refs%2Ftags%2Fv18.4.0";t_kfcm_feedback_form_shown;t_kcog_country;kfcm-gl-hmm-qlt-feedbackformshownmmrule-01.json;"""18.4.0"""
KFCM_feedback-forms_MRField.conf;"https://bitbucket.globaldevtools.bbva.com/bitbucket/projects/GL_KFCM_APP-ID-26255_DSG/repos/glgldh360gloqlt/browse/hammurabi/jobs/europa/kfcm-gl-hmm-qlt-feedbackformsmrfield-01.json?at=refs%2Ftags%2Fv18.4.0
https://bitbucket.globaldevtools.bbva.com/bitbucket/projects/GL_KFCM_APP-ID-26255_DSG/repos/glgldh360gloqlt/browse/hammurabi/jobs/america/kfcm-gl-hmm-qlt-feedbackformsmrfield-01.json?at=refs%2Ftags%2Fv18.4.0";t_kfcm_feedback_forms;;kfcm-gl-hmm-qlt-feedbackformsmrfield-01.json;"""18.4.0"""
KFCM_feedback-forms_MRObject.conf;"https://bitbucket.globaldevtools.bbva.com/bitbucket/projects/GL_KFCM_APP-ID-26255_DSG/repos/glgldh360gloqlt/browse/hammurabi/jobs/europa/kfcm-gl-hmm-qlt-feedbackformsmrobject-01.json?at=refs%2Ftags%2Fv18.4.0
https://bitbucket.globaldevtools.bbva.com/bitbucket/projects/GL_KFCM_APP-ID-26255_DSG/repos/glgldh360gloqlt/browse/hammurabi/jobs/america/kfcm-gl-hmm-qlt-feedbackformsmrobject-01.json?at=refs%2Ftags%2Fv18.4.0";t_kfcm_feedback_forms;;kfcm-gl-hmm-qlt-feedbackformsmrobject-01.json;"""18.4.0"""
KFCM_feedback-options_MRField.conf;"https://bitbucket.globaldevtools.bbva.com/bitbucket/projects/GL_KFCM_APP-ID-26255_DSG/repos/glgldh360gloqlt/browse/hammurabi/jobs/europa/kfcm-gl-hmm-qlt-feedbackoptionsmrfield-01.json?at=refs%2Ftags%2Fv18.4.0
https://bitbucket.globaldevtools.bbva.com/bitbucket/projects/GL_KFCM_APP-ID-26255_DSG/repos/glgldh360gloqlt/browse/hammurabi/jobs/america/kfcm-gl-hmm-qlt-feedbackoptionsmrfield-01.json?at=refs%2Ftags%2Fv18.4.0";t_kfcm_feedback_options;;kfcm-gl-hmm-qlt-feedbackoptionsmrfield-01.json;"""18.4.0"""
KFCM_feedback-options_MRObject.conf;"https://bitbucket.globaldevtools.bbva.com/bitbucket/projects/GL_KFCM_APP-ID-26255_DSG/repos/glgldh360gloqlt/browse/hammurabi/jobs/europa/kfcm-gl-hmm-qlt-feedbackoptionsmrobject-01.json?at=refs%2Ftags%2Fv18.4.0
https://bitbucket.globaldevtools.bbva.com/bitbucket/projects/GL_KFCM_APP-ID-26255_DSG/repos/glgldh360gloqlt/browse/hammurabi/jobs/america/kfcm-gl-hmm-qlt-feedbackoptionsmrobject-01.json?at=refs%2Ftags%2Fv18.4.0";t_kfcm_feedback_options;;kfcm-gl-hmm-qlt-feedbackoptionsmrobject-01.json;"""18.4.0"""
KFCM_feedback-rlvnt-facts_MRField.conf;"https://bitbucket.globaldevtools.bbva.com/bitbucket/projects/GL_KFCM_APP-ID-26255_DSG/repos/glgldh360gloqlt/browse/hammurabi/jobs/europa/kfcm-gl-hmm-qlt-feedbackrlvntfactsmrfield-01.json?at=refs%2Ftags%2Fv18.4.0
https://bitbucket.globaldevtools.bbva.com/bitbucket/projects/GL_KFCM_APP-ID-26255_DSG/repos/glgldh360gloqlt/browse/hammurabi/jobs/america/kfcm-gl-hmm-qlt-feedbackrlvntfactsmrfield-01.json?at=refs%2Ftags%2Fv18.4.0";t_kfcm_feedback_rlvnt_facts;;kfcm-gl-hmm-qlt-feedbackrlvntfactsmrfield-01.json;"""18.4.0"""
KFCM_feedback-rlvnt-facts_MRObject.conf;"https://bitbucket.globaldevtools.bbva.com/bitbucket/projects/GL_KFCM_APP-ID-26255_DSG/repos/glgldh360gloqlt/browse/hammurabi/jobs/europa/kfcm-gl-hmm-qlt-feedbackrlvntfactsmrobject-01.json?at=refs%2Ftags%2Fv18.4.0
https://bitbucket.globaldevtools.bbva.com/bitbucket/projects/GL_KFCM_APP-ID-26255_DSG/repos/glgldh360gloqlt/browse/hammurabi/jobs/america/kfcm-gl-hmm-qlt-feedbackrlvntfactsmrobject-01.json?at=refs%2Ftags%2Fv18.4.0";t_kfcm_feedback_rlvnt_facts;;kfcm-gl-hmm-qlt-feedbackrlvntfactsmrobject-01.json;"""18.4.0"""
KFCM_feedback-rlvnt-facts_KATC_relevant-facts_MMRule.conf;"https://bitbucket.globaldevtools.bbva.com/bitbucket/projects/GL_KFCM_APP-ID-26255_DSG/repos/glgldh360gloqlt/browse/hammurabi/jobs/europa/kfcm-gl-hmm-qlt-feedbackrlvntfactsmmrule-01.json?at=refs%2Ftags%2Fv18.4.0
https://bitbucket.globaldevtools.bbva.com/bitbucket/projects/GL_KFCM_APP-ID-26255_DSG/repos/glgldh360gloqlt/browse/hammurabi/jobs/america/kfcm-gl-hmm-qlt-feedbackrlvntfactsmmrule-01.json?at=refs%2Ftags%2Fv18.4.0";t_kfcm_feedback_rlvnt_facts;t_katc_relevant_facts;kfcm-gl-hmm-qlt-feedbackrlvntfactsmmrule-01.json;"""18.4.0"""
KFCM_feedback-rlvnt-facts_KCOG_entity_MMRule.conf;"https://bitbucket.globaldevtools.bbva.com/bitbucket/projects/GL_KFCM_APP-ID-26255_DSG/repos/glgldh360gloqlt/browse/hammurabi/jobs/europa/kfcm-gl-hmm-qlt-feedbackrlvntfactsmmrule-02.json?at=refs%2Ftags%2Fv18.4.0
https://bitbucket.globaldevtools.bbva.com/bitbucket/projects/GL_KFCM_APP-ID-26255_DSG/repos/glgldh360gloqlt/browse/hammurabi/jobs/america/kfcm-gl-hmm-qlt-feedbackrlvntfactsmmrule-02.json?at=refs%2Ftags%2Fv18.4.0";t_kfcm_feedback_rlvnt_facts;t_kcog_entity;kfcm-gl-hmm-qlt-feedbackrlvntfactsmmrule-02.json;"""18.4.0"""
KFCM_feedback-rlvnt-facts_KCOG_country_MMRule.conf;"https://bitbucket.globaldevtools.bbva.com/bitbucket/projects/GL_KFCM_APP-ID-26255_DSG/repos/glgldh360gloqlt/browse/hammurabi/jobs/europa/kfcm-gl-hmm-qlt-feedbackrlvntfactsmmrule-03.json?at=refs%2Ftags%2Fv18.4.0
https://bitbucket.globaldevtools.bbva.com/bitbucket/projects/GL_KFCM_APP-ID-26255_DSG/repos/glgldh360gloqlt/browse/hammurabi/jobs/america/kfcm-gl-hmm-qlt-feedbackrlvntfactsmmrule-03.json?at=refs%2Ftags%2Fv18.4.0";t_kfcm_feedback_rlvnt_facts;t_kcog_country;kfcm-gl-hmm-qlt-feedbackrlvntfactsmmrule-03.json;"""18.4.0"""
KFCM_feedback-rlvnt-facts_KBTQ_customer-info_MMRule.conf;"https://bitbucket.globaldevtools.bbva.com/bitbucket/projects/GL_KFCM_APP-ID-26255_DSG/repos/glgldh360gloqlt/browse/hammurabi/jobs/europa/kfcm-gl-hmm-qlt-feedbackrlvntfactsmmrule-04.json?at=refs%2Ftags%2Fv18.4.0
https://bitbucket.globaldevtools.bbva.com/bitbucket/projects/GL_KFCM_APP-ID-26255_DSG/repos/glgldh360gloqlt/browse/hammurabi/jobs/america/kfcm-gl-hmm-qlt-feedbackrlvntfactsmmrule-04.json?at=refs%2Ftags%2Fv18.4.0";t_kfcm_feedback_rlvnt_facts;t_kbtq_customer_info;kfcm-gl-hmm-qlt-feedbackrlvntfactsmmrule-04.json;"""18.4.0"""
KFCM_insurance-claim-survey_MRField.conf;"https://bitbucket.globaldevtools.bbva.com/bitbucket/projects/GL_KFCM_APP-ID-26255_DSG/repos/glgldh360gloqlt/browse/hammurabi/jobs/europa/kfcm-gl-hmm-qlt-insuranceclaimsurvemrfield-01.json?at=refs%2Ftags%2Fv18.4.0
https://bitbucket.globaldevtools.bbva.com/bitbucket/projects/GL_KFCM_APP-ID-26255_DSG/repos/glgldh360gloqlt/browse/hammurabi/jobs/america/kfcm-gl-hmm-qlt-insuranceclaimsurvemrfield-01.json?at=refs%2Ftags%2Fv18.4.0";t_kfcm_insurance_claim_survey;;kfcm-gl-hmm-qlt-insuranceclaimsurvemrfield-01.json;"""18.4.0"""
KFCM_nps-detail_MRField.conf;"https://bitbucket.globaldevtools.bbva.com/bitbucket/projects/GL_KFCM_APP-ID-26255_DSG/repos/glgldh360gloqlt/browse/hammurabi/jobs/europa/kfcm-gl-hmm-qlt-npsdetailmrfield-01.json?at=refs%2Ftags%2Fv18.4.0
https://bitbucket.globaldevtools.bbva.com/bitbucket/projects/GL_KFCM_APP-ID-26255_DSG/repos/glgldh360gloqlt/browse/hammurabi/jobs/america/kfcm-gl-hmm-qlt-npsdetailmrfield-01.json?at=refs%2Ftags%2Fv18.4.0";t_kfcm_nps_detail;;kfcm-gl-hmm-qlt-npsdetailmrfield-01.json;"""18.4.0"""
KFCM_nps-detail_MRObject.conf;"https://bitbucket.globaldevtools.bbva.com/bitbucket/projects/GL_KFCM_APP-ID-26255_DSG/repos/glgldh360gloqlt/browse/hammurabi/jobs/europa/kfcm-gl-hmm-qlt-npsdetailmrobject-01.json?at=refs%2Ftags%2Fv18.4.0
https://bitbucket.globaldevtools.bbva.com/bitbucket/projects/GL_KFCM_APP-ID-26255_DSG/repos/glgldh360gloqlt/browse/hammurabi/jobs/america/kfcm-gl-hmm-qlt-npsdetailmrobject-01.json?at=refs%2Ftags%2Fv18.4.0";t_kfcm_nps_detail;;kfcm-gl-hmm-qlt-npsdetailmrobject-01.json;"""18.4.0"""
KFCM_nps-detail_KCOG_entity_MMRule.conf;"https://bitbucket.globaldevtools.bbva.com/bitbucket/projects/GL_KFCM_APP-ID-26255_DSG/repos/glgldh360gloqlt/browse/hammurabi/jobs/europa/kfcm-gl-hmm-qlt-npsdetailmmrule-01.json?at=refs%2Ftags%2Fv18.4.0
https://bitbucket.globaldevtools.bbva.com/bitbucket/projects/GL_KFCM_APP-ID-26255_DSG/repos/glgldh360gloqlt/browse/hammurabi/jobs/america/kfcm-gl-hmm-qlt-npsdetailmmrule-01.json?at=refs%2Ftags%2Fv18.4.0";t_kfcm_nps_detail;t_kcog_entity;kfcm-gl-hmm-qlt-npsdetailmmrule-01.json;"""18.4.0"""
KFCM_nps-detail_KCOG_country_MMRule.conf;"https://bitbucket.globaldevtools.bbva.com/bitbucket/projects/GL_KFCM_APP-ID-26255_DSG/repos/glgldh360gloqlt/browse/hammurabi/jobs/europa/kfcm-gl-hmm-qlt-npsdetailmmrule-02.json?at=refs%2Ftags%2Fv18.4.0
https://bitbucket.globaldevtools.bbva.com/bitbucket/projects/GL_KFCM_APP-ID-26255_DSG/repos/glgldh360gloqlt/browse/hammurabi/jobs/america/kfcm-gl-hmm-qlt-npsdetailmmrule-02.json?at=refs%2Ftags%2Fv18.4.0";t_kfcm_nps_detail;t_kcog_country;kfcm-gl-hmm-qlt-npsdetailmmrule-02.json;"""18.4.0"""
KFCM_nps-sv-respondent-retail_MRField.conf;"https://bitbucket.globaldevtools.bbva.com/bitbucket/projects/GL_KFCM_APP-ID-26255_DSG/repos/glgldh360gloqlt/browse/hammurabi/jobs/europa/kfcm-gl-hmm-qlt-npssvrespondentretamrfield-01.json?at=refs%2Ftags%2Fv18.4.0
https://bitbucket.globaldevtools.bbva.com/bitbucket/projects/GL_KFCM_APP-ID-26255_DSG/repos/glgldh360gloqlt/browse/hammurabi/jobs/america/kfcm-gl-hmm-qlt-npssvrespondentretamrfield-01.json?at=refs%2Ftags%2Fv18.4.0";t_kfcm_nps_sv_respondent_retail;;kfcm-gl-hmm-qlt-npssvrespondentretamrfield-01.json;"""18.4.0"""
KFCM_nps-sv-respondent-retail_MRObject.conf;"https://bitbucket.globaldevtools.bbva.com/bitbucket/projects/GL_KFCM_APP-ID-26255_DSG/repos/glgldh360gloqlt/browse/hammurabi/jobs/europa/kfcm-gl-hmm-qlt-npssvrespondentretamrobject-01.json?at=refs%2Ftags%2Fv18.4.0
https://bitbucket.globaldevtools.bbva.com/bitbucket/projects/GL_KFCM_APP-ID-26255_DSG/repos/glgldh360gloqlt/browse/hammurabi/jobs/america/kfcm-gl-hmm-qlt-npssvrespondentretamrobject-01.json?at=refs%2Ftags%2Fv18.4.0";t_kfcm_nps_sv_respondent_retail;;kfcm-gl-hmm-qlt-npssvrespondentretamrobject-01.json;"""18.4.0"""
KFCM_nps-sv-respondent-retail_KCOG_entity_MMRule.conf;"https://bitbucket.globaldevtools.bbva.com/bitbucket/projects/GL_KFCM_APP-ID-26255_DSG/repos/glgldh360gloqlt/browse/hammurabi/jobs/europa/kfcm-gl-hmm-qlt-npssvrespondentretammrule-01.json?at=refs%2Ftags%2Fv18.4.0
https://bitbucket.globaldevtools.bbva.com/bitbucket/projects/GL_KFCM_APP-ID-26255_DSG/repos/glgldh360gloqlt/browse/hammurabi/jobs/america/kfcm-gl-hmm-qlt-npssvrespondentretammrule-01.json?at=refs%2Ftags%2Fv18.4.0";t_kfcm_nps_sv_respondent_retail;t_kcog_entity;kfcm-gl-hmm-qlt-npssvrespondentretammrule-01.json;"""18.4.0"""
KFCM_nps-sv-respondent-retail_KCOG_country_MMRule.conf;"https://bitbucket.globaldevtools.bbva.com/bitbucket/projects/GL_KFCM_APP-ID-26255_DSG/repos/glgldh360gloqlt/browse/hammurabi/jobs/europa/kfcm-gl-hmm-qlt-npssvrespondentretammrule-02.json?at=refs%2Ftags%2Fv18.4.0
https://bitbucket.globaldevtools.bbva.com/bitbucket/projects/GL_KFCM_APP-ID-26255_DSG/repos/glgldh360gloqlt/browse/hammurabi/jobs/america/kfcm-gl-hmm-qlt-npssvrespondentretammrule-02.json?at=refs%2Ftags%2Fv18.4.0";t_kfcm_nps_sv_respondent_retail;t_kcog_country;kfcm-gl-hmm-qlt-npssvrespondentretammrule-02.json;"""18.4.0"""
KFCM_nps-sv-respondent-smes_MRField.conf;"https://bitbucket.globaldevtools.bbva.com/bitbucket/projects/GL_KFCM_APP-ID-26255_DSG/repos/glgldh360gloqlt/browse/hammurabi/jobs/europa/kfcm-gl-hmm-qlt-npssvrespondentsmesmrfield-01.json?at=refs%2Ftags%2Fv18.4.0
https://bitbucket.globaldevtools.bbva.com/bitbucket/projects/GL_KFCM_APP-ID-26255_DSG/repos/glgldh360gloqlt/browse/hammurabi/jobs/america/kfcm-gl-hmm-qlt-npssvrespondentsmesmrfield-01.json?at=refs%2Ftags%2Fv18.4.0";t_kfcm_nps_sv_respondent_smes;;kfcm-gl-hmm-qlt-npssvrespondentsmesmrfield-01.json;"""18.4.0"""
KFCM_nps-sv-respondent-smes_MRObject.conf;"https://bitbucket.globaldevtools.bbva.com/bitbucket/projects/GL_KFCM_APP-ID-26255_DSG/repos/glgldh360gloqlt/browse/hammurabi/jobs/europa/kfcm-gl-hmm-qlt-npssvrespondentsmesmrobject-01.json?at=refs%2Ftags%2Fv18.4.0
https://bitbucket.globaldevtools.bbva.com/bitbucket/projects/GL_KFCM_APP-ID-26255_DSG/repos/glgldh360gloqlt/browse/hammurabi/jobs/america/kfcm-gl-hmm-qlt-npssvrespondentsmesmrobject-01.json?at=refs%2Ftags%2Fv18.4.0";t_kfcm_nps_sv_respondent_smes;;kfcm-gl-hmm-qlt-npssvrespondentsmesmrobject-01.json;"""18.4.0"""
KFCM_nps-sv-respondent-smes_KCOG_entity_MMRule.conf;"https://bitbucket.globaldevtools.bbva.com/bitbucket/projects/GL_KFCM_APP-ID-26255_DSG/repos/glgldh360gloqlt/browse/hammurabi/jobs/europa/kfcm-gl-hmm-qlt-npssvrespondentsmesmmrule-01.json?at=refs%2Ftags%2Fv18.4.0
https://bitbucket.globaldevtools.bbva.com/bitbucket/projects/GL_KFCM_APP-ID-26255_DSG/repos/glgldh360gloqlt/browse/hammurabi/jobs/america/kfcm-gl-hmm-qlt-npssvrespondentsmesmmrule-01.json?at=refs%2Ftags%2Fv18.4.0";t_kfcm_nps_sv_respondent_smes;t_kcog_entity;kfcm-gl-hmm-qlt-npssvrespondentsmesmmrule-01.json;"""18.4.0"""
KFCM_nps-sv-respondent-smes_KCOG_country_MMRule.conf;"https://bitbucket.globaldevtools.bbva.com/bitbucket/projects/GL_KFCM_APP-ID-26255_DSG/repos/glgldh360gloqlt/browse/hammurabi/jobs/europa/kfcm-gl-hmm-qlt-npssvrespondentsmesmmrule-02.json?at=refs%2Ftags%2Fv18.4.0
https://bitbucket.globaldevtools.bbva.com/bitbucket/projects/GL_KFCM_APP-ID-26255_DSG/repos/glgldh360gloqlt/browse/hammurabi/jobs/america/kfcm-gl-hmm-qlt-npssvrespondentsmesmmrule-02.json?at=refs%2Ftags%2Fv18.4.0";t_kfcm_nps_sv_respondent_smes;t_kcog_country;kfcm-gl-hmm-qlt-npssvrespondentsmesmmrule-02.json;"""18.4.0"""
KFCM_us-fdbk-fill-frmm-rev-fld_MRField.conf;"https://bitbucket.globaldevtools.bbva.com/bitbucket/projects/GL_KFCM_APP-ID-26255_DSG/repos/glgldh360gloqlt/browse/hammurabi/jobs/europa/kfcm-gl-hmm-qlt-usfdbkfillfrmmrevflmrfield-01.json?at=refs%2Ftags%2Fv18.4.0
https://bitbucket.globaldevtools.bbva.com/bitbucket/projects/GL_KFCM_APP-ID-26255_DSG/repos/glgldh360gloqlt/browse/hammurabi/jobs/america/kfcm-gl-hmm-qlt-usfdbkfillfrmmrevflmrfield-01.json?at=refs%2Ftags%2Fv18.4.0";t_kfcm_us_fdbk_fill_frmm_rev_fld;;kfcm-gl-hmm-qlt-usfdbkfillfrmmrevflmrfield-01.json;"""18.4.0"""
KFCM_user-fdbk-filled-form-fld_MRField.conf;"https://bitbucket.globaldevtools.bbva.com/bitbucket/projects/GL_KFCM_APP-ID-26255_DSG/repos/glgldh360gloqlt/browse/hammurabi/jobs/europa/kfcm-gl-hmm-qlt-userfdbkfilledformfmrfield-01.json?at=refs%2Ftags%2Fv18.4.0
https://bitbucket.globaldevtools.bbva.com/bitbucket/projects/GL_KFCM_APP-ID-26255_DSG/repos/glgldh360gloqlt/browse/hammurabi/jobs/america/kfcm-gl-hmm-qlt-userfdbkfilledformfmrfield-01.json?at=refs%2Ftags%2Fv18.4.0";t_kfcm_user_fdbk_filled_form_fld;;kfcm-gl-hmm-qlt-userfdbkfilledformfmrfield-01.json;"""18.4.0"""
KMIG_customer-allocation_MRField.conf;"https://bitbucket.globaldevtools.bbva.com/bitbucket/projects/GL_KMIG_APP-ID-764032_DSG/repos/glgldh360gloqlt/browse/hammurabi/jobs/europa/kmig-gl-hmm-qlt-customerallocationmrfield-01.json?at=refs%2Ftags%2Fv18.3.3
https://bitbucket.globaldevtools.bbva.com/bitbucket/projects/GL_KMIG_APP-ID-764032_DSG/repos/glgldh360gloqlt/browse/hammurabi/jobs/america/kmig-gl-hmm-qlt-customerallocationmrfield-01.json?at=refs%2Ftags%2Fv18.3.3";t_kmig_customer_allocation;;kmig-gl-hmm-qlt-customerallocationmrfield-01.json;"""18.3.3"""
KMIG_customer-allocation_MRObject.conf;"https://bitbucket.globaldevtools.bbva.com/bitbucket/projects/GL_KMIG_APP-ID-764032_DSG/repos/glgldh360gloqlt/browse/hammurabi/jobs/europa/kmig-gl-hmm-qlt-customerallocationmrobject-01.json?at=refs%2Ftags%2Fv18.3.3
https://bitbucket.globaldevtools.bbva.com/bitbucket/projects/GL_KMIG_APP-ID-764032_DSG/repos/glgldh360gloqlt/browse/hammurabi/jobs/america/kmig-gl-hmm-qlt-customerallocationmrobject-01.json?at=refs%2Ftags%2Fv18.3.3";t_kmig_customer_allocation;;kmig-gl-hmm-qlt-customerallocationmrobject-01.json;"""18.3.3"""
KMIG_customer-allocation_KCOG_country_MMRule.conf;"https://bitbucket.globaldevtools.bbva.com/bitbucket/projects/GL_KMIG_APP-ID-764032_DSG/repos/glgldh360gloqlt/browse/hammurabi/jobs/europa/kmig-gl-hmm-qlt-customerallocationmmrule-01.json?at=refs%2Ftags%2Fv18.3.3
https://bitbucket.globaldevtools.bbva.com/bitbucket/projects/GL_KMIG_APP-ID-764032_DSG/repos/glgldh360gloqlt/browse/hammurabi/jobs/america/kmig-gl-hmm-qlt-customerallocationmmrule-01.json?at=refs%2Ftags%2Fv18.3.3";t_kmig_customer_allocation;t_kcog_country;kmig-gl-hmm-qlt-customerallocationmmrule-01.json;"""18.3.3"""
KMIG_customer-allocation_KCOG_entity_MMRule.conf;"https://bitbucket.globaldevtools.bbva.com/bitbucket/projects/GL_KMIG_APP-ID-764032_DSG/repos/glgldh360gloqlt/browse/hammurabi/jobs/europa/kmig-gl-hmm-qlt-customerallocationmmrule-02.json?at=refs%2Ftags%2Fv18.3.3
https://bitbucket.globaldevtools.bbva.com/bitbucket/projects/GL_KMIG_APP-ID-764032_DSG/repos/glgldh360gloqlt/browse/hammurabi/jobs/america/kmig-gl-hmm-qlt-customerallocationmmrule-02.json?at=refs%2Ftags%2Fv18.3.3";t_kmig_customer_allocation;t_kcog_entity;kmig-gl-hmm-qlt-customerallocationmmrule-02.json;"""18.3.3"""
KMIG_customer-allocation_KBTQ_role-person_MMRule.conf;"https://bitbucket.globaldevtools.bbva.com/bitbucket/projects/GL_KMIG_APP-ID-764032_DSG/repos/glgldh360gloqlt/browse/hammurabi/jobs/europa/kmig-gl-hmm-qlt-customerallocationmmrule-03.json?at=refs%2Ftags%2Fv18.3.3
https://bitbucket.globaldevtools.bbva.com/bitbucket/projects/GL_KMIG_APP-ID-764032_DSG/repos/glgldh360gloqlt/browse/hammurabi/jobs/america/kmig-gl-hmm-qlt-customerallocationmmrule-03.json?at=refs%2Ftags%2Fv18.3.3";t_kmig_customer_allocation;t_kbtq_role_person;kmig-gl-hmm-qlt-customerallocationmmrule-03.json;"""18.3.3"""
KMIG_customer-allocation_KCOG_branch_MMRule.conf;"https://bitbucket.globaldevtools.bbva.com/bitbucket/projects/GL_KMIG_APP-ID-764032_DSG/repos/glgldh360gloqlt/browse/hammurabi/jobs/europa/kmig-gl-hmm-qlt-customerallocationmmrule-04.json?at=refs%2Ftags%2Fv18.3.3
https://bitbucket.globaldevtools.bbva.com/bitbucket/projects/GL_KMIG_APP-ID-764032_DSG/repos/glgldh360gloqlt/browse/hammurabi/jobs/america/kmig-gl-hmm-qlt-customerallocationmmrule-04.json?at=refs%2Ftags%2Fv18.3.3";t_kmig_customer_allocation;t_kcog_branch;kmig-gl-hmm-qlt-customerallocationmmrule-04.json;"""18.3.3"""
KNFA_energy-certifications_MRField.conf;"https://bitbucket.globaldevtools.bbva.com/bitbucket/projects/GL_KNFA_APP-ID-25589_DSG/repos/glgldh360gloqlt/browse/hammurabi/jobs/europa/knfa-gl-hmm-qlt-energycertificationmrfield-01.json?at=refs%2Ftags%2Fv18.3.3
https://bitbucket.globaldevtools.bbva.com/bitbucket/projects/GL_KNFA_APP-ID-25589_DSG/repos/glgldh360gloqlt/browse/hammurabi/jobs/america/knfa-gl-hmm-qlt-energycertificationmrfield-01.json?at=refs%2Ftags%2Fv18.3.3";t_knfa_energy_certifications;;knfa-gl-hmm-qlt-energycertificationmrfield-01.json;"""18.3.3"""
KNFA_energy-certifications_MRObject.conf;"https://bitbucket.globaldevtools.bbva.com/bitbucket/projects/GL_KNFA_APP-ID-25589_DSG/repos/glgldh360gloqlt/browse/hammurabi/jobs/europa/knfa-gl-hmm-qlt-energycertificationmrobject-01.json?at=refs%2Ftags%2Fv18.3.3
https://bitbucket.globaldevtools.bbva.com/bitbucket/projects/GL_KNFA_APP-ID-25589_DSG/repos/glgldh360gloqlt/browse/hammurabi/jobs/america/knfa-gl-hmm-qlt-energycertificationmrobject-01.json?at=refs%2Ftags%2Fv18.3.3";t_knfa_energy_certifications;;knfa-gl-hmm-qlt-energycertificationmrobject-01.json;"""18.3.3"""
KNFA_energy-certifications_KCOG_country_MMRule.conf;"https://bitbucket.globaldevtools.bbva.com/bitbucket/projects/GL_KNFA_APP-ID-25589_DSG/repos/glgldh360gloqlt/browse/hammurabi/jobs/europa/knfa-gl-hmm-qlt-energycertificationmmrule-01.json?at=refs%2Ftags%2Fv18.3.3
https://bitbucket.globaldevtools.bbva.com/bitbucket/projects/GL_KNFA_APP-ID-25589_DSG/repos/glgldh360gloqlt/browse/hammurabi/jobs/america/knfa-gl-hmm-qlt-energycertificationmmrule-01.json?at=refs%2Ftags%2Fv18.3.3";t_knfa_energy_certifications;t_kcog_country;knfa-gl-hmm-qlt-energycertificationmmrule-01.json;"""18.3.3"""
KNFA_home-center_MRField.conf;"https://bitbucket.globaldevtools.bbva.com/bitbucket/projects/GL_KNFA_APP-ID-25589_DSG/repos/glgldh360gloqlt/browse/hammurabi/jobs/europa/knfa-gl-hmm-qlt-homecentermrfield-01.json?at=refs%2Ftags%2Fv18.3.3
https://bitbucket.globaldevtools.bbva.com/bitbucket/projects/GL_KNFA_APP-ID-25589_DSG/repos/glgldh360gloqlt/browse/hammurabi/jobs/america/knfa-gl-hmm-qlt-homecentermrfield-01.json?at=refs%2Ftags%2Fv18.3.3";t_knfa_home_center;;knfa-gl-hmm-qlt-homecentermrfield-01.json;"""18.3.3"""
KNFA_home-center_MRObject.conf;"https://bitbucket.globaldevtools.bbva.com/bitbucket/projects/GL_KNFA_APP-ID-25589_DSG/repos/glgldh360gloqlt/browse/hammurabi/jobs/europa/knfa-gl-hmm-qlt-homecentermrobject-01.json?at=refs%2Ftags%2Fv18.3.3
https://bitbucket.globaldevtools.bbva.com/bitbucket/projects/GL_KNFA_APP-ID-25589_DSG/repos/glgldh360gloqlt/browse/hammurabi/jobs/america/knfa-gl-hmm-qlt-homecentermrobject-01.json?at=refs%2Ftags%2Fv18.3.3";t_knfa_home_center;;knfa-gl-hmm-qlt-homecentermrobject-01.json;"""18.3.3"""
KNFA_home-center_KNFA_non-financial-assets_MMRule.conf;"https://bitbucket.globaldevtools.bbva.com/bitbucket/projects/GL_KNFA_APP-ID-25589_DSG/repos/glgldh360gloqlt/browse/hammurabi/jobs/europa/knfa-gl-hmm-qlt-homecentermmrule-01.json?at=refs%2Ftags%2Fv18.3.3
https://bitbucket.globaldevtools.bbva.com/bitbucket/projects/GL_KNFA_APP-ID-25589_DSG/repos/glgldh360gloqlt/browse/hammurabi/jobs/america/knfa-gl-hmm-qlt-homecentermmrule-01.json?at=refs%2Ftags%2Fv18.3.3";t_knfa_home_center;t_knfa_non_financial_assets;knfa-gl-hmm-qlt-homecentermmrule-01.json;"""18.3.3"""
KNFA_market-value_MRField.conf;"https://bitbucket.globaldevtools.bbva.com/bitbucket/projects/GL_KNFA_APP-ID-25589_DSG/repos/glgldh360gloqlt/browse/hammurabi/jobs/europa/knfa-gl-hmm-qlt-marketvaluemrfield-01.json?at=refs%2Ftags%2Fv18.3.3
https://bitbucket.globaldevtools.bbva.com/bitbucket/projects/GL_KNFA_APP-ID-25589_DSG/repos/glgldh360gloqlt/browse/hammurabi/jobs/america/knfa-gl-hmm-qlt-marketvaluemrfield-01.json?at=refs%2Ftags%2Fv18.3.3";t_knfa_market_value;;knfa-gl-hmm-qlt-marketvaluemrfield-01.json;"""18.3.3"""
KNFA_market-value_MRObject.conf;"https://bitbucket.globaldevtools.bbva.com/bitbucket/projects/GL_KNFA_APP-ID-25589_DSG/repos/glgldh360gloqlt/browse/hammurabi/jobs/europa/knfa-gl-hmm-qlt-marketvaluemrobject-01.json?at=refs%2Ftags%2Fv18.3.3
https://bitbucket.globaldevtools.bbva.com/bitbucket/projects/GL_KNFA_APP-ID-25589_DSG/repos/glgldh360gloqlt/browse/hammurabi/jobs/america/knfa-gl-hmm-qlt-marketvaluemrobject-01.json?at=refs%2Ftags%2Fv18.3.3";t_knfa_market_value;;knfa-gl-hmm-qlt-marketvaluemrobject-01.json;"""18.3.3"""
KNFA_market-value_KNFA_non-financial-assets_MMRule.conf;"https://bitbucket.globaldevtools.bbva.com/bitbucket/projects/GL_KNFA_APP-ID-25589_DSG/repos/glgldh360gloqlt/browse/hammurabi/jobs/europa/knfa-gl-hmm-qlt-marketvaluemmrule-01.json?at=refs%2Ftags%2Fv18.3.3
https://bitbucket.globaldevtools.bbva.com/bitbucket/projects/GL_KNFA_APP-ID-25589_DSG/repos/glgldh360gloqlt/browse/hammurabi/jobs/america/knfa-gl-hmm-qlt-marketvaluemmrule-01.json?at=refs%2Ftags%2Fv18.3.3";t_knfa_market_value;t_knfa_non_financial_assets;knfa-gl-hmm-qlt-marketvaluemmrule-01.json;"""18.3.3"""
KNFA_non-financial-assets_MRField.conf;"https://bitbucket.globaldevtools.bbva.com/bitbucket/projects/GL_KNFA_APP-ID-25589_DSG/repos/glgldh360gloqlt/browse/hammurabi/jobs/europa/knfa-gl-hmm-qlt-nonfinancialassetsmrfield-01.json?at=refs%2Ftags%2Fv18.3.3
https://bitbucket.globaldevtools.bbva.com/bitbucket/projects/GL_KNFA_APP-ID-25589_DSG/repos/glgldh360gloqlt/browse/hammurabi/jobs/america/knfa-gl-hmm-qlt-nonfinancialassetsmrfield-01.json?at=refs%2Ftags%2Fv18.3.3";t_knfa_non_financial_assets;;knfa-gl-hmm-qlt-nonfinancialassetsmrfield-01.json;"""18.3.3"""
KNFA_non-financial-assets_MRObject.conf;"https://bitbucket.globaldevtools.bbva.com/bitbucket/projects/GL_KNFA_APP-ID-25589_DSG/repos/glgldh360gloqlt/browse/hammurabi/jobs/europa/knfa-gl-hmm-qlt-nonfinancialassetsmrobject-01.json?at=refs%2Ftags%2Fv18.3.3
https://bitbucket.globaldevtools.bbva.com/bitbucket/projects/GL_KNFA_APP-ID-25589_DSG/repos/glgldh360gloqlt/browse/hammurabi/jobs/america/knfa-gl-hmm-qlt-nonfinancialassetsmrobject-01.json?at=refs%2Ftags%2Fv18.3.3";t_knfa_non_financial_assets;;knfa-gl-hmm-qlt-nonfinancialassetsmrobject-01.json;"""18.3.3"""
KNFA_non-financial-assets_KCOG_entity_MMRule.conf;"https://bitbucket.globaldevtools.bbva.com/bitbucket/projects/GL_KNFA_APP-ID-25589_DSG/repos/glgldh360gloqlt/browse/hammurabi/jobs/europa/knfa-gl-hmm-qlt-nonfinancialassetsmmrule-01.json?at=refs%2Ftags%2Fv18.3.3
https://bitbucket.globaldevtools.bbva.com/bitbucket/projects/GL_KNFA_APP-ID-25589_DSG/repos/glgldh360gloqlt/browse/hammurabi/jobs/america/knfa-gl-hmm-qlt-nonfinancialassetsmmrule-01.json?at=refs%2Ftags%2Fv18.3.3";t_knfa_non_financial_assets;t_kcog_entity;knfa-gl-hmm-qlt-nonfinancialassetsmmrule-01.json;"""18.3.3"""
KNFA_non-financial-assets_KCOG_country_MMRule.conf;"https://bitbucket.globaldevtools.bbva.com/bitbucket/projects/GL_KNFA_APP-ID-25589_DSG/repos/glgldh360gloqlt/browse/hammurabi/jobs/europa/knfa-gl-hmm-qlt-nonfinancialassetsmmrule-02.json?at=refs%2Ftags%2Fv18.3.3
https://bitbucket.globaldevtools.bbva.com/bitbucket/projects/GL_KNFA_APP-ID-25589_DSG/repos/glgldh360gloqlt/browse/hammurabi/jobs/america/knfa-gl-hmm-qlt-nonfinancialassetsmmrule-02.json?at=refs%2Ftags%2Fv18.3.3";t_knfa_non_financial_assets;t_kcog_country;knfa-gl-hmm-qlt-nonfinancialassetsmmrule-02.json;"""18.3.3"""
KNFA_non-financial-assets_KBTQ_role-person_MMRule.conf;"https://bitbucket.globaldevtools.bbva.com/bitbucket/projects/GL_KNFA_APP-ID-25589_DSG/repos/glgldh360gloqlt/browse/hammurabi/jobs/europa/knfa-gl-hmm-qlt-nonfinancialassetsmmrule-03.json?at=refs%2Ftags%2Fv18.3.3
https://bitbucket.globaldevtools.bbva.com/bitbucket/projects/GL_KNFA_APP-ID-25589_DSG/repos/glgldh360gloqlt/browse/hammurabi/jobs/america/knfa-gl-hmm-qlt-nonfinancialassetsmmrule-03.json?at=refs%2Ftags%2Fv18.3.3";t_knfa_non_financial_assets;t_kbtq_role_person;knfa-gl-hmm-qlt-nonfinancialassetsmmrule-03.json;"""18.3.3"""
KNFA_personalized-expenses_MRField.conf;"https://bitbucket.globaldevtools.bbva.com/bitbucket/projects/GL_KNFA_APP-ID-25589_DSG/repos/glgldh360gloqlt/browse/hammurabi/jobs/europa/knfa-gl-hmm-qlt-personalizedexpensemrfield-01.json?at=refs%2Ftags%2Fv18.3.3
https://bitbucket.globaldevtools.bbva.com/bitbucket/projects/GL_KNFA_APP-ID-25589_DSG/repos/glgldh360gloqlt/browse/hammurabi/jobs/america/knfa-gl-hmm-qlt-personalizedexpensemrfield-01.json?at=refs%2Ftags%2Fv18.3.3";t_knfa_personalized_expenses;;knfa-gl-hmm-qlt-personalizedexpensemrfield-01.json;"""18.3.3"""
KNFA_personalized-expenses_MRObject.conf;"https://bitbucket.globaldevtools.bbva.com/bitbucket/projects/GL_KNFA_APP-ID-25589_DSG/repos/glgldh360gloqlt/browse/hammurabi/jobs/europa/knfa-gl-hmm-qlt-personalizedexpensemrobject-01.json?at=refs%2Ftags%2Fv18.3.3
https://bitbucket.globaldevtools.bbva.com/bitbucket/projects/GL_KNFA_APP-ID-25589_DSG/repos/glgldh360gloqlt/browse/hammurabi/jobs/america/knfa-gl-hmm-qlt-personalizedexpensemrobject-01.json?at=refs%2Ftags%2Fv18.3.3";t_knfa_personalized_expenses;;knfa-gl-hmm-qlt-personalizedexpensemrobject-01.json;"""18.3.3"""
KNFA_personalized-expenses_KNFA_non-financial-assets_MMRule.conf;"https://bitbucket.globaldevtools.bbva.com/bitbucket/projects/GL_KNFA_APP-ID-25589_DSG/repos/glgldh360gloqlt/browse/hammurabi/jobs/europa/knfa-gl-hmm-qlt-personalizedexpensemmrule-01.json?at=refs%2Ftags%2Fv18.3.3
https://bitbucket.globaldevtools.bbva.com/bitbucket/projects/GL_KNFA_APP-ID-25589_DSG/repos/glgldh360gloqlt/browse/hammurabi/jobs/america/knfa-gl-hmm-qlt-personalizedexpensemmrule-01.json?at=refs%2Ftags%2Fv18.3.3";t_knfa_personalized_expenses;t_knfa_non_financial_assets;knfa-gl-hmm-qlt-personalizedexpensemmrule-01.json;"""18.3.3"""
KNFA_products-detail_MRField.conf;"https://bitbucket.globaldevtools.bbva.com/bitbucket/projects/GL_KNFA_APP-ID-25589_DSG/repos/glgldh360gloqlt/browse/hammurabi/jobs/europa/knfa-gl-hmm-qlt-productsdetailmrfield-01.json?at=refs%2Ftags%2Fv18.3.3
https://bitbucket.globaldevtools.bbva.com/bitbucket/projects/GL_KNFA_APP-ID-25589_DSG/repos/glgldh360gloqlt/browse/hammurabi/jobs/america/knfa-gl-hmm-qlt-productsdetailmrfield-01.json?at=refs%2Ftags%2Fv18.3.3";t_knfa_products_detail;;knfa-gl-hmm-qlt-productsdetailmrfield-01.json;"""18.3.3"""
KNFA_products-detail_MRObject.conf;"https://bitbucket.globaldevtools.bbva.com/bitbucket/projects/GL_KNFA_APP-ID-25589_DSG/repos/glgldh360gloqlt/browse/hammurabi/jobs/europa/knfa-gl-hmm-qlt-productsdetailmrobject-01.json?at=refs%2Ftags%2Fv18.3.3
https://bitbucket.globaldevtools.bbva.com/bitbucket/projects/GL_KNFA_APP-ID-25589_DSG/repos/glgldh360gloqlt/browse/hammurabi/jobs/america/knfa-gl-hmm-qlt-productsdetailmrobject-01.json?at=refs%2Ftags%2Fv18.3.3";t_knfa_products_detail;;knfa-gl-hmm-qlt-productsdetailmrobject-01.json;"""18.3.3"""
KNFA_products-detail_KNFA_non-financial-assets_MMRule.conf;"https://bitbucket.globaldevtools.bbva.com/bitbucket/projects/GL_KNFA_APP-ID-25589_DSG/repos/glgldh360gloqlt/browse/hammurabi/jobs/europa/knfa-gl-hmm-qlt-productsdetailmmrule-01.json?at=refs%2Ftags%2Fv18.3.3
https://bitbucket.globaldevtools.bbva.com/bitbucket/projects/GL_KNFA_APP-ID-25589_DSG/repos/glgldh360gloqlt/browse/hammurabi/jobs/america/knfa-gl-hmm-qlt-productsdetailmmrule-01.json?at=refs%2Ftags%2Fv18.3.3";t_knfa_products_detail;t_knfa_non_financial_assets;knfa-gl-hmm-qlt-productsdetailmmrule-01.json;"""18.3.3"""
KNFA_real-estate-favourites_MRField.conf;"https://bitbucket.globaldevtools.bbva.com/bitbucket/projects/GL_KNFA_APP-ID-25589_DSG/repos/glgldh360gloqlt/browse/hammurabi/jobs/europa/knfa-gl-hmm-qlt-realestatefavouritemrfield-01.json?at=refs%2Ftags%2Fv18.3.3
https://bitbucket.globaldevtools.bbva.com/bitbucket/projects/GL_KNFA_APP-ID-25589_DSG/repos/glgldh360gloqlt/browse/hammurabi/jobs/america/knfa-gl-hmm-qlt-realestatefavouritemrfield-01.json?at=refs%2Ftags%2Fv18.3.3";t_knfa_real_estate_favourites;;knfa-gl-hmm-qlt-realestatefavouritemrfield-01.json;"""18.3.3"""
KNFA_real-estate-favourites_MRObject.conf;"https://bitbucket.globaldevtools.bbva.com/bitbucket/projects/GL_KNFA_APP-ID-25589_DSG/repos/glgldh360gloqlt/browse/hammurabi/jobs/europa/knfa-gl-hmm-qlt-realestatefavouritemrobject-01.json?at=refs%2Ftags%2Fv18.3.3
https://bitbucket.globaldevtools.bbva.com/bitbucket/projects/GL_KNFA_APP-ID-25589_DSG/repos/glgldh360gloqlt/browse/hammurabi/jobs/america/knfa-gl-hmm-qlt-realestatefavouritemrobject-01.json?at=refs%2Ftags%2Fv18.3.3";t_knfa_real_estate_favourites;;knfa-gl-hmm-qlt-realestatefavouritemrobject-01.json;"""18.3.3"""
KNFA_real-estate-favourites_KBTQ_role-person_MMRule.conf;"https://bitbucket.globaldevtools.bbva.com/bitbucket/projects/GL_KNFA_APP-ID-25589_DSG/repos/glgldh360gloqlt/browse/hammurabi/jobs/europa/knfa-gl-hmm-qlt-realestatefavouritemmrule-01.json?at=refs%2Ftags%2Fv18.3.3
https://bitbucket.globaldevtools.bbva.com/bitbucket/projects/GL_KNFA_APP-ID-25589_DSG/repos/glgldh360gloqlt/browse/hammurabi/jobs/america/knfa-gl-hmm-qlt-realestatefavouritemmrule-01.json?at=refs%2Ftags%2Fv18.3.3";t_knfa_real_estate_favourites;t_kbtq_role_person;knfa-gl-hmm-qlt-realestatefavouritemmrule-01.json;"""18.3.3"""
KNFA_vehicles-center_MRField.conf;"https://bitbucket.globaldevtools.bbva.com/bitbucket/projects/GL_KNFA_APP-ID-25589_DSG/repos/glgldh360gloqlt/browse/hammurabi/jobs/europa/knfa-gl-hmm-qlt-vehiclescentermrfield-01.json?at=refs%2Ftags%2Fv18.3.3
https://bitbucket.globaldevtools.bbva.com/bitbucket/projects/GL_KNFA_APP-ID-25589_DSG/repos/glgldh360gloqlt/browse/hammurabi/jobs/america/knfa-gl-hmm-qlt-vehiclescentermrfield-01.json?at=refs%2Ftags%2Fv18.3.3";t_knfa_vehicles_center;;knfa-gl-hmm-qlt-vehiclescentermrfield-01.json;"""18.3.3"""
KNFA_vehicles-center_MRObject.conf;"https://bitbucket.globaldevtools.bbva.com/bitbucket/projects/GL_KNFA_APP-ID-25589_DSG/repos/glgldh360gloqlt/browse/hammurabi/jobs/europa/knfa-gl-hmm-qlt-vehiclescentermrobject-01.json?at=refs%2Ftags%2Fv18.3.3
https://bitbucket.globaldevtools.bbva.com/bitbucket/projects/GL_KNFA_APP-ID-25589_DSG/repos/glgldh360gloqlt/browse/hammurabi/jobs/america/knfa-gl-hmm-qlt-vehiclescentermrobject-01.json?at=refs%2Ftags%2Fv18.3.3";t_knfa_vehicles_center;;knfa-gl-hmm-qlt-vehiclescentermrobject-01.json;"""18.3.3"""
KNFA_vehicles-center_P68X_vehicle-version-catalog_MMRule.conf;"https://bitbucket.globaldevtools.bbva.com/bitbucket/projects/GL_KNFA_APP-ID-25589_DSG/repos/glgldh360gloqlt/browse/hammurabi/jobs/europa/knfa-gl-hmm-qlt-vehiclescentermmrule-01.json?at=refs%2Ftags%2Fv18.3.3
https://bitbucket.globaldevtools.bbva.com/bitbucket/projects/GL_KNFA_APP-ID-25589_DSG/repos/glgldh360gloqlt/browse/hammurabi/jobs/america/knfa-gl-hmm-qlt-vehiclescentermmrule-01.json?at=refs%2Ftags%2Fv18.3.3";t_knfa_vehicles_center;t_p68x_vehicle_version_catalog;knfa-gl-hmm-qlt-vehiclescentermmrule-01.json;"""18.3.3"""
KNFA_vehicles-favourites_MRField.conf;"https://bitbucket.globaldevtools.bbva.com/bitbucket/projects/GL_KNFA_APP-ID-25589_DSG/repos/glgldh360gloqlt/browse/hammurabi/jobs/europa/knfa-gl-hmm-qlt-vehiclesfavouritesmrfield-01.json?at=refs%2Ftags%2Fv18.3.3
https://bitbucket.globaldevtools.bbva.com/bitbucket/projects/GL_KNFA_APP-ID-25589_DSG/repos/glgldh360gloqlt/browse/hammurabi/jobs/america/knfa-gl-hmm-qlt-vehiclesfavouritesmrfield-01.json?at=refs%2Ftags%2Fv18.3.3";t_knfa_vehicles_favourites;;knfa-gl-hmm-qlt-vehiclesfavouritesmrfield-01.json;"""18.3.3"""
KNFA_vehicles-favourites_MRObject.conf;"https://bitbucket.globaldevtools.bbva.com/bitbucket/projects/GL_KNFA_APP-ID-25589_DSG/repos/glgldh360gloqlt/browse/hammurabi/jobs/europa/knfa-gl-hmm-qlt-vehiclesfavouritesmrobject-01.json?at=refs%2Ftags%2Fv18.3.3
https://bitbucket.globaldevtools.bbva.com/bitbucket/projects/GL_KNFA_APP-ID-25589_DSG/repos/glgldh360gloqlt/browse/hammurabi/jobs/america/knfa-gl-hmm-qlt-vehiclesfavouritesmrobject-01.json?at=refs%2Ftags%2Fv18.3.3";t_knfa_vehicles_favourites;;knfa-gl-hmm-qlt-vehiclesfavouritesmrobject-01.json;"""18.3.3"""
KNFA_vehicles-favourites_KCOG_entity_MMRule.conf;"https://bitbucket.globaldevtools.bbva.com/bitbucket/projects/GL_KNFA_APP-ID-25589_DSG/repos/glgldh360gloqlt/browse/hammurabi/jobs/europa/knfa-gl-hmm-qlt-vehiclesfavouritesmmrule-01.json?at=refs%2Ftags%2Fv18.3.3
https://bitbucket.globaldevtools.bbva.com/bitbucket/projects/GL_KNFA_APP-ID-25589_DSG/repos/glgldh360gloqlt/browse/hammurabi/jobs/america/knfa-gl-hmm-qlt-vehiclesfavouritesmmrule-01.json?at=refs%2Ftags%2Fv18.3.3";t_knfa_vehicles_favourites;t_kcog_entity;knfa-gl-hmm-qlt-vehiclesfavouritesmmrule-01.json;"""18.3.3"""
KNFA_vehicles-favourites_KCOG_country_MMRule.conf;"https://bitbucket.globaldevtools.bbva.com/bitbucket/projects/GL_KNFA_APP-ID-25589_DSG/repos/glgldh360gloqlt/browse/hammurabi/jobs/europa/knfa-gl-hmm-qlt-vehiclesfavouritesmmrule-02.json?at=refs%2Ftags%2Fv18.3.3
https://bitbucket.globaldevtools.bbva.com/bitbucket/projects/GL_KNFA_APP-ID-25589_DSG/repos/glgldh360gloqlt/browse/hammurabi/jobs/america/knfa-gl-hmm-qlt-vehiclesfavouritesmmrule-02.json?at=refs%2Ftags%2Fv18.3.3";t_knfa_vehicles_favourites;t_kcog_country;knfa-gl-hmm-qlt-vehiclesfavouritesmmrule-02.json;"""18.3.3"""
KNFA_vehicles-favourites_KBTQ_role-person_MMRule.conf;"https://bitbucket.globaldevtools.bbva.com/bitbucket/projects/GL_KNFA_APP-ID-25589_DSG/repos/glgldh360gloqlt/browse/hammurabi/jobs/europa/knfa-gl-hmm-qlt-vehiclesfavouritesmmrule-03.json?at=refs%2Ftags%2Fv18.3.3
https://bitbucket.globaldevtools.bbva.com/bitbucket/projects/GL_KNFA_APP-ID-25589_DSG/repos/glgldh360gloqlt/browse/hammurabi/jobs/america/knfa-gl-hmm-qlt-vehiclesfavouritesmmrule-03.json?at=refs%2Ftags%2Fv18.3.3";t_knfa_vehicles_favourites;t_kbtq_role_person;knfa-gl-hmm-qlt-vehiclesfavouritesmmrule-03.json;"""18.3.3"""
KNFA_vehicles-favourites_P68X_vehicle-version-catalog_MMRule.conf;"https://bitbucket.globaldevtools.bbva.com/bitbucket/projects/GL_KNFA_APP-ID-25589_DSG/repos/glgldh360gloqlt/browse/hammurabi/jobs/europa/knfa-gl-hmm-qlt-vehiclesfavouritesmmrule-04.json?at=refs%2Ftags%2Fv18.3.3
https://bitbucket.globaldevtools.bbva.com/bitbucket/projects/GL_KNFA_APP-ID-25589_DSG/repos/glgldh360gloqlt/browse/hammurabi/jobs/america/knfa-gl-hmm-qlt-vehiclesfavouritesmmrule-04.json?at=refs%2Ftags%2Fv18.3.3";t_knfa_vehicles_favourites;t_p68x_vehicle_version_catalog;knfa-gl-hmm-qlt-vehiclesfavouritesmmrule-04.json;"""18.3.3"""
KPAN_credit-fclty-proposals_MRField.conf;"https://bitbucket.globaldevtools.bbva.com/bitbucket/projects/GL_KPAN_APP-ID-385678_DSG/repos/glgldh360gloqlt/browse/hammurabi/jobs/europa/kpan-gl-hmm-qlt-creditfcltyproposalmrfield-02.json?at=refs%2Ftags%2Fv18.4.0
https://bitbucket.globaldevtools.bbva.com/bitbucket/projects/GL_KPAN_APP-ID-385678_DSG/repos/glgldh360gloqlt/browse/hammurabi/jobs/america/kpan-gl-hmm-qlt-creditfcltyproposalmrfield-02.json?at=refs%2Ftags%2Fv18.4.0";t_kpan_credit_fclty_proposals;;kpan-gl-hmm-qlt-creditfcltyproposalmrfield-02.json;"""18.4.0"""
KPAN_credit-fclty-proposals_MRObject.conf;"https://bitbucket.globaldevtools.bbva.com/bitbucket/projects/GL_KPAN_APP-ID-385678_DSG/repos/glgldh360gloqlt/browse/hammurabi/jobs/europa/kpan-gl-hmm-qlt-creditfcltyproposalmrobject-01.json?at=refs%2Ftags%2Fv18.4.0
https://bitbucket.globaldevtools.bbva.com/bitbucket/projects/GL_KPAN_APP-ID-385678_DSG/repos/glgldh360gloqlt/browse/hammurabi/jobs/america/kpan-gl-hmm-qlt-creditfcltyproposalmrobject-01.json?at=refs%2Ftags%2Fv18.4.0";t_kpan_credit_fclty_proposals;;kpan-gl-hmm-qlt-creditfcltyproposalmrobject-01.json;"""18.4.0"""
KPAN_credit-fclty-proposals_KCOG_country_MMRule.conf;"https://bitbucket.globaldevtools.bbva.com/bitbucket/projects/GL_KPAN_APP-ID-385678_DSG/repos/glgldh360gloqlt/browse/hammurabi/jobs/europa/kpan-gl-hmm-qlt-creditfcltyproposalmmrule-01.json?at=refs%2Ftags%2Fv18.4.0
https://bitbucket.globaldevtools.bbva.com/bitbucket/projects/GL_KPAN_APP-ID-385678_DSG/repos/glgldh360gloqlt/browse/hammurabi/jobs/america/kpan-gl-hmm-qlt-creditfcltyproposalmmrule-01.json?at=refs%2Ftags%2Fv18.4.0";t_kpan_credit_fclty_proposals;t_kcog_country;kpan-gl-hmm-qlt-creditfcltyproposalmmrule-01.json;"""18.4.0"""
KPAN_credit-fclty-proposals_KCOG_currency_MMRule.conf;"https://bitbucket.globaldevtools.bbva.com/bitbucket/projects/GL_KPAN_APP-ID-385678_DSG/repos/glgldh360gloqlt/browse/hammurabi/jobs/europa/kpan-gl-hmm-qlt-creditfcltyproposalmmrule-02.json?at=refs%2Ftags%2Fv18.4.0
https://bitbucket.globaldevtools.bbva.com/bitbucket/projects/GL_KPAN_APP-ID-385678_DSG/repos/glgldh360gloqlt/browse/hammurabi/jobs/america/kpan-gl-hmm-qlt-creditfcltyproposalmmrule-02.json?at=refs%2Ftags%2Fv18.4.0";t_kpan_credit_fclty_proposals;t_kcog_currency;kpan-gl-hmm-qlt-creditfcltyproposalmmrule-02.json;"""18.4.0"""
KPAN_credit-fclty-proposals_YH2J_gbl-product-hier-master_MMRule.conf;"https://bitbucket.globaldevtools.bbva.com/bitbucket/projects/GL_KPAN_APP-ID-385678_DSG/repos/glgldh360gloqlt/browse/hammurabi/jobs/europa/kpan-gl-hmm-qlt-creditfcltyproposalmmrule-03.json?at=refs%2Ftags%2Fv18.4.0
https://bitbucket.globaldevtools.bbva.com/bitbucket/projects/GL_KPAN_APP-ID-385678_DSG/repos/glgldh360gloqlt/browse/hammurabi/jobs/america/kpan-gl-hmm-qlt-creditfcltyproposalmmrule-03.json?at=refs%2Ftags%2Fv18.4.0";t_kpan_credit_fclty_proposals;t_yh2j_gbl_product_hier_master;kpan-gl-hmm-qlt-creditfcltyproposalmmrule-03.json;"""18.4.0"""
KPAN_credit-fclty-proposals_YH2J_gbl-channel-hier-master_MMRule.conf;"https://bitbucket.globaldevtools.bbva.com/bitbucket/projects/GL_KPAN_APP-ID-385678_DSG/repos/glgldh360gloqlt/browse/hammurabi/jobs/europa/kpan-gl-hmm-qlt-creditfcltyproposalmmrule-04.json?at=refs%2Ftags%2Fv18.4.0
https://bitbucket.globaldevtools.bbva.com/bitbucket/projects/GL_KPAN_APP-ID-385678_DSG/repos/glgldh360gloqlt/browse/hammurabi/jobs/america/kpan-gl-hmm-qlt-creditfcltyproposalmmrule-04.json?at=refs%2Ftags%2Fv18.4.0";t_kpan_credit_fclty_proposals;t_yh2j_gbl_channel_hier_master;kpan-gl-hmm-qlt-creditfcltyproposalmmrule-04.json;"""18.4.0"""
t_kpan_credit_fclty_proposals-qlm-MRObject.conf;"https://bbva.ghe.com/platform/gl-cs-360-gdh-qlt-kpan/blob/19.0.2/hammurabi/jobs/europa/kpan-gl-hmm-qlt-creditfcltyproposalmrobject-01.json
https://bbva.ghe.com/platform/gl-cs-360-gdh-qlt-kpan/blob/19.0.2/hammurabi/jobs/america-ada/kpan-gl-hmm-qlt-creditfcltyproposalmrobject-01.json ";t_kpan_credit_fclty_proposals;;kpan-gl-hmm-qlt-creditfcltyproposalmrobject-01.json;"""19.0.2"""
KPAN_credit-fclty-proposals-dp_MRField.conf;"https://bitbucket.globaldevtools.bbva.com/bitbucket/projects/GL_KPAN_APP-ID-385678_DSG/repos/glgldh360gloqlt/browse/hammurabi/jobs/europa/kpan-gl-hmm-qlt-creditfcltyproposalmrfield-01.json?at=refs%2Ftags%2Fv18.4.0
https://bitbucket.globaldevtools.bbva.com/bitbucket/projects/GL_KPAN_APP-ID-385678_DSG/repos/glgldh360gloqlt/browse/hammurabi/jobs/america/kpan-gl-hmm-qlt-creditfcltyproposalmrfield-01.json?at=refs%2Ftags%2Fv18.4.0";t_kpan_credit_fclty_proposals_dp;;kpan-gl-hmm-qlt-creditfcltyproposalmrfield-01.json;"""18.4.0"""
KPAN_credit-fclty-proposals-dp_KCOG_country_MMRule.conf;"https://bitbucket.globaldevtools.bbva.com/bitbucket/projects/GL_KPAN_APP-ID-385678_DSG/repos/glgldh360gloqlt/browse/hammurabi/jobs/europa/kpan-gl-hmm-qlt-creditfcltyproposalmmrule-05.json?at=refs%2Ftags%2Fv18.4.0
https://bitbucket.globaldevtools.bbva.com/bitbucket/projects/GL_KPAN_APP-ID-385678_DSG/repos/glgldh360gloqlt/browse/hammurabi/jobs/america/kpan-gl-hmm-qlt-creditfcltyproposalmmrule-05.json?at=refs%2Ftags%2Fv18.4.0";t_kpan_credit_fclty_proposals_dp;t_kcog_country;kpan-gl-hmm-qlt-creditfcltyproposalmmrule-05.json;"""18.4.0"""
KPAN_credit-fclty-proposals-dp_KCOG_currency_MMRule.conf;"https://bitbucket.globaldevtools.bbva.com/bitbucket/projects/GL_KPAN_APP-ID-385678_DSG/repos/glgldh360gloqlt/browse/hammurabi/jobs/europa/kpan-gl-hmm-qlt-creditfcltyproposalmmrule-06.json?at=refs%2Ftags%2Fv18.4.0
https://bitbucket.globaldevtools.bbva.com/bitbucket/projects/GL_KPAN_APP-ID-385678_DSG/repos/glgldh360gloqlt/browse/hammurabi/jobs/america/kpan-gl-hmm-qlt-creditfcltyproposalmmrule-06.json?at=refs%2Ftags%2Fv18.4.0";t_kpan_credit_fclty_proposals_dp;t_kcog_currency;kpan-gl-hmm-qlt-creditfcltyproposalmmrule-06.json;"""18.4.0"""
KPAN_credit-fclty-proposals-dp_YH2J_gbl-product-hier-master_MMRule.conf;"https://bitbucket.globaldevtools.bbva.com/bitbucket/projects/GL_KPAN_APP-ID-385678_DSG/repos/glgldh360gloqlt/browse/hammurabi/jobs/europa/kpan-gl-hmm-qlt-creditfcltyproposalmmrule-07.json?at=refs%2Ftags%2Fv18.4.0
https://bitbucket.globaldevtools.bbva.com/bitbucket/projects/GL_KPAN_APP-ID-385678_DSG/repos/glgldh360gloqlt/browse/hammurabi/jobs/america/kpan-gl-hmm-qlt-creditfcltyproposalmmrule-07.json?at=refs%2Ftags%2Fv18.4.0";t_kpan_credit_fclty_proposals_dp;t_yh2j_gbl_product_hier_master;kpan-gl-hmm-qlt-creditfcltyproposalmmrule-07.json;"""18.4.0"""
KPAN_credit-fclty-proposals-dp_YH2J_gbl-channel-hier-master_MMRule.conf;"https://bitbucket.globaldevtools.bbva.com/bitbucket/projects/GL_KPAN_APP-ID-385678_DSG/repos/glgldh360gloqlt/browse/hammurabi/jobs/europa/kpan-gl-hmm-qlt-creditfcltyproposalmmrule-08.json?at=refs%2Ftags%2Fv18.4.0
https://bitbucket.globaldevtools.bbva.com/bitbucket/projects/GL_KPAN_APP-ID-385678_DSG/repos/glgldh360gloqlt/browse/hammurabi/jobs/america/kpan-gl-hmm-qlt-creditfcltyproposalmmrule-08.json?at=refs%2Ftags%2Fv18.4.0";t_kpan_credit_fclty_proposals_dp;t_yh2j_gbl_channel_hier_master;kpan-gl-hmm-qlt-creditfcltyproposalmmrule-08.json;"""18.4.0"""
KPAN_d-c-form-opportunity_MRField.conf;"https://bitbucket.globaldevtools.bbva.com/bitbucket/projects/GL_KPAN_APP-ID-385678_DSG/repos/glgldh360gloqlt/browse/hammurabi/jobs/europa/kpan-gl-hmm-qlt-dcformopportunitymrfield-01.json?at=refs%2Ftags%2Fv18.4.0
https://bitbucket.globaldevtools.bbva.com/bitbucket/projects/GL_KPAN_APP-ID-385678_DSG/repos/glgldh360gloqlt/browse/hammurabi/jobs/america/kpan-gl-hmm-qlt-dcformopportunitymrfield-01.json?at=refs%2Ftags%2Fv18.4.0";t_kpan_d_c_form_opportunity;;kpan-gl-hmm-qlt-dcformopportunitymrfield-01.json;"""18.4.0"""
KPAN_d-c-form-oppy-cust-fields_MRField.conf;"https://bitbucket.globaldevtools.bbva.com/bitbucket/projects/GL_KPAN_APP-ID-385678_DSG/repos/glgldh360gloqlt/browse/hammurabi/jobs/europa/kpan-gl-hmm-qlt-dcformoppycustfieldmrfield-01.json?at=refs%2Ftags%2Fv18.4.0
https://bitbucket.globaldevtools.bbva.com/bitbucket/projects/GL_KPAN_APP-ID-385678_DSG/repos/glgldh360gloqlt/browse/hammurabi/jobs/america/kpan-gl-hmm-qlt-dcformoppycustfieldmrfield-01.json?at=refs%2Ftags%2Fv18.4.0";t_kpan_d_c_form_oppy_cust_fields;;kpan-gl-hmm-qlt-dcformoppycustfieldmrfield-01.json;"""18.4.0"""
KPAN_home-partner-oppy_MRField.conf;"https://bitbucket.globaldevtools.bbva.com/bitbucket/projects/GL_KPAN_APP-ID-385678_DSG/repos/glgldh360gloqlt/browse/hammurabi/jobs/europa/kpan-gl-hmm-qlt-homepartneroppymrfield-01.json?at=refs%2Ftags%2Fv18.4.0
https://bitbucket.globaldevtools.bbva.com/bitbucket/projects/GL_KPAN_APP-ID-385678_DSG/repos/glgldh360gloqlt/browse/hammurabi/jobs/america/kpan-gl-hmm-qlt-homepartneroppymrfield-01.json?at=refs%2Ftags%2Fv18.4.0";t_kpan_home_partner_oppy;;kpan-gl-hmm-qlt-homepartneroppymrfield-01.json;"""18.4.0"""
KPAN_home-partner-oppy_KPAN_opportunity_MMRule.conf;"https://bitbucket.globaldevtools.bbva.com/bitbucket/projects/GL_KPAN_APP-ID-385678_DSG/repos/glgldh360gloqlt/browse/hammurabi/jobs/europa/kpan-gl-hmm-qlt-homepartneroppymmrule-01.json?at=refs%2Ftags%2Fv18.4.0
https://bitbucket.globaldevtools.bbva.com/bitbucket/projects/GL_KPAN_APP-ID-385678_DSG/repos/glgldh360gloqlt/browse/hammurabi/jobs/america/kpan-gl-hmm-qlt-homepartneroppymmrule-01.json?at=refs%2Ftags%2Fv18.4.0";t_kpan_home_partner_oppy;t_kpan_opportunity;kpan-gl-hmm-qlt-homepartneroppymmrule-01.json;"""18.4.0"""
KPAN_mgr-comm-opportunity_MRField.conf;"https://bitbucket.globaldevtools.bbva.com/bitbucket/projects/GL_KPAN_APP-ID-385678_DSG/repos/glgldh360gloqlt/browse/hammurabi/jobs/europa/kpan-gl-hmm-qlt-mgrcommopportunitymrfield-01.json?at=refs%2Ftags%2Fv18.4.0
https://bitbucket.globaldevtools.bbva.com/bitbucket/projects/GL_KPAN_APP-ID-385678_DSG/repos/glgldh360gloqlt/browse/hammurabi/jobs/america/kpan-gl-hmm-qlt-mgrcommopportunitymrfield-01.json?at=refs%2Ftags%2Fv18.4.0";t_kpan_mgr_comm_opportunity;;kpan-gl-hmm-qlt-mgrcommopportunitymrfield-01.json;"""18.4.0"""
KPAN_mgr-comm-opportunity_MRObject.conf;"https://bitbucket.globaldevtools.bbva.com/bitbucket/projects/GL_KPAN_APP-ID-385678_DSG/repos/glgldh360gloqlt/browse/hammurabi/jobs/europa/kpan-gl-hmm-qlt-mgrcommopportunitymrobject-01.json?at=refs%2Ftags%2Fv18.4.0
https://bitbucket.globaldevtools.bbva.com/bitbucket/projects/GL_KPAN_APP-ID-385678_DSG/repos/glgldh360gloqlt/browse/hammurabi/jobs/america/kpan-gl-hmm-qlt-mgrcommopportunitymrobject-01.json?at=refs%2Ftags%2Fv18.4.0";t_kpan_mgr_comm_opportunity;;kpan-gl-hmm-qlt-mgrcommopportunitymrobject-01.json;"""18.4.0"""
KPAN_mgr-comm-opportunity_KPAN_opportunity_MMRule.conf;"https://bitbucket.globaldevtools.bbva.com/bitbucket/projects/GL_KPAN_APP-ID-385678_DSG/repos/glgldh360gloqlt/browse/hammurabi/jobs/europa/kpan-gl-hmm-qlt-mgrcommopportunitymmrule-01.json?at=refs%2Ftags%2Fv18.4.0
https://bitbucket.globaldevtools.bbva.com/bitbucket/projects/GL_KPAN_APP-ID-385678_DSG/repos/glgldh360gloqlt/browse/hammurabi/jobs/america/kpan-gl-hmm-qlt-mgrcommopportunitymmrule-01.json?at=refs%2Ftags%2Fv18.4.0";t_kpan_mgr_comm_opportunity;t_kpan_opportunity;kpan-gl-hmm-qlt-mgrcommopportunitymmrule-01.json;"""18.4.0"""
KPAN_mobility-partner-oppy_MRField.conf;"https://bitbucket.globaldevtools.bbva.com/bitbucket/projects/GL_KPAN_APP-ID-385678_DSG/repos/glgldh360gloqlt/browse/hammurabi/jobs/europa/kpan-gl-hmm-qlt-mobilitypartneroppymrfield-01.json?at=refs%2Ftags%2Fv18.4.0
https://bitbucket.globaldevtools.bbva.com/bitbucket/projects/GL_KPAN_APP-ID-385678_DSG/repos/glgldh360gloqlt/browse/hammurabi/jobs/america/kpan-gl-hmm-qlt-mobilitypartneroppymrfield-01.json?at=refs%2Ftags%2Fv18.4.0";t_kpan_mobility_partner_oppy;;kpan-gl-hmm-qlt-mobilitypartneroppymrfield-01.json;"""18.4.0"""
KPAN_mobility-partner-oppy_KPAN_opportunity_MMRule.conf;"https://bitbucket.globaldevtools.bbva.com/bitbucket/projects/GL_KPAN_APP-ID-385678_DSG/repos/glgldh360gloqlt/browse/hammurabi/jobs/europa/kpan-gl-hmm-qlt-mobilitypartneroppymmrule-01.json?at=refs%2Ftags%2Fv18.4.0
https://bitbucket.globaldevtools.bbva.com/bitbucket/projects/GL_KPAN_APP-ID-385678_DSG/repos/glgldh360gloqlt/browse/hammurabi/jobs/america/kpan-gl-hmm-qlt-mobilitypartneroppymmrule-01.json?at=refs%2Ftags%2Fv18.4.0";t_kpan_mobility_partner_oppy;t_kpan_opportunity;kpan-gl-hmm-qlt-mobilitypartneroppymmrule-01.json;"""18.4.0"""
KPAN_mobility-partner-oppy_P68X_vehicle-version-catalog_MMRule.conf;"https://bitbucket.globaldevtools.bbva.com/bitbucket/projects/GL_KPAN_APP-ID-385678_DSG/repos/glgldh360gloqlt/browse/hammurabi/jobs/europa/kpan-gl-hmm-qlt-mobilitypartneroppymmrule-02.json?at=refs%2Ftags%2Fv18.4.0
https://bitbucket.globaldevtools.bbva.com/bitbucket/projects/GL_KPAN_APP-ID-385678_DSG/repos/glgldh360gloqlt/browse/hammurabi/jobs/america/kpan-gl-hmm-qlt-mobilitypartneroppymmrule-02.json?at=refs%2Ftags%2Fv18.4.0";t_kpan_mobility_partner_oppy;t_p68x_vehicle_version_catalog;kpan-gl-hmm-qlt-mobilitypartneroppymmrule-02.json;"""18.4.0"""
KPAN_mobility-partner-oppy_KSAN_contract-global-local_MMRule.conf;"https://bitbucket.globaldevtools.bbva.com/bitbucket/projects/GL_KPAN_APP-ID-385678_DSG/repos/glgldh360gloqlt/browse/hammurabi/jobs/europa/kpan-gl-hmm-qlt-mobilitypartneroppymmrule-03.json?at=refs%2Ftags%2Fv18.4.0
https://bitbucket.globaldevtools.bbva.com/bitbucket/projects/GL_KPAN_APP-ID-385678_DSG/repos/glgldh360gloqlt/browse/hammurabi/jobs/america/kpan-gl-hmm-qlt-mobilitypartneroppymmrule-03.json?at=refs%2Ftags%2Fv18.4.0";t_kpan_mobility_partner_oppy;t_ksan_contract_global_local;kpan-gl-hmm-qlt-mobilitypartneroppymmrule-03.json;"""18.4.0"""
KPAN_opportunity_MRField.conf;"https://bitbucket.globaldevtools.bbva.com/bitbucket/projects/GL_KPAN_APP-ID-385678_DSG/repos/glgldh360gloqlt/browse/hammurabi/jobs/europa/kpan-gl-hmm-qlt-opportunitymrfield-01.json?at=refs%2Ftags%2Fv18.4.0
https://bitbucket.globaldevtools.bbva.com/bitbucket/projects/GL_KPAN_APP-ID-385678_DSG/repos/glgldh360gloqlt/browse/hammurabi/jobs/america/kpan-gl-hmm-qlt-opportunitymrfield-01.json?at=refs%2Ftags%2Fv18.4.0";t_kpan_opportunity;;kpan-gl-hmm-qlt-opportunitymrfield-01.json;"""18.4.0"""
KPAN_opportunity_MRObject.conf;"https://bitbucket.globaldevtools.bbva.com/bitbucket/projects/GL_KPAN_APP-ID-385678_DSG/repos/glgldh360gloqlt/browse/hammurabi/jobs/europa/kpan-gl-hmm-qlt-opportunitymrobject-01.json?at=refs%2Ftags%2Fv18.4.0
https://bitbucket.globaldevtools.bbva.com/bitbucket/projects/GL_KPAN_APP-ID-385678_DSG/repos/glgldh360gloqlt/browse/hammurabi/jobs/america/kpan-gl-hmm-qlt-opportunitymrobject-01.json?at=refs%2Ftags%2Fv18.4.0";t_kpan_opportunity;;kpan-gl-hmm-qlt-opportunitymrobject-01.json;"""18.4.0"""
KPAN_opportunity_YH2J_gbl-channel-hier-master_MMRule.conf;"https://bitbucket.globaldevtools.bbva.com/bitbucket/projects/GL_KPAN_APP-ID-385678_DSG/repos/glgldh360gloqlt/browse/hammurabi/jobs/europa/kpan-gl-hmm-qlt-opportunitymmrule-01.json?at=refs%2Ftags%2Fv18.4.0
https://bitbucket.globaldevtools.bbva.com/bitbucket/projects/GL_KPAN_APP-ID-385678_DSG/repos/glgldh360gloqlt/browse/hammurabi/jobs/america/kpan-gl-hmm-qlt-opportunitymmrule-01.json?at=refs%2Ftags%2Fv18.4.0";t_kpan_opportunity;t_yh2j_gbl_channel_hier_master;kpan-gl-hmm-qlt-opportunitymmrule-01.json;"""18.4.0"""
KPAN_opportunity_KCOG_entity_MMRule.conf;"https://bitbucket.globaldevtools.bbva.com/bitbucket/projects/GL_KPAN_APP-ID-385678_DSG/repos/glgldh360gloqlt/browse/hammurabi/jobs/europa/kpan-gl-hmm-qlt-opportunitymmrule-02.json?at=refs%2Ftags%2Fv18.4.0
https://bitbucket.globaldevtools.bbva.com/bitbucket/projects/GL_KPAN_APP-ID-385678_DSG/repos/glgldh360gloqlt/browse/hammurabi/jobs/america/kpan-gl-hmm-qlt-opportunitymmrule-02.json?at=refs%2Ftags%2Fv18.4.0";t_kpan_opportunity;t_kcog_entity;kpan-gl-hmm-qlt-opportunitymmrule-02.json;"""18.4.0"""
KPAN_opportunity_NM7R_lead_MMRule.conf;"https://bitbucket.globaldevtools.bbva.com/bitbucket/projects/GL_KPAN_APP-ID-385678_DSG/repos/glgldh360gloqlt/browse/hammurabi/jobs/europa/kpan-gl-hmm-qlt-opportunitymmrule-03.json?at=refs%2Ftags%2Fv18.4.0
https://bitbucket.globaldevtools.bbva.com/bitbucket/projects/GL_KPAN_APP-ID-385678_DSG/repos/glgldh360gloqlt/browse/hammurabi/jobs/america/kpan-gl-hmm-qlt-opportunitymmrule-03.json?at=refs%2Ftags%2Fv18.4.0";t_kpan_opportunity;t_nm7r_lead;kpan-gl-hmm-qlt-opportunitymmrule-03.json;"""18.4.0"""
KPAN_oppy-manager-asgn_MRField.conf;"https://bitbucket.globaldevtools.bbva.com/bitbucket/projects/GL_KPAN_APP-ID-385678_DSG/repos/glgldh360gloqlt/browse/hammurabi/jobs/europa/kpan-gl-hmm-qlt-oppymanagerasgnmrfield-01.json?at=refs%2Ftags%2Fv18.4.0
https://bitbucket.globaldevtools.bbva.com/bitbucket/projects/GL_KPAN_APP-ID-385678_DSG/repos/glgldh360gloqlt/browse/hammurabi/jobs/america/kpan-gl-hmm-qlt-oppymanagerasgnmrfield-01.json?at=refs%2Ftags%2Fv18.4.0";t_kpan_oppy_manager_asgn;;kpan-gl-hmm-qlt-oppymanagerasgnmrfield-01.json;"""18.4.0"""
KPAN_oppy-mgr-comnt_MRField.conf;"https://bitbucket.globaldevtools.bbva.com/bitbucket/projects/GL_KPAN_APP-ID-385678_DSG/repos/glgldh360gloqlt/browse/hammurabi/jobs/europa/kpan-gl-hmm-qlt-oppymgrcomntmrfield-01.json?at=refs%2Ftags%2Fv18.4.0
https://bitbucket.globaldevtools.bbva.com/bitbucket/projects/GL_KPAN_APP-ID-385678_DSG/repos/glgldh360gloqlt/browse/hammurabi/jobs/america/kpan-gl-hmm-qlt-oppymgrcomntmrfield-01.json?at=refs%2Ftags%2Fv18.4.0";t_kpan_oppy_mgr_comnt;;kpan-gl-hmm-qlt-oppymgrcomntmrfield-01.json;"""18.4.0"""
KPAN_oppy-status-trcblty_MRField.conf;"https://bitbucket.globaldevtools.bbva.com/bitbucket/projects/GL_KPAN_APP-ID-385678_DSG/repos/glgldh360gloqlt/browse/hammurabi/jobs/europa/kpan-gl-hmm-qlt-oppystatustrcbltymrfield-01.json?at=refs%2Ftags%2Fv18.4.0
https://bitbucket.globaldevtools.bbva.com/bitbucket/projects/GL_KPAN_APP-ID-385678_DSG/repos/glgldh360gloqlt/browse/hammurabi/jobs/america/kpan-gl-hmm-qlt-oppystatustrcbltymrfield-01.json?at=refs%2Ftags%2Fv18.4.0";t_kpan_oppy_status_trcblty;;kpan-gl-hmm-qlt-oppystatustrcbltymrfield-01.json;"""18.4.0"""
KPAN_person-cred-fclty-psl-dp_MRField.conf;"https://bitbucket.globaldevtools.bbva.com/bitbucket/projects/GL_KPAN_APP-ID-385678_DSG/repos/glgldh360gloqlt/browse/hammurabi/jobs/europa/kpan-gl-hmm-qlt-personcredfcltypsldmrfield-01.json?at=refs%2Ftags%2Fv18.4.0
https://bitbucket.globaldevtools.bbva.com/bitbucket/projects/GL_KPAN_APP-ID-385678_DSG/repos/glgldh360gloqlt/browse/hammurabi/jobs/america/kpan-gl-hmm-qlt-personcredfcltypsldmrfield-01.json?at=refs%2Ftags%2Fv18.4.0";t_kpan_person_cred_fclty_psl_dp;;kpan-gl-hmm-qlt-personcredfcltypsldmrfield-01.json;"""18.4.0"""
KPAN_person-cred-fclty-psl-dp_KPAN_credit-fclty-proposals_MMRule.conf;"https://bitbucket.globaldevtools.bbva.com/bitbucket/projects/GL_KPAN_APP-ID-385678_DSG/repos/glgldh360gloqlt/browse/hammurabi/jobs/europa/kpan-gl-hmm-qlt-personcredfcltypsldmmrule-01.json?at=refs%2Ftags%2Fv18.4.0
https://bitbucket.globaldevtools.bbva.com/bitbucket/projects/GL_KPAN_APP-ID-385678_DSG/repos/glgldh360gloqlt/browse/hammurabi/jobs/america/kpan-gl-hmm-qlt-personcredfcltypsldmmrule-01.json?at=refs%2Ftags%2Fv18.4.0";t_kpan_person_cred_fclty_psl_dp;t_kpan_credit_fclty_proposals;kpan-gl-hmm-qlt-personcredfcltypsldmmrule-01.json;"""18.4.0"""
KPAN_person-cred-fclty-psl-dp_KCOG_country_MMRule.conf;"https://bitbucket.globaldevtools.bbva.com/bitbucket/projects/GL_KPAN_APP-ID-385678_DSG/repos/glgldh360gloqlt/browse/hammurabi/jobs/europa/kpan-gl-hmm-qlt-personcredfcltypsldmmrule-02.json?at=refs%2Ftags%2Fv18.4.0
https://bitbucket.globaldevtools.bbva.com/bitbucket/projects/GL_KPAN_APP-ID-385678_DSG/repos/glgldh360gloqlt/browse/hammurabi/jobs/america/kpan-gl-hmm-qlt-personcredfcltypsldmmrule-02.json?at=refs%2Ftags%2Fv18.4.0";t_kpan_person_cred_fclty_psl_dp;t_kcog_country;kpan-gl-hmm-qlt-personcredfcltypsldmmrule-02.json;"""18.4.0"""
KPAN_person-cred-fclty-psl-dp_KCOG_currency_MMRule.conf;"https://bitbucket.globaldevtools.bbva.com/bitbucket/projects/GL_KPAN_APP-ID-385678_DSG/repos/glgldh360gloqlt/browse/hammurabi/jobs/europa/kpan-gl-hmm-qlt-personcredfcltypsldmmrule-03.json?at=refs%2Ftags%2Fv18.4.0
https://bitbucket.globaldevtools.bbva.com/bitbucket/projects/GL_KPAN_APP-ID-385678_DSG/repos/glgldh360gloqlt/browse/hammurabi/jobs/america/kpan-gl-hmm-qlt-personcredfcltypsldmmrule-03.json?at=refs%2Ftags%2Fv18.4.0";t_kpan_person_cred_fclty_psl_dp;t_kcog_currency;kpan-gl-hmm-qlt-personcredfcltypsldmmrule-03.json;"""18.4.0"""
KPAN_person-cred-fclty-psl-dp_KBTQ_role-person_MMRule.conf;"https://bitbucket.globaldevtools.bbva.com/bitbucket/projects/GL_KPAN_APP-ID-385678_DSG/repos/glgldh360gloqlt/browse/hammurabi/jobs/europa/kpan-gl-hmm-qlt-personcredfcltypsldmmrule-04.json?at=refs%2Ftags%2Fv18.4.0
https://bitbucket.globaldevtools.bbva.com/bitbucket/projects/GL_KPAN_APP-ID-385678_DSG/repos/glgldh360gloqlt/browse/hammurabi/jobs/america/kpan-gl-hmm-qlt-personcredfcltypsldmmrule-04.json?at=refs%2Ftags%2Fv18.4.0";t_kpan_person_cred_fclty_psl_dp;t_kbtq_role_person;kpan-gl-hmm-qlt-personcredfcltypsldmmrule-04.json;"""18.4.0"""
KPAN_person-credit-fclty-psl_MRField.conf;"https://bitbucket.globaldevtools.bbva.com/bitbucket/projects/GL_KPAN_APP-ID-385678_DSG/repos/glgldh360gloqlt/browse/hammurabi/jobs/europa/kpan-gl-hmm-qlt-personcreditfcltypsmrfield-01.json?at=refs%2Ftags%2Fv18.4.0
https://bitbucket.globaldevtools.bbva.com/bitbucket/projects/GL_KPAN_APP-ID-385678_DSG/repos/glgldh360gloqlt/browse/hammurabi/jobs/america/kpan-gl-hmm-qlt-personcreditfcltypsmrfield-01.json?at=refs%2Ftags%2Fv18.4.0";t_kpan_person_credit_fclty_psl;;kpan-gl-hmm-qlt-personcreditfcltypsmrfield-01.json;"""18.4.0"""
KPAN_person-credit-fclty-psl_MRObject.conf;"https://bitbucket.globaldevtools.bbva.com/bitbucket/projects/GL_KPAN_APP-ID-385678_DSG/repos/glgldh360gloqlt/browse/hammurabi/jobs/europa/kpan-gl-hmm-qlt-personcreditfcltypsmrobject-01.json?at=refs%2Ftags%2Fv18.4.0
https://bitbucket.globaldevtools.bbva.com/bitbucket/projects/GL_KPAN_APP-ID-385678_DSG/repos/glgldh360gloqlt/browse/hammurabi/jobs/america/kpan-gl-hmm-qlt-personcreditfcltypsmrobject-01.json?at=refs%2Ftags%2Fv18.4.0";t_kpan_person_credit_fclty_psl;;kpan-gl-hmm-qlt-personcreditfcltypsmrobject-01.json;"""18.4.0"""
KPAN_person-credit-fclty-psl_KCOG_country_MMRule.conf;"https://bitbucket.globaldevtools.bbva.com/bitbucket/projects/GL_KPAN_APP-ID-385678_DSG/repos/glgldh360gloqlt/browse/hammurabi/jobs/europa/kpan-gl-hmm-qlt-personcreditfcltypsmmrule-01.json?at=refs%2Ftags%2Fv18.4.0
https://bitbucket.globaldevtools.bbva.com/bitbucket/projects/GL_KPAN_APP-ID-385678_DSG/repos/glgldh360gloqlt/browse/hammurabi/jobs/america/kpan-gl-hmm-qlt-personcreditfcltypsmmrule-01.json?at=refs%2Ftags%2Fv18.4.0";t_kpan_person_credit_fclty_psl;t_kcog_country;kpan-gl-hmm-qlt-personcreditfcltypsmmrule-01.json;"""18.4.0"""
KPAN_person-credit-fclty-psl_KCOG_currency_MMRule.conf;"https://bitbucket.globaldevtools.bbva.com/bitbucket/projects/GL_KPAN_APP-ID-385678_DSG/repos/glgldh360gloqlt/browse/hammurabi/jobs/europa/kpan-gl-hmm-qlt-personcreditfcltypsmmrule-02.json?at=refs%2Ftags%2Fv18.4.0
https://bitbucket.globaldevtools.bbva.com/bitbucket/projects/GL_KPAN_APP-ID-385678_DSG/repos/glgldh360gloqlt/browse/hammurabi/jobs/america/kpan-gl-hmm-qlt-personcreditfcltypsmmrule-02.json?at=refs%2Ftags%2Fv18.4.0";t_kpan_person_credit_fclty_psl;t_kcog_currency;kpan-gl-hmm-qlt-personcreditfcltypsmmrule-02.json;"""18.4.0"""
KPAN_person-credit-fclty-psl_KBTQ_role-person_MMRule.conf;"https://bitbucket.globaldevtools.bbva.com/bitbucket/projects/GL_KPAN_APP-ID-385678_DSG/repos/glgldh360gloqlt/browse/hammurabi/jobs/europa/kpan-gl-hmm-qlt-personcreditfcltypsmmrule-03.json?at=refs%2Ftags%2Fv18.4.0
https://bitbucket.globaldevtools.bbva.com/bitbucket/projects/GL_KPAN_APP-ID-385678_DSG/repos/glgldh360gloqlt/browse/hammurabi/jobs/america/kpan-gl-hmm-qlt-personcreditfcltypsmmrule-03.json?at=refs%2Ftags%2Fv18.4.0";t_kpan_person_credit_fclty_psl;t_kbtq_role_person;kpan-gl-hmm-qlt-personcreditfcltypsmmrule-03.json;"""18.4.0"""
KPAN_person-credit-fclty-psl_KPAN_credit-fclty-proposals_MMRule.conf;"https://bitbucket.globaldevtools.bbva.com/bitbucket/projects/GL_KPAN_APP-ID-385678_DSG/repos/glgldh360gloqlt/browse/hammurabi/jobs/europa/kpan-gl-hmm-qlt-personcreditfcltypsmmrule-04.json?at=refs%2Ftags%2Fv18.4.0
https://bitbucket.globaldevtools.bbva.com/bitbucket/projects/GL_KPAN_APP-ID-385678_DSG/repos/glgldh360gloqlt/browse/hammurabi/jobs/america/kpan-gl-hmm-qlt-personcreditfcltypsmmrule-04.json?at=refs%2Ftags%2Fv18.4.0";t_kpan_person_credit_fclty_psl;t_kpan_credit_fclty_proposals;kpan-gl-hmm-qlt-personcreditfcltypsmmrule-04.json;"""18.4.0"""
KSRR_new-production_MRField.conf;"https://bitbucket.globaldevtools.bbva.com/bitbucket/projects/GL_KSRR_APP-ID-2421226_DSG/repos/glgldh360gloqlt/browse/hammurabi/jobs/europa/ksrr-gl-hmm-qlt-newproductionmrfield-01.json?at=refs%2Ftags%2Fv18.3.3
https://bitbucket.globaldevtools.bbva.com/bitbucket/projects/GL_KSRR_APP-ID-2421226_DSG/repos/glgldh360gloqlt/browse/hammurabi/jobs/america/ksrr-gl-hmm-qlt-newproductionmrfield-01.json?at=refs%2Ftags%2Fv18.3.3";t_ksrr_new_production;;ksrr-gl-hmm-qlt-newproductionmrfield-01.json;"""18.3.3"""
KSRR_new-production_MRObject.conf;"https://bitbucket.globaldevtools.bbva.com/bitbucket/projects/GL_KSRR_APP-ID-2421226_DSG/repos/glgldh360gloqlt/browse/hammurabi/jobs/europa/ksrr-gl-hmm-qlt-newproductionmrobject-01.json?at=refs%2Ftags%2Fv18.3.3
https://bitbucket.globaldevtools.bbva.com/bitbucket/projects/GL_KSRR_APP-ID-2421226_DSG/repos/glgldh360gloqlt/browse/hammurabi/jobs/america/ksrr-gl-hmm-qlt-newproductionmrobject-01.json?at=refs%2Ftags%2Fv18.3.3";t_ksrr_new_production;;ksrr-gl-hmm-qlt-newproductionmrobject-01.json;"""18.3.3"""
KSRR_new-production_KCOG_currency_MMRule.conf;"https://bitbucket.globaldevtools.bbva.com/bitbucket/projects/GL_KSRR_APP-ID-2421226_DSG/repos/glgldh360gloqlt/browse/hammurabi/jobs/europa/ksrr-gl-hmm-qlt-newproductionmmrule-01.json?at=refs%2Ftags%2Fv18.3.3
https://bitbucket.globaldevtools.bbva.com/bitbucket/projects/GL_KSRR_APP-ID-2421226_DSG/repos/glgldh360gloqlt/browse/hammurabi/jobs/america/ksrr-gl-hmm-qlt-newproductionmmrule-01.json?at=refs%2Ftags%2Fv18.3.3";t_ksrr_new_production;t_kcog_currency;ksrr-gl-hmm-qlt-newproductionmmrule-01.json;"""18.3.3"""
KSRR_new-production_KMFI_prftbly-metric-out-cl_MMRule.conf;"https://bitbucket.globaldevtools.bbva.com/bitbucket/projects/GL_KSRR_APP-ID-2421226_DSG/repos/glgldh360gloqlt/browse/hammurabi/jobs/europa/ksrr-gl-hmm-qlt-newproductionmmrule-02.json?at=refs%2Ftags%2Fv18.3.3
https://bitbucket.globaldevtools.bbva.com/bitbucket/projects/GL_KSRR_APP-ID-2421226_DSG/repos/glgldh360gloqlt/browse/hammurabi/jobs/america/ksrr-gl-hmm-qlt-newproductionmmrule-02.json?at=refs%2Ftags%2Fv18.3.3";t_ksrr_new_production;t_kmfi_prftbly_metric_out_cl;ksrr-gl-hmm-qlt-newproductionmmrule-02.json;"""18.3.3"""
KSRR_new-production-subcat_MRField.conf;"https://bitbucket.globaldevtools.bbva.com/bitbucket/projects/GL_KSRR_APP-ID-2421226_DSG/repos/glgldh360gloqlt/browse/hammurabi/jobs/europa/ksrr-gl-hmm-qlt-newproductionsubcatmrfield-01.json?at=refs%2Ftags%2Fv18.3.3
https://bitbucket.globaldevtools.bbva.com/bitbucket/projects/GL_KSRR_APP-ID-2421226_DSG/repos/glgldh360gloqlt/browse/hammurabi/jobs/america/ksrr-gl-hmm-qlt-newproductionsubcatmrfield-01.json?at=refs%2Ftags%2Fv18.3.3";t_ksrr_new_production_subcat;;ksrr-gl-hmm-qlt-newproductionsubcatmrfield-01.json;"""18.3.3"""
KSRR_new-production-subcat_MRObject.conf;"https://bitbucket.globaldevtools.bbva.com/bitbucket/projects/GL_KSRR_APP-ID-2421226_DSG/repos/glgldh360gloqlt/browse/hammurabi/jobs/europa/ksrr-gl-hmm-qlt-newproductionsubcatmrobject-01.json?at=refs%2Ftags%2Fv18.3.3
https://bitbucket.globaldevtools.bbva.com/bitbucket/projects/GL_KSRR_APP-ID-2421226_DSG/repos/glgldh360gloqlt/browse/hammurabi/jobs/america/ksrr-gl-hmm-qlt-newproductionsubcatmrobject-01.json?at=refs%2Ftags%2Fv18.3.3";t_ksrr_new_production_subcat;;ksrr-gl-hmm-qlt-newproductionsubcatmrobject-01.json;"""18.3.3"""
KSRR_new-production-subcat_KCOG_currency_MMRule.conf;"https://bitbucket.globaldevtools.bbva.com/bitbucket/projects/GL_KSRR_APP-ID-2421226_DSG/repos/glgldh360gloqlt/browse/hammurabi/jobs/europa/ksrr-gl-hmm-qlt-newproductionsubcatmmrule-01.json?at=refs%2Ftags%2Fv18.3.3
https://bitbucket.globaldevtools.bbva.com/bitbucket/projects/GL_KSRR_APP-ID-2421226_DSG/repos/glgldh360gloqlt/browse/hammurabi/jobs/america/ksrr-gl-hmm-qlt-newproductionsubcatmmrule-01.json?at=refs%2Ftags%2Fv18.3.3";t_ksrr_new_production_subcat;t_kcog_currency;ksrr-gl-hmm-qlt-newproductionsubcatmmrule-01.json;"""18.3.3"""
KSRR_new-production-subcat_KMFI_prftbly-metric-out-cl_MMRule.conf;"https://bitbucket.globaldevtools.bbva.com/bitbucket/projects/GL_KSRR_APP-ID-2421226_DSG/repos/glgldh360gloqlt/browse/hammurabi/jobs/europa/ksrr-gl-hmm-qlt-newproductionsubcatmmrule-02.json?at=refs%2Ftags%2Fv18.3.3
https://bitbucket.globaldevtools.bbva.com/bitbucket/projects/GL_KSRR_APP-ID-2421226_DSG/repos/glgldh360gloqlt/browse/hammurabi/jobs/america/ksrr-gl-hmm-qlt-newproductionsubcatmmrule-02.json?at=refs%2Ftags%2Fv18.3.3";t_ksrr_new_production_subcat;t_kmfi_prftbly_metric_out_cl;ksrr-gl-hmm-qlt-newproductionsubcatmmrule-02.json;"""18.3.3"""
KSRR_stock_MRField.conf;"https://bitbucket.globaldevtools.bbva.com/bitbucket/projects/GL_KSRR_APP-ID-2421226_DSG/repos/glgldh360gloqlt/browse/hammurabi/jobs/europa/ksrr-gl-hmm-qlt-stockmrfield-01.json?at=refs%2Ftags%2Fv18.3.3
https://bitbucket.globaldevtools.bbva.com/bitbucket/projects/GL_KSRR_APP-ID-2421226_DSG/repos/glgldh360gloqlt/browse/hammurabi/jobs/america/ksrr-gl-hmm-qlt-stockmrfield-01.json?at=refs%2Ftags%2Fv18.3.3";t_ksrr_stock;;ksrr-gl-hmm-qlt-stockmrfield-01.json;"""18.3.3"""
KSRR_stock_MRObject.conf;"https://bitbucket.globaldevtools.bbva.com/bitbucket/projects/GL_KSRR_APP-ID-2421226_DSG/repos/glgldh360gloqlt/browse/hammurabi/jobs/europa/ksrr-gl-hmm-qlt-stockmrobject-01.json?at=refs%2Ftags%2Fv18.3.3
https://bitbucket.globaldevtools.bbva.com/bitbucket/projects/GL_KSRR_APP-ID-2421226_DSG/repos/glgldh360gloqlt/browse/hammurabi/jobs/america/ksrr-gl-hmm-qlt-stockmrobject-01.json?at=refs%2Ftags%2Fv18.3.3";t_ksrr_stock;;ksrr-gl-hmm-qlt-stockmrobject-01.json;"""18.3.3"""
KSRR_stock_KCOG_currency_MMRule.conf;"https://bitbucket.globaldevtools.bbva.com/bitbucket/projects/GL_KSRR_APP-ID-2421226_DSG/repos/glgldh360gloqlt/browse/hammurabi/jobs/europa/ksrr-gl-hmm-qlt-stockmmrule-01.json?at=refs%2Ftags%2Fv18.3.3
https://bitbucket.globaldevtools.bbva.com/bitbucket/projects/GL_KSRR_APP-ID-2421226_DSG/repos/glgldh360gloqlt/browse/hammurabi/jobs/america/ksrr-gl-hmm-qlt-stockmmrule-01.json?at=refs%2Ftags%2Fv18.3.3";t_ksrr_stock;t_kcog_currency;ksrr-gl-hmm-qlt-stockmmrule-01.json;"""18.3.3"""
KSRR_stock_KMFI_prftbly-metric-out-cl_MMRule.conf;"https://bitbucket.globaldevtools.bbva.com/bitbucket/projects/GL_KSRR_APP-ID-2421226_DSG/repos/glgldh360gloqlt/browse/hammurabi/jobs/europa/ksrr-gl-hmm-qlt-stockmmrule-02.json?at=refs%2Ftags%2Fv18.3.3
https://bitbucket.globaldevtools.bbva.com/bitbucket/projects/GL_KSRR_APP-ID-2421226_DSG/repos/glgldh360gloqlt/browse/hammurabi/jobs/america/ksrr-gl-hmm-qlt-stockmmrule-02.json?at=refs%2Ftags%2Fv18.3.3";t_ksrr_stock;t_kmfi_prftbly_metric_out_cl;ksrr-gl-hmm-qlt-stockmmrule-02.json;"""18.3.3"""
KSRR_stock-subcat_MRField.conf;"https://bitbucket.globaldevtools.bbva.com/bitbucket/projects/GL_KSRR_APP-ID-2421226_DSG/repos/glgldh360gloqlt/browse/hammurabi/jobs/europa/ksrr-gl-hmm-qlt-stocksubcatmrfield-01.json?at=refs%2Ftags%2Fv18.3.3
https://bitbucket.globaldevtools.bbva.com/bitbucket/projects/GL_KSRR_APP-ID-2421226_DSG/repos/glgldh360gloqlt/browse/hammurabi/jobs/america/ksrr-gl-hmm-qlt-stocksubcatmrfield-01.json?at=refs%2Ftags%2Fv18.3.3";t_ksrr_stock_subcat;;ksrr-gl-hmm-qlt-stocksubcatmrfield-01.json;"""18.3.3"""
KSRR_stock-subcat_MRObject.conf;"https://bitbucket.globaldevtools.bbva.com/bitbucket/projects/GL_KSRR_APP-ID-2421226_DSG/repos/glgldh360gloqlt/browse/hammurabi/jobs/europa/ksrr-gl-hmm-qlt-stocksubcatmrobject-01.json?at=refs%2Ftags%2Fv18.3.3
https://bitbucket.globaldevtools.bbva.com/bitbucket/projects/GL_KSRR_APP-ID-2421226_DSG/repos/glgldh360gloqlt/browse/hammurabi/jobs/america/ksrr-gl-hmm-qlt-stocksubcatmrobject-01.json?at=refs%2Ftags%2Fv18.3.3";t_ksrr_stock_subcat;;ksrr-gl-hmm-qlt-stocksubcatmrobject-01.json;"""18.3.3"""
KSRR_stock-subcat_KCOG_currency_MMRule.conf;"https://bitbucket.globaldevtools.bbva.com/bitbucket/projects/GL_KSRR_APP-ID-2421226_DSG/repos/glgldh360gloqlt/browse/hammurabi/jobs/europa/ksrr-gl-hmm-qlt-stocksubcatmmrule-01.json?at=refs%2Ftags%2Fv18.3.3
https://bitbucket.globaldevtools.bbva.com/bitbucket/projects/GL_KSRR_APP-ID-2421226_DSG/repos/glgldh360gloqlt/browse/hammurabi/jobs/america/ksrr-gl-hmm-qlt-stocksubcatmmrule-01.json?at=refs%2Ftags%2Fv18.3.3";t_ksrr_stock_subcat;t_kcog_currency;ksrr-gl-hmm-qlt-stocksubcatmmrule-01.json;"""18.3.3"""
KSRR_stock-subcat_KMFI_prftbly-metric-out-cl_MMRule.conf;"https://bitbucket.globaldevtools.bbva.com/bitbucket/projects/GL_KSRR_APP-ID-2421226_DSG/repos/glgldh360gloqlt/browse/hammurabi/jobs/europa/ksrr-gl-hmm-qlt-stocksubcatmmrule-02.json?at=refs%2Ftags%2Fv18.3.3
https://bitbucket.globaldevtools.bbva.com/bitbucket/projects/GL_KSRR_APP-ID-2421226_DSG/repos/glgldh360gloqlt/browse/hammurabi/jobs/america/ksrr-gl-hmm-qlt-stocksubcatmmrule-02.json?at=refs%2Ftags%2Fv18.3.3";t_ksrr_stock_subcat;t_kmfi_prftbly_metric_out_cl;ksrr-gl-hmm-qlt-stocksubcatmmrule-02.json;"""18.3.3"""
KSTB_prod-asset-gloc-board_MRField.conf;"https://bitbucket.globaldevtools.bbva.com/bitbucket/projects/GL_KSTB_APP-ID-1919198_DSG/repos/glgldh360gloqlt/browse/hammurabi/jobs/europa/kstb-gl-hmm-qlt-prodassetglocboardmrfield-01.json?at=refs%2Ftags%2Fv18.3.5
https://bitbucket.globaldevtools.bbva.com/bitbucket/projects/GL_KSTB_APP-ID-1919198_DSG/repos/glgldh360gloqlt/browse/hammurabi/jobs/america/kstb-gl-hmm-qlt-prodassetglocboardmrfield-01.json?at=refs%2Ftags%2Fv18.3.5";t_kstb_prod_asset_gloc_board;;kstb-gl-hmm-qlt-prodassetglocboardmrfield-01.json;"""18.3.5"""
KSTB_sust-operations-board_MRField.conf;"https://bitbucket.globaldevtools.bbva.com/bitbucket/projects/GL_KSTB_APP-ID-1919198_DSG/repos/glgldh360gloqlt/browse/hammurabi/jobs/europa/kstb-gl-hmm-qlt-sustoperationsboardmrfield-01.json?at=refs%2Ftags%2Fv18.3.5
https://bitbucket.globaldevtools.bbva.com/bitbucket/projects/GL_KSTB_APP-ID-1919198_DSG/repos/glgldh360gloqlt/browse/hammurabi/jobs/america/kstb-gl-hmm-qlt-sustoperationsboardmrfield-01.json?at=refs%2Ftags%2Fv18.3.5";t_kstb_sust_operations_board;;kstb-gl-hmm-qlt-sustoperationsboardmrfield-01.json;"""18.3.5"""
KSTB_sust-operations-board_KCOG_country_MMRule.conf;"https://bitbucket.globaldevtools.bbva.com/bitbucket/projects/GL_KSTB_APP-ID-1919198_DSG/repos/glgldh360gloqlt/browse/hammurabi/jobs/europa/kstb-gl-hmm-qlt-sustoperationsboardmmrule-01.json?at=refs%2Ftags%2Fv18.3.5
https://bitbucket.globaldevtools.bbva.com/bitbucket/projects/GL_KSTB_APP-ID-1919198_DSG/repos/glgldh360gloqlt/browse/hammurabi/jobs/america/kstb-gl-hmm-qlt-sustoperationsboardmmrule-01.json?at=refs%2Ftags%2Fv18.3.5";t_kstb_sust_operations_board;t_kcog_country;kstb-gl-hmm-qlt-sustoperationsboardmmrule-01.json;"""18.3.5"""
KSTB_sust-operations-board_YH2J_gbl-product-hier-master_MMRule.conf;"https://bitbucket.globaldevtools.bbva.com/bitbucket/projects/GL_KSTB_APP-ID-1919198_DSG/repos/glgldh360gloqlt/browse/hammurabi/jobs/europa/kstb-gl-hmm-qlt-sustoperationsboardmmrule-02.json?at=refs%2Ftags%2Fv18.3.5
https://bitbucket.globaldevtools.bbva.com/bitbucket/projects/GL_KSTB_APP-ID-1919198_DSG/repos/glgldh360gloqlt/browse/hammurabi/jobs/america/kstb-gl-hmm-qlt-sustoperationsboardmmrule-02.json?at=refs%2Ftags%2Fv18.3.5";t_kstb_sust_operations_board;t_yh2j_gbl_product_hier_master;kstb-gl-hmm-qlt-sustoperationsboardmmrule-02.json;"""18.3.5"""
KSTB_sust-operations-board_KCOG_currency_MMRule.conf;"https://bitbucket.globaldevtools.bbva.com/bitbucket/projects/GL_KSTB_APP-ID-1919198_DSG/repos/glgldh360gloqlt/browse/hammurabi/jobs/europa/kstb-gl-hmm-qlt-sustoperationsboardmmrule-03.json?at=refs%2Ftags%2Fv18.3.5
https://bitbucket.globaldevtools.bbva.com/bitbucket/projects/GL_KSTB_APP-ID-1919198_DSG/repos/glgldh360gloqlt/browse/hammurabi/jobs/america/kstb-gl-hmm-qlt-sustoperationsboardmmrule-03.json?at=refs%2Ftags%2Fv18.3.5";t_kstb_sust_operations_board;t_kcog_currency;kstb-gl-hmm-qlt-sustoperationsboardmmrule-03.json;"""18.3.5"""
KSTB_sust-operations-board-cib_MRField.conf;"https://bitbucket.globaldevtools.bbva.com/bitbucket/projects/GL_KSTB_APP-ID-1919198_DSG/repos/glgldh360gloqlt/browse/hammurabi/jobs/europa/kstb-gl-hmm-qlt-sustoperationsboardmrfield-02.json?at=refs%2Ftags%2Fv18.3.5
https://bitbucket.globaldevtools.bbva.com/bitbucket/projects/GL_KSTB_APP-ID-1919198_DSG/repos/glgldh360gloqlt/browse/hammurabi/jobs/america/kstb-gl-hmm-qlt-sustoperationsboardmrfield-02.json?at=refs%2Ftags%2Fv18.3.5";t_kstb_sust_operations_board_cib;;kstb-gl-hmm-qlt-sustoperationsboardmrfield-02.json;"""18.3.5"""
KSTB_sust-operations-board-cib_YH2J_gbl-product-hier-master_MMRule.conf;"https://bitbucket.globaldevtools.bbva.com/bitbucket/projects/GL_KSTB_APP-ID-1919198_DSG/repos/glgldh360gloqlt/browse/hammurabi/jobs/europa/kstb-gl-hmm-qlt-sustoperationsboardmmrule-04.json?at=refs%2Ftags%2Fv18.3.5
https://bitbucket.globaldevtools.bbva.com/bitbucket/projects/GL_KSTB_APP-ID-1919198_DSG/repos/glgldh360gloqlt/browse/hammurabi/jobs/america/kstb-gl-hmm-qlt-sustoperationsboardmmrule-04.json?at=refs%2Ftags%2Fv18.3.5";t_kstb_sust_operations_board_cib;t_yh2j_gbl_product_hier_master;kstb-gl-hmm-qlt-sustoperationsboardmmrule-04.json;"""18.3.5"""
KSTB_sust-operations-board-cib_KCOG_currency_MMRule.conf;"https://bitbucket.globaldevtools.bbva.com/bitbucket/projects/GL_KSTB_APP-ID-1919198_DSG/repos/glgldh360gloqlt/browse/hammurabi/jobs/europa/kstb-gl-hmm-qlt-sustoperationsboardmmrule-05.json?at=refs%2Ftags%2Fv18.3.5
https://bitbucket.globaldevtools.bbva.com/bitbucket/projects/GL_KSTB_APP-ID-1919198_DSG/repos/glgldh360gloqlt/browse/hammurabi/jobs/america/kstb-gl-hmm-qlt-sustoperationsboardmmrule-05.json?at=refs%2Ftags%2Fv18.3.5";t_kstb_sust_operations_board_cib;t_kcog_currency;kstb-gl-hmm-qlt-sustoperationsboardmmrule-05.json;"""18.3.5"""
KSTB_sust-operations-board-cib_KCOG_country_MMRule.conf;"https://bitbucket.globaldevtools.bbva.com/bitbucket/projects/GL_KSTB_APP-ID-1919198_DSG/repos/glgldh360gloqlt/browse/hammurabi/jobs/europa/kstb-gl-hmm-qlt-sustoperationsboardmmrule-06.json?at=refs%2Ftags%2Fv18.3.5
https://bitbucket.globaldevtools.bbva.com/bitbucket/projects/GL_KSTB_APP-ID-1919198_DSG/repos/glgldh360gloqlt/browse/hammurabi/jobs/america/kstb-gl-hmm-qlt-sustoperationsboardmmrule-06.json?at=refs%2Ftags%2Fv18.3.5";t_kstb_sust_operations_board_cib;t_kcog_country;kstb-gl-hmm-qlt-sustoperationsboardmmrule-06.json;"""18.3.5"""
KSTB_sust-operations-board-err_MRField.conf;"https://bitbucket.globaldevtools.bbva.com/bitbucket/projects/GL_KSTB_APP-ID-1919198_DSG/repos/glgldh360gloqlt/browse/hammurabi/jobs/europa/kstb-gl-hmm-qlt-sustoperationsboardmrfield-03.json?at=refs%2Ftags%2Fv18.3.5
https://bitbucket.globaldevtools.bbva.com/bitbucket/projects/GL_KSTB_APP-ID-1919198_DSG/repos/glgldh360gloqlt/browse/hammurabi/jobs/america/kstb-gl-hmm-qlt-sustoperationsboardmrfield-03.json?at=refs%2Ftags%2Fv18.3.5";t_kstb_sust_operations_board_err;;kstb-gl-hmm-qlt-sustoperationsboardmrfield-03.json;"""18.3.5"""
KSTB_sustnbl-cust-grp-board_MRField.conf;"https://bitbucket.globaldevtools.bbva.com/bitbucket/projects/GL_KSTB_APP-ID-1919198_DSG/repos/glgldh360gloqlt/browse/hammurabi/jobs/europa/kstb-gl-hmm-qlt-sustnblcustgrpboardmrfield-01.json?at=refs%2Ftags%2Fv18.3.5
https://bitbucket.globaldevtools.bbva.com/bitbucket/projects/GL_KSTB_APP-ID-1919198_DSG/repos/glgldh360gloqlt/browse/hammurabi/jobs/america/kstb-gl-hmm-qlt-sustnblcustgrpboardmrfield-01.json?at=refs%2Ftags%2Fv18.3.5";t_kstb_sustnbl_cust_grp_board;;kstb-gl-hmm-qlt-sustnblcustgrpboardmrfield-01.json;"""18.3.5"""
KSZG_cust-digital-access_MRField.conf;"https://bitbucket.globaldevtools.bbva.com/bitbucket/projects/GL_KSZG_APP-ID-19618_DSG/repos/glgldh360gloqlt/browse/hammurabi/jobs/europa/kszg-gl-hmm-qlt-custdigitalaccessmrfield-01.json?at=refs%2Ftags%2Fv18.4.7
https://bitbucket.globaldevtools.bbva.com/bitbucket/projects/GL_KSZG_APP-ID-19618_DSG/repos/glgldh360gloqlt/browse/hammurabi/jobs/america/kszg-gl-hmm-qlt-custdigitalaccessmrfield-01.json?at=refs%2Ftags%2Fv18.4.7";t_kszg_cust_digital_access;;kszg-gl-hmm-qlt-custdigitalaccessmrfield-01.json;"""18.4.7"""
KSZG_queue-controller_MRField.conf;"https://bitbucket.globaldevtools.bbva.com/bitbucket/projects/GL_KSZG_APP-ID-19618_DSG/repos/glgldh360gloqlt/browse/hammurabi/jobs/europa/kszg-gl-hmm-qlt-queuecontrollermrfield-01.json?at=refs%2Ftags%2Fv18.4.7
https://bitbucket.globaldevtools.bbva.com/bitbucket/projects/GL_KSZG_APP-ID-19618_DSG/repos/glgldh360gloqlt/browse/hammurabi/jobs/america/kszg-gl-hmm-qlt-queuecontrollermrfield-01.json?at=refs%2Ftags%2Fv18.4.7";t_kszg_queue_controller;;kszg-gl-hmm-qlt-queuecontrollermrfield-01.json;"""18.4.7"""
KSZG_queue-controller_MRObject.conf;"https://bitbucket.globaldevtools.bbva.com/bitbucket/projects/GL_KSZG_APP-ID-19618_DSG/repos/glgldh360gloqlt/browse/hammurabi/jobs/europa/kszg-gl-hmm-qlt-queuecontrollermrobject-01.json?at=refs%2Ftags%2Fv18.4.7
https://bitbucket.globaldevtools.bbva.com/bitbucket/projects/GL_KSZG_APP-ID-19618_DSG/repos/glgldh360gloqlt/browse/hammurabi/jobs/america/kszg-gl-hmm-qlt-queuecontrollermrobject-01.json?at=refs%2Ftags%2Fv18.4.7";t_kszg_queue_controller;;kszg-gl-hmm-qlt-queuecontrollermrobject-01.json;"""18.4.7"""
KSZG_queue-controller_KCOG_country_MMRule.conf;"https://bitbucket.globaldevtools.bbva.com/bitbucket/projects/GL_KSZG_APP-ID-19618_DSG/repos/glgldh360gloqlt/browse/hammurabi/jobs/europa/kszg-gl-hmm-qlt-queuecontrollermmrule-01.json?at=refs%2Ftags%2Fv18.4.7
https://bitbucket.globaldevtools.bbva.com/bitbucket/projects/GL_KSZG_APP-ID-19618_DSG/repos/glgldh360gloqlt/browse/hammurabi/jobs/america/kszg-gl-hmm-qlt-queuecontrollermmrule-01.json?at=refs%2Ftags%2Fv18.4.7";t_kszg_queue_controller;t_kcog_country;kszg-gl-hmm-qlt-queuecontrollermmrule-01.json;"""18.4.7"""
KSZG_queue-controller_KCOG_entity_MMRule.conf;"https://bitbucket.globaldevtools.bbva.com/bitbucket/projects/GL_KSZG_APP-ID-19618_DSG/repos/glgldh360gloqlt/browse/hammurabi/jobs/europa/kszg-gl-hmm-qlt-queuecontrollermmrule-02.json?at=refs%2Ftags%2Fv18.4.7
https://bitbucket.globaldevtools.bbva.com/bitbucket/projects/GL_KSZG_APP-ID-19618_DSG/repos/glgldh360gloqlt/browse/hammurabi/jobs/america/kszg-gl-hmm-qlt-queuecontrollermmrule-02.json?at=refs%2Ftags%2Fv18.4.7";t_kszg_queue_controller;t_kcog_entity;kszg-gl-hmm-qlt-queuecontrollermmrule-02.json;"""18.4.7"""
KSZG_queue-controller_KCOG_branch_MMRule.conf;"https://bitbucket.globaldevtools.bbva.com/bitbucket/projects/GL_KSZG_APP-ID-19618_DSG/repos/glgldh360gloqlt/browse/hammurabi/jobs/europa/kszg-gl-hmm-qlt-queuecontrollermmrule-03.json?at=refs%2Ftags%2Fv18.4.7
https://bitbucket.globaldevtools.bbva.com/bitbucket/projects/GL_KSZG_APP-ID-19618_DSG/repos/glgldh360gloqlt/browse/hammurabi/jobs/america/kszg-gl-hmm-qlt-queuecontrollermmrule-03.json?at=refs%2Ftags%2Fv18.4.7";t_kszg_queue_controller;t_kcog_branch;kszg-gl-hmm-qlt-queuecontrollermmrule-03.json;"""18.4.7"""
KSZG_queue-controller_KBTQ_role-person_MMRule.conf;"https://bitbucket.globaldevtools.bbva.com/bitbucket/projects/GL_KSZG_APP-ID-19618_DSG/repos/glgldh360gloqlt/browse/hammurabi/jobs/europa/kszg-gl-hmm-qlt-queuecontrollermmrule-04.json?at=refs%2Ftags%2Fv18.4.7
https://bitbucket.globaldevtools.bbva.com/bitbucket/projects/GL_KSZG_APP-ID-19618_DSG/repos/glgldh360gloqlt/browse/hammurabi/jobs/america/kszg-gl-hmm-qlt-queuecontrollermmrule-04.json?at=refs%2Ftags%2Fv18.4.7";t_kszg_queue_controller;t_kbtq_role_person;kszg-gl-hmm-qlt-queuecontrollermmrule-04.json;"""18.4.7"""
KSZG_trnslty-by-channel_MRField.conf;"https://bitbucket.globaldevtools.bbva.com/bitbucket/projects/GL_KSZG_APP-ID-19618_DSG/repos/glgldh360gloqlt/browse/hammurabi/jobs/europa/kszg-gl-hmm-qlt-trnsltybychannelmrfield-01.json?at=refs%2Ftags%2Fv18.4.7
https://bitbucket.globaldevtools.bbva.com/bitbucket/projects/GL_KSZG_APP-ID-19618_DSG/repos/glgldh360gloqlt/browse/hammurabi/jobs/america/kszg-gl-hmm-qlt-trnsltybychannelmrfield-01.json?at=refs%2Ftags%2Fv18.4.7";t_kszg_trnslty_by_channel;;kszg-gl-hmm-qlt-trnsltybychannelmrfield-01.json;"""18.4.7"""
KSZG_trnslty-by-channel_MRObject.conf;"https://bitbucket.globaldevtools.bbva.com/bitbucket/projects/GL_KSZG_APP-ID-19618_DSG/repos/glgldh360gloqlt/browse/hammurabi/jobs/europa/kszg-gl-hmm-qlt-trnsltybychannelmrobject-01.json?at=refs%2Ftags%2Fv18.4.7
https://bitbucket.globaldevtools.bbva.com/bitbucket/projects/GL_KSZG_APP-ID-19618_DSG/repos/glgldh360gloqlt/browse/hammurabi/jobs/america/kszg-gl-hmm-qlt-trnsltybychannelmrobject-01.json?at=refs%2Ftags%2Fv18.4.7";t_kszg_trnslty_by_channel;;kszg-gl-hmm-qlt-trnsltybychannelmrobject-01.json;"""18.4.7"""
KSZG_trnslty-by-channel_KCOG_entity_MMRule.conf;"https://bitbucket.globaldevtools.bbva.com/bitbucket/projects/GL_KSZG_APP-ID-19618_DSG/repos/glgldh360gloqlt/browse/hammurabi/jobs/europa/kszg-gl-hmm-qlt-trnsltybychannelmmrule-01.json?at=refs%2Ftags%2Fv18.4.7
https://bitbucket.globaldevtools.bbva.com/bitbucket/projects/GL_KSZG_APP-ID-19618_DSG/repos/glgldh360gloqlt/browse/hammurabi/jobs/america/kszg-gl-hmm-qlt-trnsltybychannelmmrule-01.json?at=refs%2Ftags%2Fv18.4.7";t_kszg_trnslty_by_channel;t_kcog_entity;kszg-gl-hmm-qlt-trnsltybychannelmmrule-01.json;"""18.4.7"""
KSZG_unavail-serv-cust_MRField.conf;"https://bitbucket.globaldevtools.bbva.com/bitbucket/projects/GL_KSZG_APP-ID-19618_DSG/repos/glgldh360gloqlt/browse/hammurabi/jobs/europa/kszg-gl-hmm-qlt-unavailservcustmrfield-01.json?at=refs%2Ftags%2Fv18.4.7
https://bitbucket.globaldevtools.bbva.com/bitbucket/projects/GL_KSZG_APP-ID-19618_DSG/repos/glgldh360gloqlt/browse/hammurabi/jobs/america/kszg-gl-hmm-qlt-unavailservcustmrfield-01.json?at=refs%2Ftags%2Fv18.4.7";t_kszg_unavail_serv_cust;;kszg-gl-hmm-qlt-unavailservcustmrfield-01.json;"""18.4.7"""
KUSU_cust-user-prof-channl-his_MRField.conf;"https://bitbucket.globaldevtools.bbva.com/bitbucket/projects/GL_KUSU_APP-ID-12355_DSG/repos/glgldh360gloqlt/browse/hammurabi/jobs/europa/kusu-gl-hmm-qlt-custuserprofchannlhmrfield-01.json?at=refs%2Ftags%2Fv18.3.3
https://bitbucket.globaldevtools.bbva.com/bitbucket/projects/GL_KUSU_APP-ID-12355_DSG/repos/glgldh360gloqlt/browse/hammurabi/jobs/america/kusu-gl-hmm-qlt-custuserprofchannlhmrfield-01.json?at=refs%2Ftags%2Fv18.3.3";t_kusu_cust_user_prof_channl_his;;kusu-gl-hmm-qlt-custuserprofchannlhmrfield-01.json;"""18.3.3"""
KUSU_cust-user-prof-channl-his_MRObject.conf;"https://bitbucket.globaldevtools.bbva.com/bitbucket/projects/GL_KUSU_APP-ID-12355_DSG/repos/glgldh360gloqlt/browse/hammurabi/jobs/europa/kusu-gl-hmm-qlt-custuserprofchannlhmrobject-01.json?at=refs%2Ftags%2Fv18.3.3
https://bitbucket.globaldevtools.bbva.com/bitbucket/projects/GL_KUSU_APP-ID-12355_DSG/repos/glgldh360gloqlt/browse/hammurabi/jobs/america/kusu-gl-hmm-qlt-custuserprofchannlhmrobject-01.json?at=refs%2Ftags%2Fv18.3.3";t_kusu_cust_user_prof_channl_his;;kusu-gl-hmm-qlt-custuserprofchannlhmrobject-01.json;"""18.3.3"""
KUSU_cust-user-prof-channl-his_KUSU_cust-user-profile-his_MMRule.conf;"https://bitbucket.globaldevtools.bbva.com/bitbucket/projects/GL_KUSU_APP-ID-12355_DSG/repos/glgldh360gloqlt/browse/hammurabi/jobs/europa/kusu-gl-hmm-qlt-custuserprofchannlhmmrule-01.json?at=refs%2Ftags%2Fv18.3.3
https://bitbucket.globaldevtools.bbva.com/bitbucket/projects/GL_KUSU_APP-ID-12355_DSG/repos/glgldh360gloqlt/browse/hammurabi/jobs/america/kusu-gl-hmm-qlt-custuserprofchannlhmmrule-01.json?at=refs%2Ftags%2Fv18.3.3";t_kusu_cust_user_prof_channl_his;t_kusu_cust_user_profile_his;kusu-gl-hmm-qlt-custuserprofchannlhmmrule-01.json;"""18.3.3"""
KUSU_cust-user-prof-device-his_MRField.conf;"https://bitbucket.globaldevtools.bbva.com/bitbucket/projects/GL_KUSU_APP-ID-12355_DSG/repos/glgldh360gloqlt/browse/hammurabi/jobs/europa/kusu-gl-hmm-qlt-custuserprofdevicehmrfield-01.json?at=refs%2Ftags%2Fv18.3.3
https://bitbucket.globaldevtools.bbva.com/bitbucket/projects/GL_KUSU_APP-ID-12355_DSG/repos/glgldh360gloqlt/browse/hammurabi/jobs/america/kusu-gl-hmm-qlt-custuserprofdevicehmrfield-01.json?at=refs%2Ftags%2Fv18.3.3";t_kusu_cust_user_prof_device_his;;kusu-gl-hmm-qlt-custuserprofdevicehmrfield-01.json;"""18.3.3"""
KUSU_cust-user-prof-device-his_MRObject.conf;"https://bitbucket.globaldevtools.bbva.com/bitbucket/projects/GL_KUSU_APP-ID-12355_DSG/repos/glgldh360gloqlt/browse/hammurabi/jobs/europa/kusu-gl-hmm-qlt-custuserprofdevicehmrobject-01.json?at=refs%2Ftags%2Fv18.3.3
https://bitbucket.globaldevtools.bbva.com/bitbucket/projects/GL_KUSU_APP-ID-12355_DSG/repos/glgldh360gloqlt/browse/hammurabi/jobs/america/kusu-gl-hmm-qlt-custuserprofdevicehmrobject-01.json?at=refs%2Ftags%2Fv18.3.3";t_kusu_cust_user_prof_device_his;;kusu-gl-hmm-qlt-custuserprofdevicehmrobject-01.json;"""18.3.3"""
KUSU_cust-user-prof-device-his_KUSU_device-his_MMRule.conf;"https://bitbucket.globaldevtools.bbva.com/bitbucket/projects/GL_KUSU_APP-ID-12355_DSG/repos/glgldh360gloqlt/browse/hammurabi/jobs/europa/kusu-gl-hmm-qlt-custuserprofdevicehmmrule-01.json?at=refs%2Ftags%2Fv18.3.3
https://bitbucket.globaldevtools.bbva.com/bitbucket/projects/GL_KUSU_APP-ID-12355_DSG/repos/glgldh360gloqlt/browse/hammurabi/jobs/america/kusu-gl-hmm-qlt-custuserprofdevicehmmrule-01.json?at=refs%2Ftags%2Fv18.3.3";t_kusu_cust_user_prof_device_his;t_kusu_device_his;kusu-gl-hmm-qlt-custuserprofdevicehmmrule-01.json;"""18.3.3"""
KUSU_cust-user-prof-device-his_KUSU_cust-user-profile-his_MMRule.conf;"https://bitbucket.globaldevtools.bbva.com/bitbucket/projects/GL_KUSU_APP-ID-12355_DSG/repos/glgldh360gloqlt/browse/hammurabi/jobs/europa/kusu-gl-hmm-qlt-custuserprofdevicehmmrule-02.json?at=refs%2Ftags%2Fv18.3.3
https://bitbucket.globaldevtools.bbva.com/bitbucket/projects/GL_KUSU_APP-ID-12355_DSG/repos/glgldh360gloqlt/browse/hammurabi/jobs/america/kusu-gl-hmm-qlt-custuserprofdevicehmmrule-02.json?at=refs%2Ftags%2Fv18.3.3";t_kusu_cust_user_prof_device_his;t_kusu_cust_user_profile_his;kusu-gl-hmm-qlt-custuserprofdevicehmmrule-02.json;"""18.3.3"""
KUSU_cust-user-profile-his_MRField.conf;"https://bitbucket.globaldevtools.bbva.com/bitbucket/projects/GL_KUSU_APP-ID-12355_DSG/repos/glgldh360gloqlt/browse/hammurabi/jobs/europa/kusu-gl-hmm-qlt-custuserprofilehismrfield-01.json?at=refs%2Ftags%2Fv18.3.3
https://bitbucket.globaldevtools.bbva.com/bitbucket/projects/GL_KUSU_APP-ID-12355_DSG/repos/glgldh360gloqlt/browse/hammurabi/jobs/america/kusu-gl-hmm-qlt-custuserprofilehismrfield-01.json?at=refs%2Ftags%2Fv18.3.3";t_kusu_cust_user_profile_his;;kusu-gl-hmm-qlt-custuserprofilehismrfield-01.json;"""18.3.3"""
KUSU_cust-user-profile-his_MRObject.conf;"https://bitbucket.globaldevtools.bbva.com/bitbucket/projects/GL_KUSU_APP-ID-12355_DSG/repos/glgldh360gloqlt/browse/hammurabi/jobs/europa/kusu-gl-hmm-qlt-custuserprofilehismrobject-01.json?at=refs%2Ftags%2Fv18.3.3
https://bitbucket.globaldevtools.bbva.com/bitbucket/projects/GL_KUSU_APP-ID-12355_DSG/repos/glgldh360gloqlt/browse/hammurabi/jobs/america/kusu-gl-hmm-qlt-custuserprofilehismrobject-01.json?at=refs%2Ftags%2Fv18.3.3";t_kusu_cust_user_profile_his;;kusu-gl-hmm-qlt-custuserprofilehismrobject-01.json;"""18.3.3"""
KUSU_cust-user-profile-his_KUSU_user-his_MMRule.conf;"https://bitbucket.globaldevtools.bbva.com/bitbucket/projects/GL_KUSU_APP-ID-12355_DSG/repos/glgldh360gloqlt/browse/hammurabi/jobs/europa/kusu-gl-hmm-qlt-custuserprofilehismmrule-01.json?at=refs%2Ftags%2Fv18.3.3
https://bitbucket.globaldevtools.bbva.com/bitbucket/projects/GL_KUSU_APP-ID-12355_DSG/repos/glgldh360gloqlt/browse/hammurabi/jobs/america/kusu-gl-hmm-qlt-custuserprofilehismmrule-01.json?at=refs%2Ftags%2Fv18.3.3";t_kusu_cust_user_profile_his;t_kusu_user_his;kusu-gl-hmm-qlt-custuserprofilehismmrule-01.json;"""18.3.3"""
KUSU_cust-user-profile-his_KBTQ_role-person_MMRule.conf;"https://bitbucket.globaldevtools.bbva.com/bitbucket/projects/GL_KUSU_APP-ID-12355_DSG/repos/glgldh360gloqlt/browse/hammurabi/jobs/europa/kusu-gl-hmm-qlt-custuserprofilehismmrule-02.json?at=refs%2Ftags%2Fv18.3.3
https://bitbucket.globaldevtools.bbva.com/bitbucket/projects/GL_KUSU_APP-ID-12355_DSG/repos/glgldh360gloqlt/browse/hammurabi/jobs/america/kusu-gl-hmm-qlt-custuserprofilehismmrule-02.json?at=refs%2Ftags%2Fv18.3.3";t_kusu_cust_user_profile_his;t_kbtq_role_person;kusu-gl-hmm-qlt-custuserprofilehismmrule-02.json;"""18.3.3"""
KUSU_device-his_MRField.conf;"https://bitbucket.globaldevtools.bbva.com/bitbucket/projects/GL_KUSU_APP-ID-12355_DSG/repos/glgldh360gloqlt/browse/hammurabi/jobs/europa/kusu-gl-hmm-qlt-devicehismrfield-01.json?at=refs%2Ftags%2Fv18.3.3
https://bitbucket.globaldevtools.bbva.com/bitbucket/projects/GL_KUSU_APP-ID-12355_DSG/repos/glgldh360gloqlt/browse/hammurabi/jobs/america/kusu-gl-hmm-qlt-devicehismrfield-01.json?at=refs%2Ftags%2Fv18.3.3";t_kusu_device_his;;kusu-gl-hmm-qlt-devicehismrfield-01.json;"""18.3.3"""
KUSU_device-his_MRObject.conf;"https://bitbucket.globaldevtools.bbva.com/bitbucket/projects/GL_KUSU_APP-ID-12355_DSG/repos/glgldh360gloqlt/browse/hammurabi/jobs/europa/kusu-gl-hmm-qlt-devicehismrobject-01.json?at=refs%2Ftags%2Fv18.3.3
https://bitbucket.globaldevtools.bbva.com/bitbucket/projects/GL_KUSU_APP-ID-12355_DSG/repos/glgldh360gloqlt/browse/hammurabi/jobs/america/kusu-gl-hmm-qlt-devicehismrobject-01.json?at=refs%2Ftags%2Fv18.3.3";t_kusu_device_his;;kusu-gl-hmm-qlt-devicehismrobject-01.json;"""18.3.3"""
KUSU_device-his_KCOG_country_MMRule.conf;"https://bitbucket.globaldevtools.bbva.com/bitbucket/projects/GL_KUSU_APP-ID-12355_DSG/repos/glgldh360gloqlt/browse/hammurabi/jobs/europa/kusu-gl-hmm-qlt-devicehismmrule-01.json?at=refs%2Ftags%2Fv18.3.3
https://bitbucket.globaldevtools.bbva.com/bitbucket/projects/GL_KUSU_APP-ID-12355_DSG/repos/glgldh360gloqlt/browse/hammurabi/jobs/america/kusu-gl-hmm-qlt-devicehismmrule-01.json?at=refs%2Ftags%2Fv18.3.3";t_kusu_device_his;t_kcog_country;kusu-gl-hmm-qlt-devicehismmrule-01.json;"""18.3.3"""
KUSU_device-his_KBTQ_role-person_MMRule.conf;"https://bitbucket.globaldevtools.bbva.com/bitbucket/projects/GL_KUSU_APP-ID-12355_DSG/repos/glgldh360gloqlt/browse/hammurabi/jobs/europa/kusu-gl-hmm-qlt-devicehismmrule-02.json?at=refs%2Ftags%2Fv18.3.3
https://bitbucket.globaldevtools.bbva.com/bitbucket/projects/GL_KUSU_APP-ID-12355_DSG/repos/glgldh360gloqlt/browse/hammurabi/jobs/america/kusu-gl-hmm-qlt-devicehismmrule-02.json?at=refs%2Ftags%2Fv18.3.3";t_kusu_device_his;t_kbtq_role_person;kusu-gl-hmm-qlt-devicehismmrule-02.json;"""18.3.3"""
KUSU_prof-auth-attributes-his_MRField.conf;"https://bitbucket.globaldevtools.bbva.com/bitbucket/projects/GL_KUSU_APP-ID-12355_DSG/repos/glgldh360gloqlt/browse/hammurabi/jobs/europa/kusu-gl-hmm-qlt-profauthattributeshmrfield-01.json?at=refs%2Ftags%2Fv18.3.3
https://bitbucket.globaldevtools.bbva.com/bitbucket/projects/GL_KUSU_APP-ID-12355_DSG/repos/glgldh360gloqlt/browse/hammurabi/jobs/america/kusu-gl-hmm-qlt-profauthattributeshmrfield-01.json?at=refs%2Ftags%2Fv18.3.3";t_kusu_prof_auth_attributes_his;;kusu-gl-hmm-qlt-profauthattributeshmrfield-01.json;"""18.3.3"""
KUSU_prof-auth-attributes-his_MRObject.conf;"https://bitbucket.globaldevtools.bbva.com/bitbucket/projects/GL_KUSU_APP-ID-12355_DSG/repos/glgldh360gloqlt/browse/hammurabi/jobs/europa/kusu-gl-hmm-qlt-profauthattributeshmrobject-01.json?at=refs%2Ftags%2Fv18.3.3
https://bitbucket.globaldevtools.bbva.com/bitbucket/projects/GL_KUSU_APP-ID-12355_DSG/repos/glgldh360gloqlt/browse/hammurabi/jobs/america/kusu-gl-hmm-qlt-profauthattributeshmrobject-01.json?at=refs%2Ftags%2Fv18.3.3";t_kusu_prof_auth_attributes_his;;kusu-gl-hmm-qlt-profauthattributeshmrobject-01.json;"""18.3.3"""
KUSU_prof-auth-attributes-his_KUSU_cust-user-profile-his_MMRule.conf;"https://bitbucket.globaldevtools.bbva.com/bitbucket/projects/GL_KUSU_APP-ID-12355_DSG/repos/glgldh360gloqlt/browse/hammurabi/jobs/europa/kusu-gl-hmm-qlt-profauthattributeshmmrule-01.json?at=refs%2Ftags%2Fv18.3.3
https://bitbucket.globaldevtools.bbva.com/bitbucket/projects/GL_KUSU_APP-ID-12355_DSG/repos/glgldh360gloqlt/browse/hammurabi/jobs/america/kusu-gl-hmm-qlt-profauthattributeshmmrule-01.json?at=refs%2Ftags%2Fv18.3.3";t_kusu_prof_auth_attributes_his;t_kusu_cust_user_profile_his;kusu-gl-hmm-qlt-profauthattributeshmmrule-01.json;"""18.3.3"""
KUSU_user-his_MRField.conf;"https://bitbucket.globaldevtools.bbva.com/bitbucket/projects/GL_KUSU_APP-ID-12355_DSG/repos/glgldh360gloqlt/browse/hammurabi/jobs/europa/kusu-gl-hmm-qlt-userhismrfield-01.json?at=refs%2Ftags%2Fv18.3.3
https://bitbucket.globaldevtools.bbva.com/bitbucket/projects/GL_KUSU_APP-ID-12355_DSG/repos/glgldh360gloqlt/browse/hammurabi/jobs/america/kusu-gl-hmm-qlt-userhismrfield-01.json?at=refs%2Ftags%2Fv18.3.3";t_kusu_user_his;;kusu-gl-hmm-qlt-userhismrfield-01.json;"""18.3.3"""
KUSU_user-his_MRObject.conf;"https://bitbucket.globaldevtools.bbva.com/bitbucket/projects/GL_KUSU_APP-ID-12355_DSG/repos/glgldh360gloqlt/browse/hammurabi/jobs/europa/kusu-gl-hmm-qlt-userhismrobject-01.json?at=refs%2Ftags%2Fv18.3.3
https://bitbucket.globaldevtools.bbva.com/bitbucket/projects/GL_KUSU_APP-ID-12355_DSG/repos/glgldh360gloqlt/browse/hammurabi/jobs/america/kusu-gl-hmm-qlt-userhismrobject-01.json?at=refs%2Ftags%2Fv18.3.3";t_kusu_user_his;;kusu-gl-hmm-qlt-userhismrobject-01.json;"""18.3.3"""
KUSU_user-his_KCOG_country_MMRule.conf;"https://bitbucket.globaldevtools.bbva.com/bitbucket/projects/GL_KUSU_APP-ID-12355_DSG/repos/glgldh360gloqlt/browse/hammurabi/jobs/europa/kusu-gl-hmm-qlt-userhismmrule-01.json?at=refs%2Ftags%2Fv18.3.3
https://bitbucket.globaldevtools.bbva.com/bitbucket/projects/GL_KUSU_APP-ID-12355_DSG/repos/glgldh360gloqlt/browse/hammurabi/jobs/america/kusu-gl-hmm-qlt-userhismmrule-01.json?at=refs%2Ftags%2Fv18.3.3";t_kusu_user_his;t_kcog_country;kusu-gl-hmm-qlt-userhismmrule-01.json;"""18.3.3"""
KUSU_user-his_KCOG_language_MMRule.conf;"https://bitbucket.globaldevtools.bbva.com/bitbucket/projects/GL_KUSU_APP-ID-12355_DSG/repos/glgldh360gloqlt/browse/hammurabi/jobs/europa/kusu-gl-hmm-qlt-userhismmrule-02.json?at=refs%2Ftags%2Fv18.3.3
https://bitbucket.globaldevtools.bbva.com/bitbucket/projects/GL_KUSU_APP-ID-12355_DSG/repos/glgldh360gloqlt/browse/hammurabi/jobs/america/kusu-gl-hmm-qlt-userhismmrule-02.json?at=refs%2Ftags%2Fv18.3.3";t_kusu_user_his;t_kcog_language;kusu-gl-hmm-qlt-userhismmrule-02.json;"""18.3.3"""
KUSU_user-his_KBTQ_customer-info_MMRule.conf;"https://bitbucket.globaldevtools.bbva.com/bitbucket/projects/GL_KUSU_APP-ID-12355_DSG/repos/glgldh360gloqlt/browse/hammurabi/jobs/europa/kusu-gl-hmm-qlt-userhismmrule-03.json?at=refs%2Ftags%2Fv18.3.3
https://bitbucket.globaldevtools.bbva.com/bitbucket/projects/GL_KUSU_APP-ID-12355_DSG/repos/glgldh360gloqlt/browse/hammurabi/jobs/america/kusu-gl-hmm-qlt-userhismmrule-03.json?at=refs%2Ftags%2Fv18.3.3";t_kusu_user_his;t_kbtq_customer_info;kusu-gl-hmm-qlt-userhismmrule-03.json;"""18.3.3"""
KUSU_user-role_MRField.conf;"https://bitbucket.globaldevtools.bbva.com/bitbucket/projects/GL_KUSU_APP-ID-12355_DSG/repos/glgldh360gloqlt/browse/hammurabi/jobs/europa/kusu-gl-hmm-qlt-userrolemrfield-01.json?at=refs%2Ftags%2Fv18.3.3
https://bitbucket.globaldevtools.bbva.com/bitbucket/projects/GL_KUSU_APP-ID-12355_DSG/repos/glgldh360gloqlt/browse/hammurabi/jobs/america/kusu-gl-hmm-qlt-userrolemrfield-01.json?at=refs%2Ftags%2Fv18.3.3";t_kusu_user_role;;kusu-gl-hmm-qlt-userrolemrfield-01.json;"""18.3.3"""
KUSU_user-role_KCOG_country_MMRule.conf;"https://bitbucket.globaldevtools.bbva.com/bitbucket/projects/GL_KUSU_APP-ID-12355_DSG/repos/glgldh360gloqlt/browse/hammurabi/jobs/europa/kusu-gl-hmm-qlt-userrolemmrule-01.json?at=refs%2Ftags%2Fv18.3.3
https://bitbucket.globaldevtools.bbva.com/bitbucket/projects/GL_KUSU_APP-ID-12355_DSG/repos/glgldh360gloqlt/browse/hammurabi/jobs/america/kusu-gl-hmm-qlt-userrolemmrule-01.json?at=refs%2Ftags%2Fv18.3.3";t_kusu_user_role;t_kcog_country;kusu-gl-hmm-qlt-userrolemmrule-01.json;"""18.3.3"""
KWTH_energy-emis-factor_MRField.conf;"https://bitbucket.globaldevtools.bbva.com/bitbucket/projects/GL_KWTH_APP-ID-21839_DSG/repos/glgldh360gloqlt/browse/hammurabi/jobs/europa/kwth-gl-hmm-qlt-energyemisfactormrfield-01.json?at=refs%2Ftags%2Fv18.3.3
https://bitbucket.globaldevtools.bbva.com/bitbucket/projects/GL_KWTH_APP-ID-21839_DSG/repos/glgldh360gloqlt/browse/hammurabi/jobs/america/kwth-gl-hmm-qlt-energyemisfactormrfield-01.json?at=refs%2Ftags%2Fv18.3.3";t_kwth_energy_emis_factor;;kwth-gl-hmm-qlt-energyemisfactormrfield-01.json;"""18.3.3"""
KWTH_energy-emis-factor_MRObject.conf;"https://bitbucket.globaldevtools.bbva.com/bitbucket/projects/GL_KWTH_APP-ID-21839_DSG/repos/glgldh360gloqlt/browse/hammurabi/jobs/europa/kwth-gl-hmm-qlt-energyemisfactormrobject-01.json?at=refs%2Ftags%2Fv18.3.3
https://bitbucket.globaldevtools.bbva.com/bitbucket/projects/GL_KWTH_APP-ID-21839_DSG/repos/glgldh360gloqlt/browse/hammurabi/jobs/america/kwth-gl-hmm-qlt-energyemisfactormrobject-01.json?at=refs%2Ftags%2Fv18.3.3";t_kwth_energy_emis_factor;;kwth-gl-hmm-qlt-energyemisfactormrobject-01.json;"""18.3.3"""
KWTH_energy-emis-factor_KCOG_entity_MMRule.conf;"https://bitbucket.globaldevtools.bbva.com/bitbucket/projects/GL_KWTH_APP-ID-21839_DSG/repos/glgldh360gloqlt/browse/hammurabi/jobs/europa/kwth-gl-hmm-qlt-energyemisfactormmrule-01.json?at=refs%2Ftags%2Fv18.3.3
https://bitbucket.globaldevtools.bbva.com/bitbucket/projects/GL_KWTH_APP-ID-21839_DSG/repos/glgldh360gloqlt/browse/hammurabi/jobs/america/kwth-gl-hmm-qlt-energyemisfactormmrule-01.json?at=refs%2Ftags%2Fv18.3.3";t_kwth_energy_emis_factor;t_kcog_entity;kwth-gl-hmm-qlt-energyemisfactormmrule-01.json;"""18.3.3"""
KWTH_energy-emis-factor_KCOG_country_MMRule.conf;"https://bitbucket.globaldevtools.bbva.com/bitbucket/projects/GL_KWTH_APP-ID-21839_DSG/repos/glgldh360gloqlt/browse/hammurabi/jobs/europa/kwth-gl-hmm-qlt-energyemisfactormmrule-02.json?at=refs%2Ftags%2Fv18.3.3
https://bitbucket.globaldevtools.bbva.com/bitbucket/projects/GL_KWTH_APP-ID-21839_DSG/repos/glgldh360gloqlt/browse/hammurabi/jobs/america/kwth-gl-hmm-qlt-energyemisfactormmrule-02.json?at=refs%2Ftags%2Fv18.3.3";t_kwth_energy_emis_factor;t_kcog_country;kwth-gl-hmm-qlt-energyemisfactormmrule-02.json;"""18.3.3"""
KWTH_energy-price-emis-factor_MRField.conf;"https://bitbucket.globaldevtools.bbva.com/bitbucket/projects/GL_KWTH_APP-ID-21839_DSG/repos/glgldh360gloqlt/browse/hammurabi/jobs/europa/kwth-gl-hmm-qlt-energypriceemisfactmrfield-01.json?at=refs%2Ftags%2Fv18.3.3
https://bitbucket.globaldevtools.bbva.com/bitbucket/projects/GL_KWTH_APP-ID-21839_DSG/repos/glgldh360gloqlt/browse/hammurabi/jobs/america/kwth-gl-hmm-qlt-energypriceemisfactmrfield-01.json?at=refs%2Ftags%2Fv18.3.3";t_kwth_energy_price_emis_factor;;kwth-gl-hmm-qlt-energypriceemisfactmrfield-01.json;"""18.3.3"""
KWTH_energy-price-emis-factor_MRObject.conf;"https://bitbucket.globaldevtools.bbva.com/bitbucket/projects/GL_KWTH_APP-ID-21839_DSG/repos/glgldh360gloqlt/browse/hammurabi/jobs/europa/kwth-gl-hmm-qlt-energypriceemisfactmrobject-01.json?at=refs%2Ftags%2Fv18.3.3
https://bitbucket.globaldevtools.bbva.com/bitbucket/projects/GL_KWTH_APP-ID-21839_DSG/repos/glgldh360gloqlt/browse/hammurabi/jobs/america/kwth-gl-hmm-qlt-energypriceemisfactmrobject-01.json?at=refs%2Ftags%2Fv18.3.3";t_kwth_energy_price_emis_factor;;kwth-gl-hmm-qlt-energypriceemisfactmrobject-01.json;"""18.3.3"""
KWTH_energy-price-emis-factor_KCOG_currency_MMRule.conf;"https://bitbucket.globaldevtools.bbva.com/bitbucket/projects/GL_KWTH_APP-ID-21839_DSG/repos/glgldh360gloqlt/browse/hammurabi/jobs/europa/kwth-gl-hmm-qlt-energypriceemisfactmmrule-01.json?at=refs%2Ftags%2Fv18.3.3
https://bitbucket.globaldevtools.bbva.com/bitbucket/projects/GL_KWTH_APP-ID-21839_DSG/repos/glgldh360gloqlt/browse/hammurabi/jobs/america/kwth-gl-hmm-qlt-energypriceemisfactmmrule-01.json?at=refs%2Ftags%2Fv18.3.3";t_kwth_energy_price_emis_factor;t_kcog_currency;kwth-gl-hmm-qlt-energypriceemisfactmmrule-01.json;"""18.3.3"""
KWTH_light-price_MRField.conf;"https://bitbucket.globaldevtools.bbva.com/bitbucket/projects/GL_KWTH_APP-ID-21839_DSG/repos/glgldh360gloqlt/browse/hammurabi/jobs/europa/kwth-gl-hmm-qlt-lightpricemrfield-01.json?at=refs%2Ftags%2Fv18.3.3
https://bitbucket.globaldevtools.bbva.com/bitbucket/projects/GL_KWTH_APP-ID-21839_DSG/repos/glgldh360gloqlt/browse/hammurabi/jobs/america/kwth-gl-hmm-qlt-lightpricemrfield-01.json?at=refs%2Ftags%2Fv18.3.3";t_kwth_light_price;;kwth-gl-hmm-qlt-lightpricemrfield-01.json;"""18.3.3"""
KWTH_light-price_MRObject.conf;"https://bitbucket.globaldevtools.bbva.com/bitbucket/projects/GL_KWTH_APP-ID-21839_DSG/repos/glgldh360gloqlt/browse/hammurabi/jobs/europa/kwth-gl-hmm-qlt-lightpricemrobject-01.json?at=refs%2Ftags%2Fv18.3.3
https://bitbucket.globaldevtools.bbva.com/bitbucket/projects/GL_KWTH_APP-ID-21839_DSG/repos/glgldh360gloqlt/browse/hammurabi/jobs/america/kwth-gl-hmm-qlt-lightpricemrobject-01.json?at=refs%2Ftags%2Fv18.3.3";t_kwth_light_price;;kwth-gl-hmm-qlt-lightpricemrobject-01.json;"""18.3.3"""
KWTH_light-price_KCOG_currency_MMRule.conf;"https://bitbucket.globaldevtools.bbva.com/bitbucket/projects/GL_KWTH_APP-ID-21839_DSG/repos/glgldh360gloqlt/browse/hammurabi/jobs/europa/kwth-gl-hmm-qlt-lightpricemmrule-01.json?at=refs%2Ftags%2Fv18.3.3
https://bitbucket.globaldevtools.bbva.com/bitbucket/projects/GL_KWTH_APP-ID-21839_DSG/repos/glgldh360gloqlt/browse/hammurabi/jobs/america/kwth-gl-hmm-qlt-lightpricemmrule-01.json?at=refs%2Ftags%2Fv18.3.3";t_kwth_light_price;t_kcog_currency;kwth-gl-hmm-qlt-lightpricemmrule-01.json;"""18.3.3"""
KWTH_light-price_KBTQ_province_MMRule.conf;"https://bitbucket.globaldevtools.bbva.com/bitbucket/projects/GL_KWTH_APP-ID-21839_DSG/repos/glgldh360gloqlt/browse/hammurabi/jobs/europa/kwth-gl-hmm-qlt-lightpricemmrule-02.json?at=refs%2Ftags%2Fv18.3.3
https://bitbucket.globaldevtools.bbva.com/bitbucket/projects/GL_KWTH_APP-ID-21839_DSG/repos/glgldh360gloqlt/browse/hammurabi/jobs/america/kwth-gl-hmm-qlt-lightpricemmrule-02.json?at=refs%2Ftags%2Fv18.3.3";t_kwth_light_price;t_kbtq_province;kwth-gl-hmm-qlt-lightpricemmrule-02.json;"""18.3.3"""
KWTH_market-emis-factor_MRField.conf;"https://bitbucket.globaldevtools.bbva.com/bitbucket/projects/GL_KWTH_APP-ID-21839_DSG/repos/glgldh360gloqlt/browse/hammurabi/jobs/europa/kwth-gl-hmm-qlt-marketemisfactormrfield-01.json?at=refs%2Ftags%2Fv18.3.3
https://bitbucket.globaldevtools.bbva.com/bitbucket/projects/GL_KWTH_APP-ID-21839_DSG/repos/glgldh360gloqlt/browse/hammurabi/jobs/america/kwth-gl-hmm-qlt-marketemisfactormrfield-01.json?at=refs%2Ftags%2Fv18.3.3";t_kwth_market_emis_factor;;kwth-gl-hmm-qlt-marketemisfactormrfield-01.json;"""18.3.3"""
KWTH_market-emis-factor_MRObject.conf;"https://bitbucket.globaldevtools.bbva.com/bitbucket/projects/GL_KWTH_APP-ID-21839_DSG/repos/glgldh360gloqlt/browse/hammurabi/jobs/europa/kwth-gl-hmm-qlt-marketemisfactormrobject-01.json?at=refs%2Ftags%2Fv18.3.3
https://bitbucket.globaldevtools.bbva.com/bitbucket/projects/GL_KWTH_APP-ID-21839_DSG/repos/glgldh360gloqlt/browse/hammurabi/jobs/america/kwth-gl-hmm-qlt-marketemisfactormrobject-01.json?at=refs%2Ftags%2Fv18.3.3";t_kwth_market_emis_factor;;kwth-gl-hmm-qlt-marketemisfactormrobject-01.json;"""18.3.3"""
KWTH_market-emis-factor_KCOG_entity_MMRule.conf;"https://bitbucket.globaldevtools.bbva.com/bitbucket/projects/GL_KWTH_APP-ID-21839_DSG/repos/glgldh360gloqlt/browse/hammurabi/jobs/europa/kwth-gl-hmm-qlt-marketemisfactormmrule-01.json?at=refs%2Ftags%2Fv18.3.3
https://bitbucket.globaldevtools.bbva.com/bitbucket/projects/GL_KWTH_APP-ID-21839_DSG/repos/glgldh360gloqlt/browse/hammurabi/jobs/america/kwth-gl-hmm-qlt-marketemisfactormmrule-01.json?at=refs%2Ftags%2Fv18.3.3";t_kwth_market_emis_factor;t_kcog_entity;kwth-gl-hmm-qlt-marketemisfactormmrule-01.json;"""18.3.3"""
KWTH_market-emis-factor_KCOG_country_MMRule.conf;"https://bitbucket.globaldevtools.bbva.com/bitbucket/projects/GL_KWTH_APP-ID-21839_DSG/repos/glgldh360gloqlt/browse/hammurabi/jobs/europa/kwth-gl-hmm-qlt-marketemisfactormmrule-02.json?at=refs%2Ftags%2Fv18.3.3
https://bitbucket.globaldevtools.bbva.com/bitbucket/projects/GL_KWTH_APP-ID-21839_DSG/repos/glgldh360gloqlt/browse/hammurabi/jobs/america/kwth-gl-hmm-qlt-marketemisfactormmrule-02.json?at=refs%2Ftags%2Fv18.3.3";t_kwth_market_emis_factor;t_kcog_country;kwth-gl-hmm-qlt-marketemisfactormmrule-02.json;"""18.3.3"""
KWTH_price-factor_MRField.conf;"https://bitbucket.globaldevtools.bbva.com/bitbucket/projects/GL_KWTH_APP-ID-21839_DSG/repos/glgldh360gloqlt/browse/hammurabi/jobs/europa/kwth-gl-hmm-qlt-pricefactormrfield-01.json?at=refs%2Ftags%2Fv18.3.3
https://bitbucket.globaldevtools.bbva.com/bitbucket/projects/GL_KWTH_APP-ID-21839_DSG/repos/glgldh360gloqlt/browse/hammurabi/jobs/america/kwth-gl-hmm-qlt-pricefactormrfield-01.json?at=refs%2Ftags%2Fv18.3.3";t_kwth_price_factor;;kwth-gl-hmm-qlt-pricefactormrfield-01.json;"""18.3.3"""
KWTH_price-factor_MRObject.conf;"https://bitbucket.globaldevtools.bbva.com/bitbucket/projects/GL_KWTH_APP-ID-21839_DSG/repos/glgldh360gloqlt/browse/hammurabi/jobs/europa/kwth-gl-hmm-qlt-pricefactormrobject-01.json?at=refs%2Ftags%2Fv18.3.3
https://bitbucket.globaldevtools.bbva.com/bitbucket/projects/GL_KWTH_APP-ID-21839_DSG/repos/glgldh360gloqlt/browse/hammurabi/jobs/america/kwth-gl-hmm-qlt-pricefactormrobject-01.json?at=refs%2Ftags%2Fv18.3.3";t_kwth_price_factor;;kwth-gl-hmm-qlt-pricefactormrobject-01.json;"""18.3.3"""
KWTH_price-factor_KCOG_currency_MMRule.conf;"https://bitbucket.globaldevtools.bbva.com/bitbucket/projects/GL_KWTH_APP-ID-21839_DSG/repos/glgldh360gloqlt/browse/hammurabi/jobs/europa/kwth-gl-hmm-qlt-pricefactormmrule-01.json?at=refs%2Ftags%2Fv18.3.3
https://bitbucket.globaldevtools.bbva.com/bitbucket/projects/GL_KWTH_APP-ID-21839_DSG/repos/glgldh360gloqlt/browse/hammurabi/jobs/america/kwth-gl-hmm-qlt-pricefactormmrule-01.json?at=refs%2Ftags%2Fv18.3.3";t_kwth_price_factor;t_kcog_currency;kwth-gl-hmm-qlt-pricefactormmrule-01.json;"""18.3.3"""
KWTH_price-factor_KCOG_entity_MMRule.conf;"https://bitbucket.globaldevtools.bbva.com/bitbucket/projects/GL_KWTH_APP-ID-21839_DSG/repos/glgldh360gloqlt/browse/hammurabi/jobs/europa/kwth-gl-hmm-qlt-pricefactormmrule-02.json?at=refs%2Ftags%2Fv18.3.3
https://bitbucket.globaldevtools.bbva.com/bitbucket/projects/GL_KWTH_APP-ID-21839_DSG/repos/glgldh360gloqlt/browse/hammurabi/jobs/america/kwth-gl-hmm-qlt-pricefactormmrule-02.json?at=refs%2Ftags%2Fv18.3.3";t_kwth_price_factor;t_kcog_entity;kwth-gl-hmm-qlt-pricefactormmrule-02.json;"""18.3.3"""
KWTH_price-factor_KCOG_country_MMRule.conf;"https://bitbucket.globaldevtools.bbva.com/bitbucket/projects/GL_KWTH_APP-ID-21839_DSG/repos/glgldh360gloqlt/browse/hammurabi/jobs/europa/kwth-gl-hmm-qlt-pricefactormmrule-03.json?at=refs%2Ftags%2Fv18.3.3
https://bitbucket.globaldevtools.bbva.com/bitbucket/projects/GL_KWTH_APP-ID-21839_DSG/repos/glgldh360gloqlt/browse/hammurabi/jobs/america/kwth-gl-hmm-qlt-pricefactormmrule-03.json?at=refs%2Ftags%2Fv18.3.3";t_kwth_price_factor;t_kcog_country;kwth-gl-hmm-qlt-pricefactormmrule-03.json;"""18.3.3"""
KWTH_taxi-fares-calculation_MRField.conf;"https://bitbucket.globaldevtools.bbva.com/bitbucket/projects/GL_KWTH_APP-ID-21839_DSG/repos/glgldh360gloqlt/browse/hammurabi/jobs/europa/kwth-gl-hmm-qlt-taxifarescalculatiomrfield-01.json?at=refs%2Ftags%2Fv18.3.3
https://bitbucket.globaldevtools.bbva.com/bitbucket/projects/GL_KWTH_APP-ID-21839_DSG/repos/glgldh360gloqlt/browse/hammurabi/jobs/america/kwth-gl-hmm-qlt-taxifarescalculatiomrfield-01.json?at=refs%2Ftags%2Fv18.3.3";t_kwth_taxi_fares_calculation;;kwth-gl-hmm-qlt-taxifarescalculatiomrfield-01.json;"""18.3.3"""
KWTH_taxi-fares-calculation_MRObject.conf;"https://bitbucket.globaldevtools.bbva.com/bitbucket/projects/GL_KWTH_APP-ID-21839_DSG/repos/glgldh360gloqlt/browse/hammurabi/jobs/europa/kwth-gl-hmm-qlt-taxifarescalculatiomrobject-01.json?at=refs%2Ftags%2Fv18.3.3
https://bitbucket.globaldevtools.bbva.com/bitbucket/projects/GL_KWTH_APP-ID-21839_DSG/repos/glgldh360gloqlt/browse/hammurabi/jobs/america/kwth-gl-hmm-qlt-taxifarescalculatiomrobject-01.json?at=refs%2Ftags%2Fv18.3.3";t_kwth_taxi_fares_calculation;;kwth-gl-hmm-qlt-taxifarescalculatiomrobject-01.json;"""18.3.3"""
KWTH_taxi-fares-calculation_KCOG_currency_MMRule.conf;"https://bitbucket.globaldevtools.bbva.com/bitbucket/projects/GL_KWTH_APP-ID-21839_DSG/repos/glgldh360gloqlt/browse/hammurabi/jobs/europa/kwth-gl-hmm-qlt-taxifarescalculatiommrule-01.json?at=refs%2Ftags%2Fv18.3.3
https://bitbucket.globaldevtools.bbva.com/bitbucket/projects/GL_KWTH_APP-ID-21839_DSG/repos/glgldh360gloqlt/browse/hammurabi/jobs/america/kwth-gl-hmm-qlt-taxifarescalculatiommrule-01.json?at=refs%2Ftags%2Fv18.3.3";t_kwth_taxi_fares_calculation;t_kcog_currency;kwth-gl-hmm-qlt-taxifarescalculatiommrule-01.json;"""18.3.3"""
KWTH_taxi-fares-calculation_KCOG_country_MMRule.conf;"https://bitbucket.globaldevtools.bbva.com/bitbucket/projects/GL_KWTH_APP-ID-21839_DSG/repos/glgldh360gloqlt/browse/hammurabi/jobs/europa/kwth-gl-hmm-qlt-taxifarescalculatiommrule-02.json?at=refs%2Ftags%2Fv18.3.3
https://bitbucket.globaldevtools.bbva.com/bitbucket/projects/GL_KWTH_APP-ID-21839_DSG/repos/glgldh360gloqlt/browse/hammurabi/jobs/america/kwth-gl-hmm-qlt-taxifarescalculatiommrule-02.json?at=refs%2Ftags%2Fv18.3.3";t_kwth_taxi_fares_calculation;t_kcog_country;kwth-gl-hmm-qlt-taxifarescalculatiommrule-02.json;"""18.3.3"""
KWTH_taxi-fares-calculation_KCOG_entity_MMRule.conf;"https://bitbucket.globaldevtools.bbva.com/bitbucket/projects/GL_KWTH_APP-ID-21839_DSG/repos/glgldh360gloqlt/browse/hammurabi/jobs/europa/kwth-gl-hmm-qlt-taxifarescalculatiommrule-03.json?at=refs%2Ftags%2Fv18.3.3
https://bitbucket.globaldevtools.bbva.com/bitbucket/projects/GL_KWTH_APP-ID-21839_DSG/repos/glgldh360gloqlt/browse/hammurabi/jobs/america/kwth-gl-hmm-qlt-taxifarescalculatiommrule-03.json?at=refs%2Ftags%2Fv18.3.3";t_kwth_taxi_fares_calculation;t_kcog_entity;kwth-gl-hmm-qlt-taxifarescalculatiommrule-03.json;"""18.3.3"""
KWTH_transport-sustnbl-factor_MRField.conf;"https://bitbucket.globaldevtools.bbva.com/bitbucket/projects/GL_KWTH_APP-ID-21839_DSG/repos/glgldh360gloqlt/browse/hammurabi/jobs/europa/kwth-gl-hmm-qlt-transportsustnblfacmrfield-01.json?at=refs%2Ftags%2Fv18.3.3
https://bitbucket.globaldevtools.bbva.com/bitbucket/projects/GL_KWTH_APP-ID-21839_DSG/repos/glgldh360gloqlt/browse/hammurabi/jobs/america/kwth-gl-hmm-qlt-transportsustnblfacmrfield-01.json?at=refs%2Ftags%2Fv18.3.3";t_kwth_transport_sustnbl_factor;;kwth-gl-hmm-qlt-transportsustnblfacmrfield-01.json;"""18.3.3"""
KWTH_transport-sustnbl-factor_MRObject.conf;"https://bitbucket.globaldevtools.bbva.com/bitbucket/projects/GL_KWTH_APP-ID-21839_DSG/repos/glgldh360gloqlt/browse/hammurabi/jobs/europa/kwth-gl-hmm-qlt-transportsustnblfacmrobject-01.json?at=refs%2Ftags%2Fv18.3.3
https://bitbucket.globaldevtools.bbva.com/bitbucket/projects/GL_KWTH_APP-ID-21839_DSG/repos/glgldh360gloqlt/browse/hammurabi/jobs/america/kwth-gl-hmm-qlt-transportsustnblfacmrobject-01.json?at=refs%2Ftags%2Fv18.3.3";t_kwth_transport_sustnbl_factor;;kwth-gl-hmm-qlt-transportsustnblfacmrobject-01.json;"""18.3.3"""
KWTH_transport-sustnbl-factor_KCOG_currency_MMRule.conf;"https://bitbucket.globaldevtools.bbva.com/bitbucket/projects/GL_KWTH_APP-ID-21839_DSG/repos/glgldh360gloqlt/browse/hammurabi/jobs/europa/kwth-gl-hmm-qlt-transportsustnblfacmmrule-01.json?at=refs%2Ftags%2Fv18.3.3
https://bitbucket.globaldevtools.bbva.com/bitbucket/projects/GL_KWTH_APP-ID-21839_DSG/repos/glgldh360gloqlt/browse/hammurabi/jobs/america/kwth-gl-hmm-qlt-transportsustnblfacmmrule-01.json?at=refs%2Ftags%2Fv18.3.3";t_kwth_transport_sustnbl_factor;t_kcog_currency;kwth-gl-hmm-qlt-transportsustnblfacmmrule-01.json;"""18.3.3"""
KWTH_transport-sustnbl-factor_KCMC_commerce_MMRule.conf;"https://bitbucket.globaldevtools.bbva.com/bitbucket/projects/GL_KWTH_APP-ID-21839_DSG/repos/glgldh360gloqlt/browse/hammurabi/jobs/europa/kwth-gl-hmm-qlt-transportsustnblfacmmrule-02.json?at=refs%2Ftags%2Fv18.3.3
https://bitbucket.globaldevtools.bbva.com/bitbucket/projects/GL_KWTH_APP-ID-21839_DSG/repos/glgldh360gloqlt/browse/hammurabi/jobs/america/kwth-gl-hmm-qlt-transportsustnblfacmmrule-02.json?at=refs%2Ftags%2Fv18.3.3";t_kwth_transport_sustnbl_factor;t_kcmc_commerce;kwth-gl-hmm-qlt-transportsustnblfacmmrule-02.json;"""18.3.3"""
KWTH_transport-sustnbl-factor_KCOG_country_MMRule.conf;"https://bitbucket.globaldevtools.bbva.com/bitbucket/projects/GL_KWTH_APP-ID-21839_DSG/repos/glgldh360gloqlt/browse/hammurabi/jobs/europa/kwth-gl-hmm-qlt-transportsustnblfacmmrule-03.json?at=refs%2Ftags%2Fv18.3.3
https://bitbucket.globaldevtools.bbva.com/bitbucket/projects/GL_KWTH_APP-ID-21839_DSG/repos/glgldh360gloqlt/browse/hammurabi/jobs/america/kwth-gl-hmm-qlt-transportsustnblfacmmrule-03.json?at=refs%2Ftags%2Fv18.3.3";t_kwth_transport_sustnbl_factor;t_kcog_country;kwth-gl-hmm-qlt-transportsustnblfacmmrule-03.json;"""18.3.3"""
KWTH_transport-trip-distance_MRField.conf;"https://bitbucket.globaldevtools.bbva.com/bitbucket/projects/GL_KWTH_APP-ID-21839_DSG/repos/glgldh360gloqlt/browse/hammurabi/jobs/europa/kwth-gl-hmm-qlt-transporttripdistanmrfield-01.json?at=refs%2Ftags%2Fv18.3.3
https://bitbucket.globaldevtools.bbva.com/bitbucket/projects/GL_KWTH_APP-ID-21839_DSG/repos/glgldh360gloqlt/browse/hammurabi/jobs/america/kwth-gl-hmm-qlt-transporttripdistanmrfield-01.json?at=refs%2Ftags%2Fv18.3.3";t_kwth_transport_trip_distance;;kwth-gl-hmm-qlt-transporttripdistanmrfield-01.json;"""18.3.3"""
KWTH_transport-trip-distance_MRObject.conf;"https://bitbucket.globaldevtools.bbva.com/bitbucket/projects/GL_KWTH_APP-ID-21839_DSG/repos/glgldh360gloqlt/browse/hammurabi/jobs/europa/kwth-gl-hmm-qlt-transporttripdistanmrobject-01.json?at=refs%2Ftags%2Fv18.3.3
https://bitbucket.globaldevtools.bbva.com/bitbucket/projects/GL_KWTH_APP-ID-21839_DSG/repos/glgldh360gloqlt/browse/hammurabi/jobs/america/kwth-gl-hmm-qlt-transporttripdistanmrobject-01.json?at=refs%2Ftags%2Fv18.3.3";t_kwth_transport_trip_distance;;kwth-gl-hmm-qlt-transporttripdistanmrobject-01.json;"""18.3.3"""
KWTH_transport-trip-distance_KCOG_entity_MMRule.conf;"https://bitbucket.globaldevtools.bbva.com/bitbucket/projects/GL_KWTH_APP-ID-21839_DSG/repos/glgldh360gloqlt/browse/hammurabi/jobs/europa/kwth-gl-hmm-qlt-transporttripdistanmmrule-01.json?at=refs%2Ftags%2Fv18.3.3
https://bitbucket.globaldevtools.bbva.com/bitbucket/projects/GL_KWTH_APP-ID-21839_DSG/repos/glgldh360gloqlt/browse/hammurabi/jobs/america/kwth-gl-hmm-qlt-transporttripdistanmmrule-01.json?at=refs%2Ftags%2Fv18.3.3";t_kwth_transport_trip_distance;t_kcog_entity;kwth-gl-hmm-qlt-transporttripdistanmmrule-01.json;"""18.3.3"""
KWTH_transport-trip-distance_KCOG_country_MMRule.conf;"https://bitbucket.globaldevtools.bbva.com/bitbucket/projects/GL_KWTH_APP-ID-21839_DSG/repos/glgldh360gloqlt/browse/hammurabi/jobs/europa/kwth-gl-hmm-qlt-transporttripdistanmmrule-02.json?at=refs%2Ftags%2Fv18.3.3
https://bitbucket.globaldevtools.bbva.com/bitbucket/projects/GL_KWTH_APP-ID-21839_DSG/repos/glgldh360gloqlt/browse/hammurabi/jobs/america/kwth-gl-hmm-qlt-transporttripdistanmmrule-02.json?at=refs%2Ftags%2Fv18.3.3";t_kwth_transport_trip_distance;t_kcog_country;kwth-gl-hmm-qlt-transporttripdistanmmrule-02.json;"""18.3.3"""
KWTH_transport-trip-estimation_MRField.conf;"https://bitbucket.globaldevtools.bbva.com/bitbucket/projects/GL_KWTH_APP-ID-21839_DSG/repos/glgldh360gloqlt/browse/hammurabi/jobs/europa/kwth-gl-hmm-qlt-transporttripestimamrfield-01.json?at=refs%2Ftags%2Fv18.3.3
https://bitbucket.globaldevtools.bbva.com/bitbucket/projects/GL_KWTH_APP-ID-21839_DSG/repos/glgldh360gloqlt/browse/hammurabi/jobs/america/kwth-gl-hmm-qlt-transporttripestimamrfield-01.json?at=refs%2Ftags%2Fv18.3.3";t_kwth_transport_trip_estimation;;kwth-gl-hmm-qlt-transporttripestimamrfield-01.json;"""18.3.3"""
KWTH_transport-trip-estimation_MRObject.conf;"https://bitbucket.globaldevtools.bbva.com/bitbucket/projects/GL_KWTH_APP-ID-21839_DSG/repos/glgldh360gloqlt/browse/hammurabi/jobs/europa/kwth-gl-hmm-qlt-transporttripestimamrobject-01.json?at=refs%2Ftags%2Fv18.3.3
https://bitbucket.globaldevtools.bbva.com/bitbucket/projects/GL_KWTH_APP-ID-21839_DSG/repos/glgldh360gloqlt/browse/hammurabi/jobs/america/kwth-gl-hmm-qlt-transporttripestimamrobject-01.json?at=refs%2Ftags%2Fv18.3.3";t_kwth_transport_trip_estimation;;kwth-gl-hmm-qlt-transporttripestimamrobject-01.json;"""18.3.3"""
KWTH_transport-trip-estimation_KCOG_currency_MMRule.conf;"https://bitbucket.globaldevtools.bbva.com/bitbucket/projects/GL_KWTH_APP-ID-21839_DSG/repos/glgldh360gloqlt/browse/hammurabi/jobs/europa/kwth-gl-hmm-qlt-transporttripestimammrule-01.json?at=refs%2Ftags%2Fv18.3.3
https://bitbucket.globaldevtools.bbva.com/bitbucket/projects/GL_KWTH_APP-ID-21839_DSG/repos/glgldh360gloqlt/browse/hammurabi/jobs/america/kwth-gl-hmm-qlt-transporttripestimammrule-01.json?at=refs%2Ftags%2Fv18.3.3";t_kwth_transport_trip_estimation;t_kcog_currency;kwth-gl-hmm-qlt-transporttripestimammrule-01.json;"""18.3.3"""
KWTH_transport-trip-estimation_KCOG_entity_MMRule.conf;"https://bitbucket.globaldevtools.bbva.com/bitbucket/projects/GL_KWTH_APP-ID-21839_DSG/repos/glgldh360gloqlt/browse/hammurabi/jobs/europa/kwth-gl-hmm-qlt-transporttripestimammrule-02.json?at=refs%2Ftags%2Fv18.3.3
https://bitbucket.globaldevtools.bbva.com/bitbucket/projects/GL_KWTH_APP-ID-21839_DSG/repos/glgldh360gloqlt/browse/hammurabi/jobs/america/kwth-gl-hmm-qlt-transporttripestimammrule-02.json?at=refs%2Ftags%2Fv18.3.3";t_kwth_transport_trip_estimation;t_kcog_entity;kwth-gl-hmm-qlt-transporttripestimammrule-02.json;"""18.3.3"""
KWTH_transport-trip-estimation_KCOG_country_MMRule.conf;"https://bitbucket.globaldevtools.bbva.com/bitbucket/projects/GL_KWTH_APP-ID-21839_DSG/repos/glgldh360gloqlt/browse/hammurabi/jobs/europa/kwth-gl-hmm-qlt-transporttripestimammrule-03.json?at=refs%2Ftags%2Fv18.3.3
https://bitbucket.globaldevtools.bbva.com/bitbucket/projects/GL_KWTH_APP-ID-21839_DSG/repos/glgldh360gloqlt/browse/hammurabi/jobs/america/kwth-gl-hmm-qlt-transporttripestimammrule-03.json?at=refs%2Ftags%2Fv18.3.3";t_kwth_transport_trip_estimation;t_kcog_country;kwth-gl-hmm-qlt-transporttripestimammrule-03.json;"""18.3.3"""
L9CT_bank-fl-enrg-ac-scp-3-ems_MRField.conf;"https://bitbucket.globaldevtools.bbva.com/bitbucket/projects/GL_L9CT_APP-ID-219787_DSG/repos/glgldh360gloqlt/browse/hammurabi/jobs/europa/l9ct-gl-hmm-qlt-bankflenrgacscp3emsmrfield-01.json?at=refs%2Ftags%2Fv18.4.1
https://bitbucket.globaldevtools.bbva.com/bitbucket/projects/GL_L9CT_APP-ID-219787_DSG/repos/glgldh360gloqlt/browse/hammurabi/jobs/america/l9ct-gl-hmm-qlt-bankflenrgacscp3emsmrfield-01.json?at=refs%2Ftags%2Fv18.4.1";t_l9ct_bank_fl_enrg_ac_scp_3_ems;;l9ct-gl-hmm-qlt-bankflenrgacscp3emsmrfield-01.json;"""18.4.1"""
L9CT_bank-fl-enrg-ac-scp-3-ems_MRObject.conf;"https://bitbucket.globaldevtools.bbva.com/bitbucket/projects/GL_L9CT_APP-ID-219787_DSG/repos/glgldh360gloqlt/browse/hammurabi/jobs/europa/l9ct-gl-hmm-qlt-bankflenrgacscp3emsmrobject-01.json?at=refs%2Ftags%2Fv18.4.1
https://bitbucket.globaldevtools.bbva.com/bitbucket/projects/GL_L9CT_APP-ID-219787_DSG/repos/glgldh360gloqlt/browse/hammurabi/jobs/america/l9ct-gl-hmm-qlt-bankflenrgacscp3emsmrobject-01.json?at=refs%2Ftags%2Fv18.4.1";t_l9ct_bank_fl_enrg_ac_scp_3_ems;;l9ct-gl-hmm-qlt-bankflenrgacscp3emsmrobject-01.json;"""18.4.1"""
L9CT_bank-fl-enrg-ac-scp-3-ems_KCOG_country_MMRule.conf;"https://bitbucket.globaldevtools.bbva.com/bitbucket/projects/GL_L9CT_APP-ID-219787_DSG/repos/glgldh360gloqlt/browse/hammurabi/jobs/europa/l9ct-gl-hmm-qlt-bankflenrgacscp3emsmmrule-01.json?at=refs%2Ftags%2Fv18.4.1
https://bitbucket.globaldevtools.bbva.com/bitbucket/projects/GL_L9CT_APP-ID-219787_DSG/repos/glgldh360gloqlt/browse/hammurabi/jobs/america/l9ct-gl-hmm-qlt-bankflenrgacscp3emsmmrule-01.json?at=refs%2Ftags%2Fv18.4.1";t_l9ct_bank_fl_enrg_ac_scp_3_ems;t_kcog_country;l9ct-gl-hmm-qlt-bankflenrgacscp3emsmmrule-01.json;"""18.4.1"""
L9CT_bank-rent-bldg-scp-3-ems_MRField.conf;"https://bitbucket.globaldevtools.bbva.com/bitbucket/projects/GL_L9CT_APP-ID-219787_DSG/repos/glgldh360gloqlt/browse/hammurabi/jobs/europa/l9ct-gl-hmm-qlt-bankrentbldgscp3emsmrfield-01.json?at=refs%2Ftags%2Fv18.4.1
https://bitbucket.globaldevtools.bbva.com/bitbucket/projects/GL_L9CT_APP-ID-219787_DSG/repos/glgldh360gloqlt/browse/hammurabi/jobs/america/l9ct-gl-hmm-qlt-bankrentbldgscp3emsmrfield-01.json?at=refs%2Ftags%2Fv18.4.1";t_l9ct_bank_rent_bldg_scp_3_ems;;l9ct-gl-hmm-qlt-bankrentbldgscp3emsmrfield-01.json;"""18.4.1"""
L9CT_bank-rent-bldg-scp-3-ems_MRObject.conf;"https://bitbucket.globaldevtools.bbva.com/bitbucket/projects/GL_L9CT_APP-ID-219787_DSG/repos/glgldh360gloqlt/browse/hammurabi/jobs/europa/l9ct-gl-hmm-qlt-bankrentbldgscp3emsmrobject-01.json?at=refs%2Ftags%2Fv18.4.1
https://bitbucket.globaldevtools.bbva.com/bitbucket/projects/GL_L9CT_APP-ID-219787_DSG/repos/glgldh360gloqlt/browse/hammurabi/jobs/america/l9ct-gl-hmm-qlt-bankrentbldgscp3emsmrobject-01.json?at=refs%2Ftags%2Fv18.4.1";t_l9ct_bank_rent_bldg_scp_3_ems;;l9ct-gl-hmm-qlt-bankrentbldgscp3emsmrobject-01.json;"""18.4.1"""
L9CT_bank-scope-1-emissions_MRField.conf;"https://bitbucket.globaldevtools.bbva.com/bitbucket/projects/GL_L9CT_APP-ID-219787_DSG/repos/glgldh360gloqlt/browse/hammurabi/jobs/europa/l9ct-gl-hmm-qlt-bankscope1emissionsmrfield-01.json?at=refs%2Ftags%2Fv18.4.1
https://bitbucket.globaldevtools.bbva.com/bitbucket/projects/GL_L9CT_APP-ID-219787_DSG/repos/glgldh360gloqlt/browse/hammurabi/jobs/america/l9ct-gl-hmm-qlt-bankscope1emissionsmrfield-01.json?at=refs%2Ftags%2Fv18.4.1";t_l9ct_bank_scope_1_emissions;;l9ct-gl-hmm-qlt-bankscope1emissionsmrfield-01.json;"""18.4.1"""
L9CT_bank-scope-1-emissions_MRObject.conf;"https://bitbucket.globaldevtools.bbva.com/bitbucket/projects/GL_L9CT_APP-ID-219787_DSG/repos/glgldh360gloqlt/browse/hammurabi/jobs/europa/l9ct-gl-hmm-qlt-bankscope1emissionsmrobject-01.json?at=refs%2Ftags%2Fv18.4.1
https://bitbucket.globaldevtools.bbva.com/bitbucket/projects/GL_L9CT_APP-ID-219787_DSG/repos/glgldh360gloqlt/browse/hammurabi/jobs/america/l9ct-gl-hmm-qlt-bankscope1emissionsmrobject-01.json?at=refs%2Ftags%2Fv18.4.1";t_l9ct_bank_scope_1_emissions;;l9ct-gl-hmm-qlt-bankscope1emissionsmrobject-01.json;"""18.4.1"""
L9CT_bank-scope-1-emissions_KCOG_country_MMRule.conf;"https://bitbucket.globaldevtools.bbva.com/bitbucket/projects/GL_L9CT_APP-ID-219787_DSG/repos/glgldh360gloqlt/browse/hammurabi/jobs/europa/l9ct-gl-hmm-qlt-bankscope1emissionsmmrule-01.json?at=refs%2Ftags%2Fv18.4.1
https://bitbucket.globaldevtools.bbva.com/bitbucket/projects/GL_L9CT_APP-ID-219787_DSG/repos/glgldh360gloqlt/browse/hammurabi/jobs/america/l9ct-gl-hmm-qlt-bankscope1emissionsmmrule-01.json?at=refs%2Ftags%2Fv18.4.1";t_l9ct_bank_scope_1_emissions;t_kcog_country;l9ct-gl-hmm-qlt-bankscope1emissionsmmrule-01.json;"""18.4.1"""
L9CT_bank-scope-2-emissions_MRField.conf;"https://bitbucket.globaldevtools.bbva.com/bitbucket/projects/GL_L9CT_APP-ID-219787_DSG/repos/glgldh360gloqlt/browse/hammurabi/jobs/europa/l9ct-gl-hmm-qlt-bankscope2emissionsmrfield-01.json?at=refs%2Ftags%2Fv18.4.1
https://bitbucket.globaldevtools.bbva.com/bitbucket/projects/GL_L9CT_APP-ID-219787_DSG/repos/glgldh360gloqlt/browse/hammurabi/jobs/america/l9ct-gl-hmm-qlt-bankscope2emissionsmrfield-01.json?at=refs%2Ftags%2Fv18.4.1";t_l9ct_bank_scope_2_emissions;;l9ct-gl-hmm-qlt-bankscope2emissionsmrfield-01.json;"""18.4.1"""
L9CT_bank-scope-2-emissions_MRObject.conf;"https://bitbucket.globaldevtools.bbva.com/bitbucket/projects/GL_L9CT_APP-ID-219787_DSG/repos/glgldh360gloqlt/browse/hammurabi/jobs/europa/l9ct-gl-hmm-qlt-bankscope2emissionsmrobject-01.json?at=refs%2Ftags%2Fv18.4.1
https://bitbucket.globaldevtools.bbva.com/bitbucket/projects/GL_L9CT_APP-ID-219787_DSG/repos/glgldh360gloqlt/browse/hammurabi/jobs/america/l9ct-gl-hmm-qlt-bankscope2emissionsmrobject-01.json?at=refs%2Ftags%2Fv18.4.1";t_l9ct_bank_scope_2_emissions;;l9ct-gl-hmm-qlt-bankscope2emissionsmrobject-01.json;"""18.4.1"""
L9CT_bank-supp-cap-g-scp-3-ems_MRField.conf;"https://bitbucket.globaldevtools.bbva.com/bitbucket/projects/GL_L9CT_APP-ID-219787_DSG/repos/glgldh360gloqlt/browse/hammurabi/jobs/europa/l9ct-gl-hmm-qlt-banksuppcapgscp3emsmrfield-01.json?at=refs%2Ftags%2Fv18.4.1
https://bitbucket.globaldevtools.bbva.com/bitbucket/projects/GL_L9CT_APP-ID-219787_DSG/repos/glgldh360gloqlt/browse/hammurabi/jobs/america/l9ct-gl-hmm-qlt-banksuppcapgscp3emsmrfield-01.json?at=refs%2Ftags%2Fv18.4.1";t_l9ct_bank_supp_cap_g_scp_3_ems;;l9ct-gl-hmm-qlt-banksuppcapgscp3emsmrfield-01.json;"""18.4.1"""
L9CT_bank-supp-cap-g-scp-3-ems_MRObject.conf;"https://bitbucket.globaldevtools.bbva.com/bitbucket/projects/GL_L9CT_APP-ID-219787_DSG/repos/glgldh360gloqlt/browse/hammurabi/jobs/europa/l9ct-gl-hmm-qlt-banksuppcapgscp3emsmrobject-01.json?at=refs%2Ftags%2Fv18.4.1
https://bitbucket.globaldevtools.bbva.com/bitbucket/projects/GL_L9CT_APP-ID-219787_DSG/repos/glgldh360gloqlt/browse/hammurabi/jobs/america/l9ct-gl-hmm-qlt-banksuppcapgscp3emsmrobject-01.json?at=refs%2Ftags%2Fv18.4.1";t_l9ct_bank_supp_cap_g_scp_3_ems;;l9ct-gl-hmm-qlt-banksuppcapgscp3emsmrobject-01.json;"""18.4.1"""
L9CT_bank-supp-cap-g-scp-3-ems_PROC_supplier-information_MMRule.conf;"https://bitbucket.globaldevtools.bbva.com/bitbucket/projects/GL_L9CT_APP-ID-219787_DSG/repos/glgldh360gloqlt/browse/hammurabi/jobs/europa/l9ct-gl-hmm-qlt-banksuppcapgscp3emsmmrule-01.json?at=refs%2Ftags%2Fv18.4.1
https://bitbucket.globaldevtools.bbva.com/bitbucket/projects/GL_L9CT_APP-ID-219787_DSG/repos/glgldh360gloqlt/browse/hammurabi/jobs/america/l9ct-gl-hmm-qlt-banksuppcapgscp3emsmmrule-01.json?at=refs%2Ftags%2Fv18.4.1";t_l9ct_bank_supp_cap_g_scp_3_ems;t_proc_supplier_information;l9ct-gl-hmm-qlt-banksuppcapgscp3emsmmrule-01.json;"""18.4.1"""
L9CT_bk-supp-prch-g-svc-s3-ems_MRField.conf;"https://bitbucket.globaldevtools.bbva.com/bitbucket/projects/GL_L9CT_APP-ID-219787_DSG/repos/glgldh360gloqlt/browse/hammurabi/jobs/europa/l9ct-gl-hmm-qlt-bksuppprchgsvcs3emsmrfield-01.json?at=refs%2Ftags%2Fv18.4.1
https://bitbucket.globaldevtools.bbva.com/bitbucket/projects/GL_L9CT_APP-ID-219787_DSG/repos/glgldh360gloqlt/browse/hammurabi/jobs/america/l9ct-gl-hmm-qlt-bksuppprchgsvcs3emsmrfield-01.json?at=refs%2Ftags%2Fv18.4.1";t_l9ct_bk_supp_prch_g_svc_s3_ems;;l9ct-gl-hmm-qlt-bksuppprchgsvcs3emsmrfield-01.json;"""18.4.1"""
L9CT_bk-supp-prch-g-svc-s3-ems_MRObject.conf;"https://bitbucket.globaldevtools.bbva.com/bitbucket/projects/GL_L9CT_APP-ID-219787_DSG/repos/glgldh360gloqlt/browse/hammurabi/jobs/europa/l9ct-gl-hmm-qlt-bksuppprchgsvcs3emsmrobject-01.json?at=refs%2Ftags%2Fv18.4.1
https://bitbucket.globaldevtools.bbva.com/bitbucket/projects/GL_L9CT_APP-ID-219787_DSG/repos/glgldh360gloqlt/browse/hammurabi/jobs/america/l9ct-gl-hmm-qlt-bksuppprchgsvcs3emsmrobject-01.json?at=refs%2Ftags%2Fv18.4.1";t_l9ct_bk_supp_prch_g_svc_s3_ems;;l9ct-gl-hmm-qlt-bksuppprchgsvcs3emsmrobject-01.json;"""18.4.1"""
L9CT_bk-supp-prch-g-svc-s3-ems_KCOG_country_MMRule.conf;"https://bitbucket.globaldevtools.bbva.com/bitbucket/projects/GL_L9CT_APP-ID-219787_DSG/repos/glgldh360gloqlt/browse/hammurabi/jobs/europa/l9ct-gl-hmm-qlt-bksuppprchgsvcs3emsmmrule-01.json?at=refs%2Ftags%2Fv18.4.1
https://bitbucket.globaldevtools.bbva.com/bitbucket/projects/GL_L9CT_APP-ID-219787_DSG/repos/glgldh360gloqlt/browse/hammurabi/jobs/america/l9ct-gl-hmm-qlt-bksuppprchgsvcs3emsmmrule-01.json?at=refs%2Ftags%2Fv18.4.1";t_l9ct_bk_supp_prch_g_svc_s3_ems;t_kcog_country;l9ct-gl-hmm-qlt-bksuppprchgsvcs3emsmmrule-01.json;"""18.4.1"""
L9CT_bk-supp-prch-g-svc-s3-ems_PROC_supplier-information_MMRule.conf;"https://bitbucket.globaldevtools.bbva.com/bitbucket/projects/GL_L9CT_APP-ID-219787_DSG/repos/glgldh360gloqlt/browse/hammurabi/jobs/europa/l9ct-gl-hmm-qlt-bksuppprchgsvcs3emsmmrule-02.json?at=refs%2Ftags%2Fv18.4.1
https://bitbucket.globaldevtools.bbva.com/bitbucket/projects/GL_L9CT_APP-ID-219787_DSG/repos/glgldh360gloqlt/browse/hammurabi/jobs/america/l9ct-gl-hmm-qlt-bksuppprchgsvcs3emsmmrule-02.json?at=refs%2Ftags%2Fv18.4.1";t_l9ct_bk_supp_prch_g_svc_s3_ems;t_proc_supplier_information;l9ct-gl-hmm-qlt-bksuppprchgsvcs3emsmmrule-02.json;"""18.4.1"""
L9CT_client-carbon-data-scp3_MRField.conf;"https://bitbucket.globaldevtools.bbva.com/bitbucket/projects/GL_L9CT_APP-ID-219787_DSG/repos/glgldh360gloqlt/browse/hammurabi/jobs/europa/l9ct-gl-hmm-qlt-clientcarbondatascpmrfield-01.json?at=refs%2Ftags%2Fv18.4.1
https://bitbucket.globaldevtools.bbva.com/bitbucket/projects/GL_L9CT_APP-ID-219787_DSG/repos/glgldh360gloqlt/browse/hammurabi/jobs/america/l9ct-gl-hmm-qlt-clientcarbondatascpmrfield-01.json?at=refs%2Ftags%2Fv18.4.1";t_l9ct_client_carbon_data_scp3;;l9ct-gl-hmm-qlt-clientcarbondatascpmrfield-01.json;"""18.4.1"""
L9CT_client-carbon-data-scp3_MRObject.conf;"https://bitbucket.globaldevtools.bbva.com/bitbucket/projects/GL_L9CT_APP-ID-219787_DSG/repos/glgldh360gloqlt/browse/hammurabi/jobs/europa/l9ct-gl-hmm-qlt-clientcarbondatascpmrobject-01.json?at=refs%2Ftags%2Fv18.4.1
https://bitbucket.globaldevtools.bbva.com/bitbucket/projects/GL_L9CT_APP-ID-219787_DSG/repos/glgldh360gloqlt/browse/hammurabi/jobs/america/l9ct-gl-hmm-qlt-clientcarbondatascpmrobject-01.json?at=refs%2Ftags%2Fv18.4.1";t_l9ct_client_carbon_data_scp3;;l9ct-gl-hmm-qlt-clientcarbondatascpmrobject-01.json;"""18.4.1"""
L9CT_client-cmpny-carbon-data_MRField.conf;"https://bitbucket.globaldevtools.bbva.com/bitbucket/projects/GL_L9CT_APP-ID-219787_DSG/repos/glgldh360gloqlt/browse/hammurabi/jobs/europa/l9ct-gl-hmm-qlt-clientcmpnycarbondamrfield-01.json?at=refs%2Ftags%2Fv18.4.1
https://bitbucket.globaldevtools.bbva.com/bitbucket/projects/GL_L9CT_APP-ID-219787_DSG/repos/glgldh360gloqlt/browse/hammurabi/jobs/america/l9ct-gl-hmm-qlt-clientcmpnycarbondamrfield-01.json?at=refs%2Ftags%2Fv18.4.1";t_l9ct_client_cmpny_carbon_data;;l9ct-gl-hmm-qlt-clientcmpnycarbondamrfield-01.json;"""18.4.1"""
L9CT_client-cmpny-carbon-data_MRObject.conf;"https://bitbucket.globaldevtools.bbva.com/bitbucket/projects/GL_L9CT_APP-ID-219787_DSG/repos/glgldh360gloqlt/browse/hammurabi/jobs/europa/l9ct-gl-hmm-qlt-clientcmpnycarbondamrobject-01.json?at=refs%2Ftags%2Fv18.4.1
https://bitbucket.globaldevtools.bbva.com/bitbucket/projects/GL_L9CT_APP-ID-219787_DSG/repos/glgldh360gloqlt/browse/hammurabi/jobs/america/l9ct-gl-hmm-qlt-clientcmpnycarbondamrobject-01.json?at=refs%2Ftags%2Fv18.4.1";t_l9ct_client_cmpny_carbon_data;;l9ct-gl-hmm-qlt-clientcmpnycarbondamrobject-01.json;"""18.4.1"""
L9CT_co-asset-rel-activity_MRField.conf;"https://bitbucket.globaldevtools.bbva.com/bitbucket/projects/GL_L9CT_APP-ID-219787_DSG/repos/glgldh360gloqlt/browse/hammurabi/jobs/europa/l9ct-gl-hmm-qlt-coassetrelactivitymrfield-01.json?at=refs%2Ftags%2Fv18.4.1
https://bitbucket.globaldevtools.bbva.com/bitbucket/projects/GL_L9CT_APP-ID-219787_DSG/repos/glgldh360gloqlt/browse/hammurabi/jobs/america/l9ct-gl-hmm-qlt-coassetrelactivitymrfield-01.json?at=refs%2Ftags%2Fv18.4.1";t_l9ct_co_asset_rel_activity;;l9ct-gl-hmm-qlt-coassetrelactivitymrfield-01.json;"""18.4.1"""
L9CT_co-asset-rel-activity_MRObject.conf;"https://bitbucket.globaldevtools.bbva.com/bitbucket/projects/GL_L9CT_APP-ID-219787_DSG/repos/glgldh360gloqlt/browse/hammurabi/jobs/europa/l9ct-gl-hmm-qlt-coassetrelactivitymrobject-01.json?at=refs%2Ftags%2Fv18.4.1
https://bitbucket.globaldevtools.bbva.com/bitbucket/projects/GL_L9CT_APP-ID-219787_DSG/repos/glgldh360gloqlt/browse/hammurabi/jobs/america/l9ct-gl-hmm-qlt-coassetrelactivitymrobject-01.json?at=refs%2Ftags%2Fv18.4.1";t_l9ct_co_asset_rel_activity;;l9ct-gl-hmm-qlt-coassetrelactivitymrobject-01.json;"""18.4.1"""
L9CT_co-asset-rel-activity_L9CT_co-asset-rel-activity_MMRule.conf;"https://bitbucket.globaldevtools.bbva.com/bitbucket/projects/GL_L9CT_APP-ID-219787_DSG/repos/glgldh360gloqlt/browse/hammurabi/jobs/europa/l9ct-gl-hmm-qlt-coassetrelactivitymmrule-02.json?at=refs%2Ftags%2Fv18.4.1
https://bitbucket.globaldevtools.bbva.com/bitbucket/projects/GL_L9CT_APP-ID-219787_DSG/repos/glgldh360gloqlt/browse/hammurabi/jobs/america/l9ct-gl-hmm-qlt-coassetrelactivitymmrule-02.json?at=refs%2Ftags%2Fv18.4.1";t_l9ct_co_asset_rel_activity;;l9ct-gl-hmm-qlt-coassetrelactivitymmrule-02.json;"""18.4.1"""
L9CT_co-asset-rel-activity_L9CT_esg-ext-data-companies_MMRule.conf;"https://bitbucket.globaldevtools.bbva.com/bitbucket/projects/GL_L9CT_APP-ID-219787_DSG/repos/glgldh360gloqlt/browse/hammurabi/jobs/europa/l9ct-gl-hmm-qlt-coassetrelactivitymmrule-01.json?at=refs%2Ftags%2Fv18.4.1
https://bitbucket.globaldevtools.bbva.com/bitbucket/projects/GL_L9CT_APP-ID-219787_DSG/repos/glgldh360gloqlt/browse/hammurabi/jobs/america/l9ct-gl-hmm-qlt-coassetrelactivitymmrule-01.json?at=refs%2Ftags%2Fv18.4.1";t_l9ct_co_asset_rel_activity;t_l9ct_esg_ext_data_companies;l9ct-gl-hmm-qlt-coassetrelactivitymmrule-01.json;"""18.4.1"""
L9CT_co-asset-rel-emissions_MRField.conf;"https://bitbucket.globaldevtools.bbva.com/bitbucket/projects/GL_L9CT_APP-ID-219787_DSG/repos/glgldh360gloqlt/browse/hammurabi/jobs/europa/l9ct-gl-hmm-qlt-coassetrelemissionsmrfield-01.json?at=refs%2Ftags%2Fv18.4.1
https://bitbucket.globaldevtools.bbva.com/bitbucket/projects/GL_L9CT_APP-ID-219787_DSG/repos/glgldh360gloqlt/browse/hammurabi/jobs/america/l9ct-gl-hmm-qlt-coassetrelemissionsmrfield-01.json?at=refs%2Ftags%2Fv18.4.1";t_l9ct_co_asset_rel_emissions;;l9ct-gl-hmm-qlt-coassetrelemissionsmrfield-01.json;"""18.4.1"""
L9CT_co-asset-rel-emissions_MRObject.conf;"https://bitbucket.globaldevtools.bbva.com/bitbucket/projects/GL_L9CT_APP-ID-219787_DSG/repos/glgldh360gloqlt/browse/hammurabi/jobs/europa/l9ct-gl-hmm-qlt-coassetrelemissionsmrobject-01.json?at=refs%2Ftags%2Fv18.4.1
https://bitbucket.globaldevtools.bbva.com/bitbucket/projects/GL_L9CT_APP-ID-219787_DSG/repos/glgldh360gloqlt/browse/hammurabi/jobs/america/l9ct-gl-hmm-qlt-coassetrelemissionsmrobject-01.json?at=refs%2Ftags%2Fv18.4.1";t_l9ct_co_asset_rel_emissions;;l9ct-gl-hmm-qlt-coassetrelemissionsmrobject-01.json;"""18.4.1"""
L9CT_co-asset-rel-emissions_L9CT_co-asset-rel-emissions_MMRule.conf;"https://bitbucket.globaldevtools.bbva.com/bitbucket/projects/GL_L9CT_APP-ID-219787_DSG/repos/glgldh360gloqlt/browse/hammurabi/jobs/europa/l9ct-gl-hmm-qlt-coassetrelemissionsmmrule-02.json?at=refs%2Ftags%2Fv18.4.1
https://bitbucket.globaldevtools.bbva.com/bitbucket/projects/GL_L9CT_APP-ID-219787_DSG/repos/glgldh360gloqlt/browse/hammurabi/jobs/america/l9ct-gl-hmm-qlt-coassetrelemissionsmmrule-02.json?at=refs%2Ftags%2Fv18.4.1";t_l9ct_co_asset_rel_emissions;;l9ct-gl-hmm-qlt-coassetrelemissionsmmrule-02.json;"""18.4.1"""
L9CT_co-asset-rel-emissions_L9CT_esg-ext-data-companies_MMRule.conf;"https://bitbucket.globaldevtools.bbva.com/bitbucket/projects/GL_L9CT_APP-ID-219787_DSG/repos/glgldh360gloqlt/browse/hammurabi/jobs/europa/l9ct-gl-hmm-qlt-coassetrelemissionsmmrule-01.json?at=refs%2Ftags%2Fv18.4.1
https://bitbucket.globaldevtools.bbva.com/bitbucket/projects/GL_L9CT_APP-ID-219787_DSG/repos/glgldh360gloqlt/browse/hammurabi/jobs/america/l9ct-gl-hmm-qlt-coassetrelemissionsmmrule-01.json?at=refs%2Ftags%2Fv18.4.1";t_l9ct_co_asset_rel_emissions;t_l9ct_esg_ext_data_companies;l9ct-gl-hmm-qlt-coassetrelemissionsmmrule-01.json;"""18.4.1"""
L9CT_co-em-rduc-target_MRField.conf;"https://bitbucket.globaldevtools.bbva.com/bitbucket/projects/GL_L9CT_APP-ID-219787_DSG/repos/glgldh360gloqlt/browse/hammurabi/jobs/europa/l9ct-gl-hmm-qlt-coemrductargetmrfield-01.json?at=refs%2Ftags%2Fv18.4.1
https://bitbucket.globaldevtools.bbva.com/bitbucket/projects/GL_L9CT_APP-ID-219787_DSG/repos/glgldh360gloqlt/browse/hammurabi/jobs/america/l9ct-gl-hmm-qlt-coemrductargetmrfield-01.json?at=refs%2Ftags%2Fv18.4.1";t_l9ct_co_em_rduc_target;;l9ct-gl-hmm-qlt-coemrductargetmrfield-01.json;"""18.4.1"""
L9CT_co-em-rduc-target_MRObject.conf;"https://bitbucket.globaldevtools.bbva.com/bitbucket/projects/GL_L9CT_APP-ID-219787_DSG/repos/glgldh360gloqlt/browse/hammurabi/jobs/europa/l9ct-gl-hmm-qlt-coemrductargetmrobject-01.json?at=refs%2Ftags%2Fv18.4.1
https://bitbucket.globaldevtools.bbva.com/bitbucket/projects/GL_L9CT_APP-ID-219787_DSG/repos/glgldh360gloqlt/browse/hammurabi/jobs/america/l9ct-gl-hmm-qlt-coemrductargetmrobject-01.json?at=refs%2Ftags%2Fv18.4.1";t_l9ct_co_em_rduc_target;;l9ct-gl-hmm-qlt-coemrductargetmrobject-01.json;"""18.4.1"""
L9CT_company-metric-year_MRField.conf;"https://bitbucket.globaldevtools.bbva.com/bitbucket/projects/GL_L9CT_APP-ID-219787_DSG/repos/glgldh360gloqlt/browse/hammurabi/jobs/europa/l9ct-gl-hmm-qlt-companymetricyearmrfield-01.json?at=refs%2Ftags%2Fv18.4.1
https://bitbucket.globaldevtools.bbva.com/bitbucket/projects/GL_L9CT_APP-ID-219787_DSG/repos/glgldh360gloqlt/browse/hammurabi/jobs/america/l9ct-gl-hmm-qlt-companymetricyearmrfield-01.json?at=refs%2Ftags%2Fv18.4.1";t_l9ct_company_metric_year;;l9ct-gl-hmm-qlt-companymetricyearmrfield-01.json;"""18.4.1"""
L9CT_company-metric-year_L9CT_esg-ext-data-companies_MMRule.conf;"https://bitbucket.globaldevtools.bbva.com/bitbucket/projects/GL_L9CT_APP-ID-219787_DSG/repos/glgldh360gloqlt/browse/hammurabi/jobs/europa/l9ct-gl-hmm-qlt-companymetricyearmmrule-01.json?at=refs%2Ftags%2Fv18.4.1
https://bitbucket.globaldevtools.bbva.com/bitbucket/projects/GL_L9CT_APP-ID-219787_DSG/repos/glgldh360gloqlt/browse/hammurabi/jobs/america/l9ct-gl-hmm-qlt-companymetricyearmmrule-01.json?at=refs%2Ftags%2Fv18.4.1";t_l9ct_company_metric_year;t_l9ct_esg_ext_data_companies;l9ct-gl-hmm-qlt-companymetricyearmmrule-01.json;"""18.4.1"""
L9CT_company-metric-year-cntry_MRField.conf;"https://bitbucket.globaldevtools.bbva.com/bitbucket/projects/GL_L9CT_APP-ID-219787_DSG/repos/glgldh360gloqlt/browse/hammurabi/jobs/europa/l9ct-gl-hmm-qlt-companymetricyearcnmrfield-01.json?at=refs%2Ftags%2Fv18.4.1
https://bitbucket.globaldevtools.bbva.com/bitbucket/projects/GL_L9CT_APP-ID-219787_DSG/repos/glgldh360gloqlt/browse/hammurabi/jobs/america/l9ct-gl-hmm-qlt-companymetricyearcnmrfield-01.json?at=refs%2Ftags%2Fv18.4.1";t_l9ct_company_metric_year_cntry;;l9ct-gl-hmm-qlt-companymetricyearcnmrfield-01.json;"""18.4.1"""
L9CT_company-metric-year-cntry_L9CT_esg-ext-data-companies_MMRule.conf;"https://bitbucket.globaldevtools.bbva.com/bitbucket/projects/GL_L9CT_APP-ID-219787_DSG/repos/glgldh360gloqlt/browse/hammurabi/jobs/europa/l9ct-gl-hmm-qlt-companymetricyearcnmmrule-01.json?at=refs%2Ftags%2Fv18.4.1
https://bitbucket.globaldevtools.bbva.com/bitbucket/projects/GL_L9CT_APP-ID-219787_DSG/repos/glgldh360gloqlt/browse/hammurabi/jobs/america/l9ct-gl-hmm-qlt-companymetricyearcnmmrule-01.json?at=refs%2Ftags%2Fv18.4.1";t_l9ct_company_metric_year_cntry;t_l9ct_esg_ext_data_companies;l9ct-gl-hmm-qlt-companymetricyearcnmmrule-01.json;"""18.4.1"""
L9CT_company-production-unit_MRField.conf;"https://bitbucket.globaldevtools.bbva.com/bitbucket/projects/GL_L9CT_APP-ID-219787_DSG/repos/glgldh360gloqlt/browse/hammurabi/jobs/europa/l9ct-gl-hmm-qlt-companyproductionunmrfield-01.json?at=refs%2Ftags%2Fv18.4.1
https://bitbucket.globaldevtools.bbva.com/bitbucket/projects/GL_L9CT_APP-ID-219787_DSG/repos/glgldh360gloqlt/browse/hammurabi/jobs/america/l9ct-gl-hmm-qlt-companyproductionunmrfield-01.json?at=refs%2Ftags%2Fv18.4.1";t_l9ct_company_production_unit;;l9ct-gl-hmm-qlt-companyproductionunmrfield-01.json;"""18.4.1"""
L9CT_company-production-unit_L9CT_esg-ext-data-companies_MMRule.conf;"https://bitbucket.globaldevtools.bbva.com/bitbucket/projects/GL_L9CT_APP-ID-219787_DSG/repos/glgldh360gloqlt/browse/hammurabi/jobs/europa/l9ct-gl-hmm-qlt-companyproductionunmmrule-01.json?at=refs%2Ftags%2Fv18.4.1
https://bitbucket.globaldevtools.bbva.com/bitbucket/projects/GL_L9CT_APP-ID-219787_DSG/repos/glgldh360gloqlt/browse/hammurabi/jobs/america/l9ct-gl-hmm-qlt-companyproductionunmmrule-01.json?at=refs%2Ftags%2Fv18.4.1";t_l9ct_company_production_unit;t_l9ct_esg_ext_data_companies;l9ct-gl-hmm-qlt-companyproductionunmmrule-01.json;"""18.4.1"""
L9CT_country-econ-act-metric_MRField.conf;"https://bitbucket.globaldevtools.bbva.com/bitbucket/projects/GL_L9CT_APP-ID-219787_DSG/repos/glgldh360gloqlt/browse/hammurabi/jobs/europa/l9ct-gl-hmm-qlt-countryeconactmetrimrfield-01.json?at=refs%2Ftags%2Fv18.4.1
https://bitbucket.globaldevtools.bbva.com/bitbucket/projects/GL_L9CT_APP-ID-219787_DSG/repos/glgldh360gloqlt/browse/hammurabi/jobs/america/l9ct-gl-hmm-qlt-countryeconactmetrimrfield-01.json?at=refs%2Ftags%2Fv18.4.1";t_l9ct_country_econ_act_metric;;l9ct-gl-hmm-qlt-countryeconactmetrimrfield-01.json;"""18.4.1"""
L9CT_cs-ncs-co-tx-alig-sctr-r_MRField.conf;"https://bitbucket.globaldevtools.bbva.com/bitbucket/projects/GL_L9CT_APP-ID-219787_DSG/repos/glgldh360gloqlt/browse/hammurabi/jobs/europa/l9ct-gl-hmm-qlt-csncscotxaligsctrrmrfield-01.json?at=refs%2Ftags%2Fv18.4.1
https://bitbucket.globaldevtools.bbva.com/bitbucket/projects/GL_L9CT_APP-ID-219787_DSG/repos/glgldh360gloqlt/browse/hammurabi/jobs/america/l9ct-gl-hmm-qlt-csncscotxaligsctrrmrfield-01.json?at=refs%2Ftags%2Fv18.4.1";t_l9ct_cs_ncs_co_tx_alig_sctr_r;;l9ct-gl-hmm-qlt-csncscotxaligsctrrmrfield-01.json;"""18.4.1"""
L9CT_cs-ncs-co-tx-alig-sctr-r_MRObject.conf;"https://bitbucket.globaldevtools.bbva.com/bitbucket/projects/GL_L9CT_APP-ID-219787_DSG/repos/glgldh360gloqlt/browse/hammurabi/jobs/europa/l9ct-gl-hmm-qlt-csncscotxaligsctrrmrobject-01.json?at=refs%2Ftags%2Fv18.4.1
https://bitbucket.globaldevtools.bbva.com/bitbucket/projects/GL_L9CT_APP-ID-219787_DSG/repos/glgldh360gloqlt/browse/hammurabi/jobs/america/l9ct-gl-hmm-qlt-csncscotxaligsctrrmrobject-01.json?at=refs%2Ftags%2Fv18.4.1";t_l9ct_cs_ncs_co_tx_alig_sctr_r;;l9ct-gl-hmm-qlt-csncscotxaligsctrrmrobject-01.json;"""18.4.1"""
L9CT_cs-ncs-co-tx-alig-sctr-r_KSAG_global-customer_rel_MMRule.conf;"https://bitbucket.globaldevtools.bbva.com/bitbucket/projects/GL_L9CT_APP-ID-219787_DSG/repos/glgldh360gloqlt/browse/hammurabi/jobs/europa/l9ct-gl-hmm-qlt-csncscotxaligsctrrmmrule-01.json?at=refs%2Ftags%2Fv18.4.1
https://bitbucket.globaldevtools.bbva.com/bitbucket/projects/GL_L9CT_APP-ID-219787_DSG/repos/glgldh360gloqlt/browse/hammurabi/jobs/america/l9ct-gl-hmm-qlt-csncscotxaligsctrrmmrule-01.json?at=refs%2Ftags%2Fv18.4.1";t_l9ct_cs_ncs_co_tx_alig_sctr_r;t_ksag_global_customer_rel;l9ct-gl-hmm-qlt-csncscotxaligsctrrmmrule-01.json;"""18.4.1"""
L9CT_eco-activity-taxo_MRField.conf;"https://bitbucket.globaldevtools.bbva.com/bitbucket/projects/GL_L9CT_APP-ID-219787_DSG/repos/glgldh360gloqlt/browse/hammurabi/jobs/europa/l9ct-gl-hmm-qlt-ecoactivitytaxomrfield-01.json?at=refs%2Ftags%2Fv18.4.1
https://bitbucket.globaldevtools.bbva.com/bitbucket/projects/GL_L9CT_APP-ID-219787_DSG/repos/glgldh360gloqlt/browse/hammurabi/jobs/america/l9ct-gl-hmm-qlt-ecoactivitytaxomrfield-01.json?at=refs%2Ftags%2Fv18.4.1";t_l9ct_eco_activity_taxo;;l9ct-gl-hmm-qlt-ecoactivitytaxomrfield-01.json;"""18.4.1"""
L9CT_eco-activity-taxo_MRObject.conf;"https://bitbucket.globaldevtools.bbva.com/bitbucket/projects/GL_L9CT_APP-ID-219787_DSG/repos/glgldh360gloqlt/browse/hammurabi/jobs/europa/l9ct-gl-hmm-qlt-ecoactivitytaxomrobject-01.json?at=refs%2Ftags%2Fv18.4.1
https://bitbucket.globaldevtools.bbva.com/bitbucket/projects/GL_L9CT_APP-ID-219787_DSG/repos/glgldh360gloqlt/browse/hammurabi/jobs/america/l9ct-gl-hmm-qlt-ecoactivitytaxomrobject-01.json?at=refs%2Ftags%2Fv18.4.1";t_l9ct_eco_activity_taxo;;l9ct-gl-hmm-qlt-ecoactivitytaxomrobject-01.json;"""18.4.1"""
L9CT_em-factors-buildings_MRField.conf;"https://bitbucket.globaldevtools.bbva.com/bitbucket/projects/GL_L9CT_APP-ID-219787_DSG/repos/glgldh360gloqlt/browse/hammurabi/jobs/europa/l9ct-gl-hmm-qlt-emfactorsbuildingsmrfield-01.json?at=refs%2Ftags%2Fv18.4.1
https://bitbucket.globaldevtools.bbva.com/bitbucket/projects/GL_L9CT_APP-ID-219787_DSG/repos/glgldh360gloqlt/browse/hammurabi/jobs/america/l9ct-gl-hmm-qlt-emfactorsbuildingsmrfield-01.json?at=refs%2Ftags%2Fv18.4.1";t_l9ct_em_factors_buildings;;l9ct-gl-hmm-qlt-emfactorsbuildingsmrfield-01.json;"""18.4.1"""
L9CT_em-factors-buildings_MRObject.conf;"https://bitbucket.globaldevtools.bbva.com/bitbucket/projects/GL_L9CT_APP-ID-219787_DSG/repos/glgldh360gloqlt/browse/hammurabi/jobs/europa/l9ct-gl-hmm-qlt-emfactorsbuildingsmrobject-01.json?at=refs%2Ftags%2Fv18.4.1
https://bitbucket.globaldevtools.bbva.com/bitbucket/projects/GL_L9CT_APP-ID-219787_DSG/repos/glgldh360gloqlt/browse/hammurabi/jobs/america/l9ct-gl-hmm-qlt-emfactorsbuildingsmrobject-01.json?at=refs%2Ftags%2Fv18.4.1";t_l9ct_em_factors_buildings;;l9ct-gl-hmm-qlt-emfactorsbuildingsmrobject-01.json;"""18.4.1"""
L9CT_em-factors-buildings_KCOG_country_MMRule.conf;"https://bitbucket.globaldevtools.bbva.com/bitbucket/projects/GL_L9CT_APP-ID-219787_DSG/repos/glgldh360gloqlt/browse/hammurabi/jobs/europa/l9ct-gl-hmm-qlt-emfactorsbuildingsmmrule-01.json?at=refs%2Ftags%2Fv18.4.1
https://bitbucket.globaldevtools.bbva.com/bitbucket/projects/GL_L9CT_APP-ID-219787_DSG/repos/glgldh360gloqlt/browse/hammurabi/jobs/america/l9ct-gl-hmm-qlt-emfactorsbuildingsmmrule-01.json?at=refs%2Ftags%2Fv18.4.1";t_l9ct_em_factors_buildings;t_kcog_country;l9ct-gl-hmm-qlt-emfactorsbuildingsmmrule-01.json;"""18.4.1"""
L9CT_em-factors-by-sector_MRField.conf;"https://bitbucket.globaldevtools.bbva.com/bitbucket/projects/GL_L9CT_APP-ID-219787_DSG/repos/glgldh360gloqlt/browse/hammurabi/jobs/europa/l9ct-gl-hmm-qlt-emfactorsbysectormrfield-01.json?at=refs%2Ftags%2Fv18.4.1
https://bitbucket.globaldevtools.bbva.com/bitbucket/projects/GL_L9CT_APP-ID-219787_DSG/repos/glgldh360gloqlt/browse/hammurabi/jobs/america/l9ct-gl-hmm-qlt-emfactorsbysectormrfield-01.json?at=refs%2Ftags%2Fv18.4.1";t_l9ct_em_factors_by_sector;;l9ct-gl-hmm-qlt-emfactorsbysectormrfield-01.json;"""18.4.1"""
L9CT_em-factors-by-sector_KCOG_country_MMRule.conf;"https://bitbucket.globaldevtools.bbva.com/bitbucket/projects/GL_L9CT_APP-ID-219787_DSG/repos/glgldh360gloqlt/browse/hammurabi/jobs/europa/l9ct-gl-hmm-qlt-emfactorsbysectormmrule-01.json?at=refs%2Ftags%2Fv18.4.1
https://bitbucket.globaldevtools.bbva.com/bitbucket/projects/GL_L9CT_APP-ID-219787_DSG/repos/glgldh360gloqlt/browse/hammurabi/jobs/america/l9ct-gl-hmm-qlt-emfactorsbysectormmrule-01.json?at=refs%2Ftags%2Fv18.4.1";t_l9ct_em_factors_by_sector;t_kcog_country;l9ct-gl-hmm-qlt-emfactorsbysectormmrule-01.json;"""18.4.1"""
L9CT_em-factors-eur-buildings_MRField.conf;"https://bitbucket.globaldevtools.bbva.com/bitbucket/projects/GL_L9CT_APP-ID-219787_DSG/repos/glgldh360gloqlt/browse/hammurabi/jobs/europa/l9ct-gl-hmm-qlt-emfactorseurbuildinmrfield-01.json?at=refs%2Ftags%2Fv18.4.1
https://bitbucket.globaldevtools.bbva.com/bitbucket/projects/GL_L9CT_APP-ID-219787_DSG/repos/glgldh360gloqlt/browse/hammurabi/jobs/america/l9ct-gl-hmm-qlt-emfactorseurbuildinmrfield-01.json?at=refs%2Ftags%2Fv18.4.1";t_l9ct_em_factors_eur_buildings;;l9ct-gl-hmm-qlt-emfactorseurbuildinmrfield-01.json;"""18.4.1"""
L9CT_em-factors-eur-buildings_MRObject.conf;"https://bitbucket.globaldevtools.bbva.com/bitbucket/projects/GL_L9CT_APP-ID-219787_DSG/repos/glgldh360gloqlt/browse/hammurabi/jobs/europa/l9ct-gl-hmm-qlt-emfactorseurbuildinmrobject-01.json?at=refs%2Ftags%2Fv18.4.1
https://bitbucket.globaldevtools.bbva.com/bitbucket/projects/GL_L9CT_APP-ID-219787_DSG/repos/glgldh360gloqlt/browse/hammurabi/jobs/america/l9ct-gl-hmm-qlt-emfactorseurbuildinmrobject-01.json?at=refs%2Ftags%2Fv18.4.1";t_l9ct_em_factors_eur_buildings;;l9ct-gl-hmm-qlt-emfactorseurbuildinmrobject-01.json;"""18.4.1"""
L9CT_em-factors-eur-buildings_KCOG_country_MMRule.conf;"https://bitbucket.globaldevtools.bbva.com/bitbucket/projects/GL_L9CT_APP-ID-219787_DSG/repos/glgldh360gloqlt/browse/hammurabi/jobs/europa/l9ct-gl-hmm-qlt-emfactorseurbuildinmmrule-01.json?at=refs%2Ftags%2Fv18.4.1
https://bitbucket.globaldevtools.bbva.com/bitbucket/projects/GL_L9CT_APP-ID-219787_DSG/repos/glgldh360gloqlt/browse/hammurabi/jobs/america/l9ct-gl-hmm-qlt-emfactorseurbuildinmmrule-01.json?at=refs%2Ftags%2Fv18.4.1";t_l9ct_em_factors_eur_buildings;t_kcog_country;l9ct-gl-hmm-qlt-emfactorseurbuildinmmrule-01.json;"""18.4.1"""
L9CT_em-factors-motor-ve_MRField.conf;"https://bitbucket.globaldevtools.bbva.com/bitbucket/projects/GL_L9CT_APP-ID-219787_DSG/repos/glgldh360gloqlt/browse/hammurabi/jobs/europa/l9ct-gl-hmm-qlt-emfactorsmotorvemrfield-01.json?at=refs%2Ftags%2Fv18.4.1
https://bitbucket.globaldevtools.bbva.com/bitbucket/projects/GL_L9CT_APP-ID-219787_DSG/repos/glgldh360gloqlt/browse/hammurabi/jobs/america/l9ct-gl-hmm-qlt-emfactorsmotorvemrfield-01.json?at=refs%2Ftags%2Fv18.4.1";t_l9ct_em_factors_motor_ve;;l9ct-gl-hmm-qlt-emfactorsmotorvemrfield-01.json;"""18.4.1"""
L9CT_em-factors-motor-ve_MRObject.conf;"https://bitbucket.globaldevtools.bbva.com/bitbucket/projects/GL_L9CT_APP-ID-219787_DSG/repos/glgldh360gloqlt/browse/hammurabi/jobs/europa/l9ct-gl-hmm-qlt-emfactorsmotorvemrobject-01.json?at=refs%2Ftags%2Fv18.4.1
https://bitbucket.globaldevtools.bbva.com/bitbucket/projects/GL_L9CT_APP-ID-219787_DSG/repos/glgldh360gloqlt/browse/hammurabi/jobs/america/l9ct-gl-hmm-qlt-emfactorsmotorvemrobject-01.json?at=refs%2Ftags%2Fv18.4.1";t_l9ct_em_factors_motor_ve;;l9ct-gl-hmm-qlt-emfactorsmotorvemrobject-01.json;"""18.4.1"""
L9CT_em-factors-motor-ve_KCOG_country_MMRule.conf;"https://bitbucket.globaldevtools.bbva.com/bitbucket/projects/GL_L9CT_APP-ID-219787_DSG/repos/glgldh360gloqlt/browse/hammurabi/jobs/europa/l9ct-gl-hmm-qlt-emfactorsmotorvemmrule-01.json?at=refs%2Ftags%2Fv18.4.1
https://bitbucket.globaldevtools.bbva.com/bitbucket/projects/GL_L9CT_APP-ID-219787_DSG/repos/glgldh360gloqlt/browse/hammurabi/jobs/america/l9ct-gl-hmm-qlt-emfactorsmotorvemmrule-01.json?at=refs%2Ftags%2Fv18.4.1";t_l9ct_em_factors_motor_ve;t_kcog_country;l9ct-gl-hmm-qlt-emfactorsmotorvemmrule-01.json;"""18.4.1"""
L9CT_esg-ext-data-comp-annl_MRField.conf;"https://bitbucket.globaldevtools.bbva.com/bitbucket/projects/GL_L9CT_APP-ID-219787_DSG/repos/glgldh360gloqlt/browse/hammurabi/jobs/europa/l9ct-gl-hmm-qlt-esgextdatacompannlmrfield-01.json?at=refs%2Ftags%2Fv18.4.1
https://bitbucket.globaldevtools.bbva.com/bitbucket/projects/GL_L9CT_APP-ID-219787_DSG/repos/glgldh360gloqlt/browse/hammurabi/jobs/america/l9ct-gl-hmm-qlt-esgextdatacompannlmrfield-01.json?at=refs%2Ftags%2Fv18.4.1";t_l9ct_esg_ext_data_comp_annl;;l9ct-gl-hmm-qlt-esgextdatacompannlmrfield-01.json;"""18.4.1"""
L9CT_esg-ext-data-comp-annl_MRObject.conf;"https://bitbucket.globaldevtools.bbva.com/bitbucket/projects/GL_L9CT_APP-ID-219787_DSG/repos/glgldh360gloqlt/browse/hammurabi/jobs/europa/l9ct-gl-hmm-qlt-esgextdatacompannlmrobject-01.json?at=refs%2Ftags%2Fv18.4.1
https://bitbucket.globaldevtools.bbva.com/bitbucket/projects/GL_L9CT_APP-ID-219787_DSG/repos/glgldh360gloqlt/browse/hammurabi/jobs/america/l9ct-gl-hmm-qlt-esgextdatacompannlmrobject-01.json?at=refs%2Ftags%2Fv18.4.1";t_l9ct_esg_ext_data_comp_annl;;l9ct-gl-hmm-qlt-esgextdatacompannlmrobject-01.json;"""18.4.1"""
L9CT_esg-ext-data-companies_MRField.conf;"https://bitbucket.globaldevtools.bbva.com/bitbucket/projects/GL_L9CT_APP-ID-219787_DSG/repos/glgldh360gloqlt/browse/hammurabi/jobs/europa/l9ct-gl-hmm-qlt-esgextdatacompaniesmrfield-01.json?at=refs%2Ftags%2Fv18.4.1
https://bitbucket.globaldevtools.bbva.com/bitbucket/projects/GL_L9CT_APP-ID-219787_DSG/repos/glgldh360gloqlt/browse/hammurabi/jobs/america/l9ct-gl-hmm-qlt-esgextdatacompaniesmrfield-01.json?at=refs%2Ftags%2Fv18.4.1";t_l9ct_esg_ext_data_companies;;l9ct-gl-hmm-qlt-esgextdatacompaniesmrfield-01.json;"""18.4.1"""
L9CT_esg-ext-data-companies_MRObject.conf;"https://bitbucket.globaldevtools.bbva.com/bitbucket/projects/GL_L9CT_APP-ID-219787_DSG/repos/glgldh360gloqlt/browse/hammurabi/jobs/europa/l9ct-gl-hmm-qlt-esgextdatacompaniesmrobject-01.json?at=refs%2Ftags%2Fv18.4.1
https://bitbucket.globaldevtools.bbva.com/bitbucket/projects/GL_L9CT_APP-ID-219787_DSG/repos/glgldh360gloqlt/browse/hammurabi/jobs/america/l9ct-gl-hmm-qlt-esgextdatacompaniesmrobject-01.json?at=refs%2Ftags%2Fv18.4.1";t_l9ct_esg_ext_data_companies;;l9ct-gl-hmm-qlt-esgextdatacompaniesmrobject-01.json;"""18.4.1"""
L9CT_esg-ext-data-companies_KCOG_country_MMRule.conf;"https://bitbucket.globaldevtools.bbva.com/bitbucket/projects/GL_L9CT_APP-ID-219787_DSG/repos/glgldh360gloqlt/browse/hammurabi/jobs/europa/l9ct-gl-hmm-qlt-esgextdatacompaniesmmrule-01.json?at=refs%2Ftags%2Fv18.4.1
https://bitbucket.globaldevtools.bbva.com/bitbucket/projects/GL_L9CT_APP-ID-219787_DSG/repos/glgldh360gloqlt/browse/hammurabi/jobs/america/l9ct-gl-hmm-qlt-esgextdatacompaniesmmrule-01.json?at=refs%2Ftags%2Fv18.4.1";t_l9ct_esg_ext_data_companies;t_kcog_country;l9ct-gl-hmm-qlt-esgextdatacompaniesmmrule-01.json;"""18.4.1"""
L9CT_esg-scores-industry-taxo_MRField.conf;"https://bitbucket.globaldevtools.bbva.com/bitbucket/projects/GL_L9CT_APP-ID-219787_DSG/repos/glgldh360gloqlt/browse/hammurabi/jobs/europa/l9ct-gl-hmm-qlt-esgscoresindustrytamrfield-01.json?at=refs%2Ftags%2Fv18.4.1
https://bitbucket.globaldevtools.bbva.com/bitbucket/projects/GL_L9CT_APP-ID-219787_DSG/repos/glgldh360gloqlt/browse/hammurabi/jobs/america/l9ct-gl-hmm-qlt-esgscoresindustrytamrfield-01.json?at=refs%2Ftags%2Fv18.4.1";t_l9ct_esg_scores_industry_taxo;;l9ct-gl-hmm-qlt-esgscoresindustrytamrfield-01.json;"""18.4.1"""
L9CT_esg-scores-industry-taxo_MRObject.conf;"https://bitbucket.globaldevtools.bbva.com/bitbucket/projects/GL_L9CT_APP-ID-219787_DSG/repos/glgldh360gloqlt/browse/hammurabi/jobs/europa/l9ct-gl-hmm-qlt-esgscoresindustrytamrobject-01.json?at=refs%2Ftags%2Fv18.4.1
https://bitbucket.globaldevtools.bbva.com/bitbucket/projects/GL_L9CT_APP-ID-219787_DSG/repos/glgldh360gloqlt/browse/hammurabi/jobs/america/l9ct-gl-hmm-qlt-esgscoresindustrytamrobject-01.json?at=refs%2Ftags%2Fv18.4.1";t_l9ct_esg_scores_industry_taxo;;l9ct-gl-hmm-qlt-esgscoresindustrytamrobject-01.json;"""18.4.1"""
L9CT_gp-cust-ext-data-comp_MRField.conf;"https://bitbucket.globaldevtools.bbva.com/bitbucket/projects/GL_L9CT_APP-ID-219787_DSG/repos/glgldh360gloqlt/browse/hammurabi/jobs/europa/l9ct-gl-hmm-qlt-gpcustextdatacompmrfield-01.json?at=refs%2Ftags%2Fv18.4.1
https://bitbucket.globaldevtools.bbva.com/bitbucket/projects/GL_L9CT_APP-ID-219787_DSG/repos/glgldh360gloqlt/browse/hammurabi/jobs/america/l9ct-gl-hmm-qlt-gpcustextdatacompmrfield-01.json?at=refs%2Ftags%2Fv18.4.1";t_l9ct_gp_cust_ext_data_comp;;l9ct-gl-hmm-qlt-gpcustextdatacompmrfield-01.json;"""18.4.1"""
L9CT_gp-cust-ext-data-comp_MRObject.conf;"https://bitbucket.globaldevtools.bbva.com/bitbucket/projects/GL_L9CT_APP-ID-219787_DSG/repos/glgldh360gloqlt/browse/hammurabi/jobs/europa/l9ct-gl-hmm-qlt-gpcustextdatacompmrobject-01.json?at=refs%2Ftags%2Fv18.4.1
https://bitbucket.globaldevtools.bbva.com/bitbucket/projects/GL_L9CT_APP-ID-219787_DSG/repos/glgldh360gloqlt/browse/hammurabi/jobs/america/l9ct-gl-hmm-qlt-gpcustextdatacompmrobject-01.json?at=refs%2Ftags%2Fv18.4.1";t_l9ct_gp_cust_ext_data_comp;;l9ct-gl-hmm-qlt-gpcustextdatacompmrobject-01.json;"""18.4.1"""
L9CT_gp-cust-ext-data-comp_L9CT_esg-ext-data-companies_MMRule.conf;"https://bitbucket.globaldevtools.bbva.com/bitbucket/projects/GL_L9CT_APP-ID-219787_DSG/repos/glgldh360gloqlt/browse/hammurabi/jobs/europa/l9ct-gl-hmm-qlt-gpcustextdatacompmmrule-01.json?at=refs%2Ftags%2Fv18.4.1
https://bitbucket.globaldevtools.bbva.com/bitbucket/projects/GL_L9CT_APP-ID-219787_DSG/repos/glgldh360gloqlt/browse/hammurabi/jobs/america/l9ct-gl-hmm-qlt-gpcustextdatacompmmrule-01.json?at=refs%2Ftags%2Fv18.4.1";t_l9ct_gp_cust_ext_data_comp;t_l9ct_esg_ext_data_companies;l9ct-gl-hmm-qlt-gpcustextdatacompmmrule-01.json;"""18.4.1"""
L9CT_gp-cust-ext-data-comp_KSAG_holding-business-group_MMRule.conf;"https://bitbucket.globaldevtools.bbva.com/bitbucket/projects/GL_L9CT_APP-ID-219787_DSG/repos/glgldh360gloqlt/browse/hammurabi/jobs/europa/l9ct-gl-hmm-qlt-gpcustextdatacompmmrule-02.json?at=refs%2Ftags%2Fv18.4.1
https://bitbucket.globaldevtools.bbva.com/bitbucket/projects/GL_L9CT_APP-ID-219787_DSG/repos/glgldh360gloqlt/browse/hammurabi/jobs/america/l9ct-gl-hmm-qlt-gpcustextdatacompmmrule-02.json?at=refs%2Ftags%2Fv18.4.1";t_l9ct_gp_cust_ext_data_comp;t_ksag_holding_business_group;l9ct-gl-hmm-qlt-gpcustextdatacompmmrule-02.json;"""18.4.1"""
L9CT_green-bonds-secty-flag_MRField.conf;"https://bitbucket.globaldevtools.bbva.com/bitbucket/projects/GL_L9CT_APP-ID-219787_DSG/repos/glgldh360gloqlt/browse/hammurabi/jobs/europa/l9ct-gl-hmm-qlt-greenbondssectyflagmrfield-01.json?at=refs%2Ftags%2Fv18.4.1
https://bitbucket.globaldevtools.bbva.com/bitbucket/projects/GL_L9CT_APP-ID-219787_DSG/repos/glgldh360gloqlt/browse/hammurabi/jobs/america/l9ct-gl-hmm-qlt-greenbondssectyflagmrfield-01.json?at=refs%2Ftags%2Fv18.4.1";t_l9ct_green_bonds_secty_flag;;l9ct-gl-hmm-qlt-greenbondssectyflagmrfield-01.json;"""18.4.1"""
L9CT_green-bonds-secty-flag_MRObject.conf;"https://bitbucket.globaldevtools.bbva.com/bitbucket/projects/GL_L9CT_APP-ID-219787_DSG/repos/glgldh360gloqlt/browse/hammurabi/jobs/europa/l9ct-gl-hmm-qlt-greenbondssectyflagmrobject-01.json?at=refs%2Ftags%2Fv18.4.1
https://bitbucket.globaldevtools.bbva.com/bitbucket/projects/GL_L9CT_APP-ID-219787_DSG/repos/glgldh360gloqlt/browse/hammurabi/jobs/america/l9ct-gl-hmm-qlt-greenbondssectyflagmrobject-01.json?at=refs%2Ftags%2Fv18.4.1";t_l9ct_green_bonds_secty_flag;;l9ct-gl-hmm-qlt-greenbondssectyflagmrobject-01.json;"""18.4.1"""
L9CT_grp-clnt-cmpny-crbn-data_MRField.conf;"https://bitbucket.globaldevtools.bbva.com/bitbucket/projects/GL_L9CT_APP-ID-219787_DSG/repos/glgldh360gloqlt/browse/hammurabi/jobs/europa/l9ct-gl-hmm-qlt-grpclntcmpnycrbndatmrfield-01.json?at=refs%2Ftags%2Fv18.4.1
https://bitbucket.globaldevtools.bbva.com/bitbucket/projects/GL_L9CT_APP-ID-219787_DSG/repos/glgldh360gloqlt/browse/hammurabi/jobs/america/l9ct-gl-hmm-qlt-grpclntcmpnycrbndatmrfield-01.json?at=refs%2Ftags%2Fv18.4.1";t_l9ct_grp_clnt_cmpny_crbn_data;;l9ct-gl-hmm-qlt-grpclntcmpnycrbndatmrfield-01.json;"""18.4.1"""
L9CT_grp-clnt-cmpny-crbn-data_MRObject.conf;"https://bitbucket.globaldevtools.bbva.com/bitbucket/projects/GL_L9CT_APP-ID-219787_DSG/repos/glgldh360gloqlt/browse/hammurabi/jobs/europa/l9ct-gl-hmm-qlt-grpclntcmpnycrbndatmrobject-01.json?at=refs%2Ftags%2Fv18.4.1
https://bitbucket.globaldevtools.bbva.com/bitbucket/projects/GL_L9CT_APP-ID-219787_DSG/repos/glgldh360gloqlt/browse/hammurabi/jobs/america/l9ct-gl-hmm-qlt-grpclntcmpnycrbndatmrobject-01.json?at=refs%2Ftags%2Fv18.4.1";t_l9ct_grp_clnt_cmpny_crbn_data;;l9ct-gl-hmm-qlt-grpclntcmpnycrbndatmrobject-01.json;"""18.4.1"""
L9CT_grp-clnt-cmpny-crbn-data_KSAG_holding-business-group_MMRule.conf;"https://bitbucket.globaldevtools.bbva.com/bitbucket/projects/GL_L9CT_APP-ID-219787_DSG/repos/glgldh360gloqlt/browse/hammurabi/jobs/europa/l9ct-gl-hmm-qlt-grpclntcmpnycrbndatmmrule-01.json?at=refs%2Ftags%2Fv18.4.1
https://bitbucket.globaldevtools.bbva.com/bitbucket/projects/GL_L9CT_APP-ID-219787_DSG/repos/glgldh360gloqlt/browse/hammurabi/jobs/america/l9ct-gl-hmm-qlt-grpclntcmpnycrbndatmmrule-01.json?at=refs%2Ftags%2Fv18.4.1";t_l9ct_grp_clnt_cmpny_crbn_data;t_ksag_holding_business_group;l9ct-gl-hmm-qlt-grpclntcmpnycrbndatmmrule-01.json;"""18.4.1"""
L9CT_grp-clnt-crbn-data-scp3_MRField.conf;"https://bitbucket.globaldevtools.bbva.com/bitbucket/projects/GL_L9CT_APP-ID-219787_DSG/repos/glgldh360gloqlt/browse/hammurabi/jobs/europa/l9ct-gl-hmm-qlt-grpclntcrbndatascp3mrfield-01.json?at=refs%2Ftags%2Fv18.4.1
https://bitbucket.globaldevtools.bbva.com/bitbucket/projects/GL_L9CT_APP-ID-219787_DSG/repos/glgldh360gloqlt/browse/hammurabi/jobs/america/l9ct-gl-hmm-qlt-grpclntcrbndatascp3mrfield-01.json?at=refs%2Ftags%2Fv18.4.1";t_l9ct_grp_clnt_crbn_data_scp3;;l9ct-gl-hmm-qlt-grpclntcrbndatascp3mrfield-01.json;"""18.4.1"""
L9CT_grp-clnt-crbn-data-scp3_MRObject.conf;"https://bitbucket.globaldevtools.bbva.com/bitbucket/projects/GL_L9CT_APP-ID-219787_DSG/repos/glgldh360gloqlt/browse/hammurabi/jobs/europa/l9ct-gl-hmm-qlt-grpclntcrbndatascp3mrobject-01.json?at=refs%2Ftags%2Fv18.4.1
https://bitbucket.globaldevtools.bbva.com/bitbucket/projects/GL_L9CT_APP-ID-219787_DSG/repos/glgldh360gloqlt/browse/hammurabi/jobs/america/l9ct-gl-hmm-qlt-grpclntcrbndatascp3mrobject-01.json?at=refs%2Ftags%2Fv18.4.1";t_l9ct_grp_clnt_crbn_data_scp3;;l9ct-gl-hmm-qlt-grpclntcrbndatascp3mrobject-01.json;"""18.4.1"""
L9CT_grp-clnt-crbn-data-scp3_KSAG_holding-business-group_MMRule.conf;"https://bitbucket.globaldevtools.bbva.com/bitbucket/projects/GL_L9CT_APP-ID-219787_DSG/repos/glgldh360gloqlt/browse/hammurabi/jobs/europa/l9ct-gl-hmm-qlt-grpclntcrbndatascp3mmrule-01.json?at=refs%2Ftags%2Fv18.4.1
https://bitbucket.globaldevtools.bbva.com/bitbucket/projects/GL_L9CT_APP-ID-219787_DSG/repos/glgldh360gloqlt/browse/hammurabi/jobs/america/l9ct-gl-hmm-qlt-grpclntcrbndatascp3mmrule-01.json?at=refs%2Ftags%2Fv18.4.1";t_l9ct_grp_clnt_crbn_data_scp3;t_ksag_holding_business_group;l9ct-gl-hmm-qlt-grpclntcrbndatascp3mmrule-01.json;"""18.4.1"""
L9CT_grp-cs-co-tx-align-sctr-r_MRField.conf;"https://bitbucket.globaldevtools.bbva.com/bitbucket/projects/GL_L9CT_APP-ID-219787_DSG/repos/glgldh360gloqlt/browse/hammurabi/jobs/europa/l9ct-gl-hmm-qlt-grpcscotxalignsctrrmrfield-01.json?at=refs%2Ftags%2Fv18.4.1
https://bitbucket.globaldevtools.bbva.com/bitbucket/projects/GL_L9CT_APP-ID-219787_DSG/repos/glgldh360gloqlt/browse/hammurabi/jobs/america/l9ct-gl-hmm-qlt-grpcscotxalignsctrrmrfield-01.json?at=refs%2Ftags%2Fv18.4.1";t_l9ct_grp_cs_co_tx_align_sctr_r;;l9ct-gl-hmm-qlt-grpcscotxalignsctrrmrfield-01.json;"""18.4.1"""
L9CT_grp-cs-co-tx-align-sctr-r_MRObject.conf;"https://bitbucket.globaldevtools.bbva.com/bitbucket/projects/GL_L9CT_APP-ID-219787_DSG/repos/glgldh360gloqlt/browse/hammurabi/jobs/europa/l9ct-gl-hmm-qlt-grpcscotxalignsctrrmrobject-01.json?at=refs%2Ftags%2Fv18.4.1
https://bitbucket.globaldevtools.bbva.com/bitbucket/projects/GL_L9CT_APP-ID-219787_DSG/repos/glgldh360gloqlt/browse/hammurabi/jobs/america/l9ct-gl-hmm-qlt-grpcscotxalignsctrrmrobject-01.json?at=refs%2Ftags%2Fv18.4.1";t_l9ct_grp_cs_co_tx_align_sctr_r;;l9ct-gl-hmm-qlt-grpcscotxalignsctrrmrobject-01.json;"""18.4.1"""
L9CT_grp-cs-co-tx-align-sctr-r_KSAG_holding-business-group_MMRule.conf;"https://bitbucket.globaldevtools.bbva.com/bitbucket/projects/GL_L9CT_APP-ID-219787_DSG/repos/glgldh360gloqlt/browse/hammurabi/jobs/europa/l9ct-gl-hmm-qlt-grpcscotxalignsctrrmmrule-01.json?at=refs%2Ftags%2Fv18.4.1
https://bitbucket.globaldevtools.bbva.com/bitbucket/projects/GL_L9CT_APP-ID-219787_DSG/repos/glgldh360gloqlt/browse/hammurabi/jobs/america/l9ct-gl-hmm-qlt-grpcscotxalignsctrrmmrule-01.json?at=refs%2Ftags%2Fv18.4.1";t_l9ct_grp_cs_co_tx_align_sctr_r;t_ksag_holding_business_group;l9ct-gl-hmm-qlt-grpcscotxalignsctrrmmrule-01.json;"""18.4.1"""
L9CT_grp-nclnt-cmpny-crbn-data_MRField.conf;"https://bitbucket.globaldevtools.bbva.com/bitbucket/projects/GL_L9CT_APP-ID-219787_DSG/repos/glgldh360gloqlt/browse/hammurabi/jobs/europa/l9ct-gl-hmm-qlt-grpnclntcmpnycrbndamrfield-01.json?at=refs%2Ftags%2Fv18.4.1
https://bitbucket.globaldevtools.bbva.com/bitbucket/projects/GL_L9CT_APP-ID-219787_DSG/repos/glgldh360gloqlt/browse/hammurabi/jobs/america/l9ct-gl-hmm-qlt-grpnclntcmpnycrbndamrfield-01.json?at=refs%2Ftags%2Fv18.4.1";t_l9ct_grp_nclnt_cmpny_crbn_data;;l9ct-gl-hmm-qlt-grpnclntcmpnycrbndamrfield-01.json;"""18.4.1"""
L9CT_grp-nclnt-cmpny-crbn-data_MRObject.conf;"https://bitbucket.globaldevtools.bbva.com/bitbucket/projects/GL_L9CT_APP-ID-219787_DSG/repos/glgldh360gloqlt/browse/hammurabi/jobs/europa/l9ct-gl-hmm-qlt-grpnclntcmpnycrbndamrobject-01.json?at=refs%2Ftags%2Fv18.4.1
https://bitbucket.globaldevtools.bbva.com/bitbucket/projects/GL_L9CT_APP-ID-219787_DSG/repos/glgldh360gloqlt/browse/hammurabi/jobs/america/l9ct-gl-hmm-qlt-grpnclntcmpnycrbndamrobject-01.json?at=refs%2Ftags%2Fv18.4.1";t_l9ct_grp_nclnt_cmpny_crbn_data;;l9ct-gl-hmm-qlt-grpnclntcmpnycrbndamrobject-01.json;"""18.4.1"""
L9CT_grp-nclnt-crbn-data-scp3_MRField.conf;"https://bitbucket.globaldevtools.bbva.com/bitbucket/projects/GL_L9CT_APP-ID-219787_DSG/repos/glgldh360gloqlt/browse/hammurabi/jobs/europa/l9ct-gl-hmm-qlt-grpnclntcrbndatascpmrfield-01.json?at=refs%2Ftags%2Fv18.4.1
https://bitbucket.globaldevtools.bbva.com/bitbucket/projects/GL_L9CT_APP-ID-219787_DSG/repos/glgldh360gloqlt/browse/hammurabi/jobs/america/l9ct-gl-hmm-qlt-grpnclntcrbndatascpmrfield-01.json?at=refs%2Ftags%2Fv18.4.1";t_l9ct_grp_nclnt_crbn_data_scp3;;l9ct-gl-hmm-qlt-grpnclntcrbndatascpmrfield-01.json;"""18.4.1"""
L9CT_grp-nclnt-crbn-data-scp3_MRObject.conf;"https://bitbucket.globaldevtools.bbva.com/bitbucket/projects/GL_L9CT_APP-ID-219787_DSG/repos/glgldh360gloqlt/browse/hammurabi/jobs/europa/l9ct-gl-hmm-qlt-grpnclntcrbndatascpmrobject-01.json?at=refs%2Ftags%2Fv18.4.1
https://bitbucket.globaldevtools.bbva.com/bitbucket/projects/GL_L9CT_APP-ID-219787_DSG/repos/glgldh360gloqlt/browse/hammurabi/jobs/america/l9ct-gl-hmm-qlt-grpnclntcrbndatascpmrobject-01.json?at=refs%2Ftags%2Fv18.4.1";t_l9ct_grp_nclnt_crbn_data_scp3;;l9ct-gl-hmm-qlt-grpnclntcrbndatascpmrobject-01.json;"""18.4.1"""
L9CT_grp-ncs-co-tx-alig-sctr-r_MRField.conf;"https://bitbucket.globaldevtools.bbva.com/bitbucket/projects/GL_L9CT_APP-ID-219787_DSG/repos/glgldh360gloqlt/browse/hammurabi/jobs/europa/l9ct-gl-hmm-qlt-grpncscotxaligsctrrmrfield-01.json?at=refs%2Ftags%2Fv18.4.1
https://bitbucket.globaldevtools.bbva.com/bitbucket/projects/GL_L9CT_APP-ID-219787_DSG/repos/glgldh360gloqlt/browse/hammurabi/jobs/america/l9ct-gl-hmm-qlt-grpncscotxaligsctrrmrfield-01.json?at=refs%2Ftags%2Fv18.4.1";t_l9ct_grp_ncs_co_tx_alig_sctr_r;;l9ct-gl-hmm-qlt-grpncscotxaligsctrrmrfield-01.json;"""18.4.1"""
L9CT_grp-ncs-co-tx-alig-sctr-r_MRObject.conf;"https://bitbucket.globaldevtools.bbva.com/bitbucket/projects/GL_L9CT_APP-ID-219787_DSG/repos/glgldh360gloqlt/browse/hammurabi/jobs/europa/l9ct-gl-hmm-qlt-grpncscotxaligsctrrmrobject-01.json?at=refs%2Ftags%2Fv18.4.1
https://bitbucket.globaldevtools.bbva.com/bitbucket/projects/GL_L9CT_APP-ID-219787_DSG/repos/glgldh360gloqlt/browse/hammurabi/jobs/america/l9ct-gl-hmm-qlt-grpncscotxaligsctrrmrobject-01.json?at=refs%2Ftags%2Fv18.4.1";t_l9ct_grp_ncs_co_tx_alig_sctr_r;;l9ct-gl-hmm-qlt-grpncscotxaligsctrrmrobject-01.json;"""18.4.1"""
L9CT_industry-agg-esg-scores_MRField.conf;"https://bitbucket.globaldevtools.bbva.com/bitbucket/projects/GL_L9CT_APP-ID-219787_DSG/repos/glgldh360gloqlt/browse/hammurabi/jobs/europa/l9ct-gl-hmm-qlt-industryaggesgscoremrfield-01.json?at=refs%2Ftags%2Fv18.4.1
https://bitbucket.globaldevtools.bbva.com/bitbucket/projects/GL_L9CT_APP-ID-219787_DSG/repos/glgldh360gloqlt/browse/hammurabi/jobs/america/l9ct-gl-hmm-qlt-industryaggesgscoremrfield-01.json?at=refs%2Ftags%2Fv18.4.1";t_l9ct_industry_agg_esg_scores;;l9ct-gl-hmm-qlt-industryaggesgscoremrfield-01.json;"""18.4.1"""
L9CT_industry-agg-esg-scores_MRObject.conf;"https://bitbucket.globaldevtools.bbva.com/bitbucket/projects/GL_L9CT_APP-ID-219787_DSG/repos/glgldh360gloqlt/browse/hammurabi/jobs/europa/l9ct-gl-hmm-qlt-industryaggesgscoremrobject-01.json?at=refs%2Ftags%2Fv18.4.1
https://bitbucket.globaldevtools.bbva.com/bitbucket/projects/GL_L9CT_APP-ID-219787_DSG/repos/glgldh360gloqlt/browse/hammurabi/jobs/america/l9ct-gl-hmm-qlt-industryaggesgscoremrobject-01.json?at=refs%2Ftags%2Fv18.4.1";t_l9ct_industry_agg_esg_scores;;l9ct-gl-hmm-qlt-industryaggesgscoremrobject-01.json;"""18.4.1"""
L9CT_inst-esg-scores-dimension_MRField.conf;"https://bitbucket.globaldevtools.bbva.com/bitbucket/projects/GL_L9CT_APP-ID-219787_DSG/repos/glgldh360gloqlt/browse/hammurabi/jobs/europa/l9ct-gl-hmm-qlt-instesgscoresdimensmrfield-01.json?at=refs%2Ftags%2Fv18.4.1
https://bitbucket.globaldevtools.bbva.com/bitbucket/projects/GL_L9CT_APP-ID-219787_DSG/repos/glgldh360gloqlt/browse/hammurabi/jobs/america/l9ct-gl-hmm-qlt-instesgscoresdimensmrfield-01.json?at=refs%2Ftags%2Fv18.4.1";t_l9ct_inst_esg_scores_dimension;;l9ct-gl-hmm-qlt-instesgscoresdimensmrfield-01.json;"""18.4.1"""
L9CT_inst-esg-scores-dimension_MRObject.conf;"https://bitbucket.globaldevtools.bbva.com/bitbucket/projects/GL_L9CT_APP-ID-219787_DSG/repos/glgldh360gloqlt/browse/hammurabi/jobs/europa/l9ct-gl-hmm-qlt-instesgscoresdimensmrobject-01.json?at=refs%2Ftags%2Fv18.4.1
https://bitbucket.globaldevtools.bbva.com/bitbucket/projects/GL_L9CT_APP-ID-219787_DSG/repos/glgldh360gloqlt/browse/hammurabi/jobs/america/l9ct-gl-hmm-qlt-instesgscoresdimensmrobject-01.json?at=refs%2Ftags%2Fv18.4.1";t_l9ct_inst_esg_scores_dimension;;l9ct-gl-hmm-qlt-instesgscoresdimensmrobject-01.json;"""18.4.1"""
L9CT_institutions-esg_MRField.conf;"https://bitbucket.globaldevtools.bbva.com/bitbucket/projects/GL_L9CT_APP-ID-219787_DSG/repos/glgldh360gloqlt/browse/hammurabi/jobs/europa/l9ct-gl-hmm-qlt-institutionsesgmrfield-01.json?at=refs%2Ftags%2Fv18.4.1
https://bitbucket.globaldevtools.bbva.com/bitbucket/projects/GL_L9CT_APP-ID-219787_DSG/repos/glgldh360gloqlt/browse/hammurabi/jobs/america/l9ct-gl-hmm-qlt-institutionsesgmrfield-01.json?at=refs%2Ftags%2Fv18.4.1";t_l9ct_institutions_esg;;l9ct-gl-hmm-qlt-institutionsesgmrfield-01.json;"""18.4.1"""
L9CT_institutions-esg_MRObject.conf;"https://bitbucket.globaldevtools.bbva.com/bitbucket/projects/GL_L9CT_APP-ID-219787_DSG/repos/glgldh360gloqlt/browse/hammurabi/jobs/europa/l9ct-gl-hmm-qlt-institutionsesgmrobject-01.json?at=refs%2Ftags%2Fv18.4.1
https://bitbucket.globaldevtools.bbva.com/bitbucket/projects/GL_L9CT_APP-ID-219787_DSG/repos/glgldh360gloqlt/browse/hammurabi/jobs/america/l9ct-gl-hmm-qlt-institutionsesgmrobject-01.json?at=refs%2Ftags%2Fv18.4.1";t_l9ct_institutions_esg;;l9ct-gl-hmm-qlt-institutionsesgmrobject-01.json;"""18.4.1"""
L9CT_institutions-esg_L9CT_insts-esg-scores-general_MMRule.conf;"https://bitbucket.globaldevtools.bbva.com/bitbucket/projects/GL_L9CT_APP-ID-219787_DSG/repos/glgldh360gloqlt/browse/hammurabi/jobs/europa/l9ct-gl-hmm-qlt-institutionsesgmmrule-01.json?at=refs%2Ftags%2Fv18.4.1
https://bitbucket.globaldevtools.bbva.com/bitbucket/projects/GL_L9CT_APP-ID-219787_DSG/repos/glgldh360gloqlt/browse/hammurabi/jobs/america/l9ct-gl-hmm-qlt-institutionsesgmmrule-01.json?at=refs%2Ftags%2Fv18.4.1";t_l9ct_institutions_esg;t_l9ct_insts_esg_scores_general;l9ct-gl-hmm-qlt-institutionsesgmmrule-01.json;"""18.4.1"""
L9CT_insts-esg-scores-cases_MRField.conf;"https://bitbucket.globaldevtools.bbva.com/bitbucket/projects/GL_L9CT_APP-ID-219787_DSG/repos/glgldh360gloqlt/browse/hammurabi/jobs/europa/l9ct-gl-hmm-qlt-instsesgscorescasesmrfield-01.json?at=refs%2Ftags%2Fv18.4.1
https://bitbucket.globaldevtools.bbva.com/bitbucket/projects/GL_L9CT_APP-ID-219787_DSG/repos/glgldh360gloqlt/browse/hammurabi/jobs/america/l9ct-gl-hmm-qlt-instsesgscorescasesmrfield-01.json?at=refs%2Ftags%2Fv18.4.1";t_l9ct_insts_esg_scores_cases;;l9ct-gl-hmm-qlt-instsesgscorescasesmrfield-01.json;"""18.4.1"""
L9CT_insts-esg-scores-cases_MRObject.conf;"https://bitbucket.globaldevtools.bbva.com/bitbucket/projects/GL_L9CT_APP-ID-219787_DSG/repos/glgldh360gloqlt/browse/hammurabi/jobs/europa/l9ct-gl-hmm-qlt-instsesgscorescasesmrobject-01.json?at=refs%2Ftags%2Fv18.4.1
https://bitbucket.globaldevtools.bbva.com/bitbucket/projects/GL_L9CT_APP-ID-219787_DSG/repos/glgldh360gloqlt/browse/hammurabi/jobs/america/l9ct-gl-hmm-qlt-instsesgscorescasesmrobject-01.json?at=refs%2Ftags%2Fv18.4.1";t_l9ct_insts_esg_scores_cases;;l9ct-gl-hmm-qlt-instsesgscorescasesmrobject-01.json;"""18.4.1"""
L9CT_insts-esg-scores-criteria_MRField.conf;"https://bitbucket.globaldevtools.bbva.com/bitbucket/projects/GL_L9CT_APP-ID-219787_DSG/repos/glgldh360gloqlt/browse/hammurabi/jobs/europa/l9ct-gl-hmm-qlt-instsesgscorescritemrfield-01.json?at=refs%2Ftags%2Fv18.4.1
https://bitbucket.globaldevtools.bbva.com/bitbucket/projects/GL_L9CT_APP-ID-219787_DSG/repos/glgldh360gloqlt/browse/hammurabi/jobs/america/l9ct-gl-hmm-qlt-instsesgscorescritemrfield-01.json?at=refs%2Ftags%2Fv18.4.1";t_l9ct_insts_esg_scores_criteria;;l9ct-gl-hmm-qlt-instsesgscorescritemrfield-01.json;"""18.4.1"""
L9CT_insts-esg-scores-criteria_MRObject.conf;"https://bitbucket.globaldevtools.bbva.com/bitbucket/projects/GL_L9CT_APP-ID-219787_DSG/repos/glgldh360gloqlt/browse/hammurabi/jobs/europa/l9ct-gl-hmm-qlt-instsesgscorescritemrobject-01.json?at=refs%2Ftags%2Fv18.4.1
https://bitbucket.globaldevtools.bbva.com/bitbucket/projects/GL_L9CT_APP-ID-219787_DSG/repos/glgldh360gloqlt/browse/hammurabi/jobs/america/l9ct-gl-hmm-qlt-instsesgscorescritemrobject-01.json?at=refs%2Ftags%2Fv18.4.1";t_l9ct_insts_esg_scores_criteria;;l9ct-gl-hmm-qlt-instsesgscorescritemrobject-01.json;"""18.4.1"""
L9CT_insts-esg-scores-criteria_L9CT_inst-esg-scores-dimension_MMRule.conf;"https://bitbucket.globaldevtools.bbva.com/bitbucket/projects/GL_L9CT_APP-ID-219787_DSG/repos/glgldh360gloqlt/browse/hammurabi/jobs/europa/l9ct-gl-hmm-qlt-instsesgscorescritemmrule-01.json?at=refs%2Ftags%2Fv18.4.1
https://bitbucket.globaldevtools.bbva.com/bitbucket/projects/GL_L9CT_APP-ID-219787_DSG/repos/glgldh360gloqlt/browse/hammurabi/jobs/america/l9ct-gl-hmm-qlt-instsesgscorescritemmrule-01.json?at=refs%2Ftags%2Fv18.4.1";t_l9ct_insts_esg_scores_criteria;t_l9ct_inst_esg_scores_dimension;l9ct-gl-hmm-qlt-instsesgscorescritemmrule-01.json;"""18.4.1"""
L9CT_insts-esg-scores-general_MRField.conf;"https://bitbucket.globaldevtools.bbva.com/bitbucket/projects/GL_L9CT_APP-ID-219787_DSG/repos/glgldh360gloqlt/browse/hammurabi/jobs/europa/l9ct-gl-hmm-qlt-instsesgscoresgenermrfield-01.json?at=refs%2Ftags%2Fv18.4.1
https://bitbucket.globaldevtools.bbva.com/bitbucket/projects/GL_L9CT_APP-ID-219787_DSG/repos/glgldh360gloqlt/browse/hammurabi/jobs/america/l9ct-gl-hmm-qlt-instsesgscoresgenermrfield-01.json?at=refs%2Ftags%2Fv18.4.1";t_l9ct_insts_esg_scores_general;;l9ct-gl-hmm-qlt-instsesgscoresgenermrfield-01.json;"""18.4.1"""
L9CT_insts-esg-scores-general_MRObject.conf;"https://bitbucket.globaldevtools.bbva.com/bitbucket/projects/GL_L9CT_APP-ID-219787_DSG/repos/glgldh360gloqlt/browse/hammurabi/jobs/europa/l9ct-gl-hmm-qlt-instsesgscoresgenermrobject-01.json?at=refs%2Ftags%2Fv18.4.1
https://bitbucket.globaldevtools.bbva.com/bitbucket/projects/GL_L9CT_APP-ID-219787_DSG/repos/glgldh360gloqlt/browse/hammurabi/jobs/america/l9ct-gl-hmm-qlt-instsesgscoresgenermrobject-01.json?at=refs%2Ftags%2Fv18.4.1";t_l9ct_insts_esg_scores_general;;l9ct-gl-hmm-qlt-instsesgscoresgenermrobject-01.json;"""18.4.1"""
L9CT_internal-prod-asset-rel_MRField.conf;"https://bitbucket.globaldevtools.bbva.com/bitbucket/projects/GL_L9CT_APP-ID-219787_DSG/repos/glgldh360gloqlt/browse/hammurabi/jobs/europa/l9ct-gl-hmm-qlt-internalprodassetremrfield-01.json?at=refs%2Ftags%2Fv18.4.1
https://bitbucket.globaldevtools.bbva.com/bitbucket/projects/GL_L9CT_APP-ID-219787_DSG/repos/glgldh360gloqlt/browse/hammurabi/jobs/america/l9ct-gl-hmm-qlt-internalprodassetremrfield-01.json?at=refs%2Ftags%2Fv18.4.1";t_l9ct_internal_prod_asset_rel;;l9ct-gl-hmm-qlt-internalprodassetremrfield-01.json;"""18.4.1"""
L9CT_prod-asset-co-relations_MRField.conf;"https://bitbucket.globaldevtools.bbva.com/bitbucket/projects/GL_L9CT_APP-ID-219787_DSG/repos/glgldh360gloqlt/browse/hammurabi/jobs/europa/l9ct-gl-hmm-qlt-prodassetcorelationmrfield-01.json?at=refs%2Ftags%2Fv18.4.1
https://bitbucket.globaldevtools.bbva.com/bitbucket/projects/GL_L9CT_APP-ID-219787_DSG/repos/glgldh360gloqlt/browse/hammurabi/jobs/america/l9ct-gl-hmm-qlt-prodassetcorelationmrfield-01.json?at=refs%2Ftags%2Fv18.4.1";t_l9ct_prod_asset_co_relations;;l9ct-gl-hmm-qlt-prodassetcorelationmrfield-01.json;"""18.4.1"""
L9CT_prod-asset-co-relations_MRObject.conf;"https://bitbucket.globaldevtools.bbva.com/bitbucket/projects/GL_L9CT_APP-ID-219787_DSG/repos/glgldh360gloqlt/browse/hammurabi/jobs/europa/l9ct-gl-hmm-qlt-prodassetcorelationmrobject-01.json?at=refs%2Ftags%2Fv18.4.1
https://bitbucket.globaldevtools.bbva.com/bitbucket/projects/GL_L9CT_APP-ID-219787_DSG/repos/glgldh360gloqlt/browse/hammurabi/jobs/america/l9ct-gl-hmm-qlt-prodassetcorelationmrobject-01.json?at=refs%2Ftags%2Fv18.4.1";t_l9ct_prod_asset_co_relations;;l9ct-gl-hmm-qlt-prodassetcorelationmrobject-01.json;"""18.4.1"""
L9CT_prod-assets-annual_MRField.conf;"https://bitbucket.globaldevtools.bbva.com/bitbucket/projects/GL_L9CT_APP-ID-219787_DSG/repos/glgldh360gloqlt/browse/hammurabi/jobs/europa/l9ct-gl-hmm-qlt-prodassetsannualmrfield-01.json?at=refs%2Ftags%2Fv18.4.1
https://bitbucket.globaldevtools.bbva.com/bitbucket/projects/GL_L9CT_APP-ID-219787_DSG/repos/glgldh360gloqlt/browse/hammurabi/jobs/america/l9ct-gl-hmm-qlt-prodassetsannualmrfield-01.json?at=refs%2Ftags%2Fv18.4.1";t_l9ct_prod_assets_annual;;l9ct-gl-hmm-qlt-prodassetsannualmrfield-01.json;"""18.4.1"""
L9CT_prod-assets-annual_MRObject.conf;"https://bitbucket.globaldevtools.bbva.com/bitbucket/projects/GL_L9CT_APP-ID-219787_DSG/repos/glgldh360gloqlt/browse/hammurabi/jobs/europa/l9ct-gl-hmm-qlt-prodassetsannualmrobject-01.json?at=refs%2Ftags%2Fv18.4.1
https://bitbucket.globaldevtools.bbva.com/bitbucket/projects/GL_L9CT_APP-ID-219787_DSG/repos/glgldh360gloqlt/browse/hammurabi/jobs/america/l9ct-gl-hmm-qlt-prodassetsannualmrobject-01.json?at=refs%2Ftags%2Fv18.4.1";t_l9ct_prod_assets_annual;;l9ct-gl-hmm-qlt-prodassetsannualmrobject-01.json;"""18.4.1"""
L9CT_prod-assets-annual_L9CT_production-assets_MMRule.conf;"https://bitbucket.globaldevtools.bbva.com/bitbucket/projects/GL_L9CT_APP-ID-219787_DSG/repos/glgldh360gloqlt/browse/hammurabi/jobs/europa/l9ct-gl-hmm-qlt-prodassetsannualmmrule-01.json?at=refs%2Ftags%2Fv18.4.1
https://bitbucket.globaldevtools.bbva.com/bitbucket/projects/GL_L9CT_APP-ID-219787_DSG/repos/glgldh360gloqlt/browse/hammurabi/jobs/america/l9ct-gl-hmm-qlt-prodassetsannualmmrule-01.json?at=refs%2Ftags%2Fv18.4.1";t_l9ct_prod_assets_annual;t_l9ct_production_assets;l9ct-gl-hmm-qlt-prodassetsannualmmrule-01.json;"""18.4.1"""
L9CT_prod-assets-oilgas_MRField.conf;"https://bitbucket.globaldevtools.bbva.com/bitbucket/projects/GL_L9CT_APP-ID-219787_DSG/repos/glgldh360gloqlt/browse/hammurabi/jobs/europa/l9ct-gl-hmm-qlt-prodassetsoilgasmrfield-01.json?at=refs%2Ftags%2Fv18.4.1
https://bitbucket.globaldevtools.bbva.com/bitbucket/projects/GL_L9CT_APP-ID-219787_DSG/repos/glgldh360gloqlt/browse/hammurabi/jobs/america/l9ct-gl-hmm-qlt-prodassetsoilgasmrfield-01.json?at=refs%2Ftags%2Fv18.4.1";t_l9ct_prod_assets_oilgas;;l9ct-gl-hmm-qlt-prodassetsoilgasmrfield-01.json;"""18.4.1"""
L9CT_prod-assets-oilgas_MRObject.conf;"https://bitbucket.globaldevtools.bbva.com/bitbucket/projects/GL_L9CT_APP-ID-219787_DSG/repos/glgldh360gloqlt/browse/hammurabi/jobs/europa/l9ct-gl-hmm-qlt-prodassetsoilgasmrobject-01.json?at=refs%2Ftags%2Fv18.4.1
https://bitbucket.globaldevtools.bbva.com/bitbucket/projects/GL_L9CT_APP-ID-219787_DSG/repos/glgldh360gloqlt/browse/hammurabi/jobs/america/l9ct-gl-hmm-qlt-prodassetsoilgasmrobject-01.json?at=refs%2Ftags%2Fv18.4.1";t_l9ct_prod_assets_oilgas;;l9ct-gl-hmm-qlt-prodassetsoilgasmrobject-01.json;"""18.4.1"""
L9CT_prod-assets-oilgas-annual_MRField.conf;"https://bitbucket.globaldevtools.bbva.com/bitbucket/projects/GL_L9CT_APP-ID-219787_DSG/repos/glgldh360gloqlt/browse/hammurabi/jobs/europa/l9ct-gl-hmm-qlt-prodassetsoilgasannmrfield-01.json?at=refs%2Ftags%2Fv18.4.1
https://bitbucket.globaldevtools.bbva.com/bitbucket/projects/GL_L9CT_APP-ID-219787_DSG/repos/glgldh360gloqlt/browse/hammurabi/jobs/america/l9ct-gl-hmm-qlt-prodassetsoilgasannmrfield-01.json?at=refs%2Ftags%2Fv18.4.1";t_l9ct_prod_assets_oilgas_annual;;l9ct-gl-hmm-qlt-prodassetsoilgasannmrfield-01.json;"""18.4.1"""
L9CT_prod-assets-oilgas-annual_MRObject.conf;"https://bitbucket.globaldevtools.bbva.com/bitbucket/projects/GL_L9CT_APP-ID-219787_DSG/repos/glgldh360gloqlt/browse/hammurabi/jobs/europa/l9ct-gl-hmm-qlt-prodassetsoilgasannmrobject-01.json?at=refs%2Ftags%2Fv18.4.1
https://bitbucket.globaldevtools.bbva.com/bitbucket/projects/GL_L9CT_APP-ID-219787_DSG/repos/glgldh360gloqlt/browse/hammurabi/jobs/america/l9ct-gl-hmm-qlt-prodassetsoilgasannmrobject-01.json?at=refs%2Ftags%2Fv18.4.1";t_l9ct_prod_assets_oilgas_annual;;l9ct-gl-hmm-qlt-prodassetsoilgasannmrobject-01.json;"""18.4.1"""
L9CT_prod-assets-subs-co_MRField.conf;"https://bitbucket.globaldevtools.bbva.com/bitbucket/projects/GL_L9CT_APP-ID-219787_DSG/repos/glgldh360gloqlt/browse/hammurabi/jobs/europa/l9ct-gl-hmm-qlt-prodassetssubscomrfield-01.json?at=refs%2Ftags%2Fv18.4.1
https://bitbucket.globaldevtools.bbva.com/bitbucket/projects/GL_L9CT_APP-ID-219787_DSG/repos/glgldh360gloqlt/browse/hammurabi/jobs/america/l9ct-gl-hmm-qlt-prodassetssubscomrfield-01.json?at=refs%2Ftags%2Fv18.4.1";t_l9ct_prod_assets_subs_co;;l9ct-gl-hmm-qlt-prodassetssubscomrfield-01.json;"""18.4.1"""
L9CT_production-assets_MRField.conf;"https://bitbucket.globaldevtools.bbva.com/bitbucket/projects/GL_L9CT_APP-ID-219787_DSG/repos/glgldh360gloqlt/browse/hammurabi/jobs/europa/l9ct-gl-hmm-qlt-productionassetsmrfield-01.json?at=refs%2Ftags%2Fv18.4.1
https://bitbucket.globaldevtools.bbva.com/bitbucket/projects/GL_L9CT_APP-ID-219787_DSG/repos/glgldh360gloqlt/browse/hammurabi/jobs/america/l9ct-gl-hmm-qlt-productionassetsmrfield-01.json?at=refs%2Ftags%2Fv18.4.1";t_l9ct_production_assets;;l9ct-gl-hmm-qlt-productionassetsmrfield-01.json;"""18.4.1"""
L9CT_production-assets_MRObject.conf;"https://bitbucket.globaldevtools.bbva.com/bitbucket/projects/GL_L9CT_APP-ID-219787_DSG/repos/glgldh360gloqlt/browse/hammurabi/jobs/europa/l9ct-gl-hmm-qlt-productionassetsmrobject-01.json?at=refs%2Ftags%2Fv18.4.1
https://bitbucket.globaldevtools.bbva.com/bitbucket/projects/GL_L9CT_APP-ID-219787_DSG/repos/glgldh360gloqlt/browse/hammurabi/jobs/america/l9ct-gl-hmm-qlt-productionassetsmrobject-01.json?at=refs%2Ftags%2Fv18.4.1";t_l9ct_production_assets;;l9ct-gl-hmm-qlt-productionassetsmrobject-01.json;"""18.4.1"""
L9CT_reglty-metric-kpi-taxo-ue_MRField.conf;"https://bitbucket.globaldevtools.bbva.com/bitbucket/projects/GL_L9CT_APP-ID-219787_DSG/repos/glgldh360gloqlt/browse/hammurabi/jobs/europa/l9ct-gl-hmm-qlt-regltymetrickpitaxomrfield-01.json?at=refs%2Ftags%2Fv18.4.1
https://bitbucket.globaldevtools.bbva.com/bitbucket/projects/GL_L9CT_APP-ID-219787_DSG/repos/glgldh360gloqlt/browse/hammurabi/jobs/america/l9ct-gl-hmm-qlt-regltymetrickpitaxomrfield-01.json?at=refs%2Ftags%2Fv18.4.1";t_l9ct_reglty_metric_kpi_taxo_ue;;l9ct-gl-hmm-qlt-regltymetrickpitaxomrfield-01.json;"""18.4.1"""
L9CT_reglty-metric-kpi-taxo-ue_L9CT_esg-ext-data-companies_MMRule.conf;"https://bitbucket.globaldevtools.bbva.com/bitbucket/projects/GL_L9CT_APP-ID-219787_DSG/repos/glgldh360gloqlt/browse/hammurabi/jobs/europa/l9ct-gl-hmm-qlt-regltymetrickpitaxommrule-01.json?at=refs%2Ftags%2Fv18.4.1
https://bitbucket.globaldevtools.bbva.com/bitbucket/projects/GL_L9CT_APP-ID-219787_DSG/repos/glgldh360gloqlt/browse/hammurabi/jobs/america/l9ct-gl-hmm-qlt-regltymetrickpitaxommrule-01.json?at=refs%2Ftags%2Fv18.4.1";t_l9ct_reglty_metric_kpi_taxo_ue;t_l9ct_esg_ext_data_companies;l9ct-gl-hmm-qlt-regltymetrickpitaxommrule-01.json;"""18.4.1"""
L9CT_regulatory-metric_MRField.conf;"https://bitbucket.globaldevtools.bbva.com/bitbucket/projects/GL_L9CT_APP-ID-219787_DSG/repos/glgldh360gloqlt/browse/hammurabi/jobs/europa/l9ct-gl-hmm-qlt-regulatorymetricmrfield-01.json?at=refs%2Ftags%2Fv18.4.1
https://bitbucket.globaldevtools.bbva.com/bitbucket/projects/GL_L9CT_APP-ID-219787_DSG/repos/glgldh360gloqlt/browse/hammurabi/jobs/america/l9ct-gl-hmm-qlt-regulatorymetricmrfield-01.json?at=refs%2Ftags%2Fv18.4.1";t_l9ct_regulatory_metric;;l9ct-gl-hmm-qlt-regulatorymetricmrfield-01.json;"""18.4.1"""
L9CT_regulatory-metric_L9CT_esg-ext-data-companies_MMRule.conf;"https://bitbucket.globaldevtools.bbva.com/bitbucket/projects/GL_L9CT_APP-ID-219787_DSG/repos/glgldh360gloqlt/browse/hammurabi/jobs/europa/l9ct-gl-hmm-qlt-regulatorymetricmmrule-01.json?at=refs%2Ftags%2Fv18.4.1
https://bitbucket.globaldevtools.bbva.com/bitbucket/projects/GL_L9CT_APP-ID-219787_DSG/repos/glgldh360gloqlt/browse/hammurabi/jobs/america/l9ct-gl-hmm-qlt-regulatorymetricmmrule-01.json?at=refs%2Ftags%2Fv18.4.1";t_l9ct_regulatory_metric;t_l9ct_esg_ext_data_companies;l9ct-gl-hmm-qlt-regulatorymetricmmrule-01.json;"""18.4.1"""
L9CT_regulatory-metric-year_MRField.conf;"https://bitbucket.globaldevtools.bbva.com/bitbucket/projects/GL_L9CT_APP-ID-219787_DSG/repos/glgldh360gloqlt/browse/hammurabi/jobs/europa/l9ct-gl-hmm-qlt-regulatorymetricyeamrfield-01.json?at=refs%2Ftags%2Fv18.4.1
https://bitbucket.globaldevtools.bbva.com/bitbucket/projects/GL_L9CT_APP-ID-219787_DSG/repos/glgldh360gloqlt/browse/hammurabi/jobs/america/l9ct-gl-hmm-qlt-regulatorymetricyeamrfield-01.json?at=refs%2Ftags%2Fv18.4.1";t_l9ct_regulatory_metric_year;;l9ct-gl-hmm-qlt-regulatorymetricyeamrfield-01.json;"""18.4.1"""
L9CT_regulatory-metric-year_L9CT_esg-ext-data-companies_MMRule.conf;"https://bitbucket.globaldevtools.bbva.com/bitbucket/projects/GL_L9CT_APP-ID-219787_DSG/repos/glgldh360gloqlt/browse/hammurabi/jobs/europa/l9ct-gl-hmm-qlt-regulatorymetricyeammrule-01.json?at=refs%2Ftags%2Fv18.4.1
https://bitbucket.globaldevtools.bbva.com/bitbucket/projects/GL_L9CT_APP-ID-219787_DSG/repos/glgldh360gloqlt/browse/hammurabi/jobs/america/l9ct-gl-hmm-qlt-regulatorymetricyeammrule-01.json?at=refs%2Ftags%2Fv18.4.1";t_l9ct_regulatory_metric_year;t_l9ct_esg_ext_data_companies;l9ct-gl-hmm-qlt-regulatorymetricyeammrule-01.json;"""18.4.1"""
L9CT_security-titles-metric_MRField.conf;"https://bitbucket.globaldevtools.bbva.com/bitbucket/projects/GL_L9CT_APP-ID-219787_DSG/repos/glgldh360gloqlt/browse/hammurabi/jobs/europa/l9ct-gl-hmm-qlt-securitytitlesmetrimrfield-01.json?at=refs%2Ftags%2Fv18.4.1
https://bitbucket.globaldevtools.bbva.com/bitbucket/projects/GL_L9CT_APP-ID-219787_DSG/repos/glgldh360gloqlt/browse/hammurabi/jobs/america/l9ct-gl-hmm-qlt-securitytitlesmetrimrfield-01.json?at=refs%2Ftags%2Fv18.4.1";t_l9ct_security_titles_metric;;l9ct-gl-hmm-qlt-securitytitlesmetrimrfield-01.json;"""18.4.1"""
L9CT_sust-comp-scores_MRField.conf;"https://bitbucket.globaldevtools.bbva.com/bitbucket/projects/GL_L9CT_APP-ID-219787_DSG/repos/glgldh360gloqlt/browse/hammurabi/jobs/europa/l9ct-gl-hmm-qlt-sustcompscoresmrfield-01.json?at=refs%2Ftags%2Fv18.4.1
https://bitbucket.globaldevtools.bbva.com/bitbucket/projects/GL_L9CT_APP-ID-219787_DSG/repos/glgldh360gloqlt/browse/hammurabi/jobs/america/l9ct-gl-hmm-qlt-sustcompscoresmrfield-01.json?at=refs%2Ftags%2Fv18.4.1";t_l9ct_sust_comp_scores;;l9ct-gl-hmm-qlt-sustcompscoresmrfield-01.json;"""18.4.1"""
L9CT_sust-comp-scores_MRObject.conf;"https://bitbucket.globaldevtools.bbva.com/bitbucket/projects/GL_L9CT_APP-ID-219787_DSG/repos/glgldh360gloqlt/browse/hammurabi/jobs/europa/l9ct-gl-hmm-qlt-sustcompscoresmrobject-01.json?at=refs%2Ftags%2Fv18.4.1
https://bitbucket.globaldevtools.bbva.com/bitbucket/projects/GL_L9CT_APP-ID-219787_DSG/repos/glgldh360gloqlt/browse/hammurabi/jobs/america/l9ct-gl-hmm-qlt-sustcompscoresmrobject-01.json?at=refs%2Ftags%2Fv18.4.1";t_l9ct_sust_comp_scores;;l9ct-gl-hmm-qlt-sustcompscoresmrobject-01.json;"""18.4.1"""
L9CT_sust-sinds-scores_MRField.conf;"https://bitbucket.globaldevtools.bbva.com/bitbucket/projects/GL_L9CT_APP-ID-219787_DSG/repos/glgldh360gloqlt/browse/hammurabi/jobs/europa/l9ct-gl-hmm-qlt-sustsindsscoresmrfield-01.json?at=refs%2Ftags%2Fv18.4.1
https://bitbucket.globaldevtools.bbva.com/bitbucket/projects/GL_L9CT_APP-ID-219787_DSG/repos/glgldh360gloqlt/browse/hammurabi/jobs/america/l9ct-gl-hmm-qlt-sustsindsscoresmrfield-01.json?at=refs%2Ftags%2Fv18.4.1";t_l9ct_sust_sinds_scores;;l9ct-gl-hmm-qlt-sustsindsscoresmrfield-01.json;"""18.4.1"""
L9CT_sust-sinds-scores_MRObject.conf;"https://bitbucket.globaldevtools.bbva.com/bitbucket/projects/GL_L9CT_APP-ID-219787_DSG/repos/glgldh360gloqlt/browse/hammurabi/jobs/europa/l9ct-gl-hmm-qlt-sustsindsscoresmrobject-01.json?at=refs%2Ftags%2Fv18.4.1
https://bitbucket.globaldevtools.bbva.com/bitbucket/projects/GL_L9CT_APP-ID-219787_DSG/repos/glgldh360gloqlt/browse/hammurabi/jobs/america/l9ct-gl-hmm-qlt-sustsindsscoresmrobject-01.json?at=refs%2Ftags%2Fv18.4.1";t_l9ct_sust_sinds_scores;;l9ct-gl-hmm-qlt-sustsindsscoresmrobject-01.json;"""18.4.1"""
t_l9sv_digital_marketing_costs-qlm-MRField.conf;"https://bbva.ghe.com/platform/gl-cs-360-gdh-qlt-l9sv/blob/19.0.2/hammurabi/jobs/europa/l9sv-gl-hmm-qlt-digitalmarketingcosmrfield-01.json
https://bbva.ghe.com/platform/gl-cs-360-gdh-qlt-l9sv/blob/19.0.2/hammurabi/jobs/america-ada/l9sv-gl-hmm-qlt-digitalmarketingcosmrfield-01.json";t_l9sv_digital_marketing_costs;;l9sv-gl-hmm-qlt-digitalmarketingcosmrfield-01.json;"""19.0.2"""
MSX9_loans-calc-balances_MRField.conf;"https://bitbucket.globaldevtools.bbva.com/bitbucket/projects/GL_MSX9_APP-ID-169023_DSG/repos/glgldh360gloqlt/browse/hammurabi/jobs/europa/msx9-gl-hmm-qlt-loanscalcbalancesmrfield-01.json?at=refs%2Ftags%2Fv18.3.6
https://bitbucket.globaldevtools.bbva.com/bitbucket/projects/GL_MSX9_APP-ID-169023_DSG/repos/glgldh360gloqlt/browse/hammurabi/jobs/america/msx9-gl-hmm-qlt-loanscalcbalancesmrfield-01.json?at=refs%2Ftags%2Fv18.3.6";t_msx9_loans_calc_balances;;msx9-gl-hmm-qlt-loanscalcbalancesmrfield-01.json;"""18.3.6"""
MSX9_loans-calc-balances_KCOG_currency_MMRule.conf;"https://bitbucket.globaldevtools.bbva.com/bitbucket/projects/GL_MSX9_APP-ID-169023_DSG/repos/glgldh360gloqlt/browse/hammurabi/jobs/europa/msx9-gl-hmm-qlt-loanscalcbalancesmmrule-01.json?at=refs%2Ftags%2Fv18.3.6
https://bitbucket.globaldevtools.bbva.com/bitbucket/projects/GL_MSX9_APP-ID-169023_DSG/repos/glgldh360gloqlt/browse/hammurabi/jobs/america/msx9-gl-hmm-qlt-loanscalcbalancesmmrule-01.json?at=refs%2Ftags%2Fv18.3.6";t_msx9_loans_calc_balances;t_kcog_currency;msx9-gl-hmm-qlt-loanscalcbalancesmmrule-01.json;"""18.3.6"""
NM7R_lead_MRField.conf;"https://bitbucket.globaldevtools.bbva.com/bitbucket/projects/GL_NM7R_APP-ID-76889_DSG/repos/glgldh360gloqlt/browse/hammurabi/jobs/europa/nm7r-gl-hmm-qlt-leadmrfield-01.json?at=refs%2Ftags%2Fv18.3.3
https://bitbucket.globaldevtools.bbva.com/bitbucket/projects/GL_NM7R_APP-ID-76889_DSG/repos/glgldh360gloqlt/browse/hammurabi/jobs/america/nm7r-gl-hmm-qlt-leadmrfield-01.json?at=refs%2Ftags%2Fv18.3.3";t_nm7r_lead;;nm7r-gl-hmm-qlt-leadmrfield-01.json;"""18.3.3"""
NM7R_lead_MRObject.conf;"https://bitbucket.globaldevtools.bbva.com/bitbucket/projects/GL_NM7R_APP-ID-76889_DSG/repos/glgldh360gloqlt/browse/hammurabi/jobs/europa/nm7r-gl-hmm-qlt-leadmrobject-01.json?at=refs%2Ftags%2Fv18.3.3
https://bitbucket.globaldevtools.bbva.com/bitbucket/projects/GL_NM7R_APP-ID-76889_DSG/repos/glgldh360gloqlt/browse/hammurabi/jobs/america/nm7r-gl-hmm-qlt-leadmrobject-01.json?at=refs%2Ftags%2Fv18.3.3";t_nm7r_lead;;nm7r-gl-hmm-qlt-leadmrobject-01.json;"""18.3.3"""
NM7R_lead_KCOG_entity_MMRule.conf;"https://bitbucket.globaldevtools.bbva.com/bitbucket/projects/GL_NM7R_APP-ID-76889_DSG/repos/glgldh360gloqlt/browse/hammurabi/jobs/europa/nm7r-gl-hmm-qlt-leadmmrule-01.json?at=refs%2Ftags%2Fv18.3.3
https://bitbucket.globaldevtools.bbva.com/bitbucket/projects/GL_NM7R_APP-ID-76889_DSG/repos/glgldh360gloqlt/browse/hammurabi/jobs/america/nm7r-gl-hmm-qlt-leadmmrule-01.json?at=refs%2Ftags%2Fv18.3.3";t_nm7r_lead;t_kcog_entity;nm7r-gl-hmm-qlt-leadmmrule-01.json;"""18.3.3"""
NM7R_lead_KCOG_country_MMRule.conf;"https://bitbucket.globaldevtools.bbva.com/bitbucket/projects/GL_NM7R_APP-ID-76889_DSG/repos/glgldh360gloqlt/browse/hammurabi/jobs/europa/nm7r-gl-hmm-qlt-leadmmrule-02.json?at=refs%2Ftags%2Fv18.3.3
https://bitbucket.globaldevtools.bbva.com/bitbucket/projects/GL_NM7R_APP-ID-76889_DSG/repos/glgldh360gloqlt/browse/hammurabi/jobs/america/nm7r-gl-hmm-qlt-leadmmrule-02.json?at=refs%2Ftags%2Fv18.3.3";t_nm7r_lead;t_kcog_country;nm7r-gl-hmm-qlt-leadmmrule-02.json;"""18.3.3"""
NM7R_lead_KCOG_branch_MMRule.conf;"https://bitbucket.globaldevtools.bbva.com/bitbucket/projects/GL_NM7R_APP-ID-76889_DSG/repos/glgldh360gloqlt/browse/hammurabi/jobs/europa/nm7r-gl-hmm-qlt-leadmmrule-03.json?at=refs%2Ftags%2Fv18.3.3
https://bitbucket.globaldevtools.bbva.com/bitbucket/projects/GL_NM7R_APP-ID-76889_DSG/repos/glgldh360gloqlt/browse/hammurabi/jobs/america/nm7r-gl-hmm-qlt-leadmmrule-03.json?at=refs%2Ftags%2Fv18.3.3";t_nm7r_lead;t_kcog_branch;nm7r-gl-hmm-qlt-leadmmrule-03.json;"""18.3.3"""
NM7R_lead_KBTQ_role-person_MMRule.conf;"https://bitbucket.globaldevtools.bbva.com/bitbucket/projects/GL_NM7R_APP-ID-76889_DSG/repos/glgldh360gloqlt/browse/hammurabi/jobs/europa/nm7r-gl-hmm-qlt-leadmmrule-04.json?at=refs%2Ftags%2Fv18.3.3
https://bitbucket.globaldevtools.bbva.com/bitbucket/projects/GL_NM7R_APP-ID-76889_DSG/repos/glgldh360gloqlt/browse/hammurabi/jobs/america/nm7r-gl-hmm-qlt-leadmmrule-04.json?at=refs%2Ftags%2Fv18.3.3";t_nm7r_lead;t_kbtq_role_person;nm7r-gl-hmm-qlt-leadmmrule-04.json;"""18.3.3"""
NOLS_assets-und-mgmt-isin-lvl_MRField.conf;"https://bitbucket.globaldevtools.bbva.com/bitbucket/projects/GL_NOLS_APP-ID-820326_DSG/repos/glgldh360gloqlt/browse/hammurabi/jobs/europa/nols-gl-hmm-qlt-assetsundmgmtisinlvmrfield-01.json?at=refs%2Ftags%2Fv18.3.6
https://bitbucket.globaldevtools.bbva.com/bitbucket/projects/GL_NOLS_APP-ID-820326_DSG/repos/glgldh360gloqlt/browse/hammurabi/jobs/america/nols-gl-hmm-qlt-assetsundmgmtisinlvmrfield-01.json?at=refs%2Ftags%2Fv18.3.6";t_nols_assets_und_mgmt_isin_lvl;;nols-gl-hmm-qlt-assetsundmgmtisinlvmrfield-01.json;"""18.3.6"""
NOLS_assets-und-mgmt-isin-lvl_MRObject.conf;"https://bitbucket.globaldevtools.bbva.com/bitbucket/projects/GL_NOLS_APP-ID-820326_DSG/repos/glgldh360gloqlt/browse/hammurabi/jobs/europa/nols-gl-hmm-qlt-assetsundmgmtisinlvmrobject-01.json?at=refs%2Ftags%2Fv18.3.6
https://bitbucket.globaldevtools.bbva.com/bitbucket/projects/GL_NOLS_APP-ID-820326_DSG/repos/glgldh360gloqlt/browse/hammurabi/jobs/america/nols-gl-hmm-qlt-assetsundmgmtisinlvmrobject-01.json?at=refs%2Ftags%2Fv18.3.6";t_nols_assets_und_mgmt_isin_lvl;;nols-gl-hmm-qlt-assetsundmgmtisinlvmrobject-01.json;"""18.3.6"""
NOLS_commerc-external-funds_MRField.conf;"https://bitbucket.globaldevtools.bbva.com/bitbucket/projects/GL_NOLS_APP-ID-820326_DSG/repos/glgldh360gloqlt/browse/hammurabi/jobs/europa/nols-gl-hmm-qlt-commercexternalfundmrfield-01.json?at=refs%2Ftags%2Fv18.3.6
https://bitbucket.globaldevtools.bbva.com/bitbucket/projects/GL_NOLS_APP-ID-820326_DSG/repos/glgldh360gloqlt/browse/hammurabi/jobs/america/nols-gl-hmm-qlt-commercexternalfundmrfield-01.json?at=refs%2Ftags%2Fv18.3.6";t_nols_commerc_external_funds;;nols-gl-hmm-qlt-commercexternalfundmrfield-01.json;"""18.3.6"""
NOLS_commerc-external-funds_NOLS_external-funds_MMRule.conf;"https://bitbucket.globaldevtools.bbva.com/bitbucket/projects/GL_NOLS_APP-ID-820326_DSG/repos/glgldh360gloqlt/browse/hammurabi/jobs/europa/nols-gl-hmm-qlt-commercexternalfundmmrule-01.json?at=refs%2Ftags%2Fv18.3.6
https://bitbucket.globaldevtools.bbva.com/bitbucket/projects/GL_NOLS_APP-ID-820326_DSG/repos/glgldh360gloqlt/browse/hammurabi/jobs/america/nols-gl-hmm-qlt-commercexternalfundmmrule-01.json?at=refs%2Ftags%2Fv18.3.6";t_nols_commerc_external_funds;t_nols_external_funds;nols-gl-hmm-qlt-commercexternalfundmmrule-01.json;"""18.3.6"""
NOLS_external-funds_MRField.conf;"https://bitbucket.globaldevtools.bbva.com/bitbucket/projects/GL_NOLS_APP-ID-820326_DSG/repos/glgldh360gloqlt/browse/hammurabi/jobs/europa/nols-gl-hmm-qlt-externalfundsmrfield-01.json?at=refs%2Ftags%2Fv18.3.6
https://bitbucket.globaldevtools.bbva.com/bitbucket/projects/GL_NOLS_APP-ID-820326_DSG/repos/glgldh360gloqlt/browse/hammurabi/jobs/america/nols-gl-hmm-qlt-externalfundsmrfield-01.json?at=refs%2Ftags%2Fv18.3.6";t_nols_external_funds;;nols-gl-hmm-qlt-externalfundsmrfield-01.json;"""18.3.6"""
NOLS_external-funds_MRObject.conf;"https://bitbucket.globaldevtools.bbva.com/bitbucket/projects/GL_NOLS_APP-ID-820326_DSG/repos/glgldh360gloqlt/browse/hammurabi/jobs/europa/nols-gl-hmm-qlt-externalfundsmrobject-01.json?at=refs%2Ftags%2Fv18.3.6
https://bitbucket.globaldevtools.bbva.com/bitbucket/projects/GL_NOLS_APP-ID-820326_DSG/repos/glgldh360gloqlt/browse/hammurabi/jobs/america/nols-gl-hmm-qlt-externalfundsmrobject-01.json?at=refs%2Ftags%2Fv18.3.6";t_nols_external_funds;;nols-gl-hmm-qlt-externalfundsmrobject-01.json;"""18.3.6"""
NOLS_external-funds-equity_MRField.conf;"https://bitbucket.globaldevtools.bbva.com/bitbucket/projects/GL_NOLS_APP-ID-820326_DSG/repos/glgldh360gloqlt/browse/hammurabi/jobs/europa/nols-gl-hmm-qlt-externalfundsequitymrfield-01.json?at=refs%2Ftags%2Fv18.3.6
https://bitbucket.globaldevtools.bbva.com/bitbucket/projects/GL_NOLS_APP-ID-820326_DSG/repos/glgldh360gloqlt/browse/hammurabi/jobs/america/nols-gl-hmm-qlt-externalfundsequitymrfield-01.json?at=refs%2Ftags%2Fv18.3.6";t_nols_external_funds_equity;;nols-gl-hmm-qlt-externalfundsequitymrfield-01.json;"""18.3.6"""
NOLS_external-funds-equity_MRObject.conf;"https://bitbucket.globaldevtools.bbva.com/bitbucket/projects/GL_NOLS_APP-ID-820326_DSG/repos/glgldh360gloqlt/browse/hammurabi/jobs/europa/nols-gl-hmm-qlt-externalfundsequitymrobject-01.json?at=refs%2Ftags%2Fv18.3.6
https://bitbucket.globaldevtools.bbva.com/bitbucket/projects/GL_NOLS_APP-ID-820326_DSG/repos/glgldh360gloqlt/browse/hammurabi/jobs/america/nols-gl-hmm-qlt-externalfundsequitymrobject-01.json?at=refs%2Ftags%2Fv18.3.6";t_nols_external_funds_equity;;nols-gl-hmm-qlt-externalfundsequitymrobject-01.json;"""18.3.6"""
NOLS_external-funds-equity_NOLS_external-funds_MMRule.conf;"https://bitbucket.globaldevtools.bbva.com/bitbucket/projects/GL_NOLS_APP-ID-820326_DSG/repos/glgldh360gloqlt/browse/hammurabi/jobs/europa/nols-gl-hmm-qlt-externalfundsequitymmrule-01.json?at=refs%2Ftags%2Fv18.3.6
https://bitbucket.globaldevtools.bbva.com/bitbucket/projects/GL_NOLS_APP-ID-820326_DSG/repos/glgldh360gloqlt/browse/hammurabi/jobs/america/nols-gl-hmm-qlt-externalfundsequitymmrule-01.json?at=refs%2Ftags%2Fv18.3.6";t_nols_external_funds_equity;t_nols_external_funds;nols-gl-hmm-qlt-externalfundsequitymmrule-01.json;"""18.3.6"""
NOLS_fina-asset-mngmt-fund_MRField.conf;"https://bitbucket.globaldevtools.bbva.com/bitbucket/projects/GL_NOLS_APP-ID-820326_DSG/repos/glgldh360gloqlt/browse/hammurabi/jobs/europa/nols-gl-hmm-qlt-finaassetmngmtfundmrfield-01.json?at=refs%2Ftags%2Fv18.3.6
https://bitbucket.globaldevtools.bbva.com/bitbucket/projects/GL_NOLS_APP-ID-820326_DSG/repos/glgldh360gloqlt/browse/hammurabi/jobs/america/nols-gl-hmm-qlt-finaassetmngmtfundmrfield-01.json?at=refs%2Ftags%2Fv18.3.6";t_nols_fina_asset_mngmt_fund;;nols-gl-hmm-qlt-finaassetmngmtfundmrfield-01.json;"""18.3.6"""
NOLS_internal-funds_MRField.conf;"https://bitbucket.globaldevtools.bbva.com/bitbucket/projects/GL_NOLS_APP-ID-820326_DSG/repos/glgldh360gloqlt/browse/hammurabi/jobs/europa/nols-gl-hmm-qlt-internalfundsmrfield-01.json?at=refs%2Ftags%2Fv18.3.6
https://bitbucket.globaldevtools.bbva.com/bitbucket/projects/GL_NOLS_APP-ID-820326_DSG/repos/glgldh360gloqlt/browse/hammurabi/jobs/america/nols-gl-hmm-qlt-internalfundsmrfield-01.json?at=refs%2Ftags%2Fv18.3.6";t_nols_internal_funds;;nols-gl-hmm-qlt-internalfundsmrfield-01.json;"""18.3.6"""
NOLS_internal-funds_MRObject.conf;"https://bitbucket.globaldevtools.bbva.com/bitbucket/projects/GL_NOLS_APP-ID-820326_DSG/repos/glgldh360gloqlt/browse/hammurabi/jobs/europa/nols-gl-hmm-qlt-internalfundsmrobject-01.json?at=refs%2Ftags%2Fv18.3.6
https://bitbucket.globaldevtools.bbva.com/bitbucket/projects/GL_NOLS_APP-ID-820326_DSG/repos/glgldh360gloqlt/browse/hammurabi/jobs/america/nols-gl-hmm-qlt-internalfundsmrobject-01.json?at=refs%2Ftags%2Fv18.3.6";t_nols_internal_funds;;nols-gl-hmm-qlt-internalfundsmrobject-01.json;"""18.3.6"""
NOLS_internal-funds-equity_MRField.conf;"https://bitbucket.globaldevtools.bbva.com/bitbucket/projects/GL_NOLS_APP-ID-820326_DSG/repos/glgldh360gloqlt/browse/hammurabi/jobs/europa/nols-gl-hmm-qlt-internalfundsequitymrfield-01.json?at=refs%2Ftags%2Fv18.3.6
https://bitbucket.globaldevtools.bbva.com/bitbucket/projects/GL_NOLS_APP-ID-820326_DSG/repos/glgldh360gloqlt/browse/hammurabi/jobs/america/nols-gl-hmm-qlt-internalfundsequitymrfield-01.json?at=refs%2Ftags%2Fv18.3.6";t_nols_internal_funds_equity;;nols-gl-hmm-qlt-internalfundsequitymrfield-01.json;"""18.3.6"""
NOLS_internal-funds-equity_NOLS_internal-funds_MMRule.conf;"https://bitbucket.globaldevtools.bbva.com/bitbucket/projects/GL_NOLS_APP-ID-820326_DSG/repos/glgldh360gloqlt/browse/hammurabi/jobs/europa/nols-gl-hmm-qlt-internalfundsequitymmrule-01.json?at=refs%2Ftags%2Fv18.3.6
https://bitbucket.globaldevtools.bbva.com/bitbucket/projects/GL_NOLS_APP-ID-820326_DSG/repos/glgldh360gloqlt/browse/hammurabi/jobs/america/nols-gl-hmm-qlt-internalfundsequitymmrule-01.json?at=refs%2Ftags%2Fv18.3.6";t_nols_internal_funds_equity;t_nols_internal_funds;nols-gl-hmm-qlt-internalfundsequitymmrule-01.json;"""18.3.6"""
P68X_browser-catalog_MRField.conf;"https://bitbucket.globaldevtools.bbva.com/bitbucket/projects/GL_P68X_APP-ID-206343_DSG/repos/glgldh360gloqlt/browse/hammurabi/jobs/europa/p68x-gl-hmm-qlt-browsercatalogmrfield-01.json?at=refs%2Ftags%2Fv18.3.3
https://bitbucket.globaldevtools.bbva.com/bitbucket/projects/GL_P68X_APP-ID-206343_DSG/repos/glgldh360gloqlt/browse/hammurabi/jobs/america/p68x-gl-hmm-qlt-browsercatalogmrfield-01.json?at=refs%2Ftags%2Fv18.3.3";t_p68x_browser_catalog;;p68x-gl-hmm-qlt-browsercatalogmrfield-01.json;"""18.3.3"""
P68X_browser-catalog_MRObject.conf;"https://bitbucket.globaldevtools.bbva.com/bitbucket/projects/GL_P68X_APP-ID-206343_DSG/repos/glgldh360gloqlt/browse/hammurabi/jobs/europa/p68x-gl-hmm-qlt-browsercatalogmrobject-01.json?at=refs%2Ftags%2Fv18.3.3
https://bitbucket.globaldevtools.bbva.com/bitbucket/projects/GL_P68X_APP-ID-206343_DSG/repos/glgldh360gloqlt/browse/hammurabi/jobs/america/p68x-gl-hmm-qlt-browsercatalogmrobject-01.json?at=refs%2Ftags%2Fv18.3.3";t_p68x_browser_catalog;;p68x-gl-hmm-qlt-browsercatalogmrobject-01.json;"""18.3.3"""
P68X_division-catalog_MRField.conf;"https://bitbucket.globaldevtools.bbva.com/bitbucket/projects/GL_P68X_APP-ID-206343_DSG/repos/glgldh360gloqlt/browse/hammurabi/jobs/europa/p68x-gl-hmm-qlt-divisioncatalogmrfield-01.json?at=refs%2Ftags%2Fv18.3.3
https://bitbucket.globaldevtools.bbva.com/bitbucket/projects/GL_P68X_APP-ID-206343_DSG/repos/glgldh360gloqlt/browse/hammurabi/jobs/america/p68x-gl-hmm-qlt-divisioncatalogmrfield-01.json?at=refs%2Ftags%2Fv18.3.3";t_p68x_division_catalog;;p68x-gl-hmm-qlt-divisioncatalogmrfield-01.json;"""18.3.3"""
P68X_division-catalog_MRObject.conf;"https://bitbucket.globaldevtools.bbva.com/bitbucket/projects/GL_P68X_APP-ID-206343_DSG/repos/glgldh360gloqlt/browse/hammurabi/jobs/europa/p68x-gl-hmm-qlt-divisioncatalogmrobject-01.json?at=refs%2Ftags%2Fv18.3.3
https://bitbucket.globaldevtools.bbva.com/bitbucket/projects/GL_P68X_APP-ID-206343_DSG/repos/glgldh360gloqlt/browse/hammurabi/jobs/america/p68x-gl-hmm-qlt-divisioncatalogmrobject-01.json?at=refs%2Ftags%2Fv18.3.3";t_p68x_division_catalog;;p68x-gl-hmm-qlt-divisioncatalogmrobject-01.json;"""18.3.3"""
P68X_insights-relations_MRField.conf;"https://bitbucket.globaldevtools.bbva.com/bitbucket/projects/GL_P68X_APP-ID-206343_DSG/repos/glgldh360gloqlt/browse/hammurabi/jobs/europa/p68x-gl-hmm-qlt-insightsrelationsmrfield-01.json?at=refs%2Ftags%2Fv18.3.3
https://bitbucket.globaldevtools.bbva.com/bitbucket/projects/GL_P68X_APP-ID-206343_DSG/repos/glgldh360gloqlt/browse/hammurabi/jobs/america/p68x-gl-hmm-qlt-insightsrelationsmrfield-01.json?at=refs%2Ftags%2Fv18.3.3";t_p68x_insights_relations;;p68x-gl-hmm-qlt-insightsrelationsmrfield-01.json;"""18.3.3"""
P68X_insights-relations_MRObject.conf;"https://bitbucket.globaldevtools.bbva.com/bitbucket/projects/GL_P68X_APP-ID-206343_DSG/repos/glgldh360gloqlt/browse/hammurabi/jobs/europa/p68x-gl-hmm-qlt-insightsrelationsmrobject-01.json?at=refs%2Ftags%2Fv18.3.3
https://bitbucket.globaldevtools.bbva.com/bitbucket/projects/GL_P68X_APP-ID-206343_DSG/repos/glgldh360gloqlt/browse/hammurabi/jobs/america/p68x-gl-hmm-qlt-insightsrelationsmrobject-01.json?at=refs%2Ftags%2Fv18.3.3";t_p68x_insights_relations;;p68x-gl-hmm-qlt-insightsrelationsmrobject-01.json;"""18.3.3"""
P68X_mbl-dvc-catalog_MRField.conf;"https://bitbucket.globaldevtools.bbva.com/bitbucket/projects/GL_P68X_APP-ID-206343_DSG/repos/glgldh360gloqlt/browse/hammurabi/jobs/europa/p68x-gl-hmm-qlt-mbldvccatalogmrfield-01.json?at=refs%2Ftags%2Fv18.3.3
https://bitbucket.globaldevtools.bbva.com/bitbucket/projects/GL_P68X_APP-ID-206343_DSG/repos/glgldh360gloqlt/browse/hammurabi/jobs/america/p68x-gl-hmm-qlt-mbldvccatalogmrfield-01.json?at=refs%2Ftags%2Fv18.3.3";t_p68x_mbl_dvc_catalog;;p68x-gl-hmm-qlt-mbldvccatalogmrfield-01.json;"""18.3.3"""
P68X_mbl-dvc-catalog_MRObject.conf;"https://bitbucket.globaldevtools.bbva.com/bitbucket/projects/GL_P68X_APP-ID-206343_DSG/repos/glgldh360gloqlt/browse/hammurabi/jobs/europa/p68x-gl-hmm-qlt-mbldvccatalogmrobject-01.json?at=refs%2Ftags%2Fv18.3.3
https://bitbucket.globaldevtools.bbva.com/bitbucket/projects/GL_P68X_APP-ID-206343_DSG/repos/glgldh360gloqlt/browse/hammurabi/jobs/america/p68x-gl-hmm-qlt-mbldvccatalogmrobject-01.json?at=refs%2Ftags%2Fv18.3.3";t_p68x_mbl_dvc_catalog;;p68x-gl-hmm-qlt-mbldvccatalogmrobject-01.json;"""18.3.3"""
P68X_oneliner-notifications_MRField.conf;"https://bitbucket.globaldevtools.bbva.com/bitbucket/projects/GL_P68X_APP-ID-206343_DSG/repos/glgldh360gloqlt/browse/hammurabi/jobs/europa/p68x-gl-hmm-qlt-onelinernotificatiomrfield-01.json?at=refs%2Ftags%2Fv18.3.3
https://bitbucket.globaldevtools.bbva.com/bitbucket/projects/GL_P68X_APP-ID-206343_DSG/repos/glgldh360gloqlt/browse/hammurabi/jobs/america/p68x-gl-hmm-qlt-onelinernotificatiomrfield-01.json?at=refs%2Ftags%2Fv18.3.3";t_p68x_oneliner_notifications;;p68x-gl-hmm-qlt-onelinernotificatiomrfield-01.json;"""18.3.3"""
P68X_oneliner-notifications_MRObject.conf;"https://bitbucket.globaldevtools.bbva.com/bitbucket/projects/GL_P68X_APP-ID-206343_DSG/repos/glgldh360gloqlt/browse/hammurabi/jobs/europa/p68x-gl-hmm-qlt-onelinernotificatiomrobject-01.json?at=refs%2Ftags%2Fv18.3.3
https://bitbucket.globaldevtools.bbva.com/bitbucket/projects/GL_P68X_APP-ID-206343_DSG/repos/glgldh360gloqlt/browse/hammurabi/jobs/america/p68x-gl-hmm-qlt-onelinernotificatiomrobject-01.json?at=refs%2Ftags%2Fv18.3.3";t_p68x_oneliner_notifications;;p68x-gl-hmm-qlt-onelinernotificatiomrobject-01.json;"""18.3.3"""
P68X_oneliner-weights-catalog_MRField.conf;"https://bitbucket.globaldevtools.bbva.com/bitbucket/projects/GL_P68X_APP-ID-206343_DSG/repos/glgldh360gloqlt/browse/hammurabi/jobs/europa/p68x-gl-hmm-qlt-onelinerweightscatamrfield-01.json?at=refs%2Ftags%2Fv18.3.3
https://bitbucket.globaldevtools.bbva.com/bitbucket/projects/GL_P68X_APP-ID-206343_DSG/repos/glgldh360gloqlt/browse/hammurabi/jobs/america/p68x-gl-hmm-qlt-onelinerweightscatamrfield-01.json?at=refs%2Ftags%2Fv18.3.3";t_p68x_oneliner_weights_catalog;;p68x-gl-hmm-qlt-onelinerweightscatamrfield-01.json;"""18.3.3"""
P68X_oneliner-weights-catalog_MRObject.conf;"https://bitbucket.globaldevtools.bbva.com/bitbucket/projects/GL_P68X_APP-ID-206343_DSG/repos/glgldh360gloqlt/browse/hammurabi/jobs/europa/p68x-gl-hmm-qlt-onelinerweightscatamrobject-01.json?at=refs%2Ftags%2Fv18.3.3
https://bitbucket.globaldevtools.bbva.com/bitbucket/projects/GL_P68X_APP-ID-206343_DSG/repos/glgldh360gloqlt/browse/hammurabi/jobs/america/p68x-gl-hmm-qlt-onelinerweightscatamrobject-01.json?at=refs%2Ftags%2Fv18.3.3";t_p68x_oneliner_weights_catalog;;p68x-gl-hmm-qlt-onelinerweightscatamrobject-01.json;"""18.3.3"""
P68X_queue-hierarchy_MRField.conf;"https://bitbucket.globaldevtools.bbva.com/bitbucket/projects/GL_P68X_APP-ID-206343_DSG/repos/glgldh360gloqlt/browse/hammurabi/jobs/europa/p68x-gl-hmm-qlt-queuehierarchymrfield-01.json?at=refs%2Ftags%2Fv18.3.3
https://bitbucket.globaldevtools.bbva.com/bitbucket/projects/GL_P68X_APP-ID-206343_DSG/repos/glgldh360gloqlt/browse/hammurabi/jobs/america/p68x-gl-hmm-qlt-queuehierarchymrfield-01.json?at=refs%2Ftags%2Fv18.3.3";t_p68x_queue_hierarchy;;p68x-gl-hmm-qlt-queuehierarchymrfield-01.json;"""18.3.3"""
P68X_queue-hierarchy_MRObject.conf;"https://bitbucket.globaldevtools.bbva.com/bitbucket/projects/GL_P68X_APP-ID-206343_DSG/repos/glgldh360gloqlt/browse/hammurabi/jobs/europa/p68x-gl-hmm-qlt-queuehierarchymrobject-01.json?at=refs%2Ftags%2Fv18.3.3
https://bitbucket.globaldevtools.bbva.com/bitbucket/projects/GL_P68X_APP-ID-206343_DSG/repos/glgldh360gloqlt/browse/hammurabi/jobs/america/p68x-gl-hmm-qlt-queuehierarchymrobject-01.json?at=refs%2Ftags%2Fv18.3.3";t_p68x_queue_hierarchy;;p68x-gl-hmm-qlt-queuehierarchymrobject-01.json;"""18.3.3"""
P68X_vehicle-version-catalog_MRField.conf;"https://bitbucket.globaldevtools.bbva.com/bitbucket/projects/GL_P68X_APP-ID-206343_DSG/repos/glgldh360gloqlt/browse/hammurabi/jobs/europa/p68x-gl-hmm-qlt-vehicleversioncatalmrfield-01.json?at=refs%2Ftags%2Fv18.3.3
https://bitbucket.globaldevtools.bbva.com/bitbucket/projects/GL_P68X_APP-ID-206343_DSG/repos/glgldh360gloqlt/browse/hammurabi/jobs/america/p68x-gl-hmm-qlt-vehicleversioncatalmrfield-01.json?at=refs%2Ftags%2Fv18.3.3";t_p68x_vehicle_version_catalog;;p68x-gl-hmm-qlt-vehicleversioncatalmrfield-01.json;"""18.3.3"""
P68X_voice-plat-flow-tag-cat_MRField.conf;"https://bitbucket.globaldevtools.bbva.com/bitbucket/projects/GL_P68X_APP-ID-206343_DSG/repos/glgldh360gloqlt/browse/hammurabi/jobs/europa/p68x-gl-hmm-qlt-voiceplatflowtagcatmrfield-01.json?at=refs%2Ftags%2Fv18.3.3
https://bitbucket.globaldevtools.bbva.com/bitbucket/projects/GL_P68X_APP-ID-206343_DSG/repos/glgldh360gloqlt/browse/hammurabi/jobs/america/p68x-gl-hmm-qlt-voiceplatflowtagcatmrfield-01.json?at=refs%2Ftags%2Fv18.3.3";t_p68x_voice_plat_flow_tag_cat;;p68x-gl-hmm-qlt-voiceplatflowtagcatmrfield-01.json;"""18.3.3"""
P68X_voice-plat-flow-tag-cat_MRObject.conf;"https://bitbucket.globaldevtools.bbva.com/bitbucket/projects/GL_P68X_APP-ID-206343_DSG/repos/glgldh360gloqlt/browse/hammurabi/jobs/europa/p68x-gl-hmm-qlt-voiceplatflowtagcatmrobject-01.json?at=refs%2Ftags%2Fv18.3.3
https://bitbucket.globaldevtools.bbva.com/bitbucket/projects/GL_P68X_APP-ID-206343_DSG/repos/glgldh360gloqlt/browse/hammurabi/jobs/america/p68x-gl-hmm-qlt-voiceplatflowtagcatmrobject-01.json?at=refs%2Ftags%2Fv18.3.3";t_p68x_voice_plat_flow_tag_cat;;p68x-gl-hmm-qlt-voiceplatflowtagcatmrobject-01.json;"""18.3.3"""
P6R1_customer-socio-demo-board_MRField.conf;"https://bitbucket.globaldevtools.bbva.com/bitbucket/projects/GL_P6R1_APP-ID-169054_DSG/repos/glgldh360gloqlt/browse/hammurabi/jobs/europa/p6r1-gl-hmm-qlt-customersociodemobomrfield-01.json?at=refs%2Ftags%2Fv18.3.3
https://bitbucket.globaldevtools.bbva.com/bitbucket/projects/GL_P6R1_APP-ID-169054_DSG/repos/glgldh360gloqlt/browse/hammurabi/jobs/america/p6r1-gl-hmm-qlt-customersociodemobomrfield-01.json?at=refs%2Ftags%2Fv18.3.3";t_p6r1_customer_socio_demo_board;;p6r1-gl-hmm-qlt-customersociodemobomrfield-01.json;"""18.3.3"""
P6R1_customer-socio-demo-board_KCOG_country_MMRule.conf;"https://bitbucket.globaldevtools.bbva.com/bitbucket/projects/GL_P6R1_APP-ID-169054_DSG/repos/glgldh360gloqlt/browse/hammurabi/jobs/europa/p6r1-gl-hmm-qlt-customersociodemobommrule-01.json?at=refs%2Ftags%2Fv18.3.3
https://bitbucket.globaldevtools.bbva.com/bitbucket/projects/GL_P6R1_APP-ID-169054_DSG/repos/glgldh360gloqlt/browse/hammurabi/jobs/america/p6r1-gl-hmm-qlt-customersociodemobommrule-01.json?at=refs%2Ftags%2Fv18.3.3";t_p6r1_customer_socio_demo_board;t_kcog_country;p6r1-gl-hmm-qlt-customersociodemobommrule-01.json;"""18.3.3"""
P6R1_interaction-by-channel_MRField.conf;"https://bitbucket.globaldevtools.bbva.com/bitbucket/projects/GL_P6R1_APP-ID-169054_DSG/repos/glgldh360gloqlt/browse/hammurabi/jobs/europa/p6r1-gl-hmm-qlt-interactionbychannemrfield-01.json?at=refs%2Ftags%2Fv18.3.3
https://bitbucket.globaldevtools.bbva.com/bitbucket/projects/GL_P6R1_APP-ID-169054_DSG/repos/glgldh360gloqlt/browse/hammurabi/jobs/america/p6r1-gl-hmm-qlt-interactionbychannemrfield-01.json?at=refs%2Ftags%2Fv18.3.3";t_p6r1_interaction_by_channel;;p6r1-gl-hmm-qlt-interactionbychannemrfield-01.json;"""18.3.3"""
P6R1_interaction-by-channel_KCOG_country_MMRule.conf;"https://bitbucket.globaldevtools.bbva.com/bitbucket/projects/GL_P6R1_APP-ID-169054_DSG/repos/glgldh360gloqlt/browse/hammurabi/jobs/europa/p6r1-gl-hmm-qlt-interactionbychannemmrule-01.json?at=refs%2Ftags%2Fv18.3.3
https://bitbucket.globaldevtools.bbva.com/bitbucket/projects/GL_P6R1_APP-ID-169054_DSG/repos/glgldh360gloqlt/browse/hammurabi/jobs/america/p6r1-gl-hmm-qlt-interactionbychannemmrule-01.json?at=refs%2Ftags%2Fv18.3.3";t_p6r1_interaction_by_channel;t_kcog_country;p6r1-gl-hmm-qlt-interactionbychannemmrule-01.json;"""18.3.3"""
P6R1_interaction-by-channel_YH2J_gbl-channel-hier-master_MMRule.conf;"https://bitbucket.globaldevtools.bbva.com/bitbucket/projects/GL_P6R1_APP-ID-169054_DSG/repos/glgldh360gloqlt/browse/hammurabi/jobs/europa/p6r1-gl-hmm-qlt-interactionbychannemmrule-02.json?at=refs%2Ftags%2Fv18.3.3
https://bitbucket.globaldevtools.bbva.com/bitbucket/projects/GL_P6R1_APP-ID-169054_DSG/repos/glgldh360gloqlt/browse/hammurabi/jobs/america/p6r1-gl-hmm-qlt-interactionbychannemmrule-02.json?at=refs%2Ftags%2Fv18.3.3";t_p6r1_interaction_by_channel;t_yh2j_gbl_channel_hier_master;p6r1-gl-hmm-qlt-interactionbychannemmrule-02.json;"""18.3.3"""
P6R1_interaction-by-channel_KCOG_currency_MMRule.conf;"https://bitbucket.globaldevtools.bbva.com/bitbucket/projects/GL_P6R1_APP-ID-169054_DSG/repos/glgldh360gloqlt/browse/hammurabi/jobs/europa/p6r1-gl-hmm-qlt-interactionbychannemmrule-03.json?at=refs%2Ftags%2Fv18.3.3
https://bitbucket.globaldevtools.bbva.com/bitbucket/projects/GL_P6R1_APP-ID-169054_DSG/repos/glgldh360gloqlt/browse/hammurabi/jobs/america/p6r1-gl-hmm-qlt-interactionbychannemmrule-03.json?at=refs%2Ftags%2Fv18.3.3";t_p6r1_interaction_by_channel;t_kcog_currency;p6r1-gl-hmm-qlt-interactionbychannemmrule-03.json;"""18.3.3"""
P6R1_movements-hist_MRField.conf;"https://bitbucket.globaldevtools.bbva.com/bitbucket/projects/GL_P6R1_APP-ID-169054_DSG/repos/glgldh360gloqlt/browse/hammurabi/jobs/europa/p6r1-gl-hmm-qlt-movementshistmrfield-01.json?at=refs%2Ftags%2Fv18.3.3
https://bitbucket.globaldevtools.bbva.com/bitbucket/projects/GL_P6R1_APP-ID-169054_DSG/repos/glgldh360gloqlt/browse/hammurabi/jobs/america/p6r1-gl-hmm-qlt-movementshistmrfield-01.json?at=refs%2Ftags%2Fv18.3.3";t_p6r1_movements_hist;;p6r1-gl-hmm-qlt-movementshistmrfield-01.json;"""18.3.3"""
P6R1_prt-cont-prdt-bal-board_MRField.conf;"https://bitbucket.globaldevtools.bbva.com/bitbucket/projects/GL_P6R1_APP-ID-169054_DSG/repos/glgldh360gloqlt/browse/hammurabi/jobs/europa/p6r1-gl-hmm-qlt-prtcontprdtbalboardmrfield-01.json?at=refs%2Ftags%2Fv18.3.3
https://bitbucket.globaldevtools.bbva.com/bitbucket/projects/GL_P6R1_APP-ID-169054_DSG/repos/glgldh360gloqlt/browse/hammurabi/jobs/america/p6r1-gl-hmm-qlt-prtcontprdtbalboardmrfield-01.json?at=refs%2Ftags%2Fv18.3.3";t_p6r1_prt_cont_prdt_bal_board;;p6r1-gl-hmm-qlt-prtcontprdtbalboardmrfield-01.json;"""18.3.3"""
P6R1_prt-cont-prdt-bal-board_KCOG_country_MMRule.conf;"https://bitbucket.globaldevtools.bbva.com/bitbucket/projects/GL_P6R1_APP-ID-169054_DSG/repos/glgldh360gloqlt/browse/hammurabi/jobs/europa/p6r1-gl-hmm-qlt-prtcontprdtbalboardmmrule-01.json?at=refs%2Ftags%2Fv18.3.3
https://bitbucket.globaldevtools.bbva.com/bitbucket/projects/GL_P6R1_APP-ID-169054_DSG/repos/glgldh360gloqlt/browse/hammurabi/jobs/america/p6r1-gl-hmm-qlt-prtcontprdtbalboardmmrule-01.json?at=refs%2Ftags%2Fv18.3.3";t_p6r1_prt_cont_prdt_bal_board;t_kcog_country;p6r1-gl-hmm-qlt-prtcontprdtbalboardmmrule-01.json;"""18.3.3"""
P6R1_prt-cont-prdt-bal-board_YH2J_gbl-product-hier-master_MMRule.conf;"https://bitbucket.globaldevtools.bbva.com/bitbucket/projects/GL_P6R1_APP-ID-169054_DSG/repos/glgldh360gloqlt/browse/hammurabi/jobs/europa/p6r1-gl-hmm-qlt-prtcontprdtbalboardmmrule-02.json?at=refs%2Ftags%2Fv18.3.3
https://bitbucket.globaldevtools.bbva.com/bitbucket/projects/GL_P6R1_APP-ID-169054_DSG/repos/glgldh360gloqlt/browse/hammurabi/jobs/america/p6r1-gl-hmm-qlt-prtcontprdtbalboardmmrule-02.json?at=refs%2Ftags%2Fv18.3.3";t_p6r1_prt_cont_prdt_bal_board;t_yh2j_gbl_product_hier_master;p6r1-gl-hmm-qlt-prtcontprdtbalboardmmrule-02.json;"""18.3.3"""
R4FU_deposits-calc-balances_MRField.conf;"https://bitbucket.globaldevtools.bbva.com/bitbucket/projects/GL_R4FU_APP-ID-169039_DSG/repos/glgldh360gloqlt/browse/hammurabi/jobs/europa/r4fu-gl-hmm-qlt-depositscalcbalancemrfield-01.json?at=refs%2Ftags%2Fv18.3.6
https://bitbucket.globaldevtools.bbva.com/bitbucket/projects/GL_R4FU_APP-ID-169039_DSG/repos/glgldh360gloqlt/browse/hammurabi/jobs/america/r4fu-gl-hmm-qlt-depositscalcbalancemrfield-01.json?at=refs%2Ftags%2Fv18.3.6";t_r4fu_deposits_calc_balances;;r4fu-gl-hmm-qlt-depositscalcbalancemrfield-01.json;"""18.3.6"""
R4FU_deposits-calc-balances_KCOG_currency_MMRule.conf;"https://bitbucket.globaldevtools.bbva.com/bitbucket/projects/GL_R4FU_APP-ID-169039_DSG/repos/glgldh360gloqlt/browse/hammurabi/jobs/europa/r4fu-gl-hmm-qlt-depositscalcbalancemmrule-01.json?at=refs%2Ftags%2Fv18.3.6
https://bitbucket.globaldevtools.bbva.com/bitbucket/projects/GL_R4FU_APP-ID-169039_DSG/repos/glgldh360gloqlt/browse/hammurabi/jobs/america/r4fu-gl-hmm-qlt-depositscalcbalancemmrule-01.json?at=refs%2Ftags%2Fv18.3.6";t_r4fu_deposits_calc_balances;t_kcog_currency;r4fu-gl-hmm-qlt-depositscalcbalancemmrule-01.json;"""18.3.6"""
t_re4m_physical_interaction-qlm-MRField.conf;"https://bbva.ghe.com/platform/gl-cs-360-gdh-qlt-re4m/blob/19.0.2/hammurabi/jobs/europare4m-gl-hmm-qlt-physicalinteractionmrfield-01.json
https://bbva.ghe.com/platform/gl-cs-360-gdh-qlt-re4m/blob/19.0.2/hammurabi/jobs/america-adare4m-gl-hmm-qlt-physicalinteractionmrfield-01.json";t_re4m_physical_interaction;;america-adare4m-gl-hmm-qlt-physicalinteractionmrfield-01.json;"""19.0.2"""
RZUA_contract-output-emissions_MRField.conf;"https://bitbucket.globaldevtools.bbva.com/bitbucket/projects/GL_RZUA_APP-ID-19546_DSG/repos/glgldh360gloqlt/browse/hammurabi/jobs/europa/rzua-gl-hmm-qlt-contractoutputemissmrfield-01.json?at=refs%2Ftags%2Fv18.3.3
https://bitbucket.globaldevtools.bbva.com/bitbucket/projects/GL_RZUA_APP-ID-19546_DSG/repos/glgldh360gloqlt/browse/hammurabi/jobs/america/rzua-gl-hmm-qlt-contractoutputemissmrfield-01.json?at=refs%2Ftags%2Fv18.3.3";t_rzua_contract_output_emissions;;rzua-gl-hmm-qlt-contractoutputemissmrfield-01.json;"""18.3.3"""
RZUA_contract-output-emissions_MRObject.conf;"https://bitbucket.globaldevtools.bbva.com/bitbucket/projects/GL_RZUA_APP-ID-19546_DSG/repos/glgldh360gloqlt/browse/hammurabi/jobs/europa/rzua-gl-hmm-qlt-contractoutputemissmrobject-01.json?at=refs%2Ftags%2Fv18.3.3
https://bitbucket.globaldevtools.bbva.com/bitbucket/projects/GL_RZUA_APP-ID-19546_DSG/repos/glgldh360gloqlt/browse/hammurabi/jobs/america/rzua-gl-hmm-qlt-contractoutputemissmrobject-01.json?at=refs%2Ftags%2Fv18.3.3";t_rzua_contract_output_emissions;;rzua-gl-hmm-qlt-contractoutputemissmrobject-01.json;"""18.3.3"""
RZUA_contract-output-emissions_KCOG_country_MMRule.conf;"https://bitbucket.globaldevtools.bbva.com/bitbucket/projects/GL_RZUA_APP-ID-19546_DSG/repos/glgldh360gloqlt/browse/hammurabi/jobs/europa/rzua-gl-hmm-qlt-contractoutputemissmmrule-01.json?at=refs%2Ftags%2Fv18.3.3
https://bitbucket.globaldevtools.bbva.com/bitbucket/projects/GL_RZUA_APP-ID-19546_DSG/repos/glgldh360gloqlt/browse/hammurabi/jobs/america/rzua-gl-hmm-qlt-contractoutputemissmmrule-01.json?at=refs%2Ftags%2Fv18.3.3";t_rzua_contract_output_emissions;t_kcog_country;rzua-gl-hmm-qlt-contractoutputemissmmrule-01.json;"""18.3.3"""
RZUA_ctrct-goods-emiss-intst_MRField.conf;"https://bitbucket.globaldevtools.bbva.com/bitbucket/projects/GL_RZUA_APP-ID-19546_DSG/repos/glgldh360gloqlt/browse/hammurabi/jobs/europa/rzua-gl-hmm-qlt-ctrctgoodsemissintsmrfield-01.json?at=refs%2Ftags%2Fv18.3.3
https://bitbucket.globaldevtools.bbva.com/bitbucket/projects/GL_RZUA_APP-ID-19546_DSG/repos/glgldh360gloqlt/browse/hammurabi/jobs/america/rzua-gl-hmm-qlt-ctrctgoodsemissintsmrfield-01.json?at=refs%2Ftags%2Fv18.3.3";t_rzua_ctrct_goods_emiss_intst;;rzua-gl-hmm-qlt-ctrctgoodsemissintsmrfield-01.json;"""18.3.3"""
RZUA_ctrct-goods-emiss-intst_MRObject.conf;"https://bitbucket.globaldevtools.bbva.com/bitbucket/projects/GL_RZUA_APP-ID-19546_DSG/repos/glgldh360gloqlt/browse/hammurabi/jobs/europa/rzua-gl-hmm-qlt-ctrctgoodsemissintsmrobject-01.json?at=refs%2Ftags%2Fv18.3.3
https://bitbucket.globaldevtools.bbva.com/bitbucket/projects/GL_RZUA_APP-ID-19546_DSG/repos/glgldh360gloqlt/browse/hammurabi/jobs/america/rzua-gl-hmm-qlt-ctrctgoodsemissintsmrobject-01.json?at=refs%2Ftags%2Fv18.3.3";t_rzua_ctrct_goods_emiss_intst;;rzua-gl-hmm-qlt-ctrctgoodsemissintsmrobject-01.json;"""18.3.3"""
RZUA_ctrct-goods-emiss-intst_KCOG_country_MMRule.conf;"https://bitbucket.globaldevtools.bbva.com/bitbucket/projects/GL_RZUA_APP-ID-19546_DSG/repos/glgldh360gloqlt/browse/hammurabi/jobs/europa/rzua-gl-hmm-qlt-ctrctgoodsemissintsmmrule-01.json?at=refs%2Ftags%2Fv18.3.3
https://bitbucket.globaldevtools.bbva.com/bitbucket/projects/GL_RZUA_APP-ID-19546_DSG/repos/glgldh360gloqlt/browse/hammurabi/jobs/america/rzua-gl-hmm-qlt-ctrctgoodsemissintsmmrule-01.json?at=refs%2Ftags%2Fv18.3.3";t_rzua_ctrct_goods_emiss_intst;t_kcog_country;rzua-gl-hmm-qlt-ctrctgoodsemissintsmmrule-01.json;"""18.3.3"""
RZUA_ctrct-goods-emiss-intst_KCOG_entity_MMRule.conf;"https://bitbucket.globaldevtools.bbva.com/bitbucket/projects/GL_RZUA_APP-ID-19546_DSG/repos/glgldh360gloqlt/browse/hammurabi/jobs/europa/rzua-gl-hmm-qlt-ctrctgoodsemissintsmmrule-02.json?at=refs%2Ftags%2Fv18.3.3
https://bitbucket.globaldevtools.bbva.com/bitbucket/projects/GL_RZUA_APP-ID-19546_DSG/repos/glgldh360gloqlt/browse/hammurabi/jobs/america/rzua-gl-hmm-qlt-ctrctgoodsemissintsmmrule-02.json?at=refs%2Ftags%2Fv18.3.3";t_rzua_ctrct_goods_emiss_intst;t_kcog_entity;rzua-gl-hmm-qlt-ctrctgoodsemissintsmmrule-02.json;"""18.3.3"""
RZUA_ctrct-goods-emiss-intst_KSAN_contract-global-local_MMRule.conf;"https://bitbucket.globaldevtools.bbva.com/bitbucket/projects/GL_RZUA_APP-ID-19546_DSG/repos/glgldh360gloqlt/browse/hammurabi/jobs/europa/rzua-gl-hmm-qlt-ctrctgoodsemissintsmmrule-03.json?at=refs%2Ftags%2Fv18.3.3
https://bitbucket.globaldevtools.bbva.com/bitbucket/projects/GL_RZUA_APP-ID-19546_DSG/repos/glgldh360gloqlt/browse/hammurabi/jobs/america/rzua-gl-hmm-qlt-ctrctgoodsemissintsmmrule-03.json?at=refs%2Ftags%2Fv18.3.3";t_rzua_ctrct_goods_emiss_intst;t_ksan_contract_global_local;rzua-gl-hmm-qlt-ctrctgoodsemissintsmmrule-03.json;"""18.3.3"""
RZUA_issuance-output-emissions_MRField.conf;"https://bitbucket.globaldevtools.bbva.com/bitbucket/projects/GL_RZUA_APP-ID-19546_DSG/repos/glgldh360gloqlt/browse/hammurabi/jobs/europa/rzua-gl-hmm-qlt-issuanceoutputemissmrfield-01.json?at=refs%2Ftags%2Fv18.3.3
https://bitbucket.globaldevtools.bbva.com/bitbucket/projects/GL_RZUA_APP-ID-19546_DSG/repos/glgldh360gloqlt/browse/hammurabi/jobs/america/rzua-gl-hmm-qlt-issuanceoutputemissmrfield-01.json?at=refs%2Ftags%2Fv18.3.3";t_rzua_issuance_output_emissions;;rzua-gl-hmm-qlt-issuanceoutputemissmrfield-01.json;"""18.3.3"""
RZUA_issuance-output-emissions_MRObject.conf;"https://bitbucket.globaldevtools.bbva.com/bitbucket/projects/GL_RZUA_APP-ID-19546_DSG/repos/glgldh360gloqlt/browse/hammurabi/jobs/europa/rzua-gl-hmm-qlt-issuanceoutputemissmrobject-01.json?at=refs%2Ftags%2Fv18.3.3
https://bitbucket.globaldevtools.bbva.com/bitbucket/projects/GL_RZUA_APP-ID-19546_DSG/repos/glgldh360gloqlt/browse/hammurabi/jobs/america/rzua-gl-hmm-qlt-issuanceoutputemissmrobject-01.json?at=refs%2Ftags%2Fv18.3.3";t_rzua_issuance_output_emissions;;rzua-gl-hmm-qlt-issuanceoutputemissmrobject-01.json;"""18.3.3"""
RZUA_operations-cust-scope_MRField.conf;"https://bitbucket.globaldevtools.bbva.com/bitbucket/projects/GL_RZUA_APP-ID-19546_DSG/repos/glgldh360gloqlt/browse/hammurabi/jobs/europa/rzua-gl-hmm-qlt-operationscustscopemrfield-01.json?at=refs%2Ftags%2Fv18.3.3
https://bitbucket.globaldevtools.bbva.com/bitbucket/projects/GL_RZUA_APP-ID-19546_DSG/repos/glgldh360gloqlt/browse/hammurabi/jobs/america/rzua-gl-hmm-qlt-operationscustscopemrfield-01.json?at=refs%2Ftags%2Fv18.3.3";t_rzua_operations_cust_scope;;rzua-gl-hmm-qlt-operationscustscopemrfield-01.json;"""18.3.3"""
RZUA_operations-cust-scope_MRObject.conf;"https://bitbucket.globaldevtools.bbva.com/bitbucket/projects/GL_RZUA_APP-ID-19546_DSG/repos/glgldh360gloqlt/browse/hammurabi/jobs/europa/rzua-gl-hmm-qlt-operationscustscopemrobject-02.json?at=refs%2Ftags%2Fv18.3.3
https://bitbucket.globaldevtools.bbva.com/bitbucket/projects/GL_RZUA_APP-ID-19546_DSG/repos/glgldh360gloqlt/browse/hammurabi/jobs/america/rzua-gl-hmm-qlt-operationscustscopemrobject-02.json?at=refs%2Ftags%2Fv18.3.3";t_rzua_operations_cust_scope;;rzua-gl-hmm-qlt-operationscustscopemrobject-02.json;"""18.3.3"""
RZUA_operations-cust-scope-cib_MRField.conf;"https://bitbucket.globaldevtools.bbva.com/bitbucket/projects/GL_RZUA_APP-ID-19546_DSG/repos/glgldh360gloqlt/browse/hammurabi/jobs/europa/rzua-gl-hmm-qlt-operationscustscopemrfield-02.json?at=refs%2Ftags%2Fv18.3.3
https://bitbucket.globaldevtools.bbva.com/bitbucket/projects/GL_RZUA_APP-ID-19546_DSG/repos/glgldh360gloqlt/browse/hammurabi/jobs/america/rzua-gl-hmm-qlt-operationscustscopemrfield-02.json?at=refs%2Ftags%2Fv18.3.3";t_rzua_operations_cust_scope_cib;;rzua-gl-hmm-qlt-operationscustscopemrfield-02.json;"""18.3.3"""
RZUA_operations-cust-scope-cib_MRObject.conf;"https://bitbucket.globaldevtools.bbva.com/bitbucket/projects/GL_RZUA_APP-ID-19546_DSG/repos/glgldh360gloqlt/browse/hammurabi/jobs/europa/rzua-gl-hmm-qlt-operationscustscopemrobject-01.json?at=refs%2Ftags%2Fv18.3.3
https://bitbucket.globaldevtools.bbva.com/bitbucket/projects/GL_RZUA_APP-ID-19546_DSG/repos/glgldh360gloqlt/browse/hammurabi/jobs/america/rzua-gl-hmm-qlt-operationscustscopemrobject-01.json?at=refs%2Ftags%2Fv18.3.3";t_rzua_operations_cust_scope_cib;;rzua-gl-hmm-qlt-operationscustscopemrobject-01.json;"""18.3.3"""
RZUA_operations-cust-scope-cib_KBTQ_eom-customer_MMRule.conf;"https://bitbucket.globaldevtools.bbva.com/bitbucket/projects/GL_RZUA_APP-ID-19546_DSG/repos/glgldh360gloqlt/browse/hammurabi/jobs/europa/rzua-gl-hmm-qlt-operationscustscopemmrule-01.json?at=refs%2Ftags%2Fv18.3.3
https://bitbucket.globaldevtools.bbva.com/bitbucket/projects/GL_RZUA_APP-ID-19546_DSG/repos/glgldh360gloqlt/browse/hammurabi/jobs/america/rzua-gl-hmm-qlt-operationscustscopemmrule-01.json?at=refs%2Ftags%2Fv18.3.3";t_rzua_operations_cust_scope_cib;t_kbtq_eom_customer;rzua-gl-hmm-qlt-operationscustscopemmrule-01.json;"""18.3.3"""
RZUA_operations-cust-scope-cib_KCOG_entity_MMRule.conf;"https://bitbucket.globaldevtools.bbva.com/bitbucket/projects/GL_RZUA_APP-ID-19546_DSG/repos/glgldh360gloqlt/browse/hammurabi/jobs/europa/rzua-gl-hmm-qlt-operationscustscopemmrule-02.json?at=refs%2Ftags%2Fv18.3.3
https://bitbucket.globaldevtools.bbva.com/bitbucket/projects/GL_RZUA_APP-ID-19546_DSG/repos/glgldh360gloqlt/browse/hammurabi/jobs/america/rzua-gl-hmm-qlt-operationscustscopemmrule-02.json?at=refs%2Ftags%2Fv18.3.3";t_rzua_operations_cust_scope_cib;t_kcog_entity;rzua-gl-hmm-qlt-operationscustscopemmrule-02.json;"""18.3.3"""
RZUA_operations-cust-scope-cib_KSAG_holding-business-group_MMRule.conf;"https://bitbucket.globaldevtools.bbva.com/bitbucket/projects/GL_RZUA_APP-ID-19546_DSG/repos/glgldh360gloqlt/browse/hammurabi/jobs/europa/rzua-gl-hmm-qlt-operationscustscopemmrule-03.json?at=refs%2Ftags%2Fv18.3.3
https://bitbucket.globaldevtools.bbva.com/bitbucket/projects/GL_RZUA_APP-ID-19546_DSG/repos/glgldh360gloqlt/browse/hammurabi/jobs/america/rzua-gl-hmm-qlt-operationscustscopemmrule-03.json?at=refs%2Ftags%2Fv18.3.3";t_rzua_operations_cust_scope_cib;t_ksag_holding_business_group;rzua-gl-hmm-qlt-operationscustscopemmrule-03.json;"""18.3.3"""
RZUA_sust-collaterals_MRField.conf;"https://bitbucket.globaldevtools.bbva.com/bitbucket/projects/GL_RZUA_APP-ID-19546_DSG/repos/glgldh360gloqlt/browse/hammurabi/jobs/europa/rzua-gl-hmm-qlt-sustcollateralsmrfield-01.json?at=refs%2Ftags%2Fv18.3.3
https://bitbucket.globaldevtools.bbva.com/bitbucket/projects/GL_RZUA_APP-ID-19546_DSG/repos/glgldh360gloqlt/browse/hammurabi/jobs/america/rzua-gl-hmm-qlt-sustcollateralsmrfield-01.json?at=refs%2Ftags%2Fv18.3.3";t_rzua_sust_collaterals;;rzua-gl-hmm-qlt-sustcollateralsmrfield-01.json;"""18.3.3"""
RZUA_sust-collaterals_MRObject.conf;"https://bitbucket.globaldevtools.bbva.com/bitbucket/projects/GL_RZUA_APP-ID-19546_DSG/repos/glgldh360gloqlt/browse/hammurabi/jobs/europa/rzua-gl-hmm-qlt-sustcollateralsmrobject-01.json?at=refs%2Ftags%2Fv18.3.3
https://bitbucket.globaldevtools.bbva.com/bitbucket/projects/GL_RZUA_APP-ID-19546_DSG/repos/glgldh360gloqlt/browse/hammurabi/jobs/america/rzua-gl-hmm-qlt-sustcollateralsmrobject-01.json?at=refs%2Ftags%2Fv18.3.3";t_rzua_sust_collaterals;;rzua-gl-hmm-qlt-sustcollateralsmrobject-01.json;"""18.3.3"""
RZUA_sust-kpi-link-oper-checkp_MRField.conf;"https://bitbucket.globaldevtools.bbva.com/bitbucket/projects/GL_RZUA_APP-ID-19546_DSG/repos/glgldh360gloqlt/browse/hammurabi/jobs/europa/rzua-gl-hmm-qlt-sustkpilinkoperchecmrfield-01.json?at=refs%2Ftags%2Fv18.3.3
https://bitbucket.globaldevtools.bbva.com/bitbucket/projects/GL_RZUA_APP-ID-19546_DSG/repos/glgldh360gloqlt/browse/hammurabi/jobs/america/rzua-gl-hmm-qlt-sustkpilinkoperchecmrfield-01.json?at=refs%2Ftags%2Fv18.3.3";t_rzua_sust_kpi_link_oper_checkp;;rzua-gl-hmm-qlt-sustkpilinkoperchecmrfield-01.json;"""18.3.3"""
RZUA_sust-kpi-link-oper-checkp_MRObject.conf;"https://bitbucket.globaldevtools.bbva.com/bitbucket/projects/GL_RZUA_APP-ID-19546_DSG/repos/glgldh360gloqlt/browse/hammurabi/jobs/europa/rzua-gl-hmm-qlt-sustkpilinkoperchecmrobject-01.json?at=refs%2Ftags%2Fv18.3.3
https://bitbucket.globaldevtools.bbva.com/bitbucket/projects/GL_RZUA_APP-ID-19546_DSG/repos/glgldh360gloqlt/browse/hammurabi/jobs/america/rzua-gl-hmm-qlt-sustkpilinkoperchecmrobject-01.json?at=refs%2Ftags%2Fv18.3.3";t_rzua_sust_kpi_link_oper_checkp;;rzua-gl-hmm-qlt-sustkpilinkoperchecmrobject-01.json;"""18.3.3"""
RZUA_sust-kpi-link-oper-checkp_RZUA_sust-kpi-link-oper-condit_MMRule.conf;"https://bitbucket.globaldevtools.bbva.com/bitbucket/projects/GL_RZUA_APP-ID-19546_DSG/repos/glgldh360gloqlt/browse/hammurabi/jobs/europa/rzua-gl-hmm-qlt-sustkpilinkoperchecmmrule-01.json?at=refs%2Ftags%2Fv18.3.3
https://bitbucket.globaldevtools.bbva.com/bitbucket/projects/GL_RZUA_APP-ID-19546_DSG/repos/glgldh360gloqlt/browse/hammurabi/jobs/america/rzua-gl-hmm-qlt-sustkpilinkoperchecmmrule-01.json?at=refs%2Ftags%2Fv18.3.3";t_rzua_sust_kpi_link_oper_checkp;t_rzua_sust_kpi_link_oper_condit;rzua-gl-hmm-qlt-sustkpilinkoperchecmmrule-01.json;"""18.3.3"""
RZUA_sust-kpi-link-oper-condit_MRField.conf;"https://bitbucket.globaldevtools.bbva.com/bitbucket/projects/GL_RZUA_APP-ID-19546_DSG/repos/glgldh360gloqlt/browse/hammurabi/jobs/europa/rzua-gl-hmm-qlt-sustkpilinkopercondmrfield-01.json?at=refs%2Ftags%2Fv18.3.3
https://bitbucket.globaldevtools.bbva.com/bitbucket/projects/GL_RZUA_APP-ID-19546_DSG/repos/glgldh360gloqlt/browse/hammurabi/jobs/america/rzua-gl-hmm-qlt-sustkpilinkopercondmrfield-01.json?at=refs%2Ftags%2Fv18.3.3";t_rzua_sust_kpi_link_oper_condit;;rzua-gl-hmm-qlt-sustkpilinkopercondmrfield-01.json;"""18.3.3"""
RZUA_sust-kpi-link-oper-condit_MRObject.conf;"https://bitbucket.globaldevtools.bbva.com/bitbucket/projects/GL_RZUA_APP-ID-19546_DSG/repos/glgldh360gloqlt/browse/hammurabi/jobs/europa/rzua-gl-hmm-qlt-sustkpilinkopercondmrobject-01.json?at=refs%2Ftags%2Fv18.3.3
https://bitbucket.globaldevtools.bbva.com/bitbucket/projects/GL_RZUA_APP-ID-19546_DSG/repos/glgldh360gloqlt/browse/hammurabi/jobs/america/rzua-gl-hmm-qlt-sustkpilinkopercondmrobject-01.json?at=refs%2Ftags%2Fv18.3.3";t_rzua_sust_kpi_link_oper_condit;;rzua-gl-hmm-qlt-sustkpilinkopercondmrobject-01.json;"""18.3.3"""
RZUA_sust-kpi-link-oper-condit_KSAN_eom-contract_MMRule.conf;"https://bitbucket.globaldevtools.bbva.com/bitbucket/projects/GL_RZUA_APP-ID-19546_DSG/repos/glgldh360gloqlt/browse/hammurabi/jobs/europa/rzua-gl-hmm-qlt-sustkpilinkopercondmmrule-01.json?at=refs%2Ftags%2Fv18.3.3
https://bitbucket.globaldevtools.bbva.com/bitbucket/projects/GL_RZUA_APP-ID-19546_DSG/repos/glgldh360gloqlt/browse/hammurabi/jobs/america/rzua-gl-hmm-qlt-sustkpilinkopercondmmrule-01.json?at=refs%2Ftags%2Fv18.3.3";t_rzua_sust_kpi_link_oper_condit;t_ksan_eom_contract;rzua-gl-hmm-qlt-sustkpilinkopercondmmrule-01.json;"""18.3.3"""
RZUA_sust-kpi-link-oper-review_MRField.conf;"https://bitbucket.globaldevtools.bbva.com/bitbucket/projects/GL_RZUA_APP-ID-19546_DSG/repos/glgldh360gloqlt/browse/hammurabi/jobs/europa/rzua-gl-hmm-qlt-sustkpilinkoperrevimrfield-01.json?at=refs%2Ftags%2Fv18.3.3
https://bitbucket.globaldevtools.bbva.com/bitbucket/projects/GL_RZUA_APP-ID-19546_DSG/repos/glgldh360gloqlt/browse/hammurabi/jobs/america/rzua-gl-hmm-qlt-sustkpilinkoperrevimrfield-01.json?at=refs%2Ftags%2Fv18.3.3";t_rzua_sust_kpi_link_oper_review;;rzua-gl-hmm-qlt-sustkpilinkoperrevimrfield-01.json;"""18.3.3"""
RZUA_sust-kpi-link-oper-review_MRObject.conf;"https://bitbucket.globaldevtools.bbva.com/bitbucket/projects/GL_RZUA_APP-ID-19546_DSG/repos/glgldh360gloqlt/browse/hammurabi/jobs/europa/rzua-gl-hmm-qlt-sustkpilinkoperrevimrobject-01.json?at=refs%2Ftags%2Fv18.3.3
https://bitbucket.globaldevtools.bbva.com/bitbucket/projects/GL_RZUA_APP-ID-19546_DSG/repos/glgldh360gloqlt/browse/hammurabi/jobs/america/rzua-gl-hmm-qlt-sustkpilinkoperrevimrobject-01.json?at=refs%2Ftags%2Fv18.3.3";t_rzua_sust_kpi_link_oper_review;;rzua-gl-hmm-qlt-sustkpilinkoperrevimrobject-01.json;"""18.3.3"""
RZUA_sust-kpi-link-operation_MRField.conf;"https://bitbucket.globaldevtools.bbva.com/bitbucket/projects/GL_RZUA_APP-ID-19546_DSG/repos/glgldh360gloqlt/browse/hammurabi/jobs/europa/rzua-gl-hmm-qlt-sustkpilinkoperatiomrfield-01.json?at=refs%2Ftags%2Fv18.3.3
https://bitbucket.globaldevtools.bbva.com/bitbucket/projects/GL_RZUA_APP-ID-19546_DSG/repos/glgldh360gloqlt/browse/hammurabi/jobs/america/rzua-gl-hmm-qlt-sustkpilinkoperatiomrfield-01.json?at=refs%2Ftags%2Fv18.3.3";t_rzua_sust_kpi_link_operation;;rzua-gl-hmm-qlt-sustkpilinkoperatiomrfield-01.json;"""18.3.3"""
RZUA_sust-kpi-link-operation_MRObject.conf;"https://bitbucket.globaldevtools.bbva.com/bitbucket/projects/GL_RZUA_APP-ID-19546_DSG/repos/glgldh360gloqlt/browse/hammurabi/jobs/europa/rzua-gl-hmm-qlt-sustkpilinkoperatiomrobject-01.json?at=refs%2Ftags%2Fv18.3.3
https://bitbucket.globaldevtools.bbva.com/bitbucket/projects/GL_RZUA_APP-ID-19546_DSG/repos/glgldh360gloqlt/browse/hammurabi/jobs/america/rzua-gl-hmm-qlt-sustkpilinkoperatiomrobject-01.json?at=refs%2Ftags%2Fv18.3.3";t_rzua_sust_kpi_link_operation;;rzua-gl-hmm-qlt-sustkpilinkoperatiomrobject-01.json;"""18.3.3"""
RZUA_sust-kpi-link-operation_KSAN_eom-contract_MMRule.conf;"https://bitbucket.globaldevtools.bbva.com/bitbucket/projects/GL_RZUA_APP-ID-19546_DSG/repos/glgldh360gloqlt/browse/hammurabi/jobs/europa/rzua-gl-hmm-qlt-sustkpilinkoperatiommrule-01.json?at=refs%2Ftags%2Fv18.3.3
https://bitbucket.globaldevtools.bbva.com/bitbucket/projects/GL_RZUA_APP-ID-19546_DSG/repos/glgldh360gloqlt/browse/hammurabi/jobs/america/rzua-gl-hmm-qlt-sustkpilinkoperatiommrule-01.json?at=refs%2Ftags%2Fv18.3.3";t_rzua_sust_kpi_link_operation;t_ksan_eom_contract;rzua-gl-hmm-qlt-sustkpilinkoperatiommrule-01.json;"""18.3.3"""
RZUA_sust-kpi-link-rvw-alert_MRField.conf;"https://bitbucket.globaldevtools.bbva.com/bitbucket/projects/GL_RZUA_APP-ID-19546_DSG/repos/glgldh360gloqlt/browse/hammurabi/jobs/europa/rzua-gl-hmm-qlt-sustkpilinkrvwalertmrfield-01.json?at=refs%2Ftags%2Fv18.3.3
https://bitbucket.globaldevtools.bbva.com/bitbucket/projects/GL_RZUA_APP-ID-19546_DSG/repos/glgldh360gloqlt/browse/hammurabi/jobs/america/rzua-gl-hmm-qlt-sustkpilinkrvwalertmrfield-01.json?at=refs%2Ftags%2Fv18.3.3";t_rzua_sust_kpi_link_rvw_alert;;rzua-gl-hmm-qlt-sustkpilinkrvwalertmrfield-01.json;"""18.3.3"""
RZUA_sust-kpi-link-rvw-alert_MRObject.conf;"https://bitbucket.globaldevtools.bbva.com/bitbucket/projects/GL_RZUA_APP-ID-19546_DSG/repos/glgldh360gloqlt/browse/hammurabi/jobs/europa/rzua-gl-hmm-qlt-sustkpilinkrvwalertmrobject-01.json?at=refs%2Ftags%2Fv18.3.3
https://bitbucket.globaldevtools.bbva.com/bitbucket/projects/GL_RZUA_APP-ID-19546_DSG/repos/glgldh360gloqlt/browse/hammurabi/jobs/america/rzua-gl-hmm-qlt-sustkpilinkrvwalertmrobject-01.json?at=refs%2Ftags%2Fv18.3.3";t_rzua_sust_kpi_link_rvw_alert;;rzua-gl-hmm-qlt-sustkpilinkrvwalertmrobject-01.json;"""18.3.3"""
RZUA_sust-operations_MRField.conf;"https://bitbucket.globaldevtools.bbva.com/bitbucket/projects/GL_RZUA_APP-ID-19546_DSG/repos/glgldh360gloqlt/browse/hammurabi/jobs/europa/rzua-gl-hmm-qlt-sustoperationsmrfield-01.json?at=refs%2Ftags%2Fv18.3.3
https://bitbucket.globaldevtools.bbva.com/bitbucket/projects/GL_RZUA_APP-ID-19546_DSG/repos/glgldh360gloqlt/browse/hammurabi/jobs/america/rzua-gl-hmm-qlt-sustoperationsmrfield-01.json?at=refs%2Ftags%2Fv18.3.3";t_rzua_sust_operations;;rzua-gl-hmm-qlt-sustoperationsmrfield-01.json;"""18.3.3"""
RZUA_sust-operations_MRObject.conf;"https://bitbucket.globaldevtools.bbva.com/bitbucket/projects/GL_RZUA_APP-ID-19546_DSG/repos/glgldh360gloqlt/browse/hammurabi/jobs/europa/rzua-gl-hmm-qlt-sustoperationsmrobject-01.json?at=refs%2Ftags%2Fv18.3.3
https://bitbucket.globaldevtools.bbva.com/bitbucket/projects/GL_RZUA_APP-ID-19546_DSG/repos/glgldh360gloqlt/browse/hammurabi/jobs/america/rzua-gl-hmm-qlt-sustoperationsmrobject-01.json?at=refs%2Ftags%2Fv18.3.3";t_rzua_sust_operations;;rzua-gl-hmm-qlt-sustoperationsmrobject-01.json;"""18.3.3"""
RZUA_sust-operations_KCOG_entity_MMRule.conf;"https://bitbucket.globaldevtools.bbva.com/bitbucket/projects/GL_RZUA_APP-ID-19546_DSG/repos/glgldh360gloqlt/browse/hammurabi/jobs/europa/rzua-gl-hmm-qlt-sustoperationsmmrule-01.json?at=refs%2Ftags%2Fv18.3.3
https://bitbucket.globaldevtools.bbva.com/bitbucket/projects/GL_RZUA_APP-ID-19546_DSG/repos/glgldh360gloqlt/browse/hammurabi/jobs/america/rzua-gl-hmm-qlt-sustoperationsmmrule-01.json?at=refs%2Ftags%2Fv18.3.3";t_rzua_sust_operations;t_kcog_entity;rzua-gl-hmm-qlt-sustoperationsmmrule-01.json;"""18.3.3"""
RZUA_sust-operations-cib_MRField.conf;"https://bitbucket.globaldevtools.bbva.com/bitbucket/projects/GL_RZUA_APP-ID-19546_DSG/repos/glgldh360gloqlt/browse/hammurabi/jobs/europa/rzua-gl-hmm-qlt-sustoperationscibmrfield-01.json?at=refs%2Ftags%2Fv18.3.3
https://bitbucket.globaldevtools.bbva.com/bitbucket/projects/GL_RZUA_APP-ID-19546_DSG/repos/glgldh360gloqlt/browse/hammurabi/jobs/america/rzua-gl-hmm-qlt-sustoperationscibmrfield-01.json?at=refs%2Ftags%2Fv18.3.3";t_rzua_sust_operations_cib;;rzua-gl-hmm-qlt-sustoperationscibmrfield-01.json;"""18.3.3"""
RZUA_sust-operations-cib_MRObject.conf;"https://bitbucket.globaldevtools.bbva.com/bitbucket/projects/GL_RZUA_APP-ID-19546_DSG/repos/glgldh360gloqlt/browse/hammurabi/jobs/europa/rzua-gl-hmm-qlt-sustoperationscibmrobject-01.json?at=refs%2Ftags%2Fv18.3.3
https://bitbucket.globaldevtools.bbva.com/bitbucket/projects/GL_RZUA_APP-ID-19546_DSG/repos/glgldh360gloqlt/browse/hammurabi/jobs/america/rzua-gl-hmm-qlt-sustoperationscibmrobject-01.json?at=refs%2Ftags%2Fv18.3.3";t_rzua_sust_operations_cib;;rzua-gl-hmm-qlt-sustoperationscibmrobject-01.json;"""18.3.3"""
RZUA_sust-operations-cib_G5M3_sust-mob-operations_MMRule.conf;"https://bitbucket.globaldevtools.bbva.com/bitbucket/projects/GL_RZUA_APP-ID-19546_DSG/repos/glgldh360gloqlt/browse/hammurabi/jobs/europa/rzua-gl-hmm-qlt-sustoperationscibmmrule-01.json?at=refs%2Ftags%2Fv18.3.3
https://bitbucket.globaldevtools.bbva.com/bitbucket/projects/GL_RZUA_APP-ID-19546_DSG/repos/glgldh360gloqlt/browse/hammurabi/jobs/america/rzua-gl-hmm-qlt-sustoperationscibmmrule-01.json?at=refs%2Ftags%2Fv18.3.3";t_rzua_sust_operations_cib;t_g5m3_sust_mob_operations;rzua-gl-hmm-qlt-sustoperationscibmmrule-01.json;"""18.3.3"""
RZUA_sust-operations-cib_KCOG_entity_MMRule.conf;"https://bitbucket.globaldevtools.bbva.com/bitbucket/projects/GL_RZUA_APP-ID-19546_DSG/repos/glgldh360gloqlt/browse/hammurabi/jobs/europa/rzua-gl-hmm-qlt-sustoperationscibmmrule-02.json?at=refs%2Ftags%2Fv18.3.3
https://bitbucket.globaldevtools.bbva.com/bitbucket/projects/GL_RZUA_APP-ID-19546_DSG/repos/glgldh360gloqlt/browse/hammurabi/jobs/america/rzua-gl-hmm-qlt-sustoperationscibmmrule-02.json?at=refs%2Ftags%2Fv18.3.3";t_rzua_sust_operations_cib;t_kcog_entity;rzua-gl-hmm-qlt-sustoperationscibmmrule-02.json;"""18.3.3"""
RZUA_sust-operations-cib_RZUA_sust-operations-cib_MMRule.conf;"https://bitbucket.globaldevtools.bbva.com/bitbucket/projects/GL_RZUA_APP-ID-19546_DSG/repos/glgldh360gloqlt/browse/hammurabi/jobs/europa/rzua-gl-hmm-qlt-sustoperationscibmmrule-03.json?at=refs%2Ftags%2Fv18.3.3
https://bitbucket.globaldevtools.bbva.com/bitbucket/projects/GL_RZUA_APP-ID-19546_DSG/repos/glgldh360gloqlt/browse/hammurabi/jobs/america/rzua-gl-hmm-qlt-sustoperationscibmmrule-03.json?at=refs%2Ftags%2Fv18.3.3";t_rzua_sust_operations_cib;t_rzua_sust_operations_cib;rzua-gl-hmm-qlt-sustoperationscibmmrule-03.json;"""18.3.3"""
RZUA_sust-operations-cib_RZUA_sust-operations_MMRule.conf;"https://bitbucket.globaldevtools.bbva.com/bitbucket/projects/GL_RZUA_APP-ID-19546_DSG/repos/glgldh360gloqlt/browse/hammurabi/jobs/europa/rzua-gl-hmm-qlt-sustoperationscibmmrule-04.json?at=refs%2Ftags%2Fv18.3.3
https://bitbucket.globaldevtools.bbva.com/bitbucket/projects/GL_RZUA_APP-ID-19546_DSG/repos/glgldh360gloqlt/browse/hammurabi/jobs/america/rzua-gl-hmm-qlt-sustoperationscibmmrule-04.json?at=refs%2Ftags%2Fv18.3.3";t_rzua_sust_operations_cib;t_rzua_sust_operations;rzua-gl-hmm-qlt-sustoperationscibmmrule-04.json;"""18.3.3"""
RZUA_sust-operations-eod_MRField.conf;"https://bitbucket.globaldevtools.bbva.com/bitbucket/projects/GL_RZUA_APP-ID-19546_DSG/repos/glgldh360gloqlt/browse/hammurabi/jobs/europa/rzua-gl-hmm-qlt-sustoperationseodmrfield-01.json?at=refs%2Ftags%2Fv18.3.3
https://bitbucket.globaldevtools.bbva.com/bitbucket/projects/GL_RZUA_APP-ID-19546_DSG/repos/glgldh360gloqlt/browse/hammurabi/jobs/america/rzua-gl-hmm-qlt-sustoperationseodmrfield-01.json?at=refs%2Ftags%2Fv18.3.3";t_rzua_sust_operations_eod;;rzua-gl-hmm-qlt-sustoperationseodmrfield-01.json;"""18.3.3"""
RZUA_sust-operations-eod_MRObject.conf;"https://bitbucket.globaldevtools.bbva.com/bitbucket/projects/GL_RZUA_APP-ID-19546_DSG/repos/glgldh360gloqlt/browse/hammurabi/jobs/europa/rzua-gl-hmm-qlt-sustoperationseodmrobject-01.json?at=refs%2Ftags%2Fv18.3.3
https://bitbucket.globaldevtools.bbva.com/bitbucket/projects/GL_RZUA_APP-ID-19546_DSG/repos/glgldh360gloqlt/browse/hammurabi/jobs/america/rzua-gl-hmm-qlt-sustoperationseodmrobject-01.json?at=refs%2Ftags%2Fv18.3.3";t_rzua_sust_operations_eod;;rzua-gl-hmm-qlt-sustoperationseodmrobject-01.json;"""18.3.3"""
RZUA_sust-operations-eod_KCOG_country_MMRule.conf;"https://bitbucket.globaldevtools.bbva.com/bitbucket/projects/GL_RZUA_APP-ID-19546_DSG/repos/glgldh360gloqlt/browse/hammurabi/jobs/europa/rzua-gl-hmm-qlt-sustoperationseodmmrule-01.json?at=refs%2Ftags%2Fv18.3.3
https://bitbucket.globaldevtools.bbva.com/bitbucket/projects/GL_RZUA_APP-ID-19546_DSG/repos/glgldh360gloqlt/browse/hammurabi/jobs/america/rzua-gl-hmm-qlt-sustoperationseodmmrule-01.json?at=refs%2Ftags%2Fv18.3.3";t_rzua_sust_operations_eod;t_kcog_country;rzua-gl-hmm-qlt-sustoperationseodmmrule-01.json;"""18.3.3"""
SCAT_sustainability-hierarch_MRField.conf;"https://bitbucket.globaldevtools.bbva.com/bitbucket/projects/GL_SCAT_APP-ID-1302468_DSG/repos/glgldh360gloqlt/browse/hammurabi/jobs/europa/scat-gl-hmm-qlt-sustainabilityhieramrfield-01.json?at=refs%2Ftags%2Fv16.0.1
https://bitbucket.globaldevtools.bbva.com/bitbucket/projects/GL_SCAT_APP-ID-1302468_DSG/repos/glgldh360gloqlt/browse/hammurabi/jobs/america/scat-gl-hmm-qlt-sustainabilityhieramrfield-01.json?at=refs%2Ftags%2Fv16.0.1";t_scat_sustainability_hierarch;;scat-gl-hmm-qlt-sustainabilityhieramrfield-01.json;"""16.0.1"""
SCAT_sustainability-master_MRField.conf;"https://bitbucket.globaldevtools.bbva.com/bitbucket/projects/GL_SCAT_APP-ID-1302468_DSG/repos/glgldh360gloqlt/browse/hammurabi/jobs/europa/scat-gl-hmm-qlt-sustainabilitymastemrfield-01.json?at=refs%2Ftags%2Fv16.0.1
https://bitbucket.globaldevtools.bbva.com/bitbucket/projects/GL_SCAT_APP-ID-1302468_DSG/repos/glgldh360gloqlt/browse/hammurabi/jobs/america/scat-gl-hmm-qlt-sustainabilitymastemrfield-01.json?at=refs%2Ftags%2Fv16.0.1";t_scat_sustainability_master;;scat-gl-hmm-qlt-sustainabilitymastemrfield-01.json;"""16.0.1"""
TDI3_campaign_MRField.conf;"https://bitbucket.globaldevtools.bbva.com/bitbucket/projects/GL_TDI3_APP-ID-76899_DSG/repos/glgldh360gloqlt/browse/hammurabi/jobs/europa/tdi3-gl-hmm-qlt-campaignmrfield-01.json?at=refs%2Ftags%2Fv18.3.3
https://bitbucket.globaldevtools.bbva.com/bitbucket/projects/GL_TDI3_APP-ID-76899_DSG/repos/glgldh360gloqlt/browse/hammurabi/jobs/america/tdi3-gl-hmm-qlt-campaignmrfield-01.json?at=refs%2Ftags%2Fv18.3.3";t_tdi3_campaign;;tdi3-gl-hmm-qlt-campaignmrfield-01.json;"""18.3.3"""
TDI3_campaign_KCOG_entity_MMRule.conf;"https://bitbucket.globaldevtools.bbva.com/bitbucket/projects/GL_TDI3_APP-ID-76899_DSG/repos/glgldh360gloqlt/browse/hammurabi/jobs/europa/tdi3-gl-hmm-qlt-campaignmmrule-01.json?at=refs%2Ftags%2Fv18.3.3
https://bitbucket.globaldevtools.bbva.com/bitbucket/projects/GL_TDI3_APP-ID-76899_DSG/repos/glgldh360gloqlt/browse/hammurabi/jobs/america/tdi3-gl-hmm-qlt-campaignmmrule-01.json?at=refs%2Ftags%2Fv18.3.3";t_tdi3_campaign;t_kcog_entity;tdi3-gl-hmm-qlt-campaignmmrule-01.json;"""18.3.3"""
TDI3_campaign_KCOG_country_MMRule.conf;"https://bitbucket.globaldevtools.bbva.com/bitbucket/projects/GL_TDI3_APP-ID-76899_DSG/repos/glgldh360gloqlt/browse/hammurabi/jobs/europa/tdi3-gl-hmm-qlt-campaignmmrule-02.json?at=refs%2Ftags%2Fv18.3.3
https://bitbucket.globaldevtools.bbva.com/bitbucket/projects/GL_TDI3_APP-ID-76899_DSG/repos/glgldh360gloqlt/browse/hammurabi/jobs/america/tdi3-gl-hmm-qlt-campaignmmrule-02.json?at=refs%2Ftags%2Fv18.3.3";t_tdi3_campaign;t_kcog_country;tdi3-gl-hmm-qlt-campaignmmrule-02.json;"""18.3.3"""
TDI3_communication_MRField.conf;"https://bitbucket.globaldevtools.bbva.com/bitbucket/projects/GL_TDI3_APP-ID-76899_DSG/repos/glgldh360gloqlt/browse/hammurabi/jobs/europa/tdi3-gl-hmm-qlt-communicationmrfield-01.json?at=refs%2Ftags%2Fv18.3.3
https://bitbucket.globaldevtools.bbva.com/bitbucket/projects/GL_TDI3_APP-ID-76899_DSG/repos/glgldh360gloqlt/browse/hammurabi/jobs/america/tdi3-gl-hmm-qlt-communicationmrfield-01.json?at=refs%2Ftags%2Fv18.3.3";t_tdi3_communication;;tdi3-gl-hmm-qlt-communicationmrfield-01.json;"""18.3.3"""
TDI3_communication_KCOG_entity_MMRule.conf;"https://bitbucket.globaldevtools.bbva.com/bitbucket/projects/GL_TDI3_APP-ID-76899_DSG/repos/glgldh360gloqlt/browse/hammurabi/jobs/europa/tdi3-gl-hmm-qlt-communicationmmrule-01.json?at=refs%2Ftags%2Fv18.3.3
https://bitbucket.globaldevtools.bbva.com/bitbucket/projects/GL_TDI3_APP-ID-76899_DSG/repos/glgldh360gloqlt/browse/hammurabi/jobs/america/tdi3-gl-hmm-qlt-communicationmmrule-01.json?at=refs%2Ftags%2Fv18.3.3";t_tdi3_communication;t_kcog_entity;tdi3-gl-hmm-qlt-communicationmmrule-01.json;"""18.3.3"""
TDI3_communication_KCOG_country_MMRule.conf;"https://bitbucket.globaldevtools.bbva.com/bitbucket/projects/GL_TDI3_APP-ID-76899_DSG/repos/glgldh360gloqlt/browse/hammurabi/jobs/europa/tdi3-gl-hmm-qlt-communicationmmrule-02.json?at=refs%2Ftags%2Fv18.3.3
https://bitbucket.globaldevtools.bbva.com/bitbucket/projects/GL_TDI3_APP-ID-76899_DSG/repos/glgldh360gloqlt/browse/hammurabi/jobs/america/tdi3-gl-hmm-qlt-communicationmmrule-02.json?at=refs%2Ftags%2Fv18.3.3";t_tdi3_communication;t_kcog_country;tdi3-gl-hmm-qlt-communicationmmrule-02.json;"""18.3.3"""
TDI3_communication_TDI3_tracking-code_MMRule.conf;"https://bitbucket.globaldevtools.bbva.com/bitbucket/projects/GL_TDI3_APP-ID-76899_DSG/repos/glgldh360gloqlt/browse/hammurabi/jobs/europa/tdi3-gl-hmm-qlt-communicationmmrule-03.json?at=refs%2Ftags%2Fv18.3.3
https://bitbucket.globaldevtools.bbva.com/bitbucket/projects/GL_TDI3_APP-ID-76899_DSG/repos/glgldh360gloqlt/browse/hammurabi/jobs/america/tdi3-gl-hmm-qlt-communicationmmrule-03.json?at=refs%2Ftags%2Fv18.3.3";t_tdi3_communication;t_tdi3_tracking_code;tdi3-gl-hmm-qlt-communicationmmrule-03.json;"""18.3.3"""
TDI3_communication_L9SV_placement-display_MMRule.conf;"https://bitbucket.globaldevtools.bbva.com/bitbucket/projects/GL_TDI3_APP-ID-76899_DSG/repos/glgldh360gloqlt/browse/hammurabi/jobs/europa/tdi3-gl-hmm-qlt-communicationmmrule-04.json?at=refs%2Ftags%2Fv18.3.3
https://bitbucket.globaldevtools.bbva.com/bitbucket/projects/GL_TDI3_APP-ID-76899_DSG/repos/glgldh360gloqlt/browse/hammurabi/jobs/america/tdi3-gl-hmm-qlt-communicationmmrule-04.json?at=refs%2Ftags%2Fv18.3.3";t_tdi3_communication;t_l9sv_placement_display;tdi3-gl-hmm-qlt-communicationmmrule-04.json;"""18.3.3"""
TDI3_cust-promo-adhesion-dp_MRField.conf;"https://bitbucket.globaldevtools.bbva.com/bitbucket/projects/GL_TDI3_APP-ID-76899_DSG/repos/glgldh360gloqlt/browse/hammurabi/jobs/europa/tdi3-gl-hmm-qlt-custpromoadhesiondpmrfield-01.json?at=refs%2Ftags%2Fv18.3.3
https://bitbucket.globaldevtools.bbva.com/bitbucket/projects/GL_TDI3_APP-ID-76899_DSG/repos/glgldh360gloqlt/browse/hammurabi/jobs/america/tdi3-gl-hmm-qlt-custpromoadhesiondpmrfield-01.json?at=refs%2Ftags%2Fv18.3.3";t_tdi3_cust_promo_adhesion_dp;;tdi3-gl-hmm-qlt-custpromoadhesiondpmrfield-01.json;"""18.3.3"""
TDI3_cust-promo-adhesion-dp_MRObject.conf;"https://bitbucket.globaldevtools.bbva.com/bitbucket/projects/GL_TDI3_APP-ID-76899_DSG/repos/glgldh360gloqlt/browse/hammurabi/jobs/europa/tdi3-gl-hmm-qlt-custpromoadhesiondpmrobject-01.json?at=refs%2Ftags%2Fv18.3.3
https://bitbucket.globaldevtools.bbva.com/bitbucket/projects/GL_TDI3_APP-ID-76899_DSG/repos/glgldh360gloqlt/browse/hammurabi/jobs/america/tdi3-gl-hmm-qlt-custpromoadhesiondpmrobject-01.json?at=refs%2Ftags%2Fv18.3.3";t_tdi3_cust_promo_adhesion_dp;;tdi3-gl-hmm-qlt-custpromoadhesiondpmrobject-01.json;"""18.3.3"""
TDI3_cust-promo-adhesion-dp_KBTQ_customer-info_MMRule.conf;"https://bitbucket.globaldevtools.bbva.com/bitbucket/projects/GL_TDI3_APP-ID-76899_DSG/repos/glgldh360gloqlt/browse/hammurabi/jobs/europa/tdi3-gl-hmm-qlt-custpromoadhesiondpmmrule-01.json?at=refs%2Ftags%2Fv18.3.3
https://bitbucket.globaldevtools.bbva.com/bitbucket/projects/GL_TDI3_APP-ID-76899_DSG/repos/glgldh360gloqlt/browse/hammurabi/jobs/america/tdi3-gl-hmm-qlt-custpromoadhesiondpmmrule-01.json?at=refs%2Ftags%2Fv18.3.3";t_tdi3_cust_promo_adhesion_dp;t_kbtq_customer_info;tdi3-gl-hmm-qlt-custpromoadhesiondpmmrule-01.json;"""18.3.3"""
TDI3_cust-promotions_MRField.conf;"https://bitbucket.globaldevtools.bbva.com/bitbucket/projects/GL_TDI3_APP-ID-76899_DSG/repos/glgldh360gloqlt/browse/hammurabi/jobs/europa/tdi3-gl-hmm-qlt-custpromotionsmrfield-01.json?at=refs%2Ftags%2Fv18.3.3
https://bitbucket.globaldevtools.bbva.com/bitbucket/projects/GL_TDI3_APP-ID-76899_DSG/repos/glgldh360gloqlt/browse/hammurabi/jobs/america/tdi3-gl-hmm-qlt-custpromotionsmrfield-01.json?at=refs%2Ftags%2Fv18.3.3";t_tdi3_cust_promotions;;tdi3-gl-hmm-qlt-custpromotionsmrfield-01.json;"""18.3.3"""
TDI3_cust-promotions_MRObject.conf;"https://bitbucket.globaldevtools.bbva.com/bitbucket/projects/GL_TDI3_APP-ID-76899_DSG/repos/glgldh360gloqlt/browse/hammurabi/jobs/europa/tdi3-gl-hmm-qlt-custpromotionsmrobject-01.json?at=refs%2Ftags%2Fv18.3.3
https://bitbucket.globaldevtools.bbva.com/bitbucket/projects/GL_TDI3_APP-ID-76899_DSG/repos/glgldh360gloqlt/browse/hammurabi/jobs/america/tdi3-gl-hmm-qlt-custpromotionsmrobject-01.json?at=refs%2Ftags%2Fv18.3.3";t_tdi3_cust_promotions;;tdi3-gl-hmm-qlt-custpromotionsmrobject-01.json;"""18.3.3"""
TDI3_cust-promotions_TDI3_cust-promo-adhesion-dp_MMRule.conf;"https://bitbucket.globaldevtools.bbva.com/bitbucket/projects/GL_TDI3_APP-ID-76899_DSG/repos/glgldh360gloqlt/browse/hammurabi/jobs/europa/tdi3-gl-hmm-qlt-custpromotionsmmrule-01.json?at=refs%2Ftags%2Fv18.3.3
https://bitbucket.globaldevtools.bbva.com/bitbucket/projects/GL_TDI3_APP-ID-76899_DSG/repos/glgldh360gloqlt/browse/hammurabi/jobs/america/tdi3-gl-hmm-qlt-custpromotionsmmrule-01.json?at=refs%2Ftags%2Fv18.3.3";t_tdi3_cust_promotions;t_tdi3_cust_promo_adhesion_dp;tdi3-gl-hmm-qlt-custpromotionsmmrule-01.json;"""18.3.3"""
TDI3_tracking-code_MRField.conf;"https://bitbucket.globaldevtools.bbva.com/bitbucket/projects/GL_TDI3_APP-ID-76899_DSG/repos/glgldh360gloqlt/browse/hammurabi/jobs/europa/tdi3-gl-hmm-qlt-trackingcodemrfield-01.json?at=refs%2Ftags%2Fv18.3.3
https://bitbucket.globaldevtools.bbva.com/bitbucket/projects/GL_TDI3_APP-ID-76899_DSG/repos/glgldh360gloqlt/browse/hammurabi/jobs/america/tdi3-gl-hmm-qlt-trackingcodemrfield-01.json?at=refs%2Ftags%2Fv18.3.3";t_tdi3_tracking_code;;tdi3-gl-hmm-qlt-trackingcodemrfield-01.json;"""18.3.3"""
TDI3_tracking-code_L9SV_placement-display_MMRule.conf;"https://bitbucket.globaldevtools.bbva.com/bitbucket/projects/GL_TDI3_APP-ID-76899_DSG/repos/glgldh360gloqlt/browse/hammurabi/jobs/europa/tdi3-gl-hmm-qlt-trackingcodemmrule-01.json?at=refs%2Ftags%2Fv18.3.3
https://bitbucket.globaldevtools.bbva.com/bitbucket/projects/GL_TDI3_APP-ID-76899_DSG/repos/glgldh360gloqlt/browse/hammurabi/jobs/america/tdi3-gl-hmm-qlt-trackingcodemmrule-01.json?at=refs%2Ftags%2Fv18.3.3";t_tdi3_tracking_code;t_l9sv_placement_display;tdi3-gl-hmm-qlt-trackingcodemmrule-01.json;"""18.3.3"""
TDI3_tracking-code_TDI3_communication_MMRule.conf;"https://bitbucket.globaldevtools.bbva.com/bitbucket/projects/GL_TDI3_APP-ID-76899_DSG/repos/glgldh360gloqlt/browse/hammurabi/jobs/europa/tdi3-gl-hmm-qlt-trackingcodemmrule-02.json?at=refs%2Ftags%2Fv18.3.3
https://bitbucket.globaldevtools.bbva.com/bitbucket/projects/GL_TDI3_APP-ID-76899_DSG/repos/glgldh360gloqlt/browse/hammurabi/jobs/america/tdi3-gl-hmm-qlt-trackingcodemmrule-02.json?at=refs%2Ftags%2Fv18.3.3";t_tdi3_tracking_code;t_tdi3_communication;tdi3-gl-hmm-qlt-trackingcodemmrule-02.json;"""18.3.3"""
TLHR_complaints-claims_MRField.conf;"https://bitbucket.globaldevtools.bbva.com/bitbucket/projects/GL_TLHR_APP-ID-1120806_DSG/repos/glgldh360gloqlt/browse/hammurabi/jobs/europa/tlhr-gl-hmm-qlt-complaintsclaimsmrfield-01.json?at=refs%2Ftags%2Fv18.3.3
https://bitbucket.globaldevtools.bbva.com/bitbucket/projects/GL_TLHR_APP-ID-1120806_DSG/repos/glgldh360gloqlt/browse/hammurabi/jobs/america/tlhr-gl-hmm-qlt-complaintsclaimsmrfield-01.json?at=refs%2Ftags%2Fv18.3.3";t_tlhr_complaints_claims;;tlhr-gl-hmm-qlt-complaintsclaimsmrfield-01.json;"""18.3.3"""
TLHR_complaints-claims_MRObject.conf;"https://bitbucket.globaldevtools.bbva.com/bitbucket/projects/GL_TLHR_APP-ID-1120806_DSG/repos/glgldh360gloqlt/browse/hammurabi/jobs/europa/tlhr-gl-hmm-qlt-complaintsclaimsmrobject-01.json?at=refs%2Ftags%2Fv18.3.3
https://bitbucket.globaldevtools.bbva.com/bitbucket/projects/GL_TLHR_APP-ID-1120806_DSG/repos/glgldh360gloqlt/browse/hammurabi/jobs/america/tlhr-gl-hmm-qlt-complaintsclaimsmrobject-01.json?at=refs%2Ftags%2Fv18.3.3";t_tlhr_complaints_claims;;tlhr-gl-hmm-qlt-complaintsclaimsmrobject-01.json;"""18.3.3"""
YFVH_cards-calc-balances_MRField.conf;"https://bitbucket.globaldevtools.bbva.com/bitbucket/projects/GL_YFVH_APP-ID-168995_DSG/repos/glgldh360gloqlt/browse/hammurabi/jobs/europa/yfvh-gl-hmm-qlt-cardscalcbalancesmrfield-01.json?at=refs%2Ftags%2Fv18.3.6
https://bitbucket.globaldevtools.bbva.com/bitbucket/projects/GL_YFVH_APP-ID-168995_DSG/repos/glgldh360gloqlt/browse/hammurabi/jobs/america/yfvh-gl-hmm-qlt-cardscalcbalancesmrfield-01.json?at=refs%2Ftags%2Fv18.3.6";t_yfvh_cards_calc_balances;;yfvh-gl-hmm-qlt-cardscalcbalancesmrfield-01.json;"""18.3.6"""
