GUARDAR AQUI EVIDENCIAS: https://drive.google.com/drive/u/1/folders/1WuJDZQC59yayX4-s5WL67VNCXTB2cWbg ,,,,,,,,,,
[C360-Ingestas] Documentos de evidencias para Jira,,,,,,,,,,
VERIFICADO,GUARDADO DRIVE y JIRA,TABLA PRINCIPAL,Q,JIRA,ID funcional / conf,LOCAL LOGS,JOB NAME (ADA WORK),RUN ID (ADA WORK),Observaciones,Desarrollador
TRUE,TRUE,t_l9ct_em_factors_motor_ve,3Q25,https://jira.globaldevtools.bbva.com/browse/DECSCLIENT-3181,2792746658,"----> -------------------------------
----> Rule: 3.5 (com.datio.hammurabi.rules.validity.DynamicCatalogRule)
----> Subset: None
----> Physical field: g_data_origin_qlty_score_type
----> Is Critical: false
----> DrillDown: Some()->Some()
----> MinimumThreshold: None
----> TargetThreshold: None
----> Passed records: 4 
----> Total records affected: 4
----> Compliance percentage: 100.0
----> Acceptance Min: None
----> Final status: Passed
----> -------------------------------",l9ct-gl-hmm-qlt-emfactorsmotorvee-01,l9ct-gl-hmm-qlt-emfactorsmotorvee-01-19OAylXlyRwfWWV,,Egoitz Lopez
TRUE,FALSE,t_b0hn_sust_group_mark,3Q25,https://jira.globaldevtools.bbva.com/browse/DECSCLIENT-3187,GL_DOM_t_b0hn_sust_group_mark_5.3_003,"########                          DATA QUALITY RESULTS                          ########
########################################################################################
--> DATASET
----> ObjectPath: Some(/data/master/b0hn/data/t_b0hn_sust_group_mark)
----> PhysicalObject: t_b0hn_sust_group_mark
----> UUAA: b0hn
----> Subset: Some(gf_cutoff_date='1997-01-01')
----> FrequencyRuleExecution: None
----> Dataset size: 8 rows
----> Data date: 1997-01-01
----> Execution date: 2025-06-26 12:04:24.215
--> RESULTS
----> Rule: 5.3 (com.datio.hammurabi.rules.integrity.SameValueComparisonRule)
----> Subset: None
----> Physical field: gf_sustainability_mark_id
----> Is Critical: false
----> DrillDown: Some()->Some()
----> MinimumThreshold: None
----> TargetThreshold: None
----> Passed records: 8 
----> Total records affected: 8
----> Compliance percentage: 100.0
----> Acceptance Min: None
----> Final status: Passed
----> -------------------------------
########################################################################################
########                             END OF RESULTS                             ########
########################################################################################

Process finished with exit code 0",b0hn-gl-hmm-qlt-sustgroupmark-02,b0hn-gl-hmm-qlt-sustgroupmark-02-A9YhRmH7MZU6t2K,,Juan Carlos Frutos
FALSE,FALSE,t_l9ct_co_asset_rel_activity,3Q25,https://jira.globaldevtools.bbva.com/browse/DECSCLIENT-3179,"27fdb74b40 
27fe0c6498 
27fe0cf8f2 ",NA,l9ct-gl-hmm-qlt-coassetrelactmmr-01,l9ct-gl-hmm-qlt-coassetrelactmmr-01-eSmn82faI03G3Xl,,Marcos Leon
TRUE,TRUE,t_l9ct_company_metric_year_cntry,3Q25,https://jira.globaldevtools.bbva.com/browse/DECSCLIENT-2636,28c6638322,"----> -------------------------------
----> Rule: 3.1 (com.datio.hammurabi.rules.validity.NotNullValidationRule)
----> Subset: None
----> Physical field: g_country_id
----> Is Critical: true
----> DrillDown: Some()->Some()
----> MinimumThreshold: None
----> TargetThreshold: None
----> Passed records: 4 
----> Total records affected: 4
----> Compliance percentage: 100.0
----> Acceptance Min: None
----> Final status: Passed
----> -------------------------------",l9ct-gl-hmm-qlt-companymetricyearcntryyy-01,l9ct-gl-hmm-qlt-companymetricyearcntryyy-01-1ICa6irMTcW2xBc,,Egoitz Lopez
TRUE,TRUE,,,,28c6638427,"----> -------------------------------
----> Rule: 3.2 (com.datio.hammurabi.rules.validity.FormatValidationRule)
----> Subset: None
----> Physical field: g_country_id
----> Is Critical: true
----> DrillDown: Some()->Some()
----> MinimumThreshold: None
----> TargetThreshold: None
----> Passed records: 4 
----> Total records affected: 4
----> Compliance percentage: 100.0
----> Acceptance Min: None
----> Final status: Passed
----> -------------------------------",,,,
TRUE,TRUE,,,,28ada4e43c,"----> -------------------------------
----> Rule: 4.2 (com.datio.hammurabi.rules.consistence.DuplicateRule)
----> Subset: None
----> Physical field: 
----> Is Critical: true
----> DrillDown: Some()->Some()
----> MinimumThreshold: None
----> TargetThreshold: None
----> Passed records: 4 
----> Total records affected: 4
----> Compliance percentage: 100.0
----> Acceptance Min: None
----> Final status: Passed
----> -------------------------------",,,,
TRUE,TRUE,t_l9ct_company_production_unit,3Q25,https://jira.globaldevtools.bbva.com/browse/DECSCLIENT-3197,28c3dcad53,"-----> -------------------------------
----> Rule: 3.1 (com.datio.hammurabi.rules.validity.NotNullValidationRule)
----> Subset: None
----> Physical field: gf_prod_total_number
----> Is Critical: false
----> DrillDown: Some()->Some()
----> MinimumThreshold: None
----> TargetThreshold: None
----> Passed records: 4 
----> Total records affected: 4
----> Compliance percentage: 100.0
----> Acceptance Min: None
----> Final status: Passed
----> -------------------------------",l9ct-gl-hmm-qlt-companyproductionunitt-01,l9ct-gl-hmm-qlt-companyproductionunitt-01-9vTqW83CTTNsyC6,,Egoitz Lopez
TRUE,TRUE,,,,28c3dcae6b,"----> -------------------------------
----> Rule: 3.2 (com.datio.hammurabi.rules.validity.FormatValidationRule)
----> Subset: None
----> Physical field: gf_prod_unit_meas_desc
----> Is Critical: false
----> DrillDown: Some()->Some()
----> MinimumThreshold: None
----> TargetThreshold: None
----> Passed records: 4 
----> Total records affected: 4
----> Compliance percentage: 100.0
----> Acceptance Min: None
----> Final status: Passed
----> -------------------------------",,,,
TRUE,FALSE,t_l9ct_co_asset_rel_emissions,3Q25,https://jira.globaldevtools.bbva.com/browse/DECSCLIENT-3177,27fdb2a2a1,,l9ct-gl-hmm-qlt-colrelemissions-02,l9ct-gl-hmm-qlt-colrelemissions-02-CDv1kOkAYG6lZoI,,Juan Carlos Frutos
TRUE,FALSE,,,,27fdb31284,,,,,
TRUE,FALSE,,,,27fdb3770c,,,,,
TRUE,FALSE,t_l9ct_em_factors_by_sector,3Q25,https://jira.globaldevtools.bbva.com/browse/DECSCLIENT-3206,"28c44743b5
28c4474524
28c4474683
28c44747e9
28c4474930
28c4474a91
28c4474bdd
28c4474d63
28c4474ed7","########                          DATA QUALITY RESULTS                          ########
########################################################################################
--> DATASET
----> ObjectPath: Some(/data/master/l9ct/data/t_l9ct_em_factors_by_sector)
----> PhysicalObject: t_l9ct_em_factors_by_sector
----> UUAA: l9ct
----> Subset: Some(gf_cutoff_date='1997-01-01')
----> FrequencyRuleExecution: None
----> Dataset size: 8 rows
----> Data date: 1997-01-01
----> Execution date: 2025-07-01 11:47:32.275
--> RESULTS
----> Rule: 3.2 (com.datio.hammurabi.rules.validity.FormatValidationRule)
----> Subset: None
----> Physical field: g_data_lvl_1_info_cat_desc
----> Is Critical: false
----> DrillDown: Some()->Some()
----> MinimumThreshold: None
----> TargetThreshold: None
----> Passed records: 8 
----> Total records affected: 8
----> Compliance percentage: 100.0
----> Acceptance Min: None
----> Final status: Passed
----> -------------------------------
----> Rule: 3.2 (com.datio.hammurabi.rules.validity.FormatValidationRule)
----> Subset: None
----> Physical field: g_data_lvl_2_info_cat_desc
----> Is Critical: false
----> DrillDown: Some()->Some()
----> MinimumThreshold: None
----> TargetThreshold: None
----> Passed records: 8 
----> Total records affected: 8
----> Compliance percentage: 100.0
----> Acceptance Min: None
----> Final status: Passed
----> -------------------------------
----> Rule: 3.2 (com.datio.hammurabi.rules.validity.FormatValidationRule)
----> Subset: None
----> Physical field: g_emfc_meas_ref_object_desc
----> Is Critical: false
----> DrillDown: Some()->Some()
----> MinimumThreshold: None
----> TargetThreshold: None
----> Passed records: 8 
----> Total records affected: 8
----> Compliance percentage: 100.0
----> Acceptance Min: None
----> Final status: Passed
----> -------------------------------
----> Rule: 3.2 (com.datio.hammurabi.rules.validity.FormatValidationRule)
----> Subset: None
----> Physical field: g_emfc_meas_ratio_unit_type
----> Is Critical: false
----> DrillDown: Some()->Some()
----> MinimumThreshold: None
----> TargetThreshold: None
----> Passed records: 8 
----> Total records affected: 8
----> Compliance percentage: 100.0
----> Acceptance Min: None
----> Final status: Passed
----> -------------------------------
----> Rule: 3.2 (com.datio.hammurabi.rules.validity.FormatValidationRule)
----> Subset: None
----> Physical field: g_data_origin_qlty_score_type
----> Is Critical: false
----> DrillDown: Some()->Some()
----> MinimumThreshold: None
----> TargetThreshold: None
----> Passed records: 8 
----> Total records affected: 8
----> Compliance percentage: 100.0
----> Acceptance Min: None
----> Final status: Passed
----> -------------------------------
----> Rule: 3.1 (com.datio.hammurabi.rules.validity.NotNullValidationRule)
----> Subset: None
----> Physical field: gf_emfc_source_1_year_number
----> Is Critical: false
----> DrillDown: Some()->Some()
----> MinimumThreshold: None
----> TargetThreshold: None
----> Passed records: 8 
----> Total records affected: 8
----> Compliance percentage: 100.0
----> Acceptance Min: None
----> Final status: Passed
----> -------------------------------
----> Rule: 3.2 (com.datio.hammurabi.rules.validity.FormatValidationRule)
----> Subset: None
----> Physical field: g_em_fctr_meas_object_id
----> Is Critical: false
----> DrillDown: Some()->Some()
----> MinimumThreshold: None
----> TargetThreshold: None
----> Passed records: 8 
----> Total records affected: 8
----> Compliance percentage: 100.0
----> Acceptance Min: None
----> Final status: Passed
----> -------------------------------
----> Rule: 3.2 (com.datio.hammurabi.rules.validity.FormatValidationRule)
----> Subset: None
----> Physical field: g_finc_ems_est_method_type
----> Is Critical: false
----> DrillDown: Some()->Some()
----> MinimumThreshold: None
----> TargetThreshold: None
----> Passed records: 8 
----> Total records affected: 8
----> Compliance percentage: 100.0
----> Acceptance Min: None
----> Final status: Passed
----> -------------------------------
----> Rule: 3.4 (com.datio.hammurabi.rules.validity.NumericRangeRule)
----> Subset: None
----> Physical field: gf_emfc_source_1_year_number
----> Is Critical: false
----> DrillDown: Some()->Some()
----> MinimumThreshold: None
----> TargetThreshold: None
----> Passed records: 8 
----> Total records affected: 8
----> Compliance percentage: 100.0
----> Acceptance Min: None
----> Final status: Passed
----> -------------------------------
########################################################################################
########                             END OF RESULTS                             ########
########################################################################################",l9ct-gl-hmm-qlt-emfactorssbysector-01,l9ct-gl-hmm-qlt-emfactorssbysector-01-4qorbRDuBIdOil0,,MArcos Leon
TRUE,TRUE,t_kpan_mobility_partner_oppy,3Q25,https://jira.globaldevtools.bbva.com/browse/DECSCLIENT-3193,28c663873d,"----> -------------------------------
----> Rule: 3.5 (com.datio.hammurabi.rules.validity.DynamicCatalogRule)
----> Subset: None
----> Physical field: gf_cust_prch_comm_brand_id
----> Is Critical: false
----> DrillDown: Some()->Some()
----> MinimumThreshold: None
----> TargetThreshold: None
----> Passed records: 4 
----> Total records affected: 4
----> Compliance percentage: 100.0
----> Acceptance Min: None
----> Final status: Passed
----> --------------------------------
----> Rule: 3.5 (com.datio.hammurabi.rules.validity.DynamicCatalogRule)
----> Subset: None
----> Physical field: g_cust_dlrsp_vst_status_type
----> Is Critical: false
----> DrillDown: Some()->Some()
----> MinimumThreshold: None
----> TargetThreshold: None
----> Passed records: 4 
----> Total records affected: 4
----> Compliance percentage: 100.0
----> Acceptance Min: None
----> Final status: Passed
----> --------------------------------
",kpan-gl-hmm-qlt-homepartneroppyyy-01,kpan-gl-hmm-qlt-homepartneroppyyy-01-VnWQPpX6YfAaSK0,,Egoitz Lopez
FALSE,TRUE,,,,28c663887d,,,,,
TRUE,TRUE,t_kpan_home_partner_oppy,3Q25,https://jira.globaldevtools.bbva.com/browse/DECSCLIENT-3191,28c6638534,"----> -------------------------------
----> Rule: 3.5 (com.datio.hammurabi.rules.validity.DynamicCatalogRule)
----> Subset: None
----> Physical field: g_suply_calc_est_sav_type
----> Is Critical: false
----> DrillDown: Some()->Some()
----> MinimumThreshold: None
----> TargetThreshold: None
----> Passed records: 4 
----> Total records affected: 4
----> Compliance percentage: 100.0
----> Acceptance Min: None
----> Final status: Passed
----> --------------------------------
----> Rule: 3.5 (com.datio.hammurabi.rules.validity.DynamicCatalogRule)
----> Subset: None
----> Physical field: g_boiler_instl_bldg_type
----> Is Critical: false
----> DrillDown: Some()->Some()
----> MinimumThreshold: None
----> TargetThreshold: None
----> Passed records: 4 
----> Total records affected: 4
----> Compliance percentage: 100.0
----> Acceptance Min: None
----> Final status: Passed
----> --------------------------------
",kpan-gl-hmm-qlt-homepartneroppyyyy-01,kpan-gl-hmm-qlt-homepartneroppyyyy-01-OTmOBOaPHXfSz9w,,Egoitz Lopez
TRUE,TRUE,,,,28c663863b,,,,,Egoitz Lopez
TRUE,FALSE,t_l9ct_em_factors_motor_ve,3Q25,https://jira.globaldevtools.bbva.com/browse/DECSCLIENT-3200,"28c3e54b0c
28c3e54d37
28c3e54e90
28c3e56704
28c3e5688a
28c3e569fd
28c3e56bb2
28c3e56dbc
28c3e56f07
28c3e57091
28c3e571fb
28c3e5736b
28c3e57549
28c3e57688","########                          DATA QUALITY RESULTS                          ########
########################################################################################
--> DATASET
----> ObjectPath: Some(/data/master/l9ct/data/t_l9ct_em_factors_motor_ve)
----> PhysicalObject: t_l9ct_em_factors_motor_ve
----> UUAA: l9ct
----> Subset: Some(gf_cutoff_date='1997-01-01')
----> FrequencyRuleExecution: None
----> Dataset size: 8 rows
----> Data date: 1997-01-01
----> Execution date: 2025-07-02 12:26:54.051
--> RESULTS
----> Rule: 3.2 (com.datio.hammurabi.rules.validity.FormatValidationRule)
----> Subset: None
----> Physical field: g_country_id
----> Is Critical: false
----> DrillDown: Some()->Some()
----> MinimumThreshold: None
----> TargetThreshold: None
----> Passed records: 8 
----> Total records affected: 8
----> Compliance percentage: 100.0
----> Acceptance Min: None
----> Final status: Passed
----> -------------------------------
----> Rule: 3.2 (com.datio.hammurabi.rules.validity.FormatValidationRule)
----> Subset: None
----> Physical field: g_data_lvl_1_info_cat_desc
----> Is Critical: false
----> DrillDown: Some()->Some()
----> MinimumThreshold: None
----> TargetThreshold: None
----> Passed records: 8 
----> Total records affected: 8
----> Compliance percentage: 100.0
----> Acceptance Min: None
----> Final status: Passed
----> -------------------------------
----> Rule: 3.2 (com.datio.hammurabi.rules.validity.FormatValidationRule)
----> Subset: None
----> Physical field: g_data_lvl_2_info_cat_desc
----> Is Critical: false
----> DrillDown: Some()->Some()
----> MinimumThreshold: None
----> TargetThreshold: None
----> Passed records: 8 
----> Total records affected: 8
----> Compliance percentage: 100.0
----> Acceptance Min: None
----> Final status: Passed
----> -------------------------------
----> Rule: 3.2 (com.datio.hammurabi.rules.validity.FormatValidationRule)
----> Subset: None
----> Physical field: g_data_lvl_3_info_cat_desc
----> Is Critical: false
----> DrillDown: Some()->Some()
----> MinimumThreshold: None
----> TargetThreshold: None
----> Passed records: 8 
----> Total records affected: 8
----> Compliance percentage: 100.0
----> Acceptance Min: None
----> Final status: Passed
----> -------------------------------
----> Rule: 3.2 (com.datio.hammurabi.rules.validity.FormatValidationRule)
----> Subset: None
----> Physical field: g_data_lvl_4_info_cat_desc
----> Is Critical: false
----> DrillDown: Some()->Some()
----> MinimumThreshold: None
----> TargetThreshold: None
----> Passed records: 8 
----> Total records affected: 8
----> Compliance percentage: 100.0
----> Acceptance Min: None
----> Final status: Passed
----> -------------------------------
----> Rule: 3.2 (com.datio.hammurabi.rules.validity.FormatValidationRule)
----> Subset: None
----> Physical field: g_emfc_meas_ref_object_desc
----> Is Critical: false
----> DrillDown: Some()->Some()
----> MinimumThreshold: None
----> TargetThreshold: None
----> Passed records: 8 
----> Total records affected: 8
----> Compliance percentage: 100.0
----> Acceptance Min: None
----> Final status: Passed
----> -------------------------------
----> Rule: 3.2 (com.datio.hammurabi.rules.validity.FormatValidationRule)
----> Subset: None
----> Physical field: g_emfc_meas_ratio_unit_type
----> Is Critical: false
----> DrillDown: Some()->Some()
----> MinimumThreshold: None
----> TargetThreshold: None
----> Passed records: 8 
----> Total records affected: 8
----> Compliance percentage: 100.0
----> Acceptance Min: None
----> Final status: Passed
----> -------------------------------
----> Rule: 3.2 (com.datio.hammurabi.rules.validity.FormatValidationRule)
----> Subset: None
----> Physical field: g_data_origin_qlty_score_type
----> Is Critical: false
----> DrillDown: Some()->Some()
----> MinimumThreshold: None
----> TargetThreshold: None
----> Passed records: 8 
----> Total records affected: 8
----> Compliance percentage: 100.0
----> Acceptance Min: None
----> Final status: Passed
----> -------------------------------
----> Rule: 3.1 (com.datio.hammurabi.rules.validity.NotNullValidationRule)
----> Subset: None
----> Physical field: gf_emfc_source_1_year_number
----> Is Critical: false
----> DrillDown: Some()->Some()
----> MinimumThreshold: None
----> TargetThreshold: None
----> Passed records: 8 
----> Total records affected: 8
----> Compliance percentage: 100.0
----> Acceptance Min: None
----> Final status: Passed
----> -------------------------------
----> Rule: 3.2 (com.datio.hammurabi.rules.validity.FormatValidationRule)
----> Subset: None
----> Physical field: g_em_fctr_meas_object_id
----> Is Critical: false
----> DrillDown: Some()->Some()
----> MinimumThreshold: None
----> TargetThreshold: None
----> Passed records: 8 
----> Total records affected: 8
----> Compliance percentage: 100.0
----> Acceptance Min: None
----> Final status: Passed
----> -------------------------------
----> Rule: 3.2 (com.datio.hammurabi.rules.validity.FormatValidationRule)
----> Subset: None
----> Physical field: g_finc_ems_est_method_type
----> Is Critical: false
----> DrillDown: Some()->Some()
----> MinimumThreshold: None
----> TargetThreshold: None
----> Passed records: 8 
----> Total records affected: 8
----> Compliance percentage: 100.0
----> Acceptance Min: None
----> Final status: Passed
----> -------------------------------
----> Rule: 3.2 (com.datio.hammurabi.rules.validity.FormatValidationRule)
----> Subset: None
----> Physical field: g_iso3166_country_numeric_id
----> Is Critical: false
----> DrillDown: Some()->Some()
----> MinimumThreshold: None
----> TargetThreshold: None
----> Passed records: 8 
----> Total records affected: 8
----> Compliance percentage: 100.0
----> Acceptance Min: None
----> Final status: Passed
----> -------------------------------
----> Rule: 3.1 (com.datio.hammurabi.rules.validity.NotNullValidationRule)
----> Subset: None
----> Physical field: gf_scope_1_emfc_number
----> Is Critical: false
----> DrillDown: Some()->Some()
----> MinimumThreshold: None
----> TargetThreshold: None
----> Passed records: 8 
----> Total records affected: 8
----> Compliance percentage: 100.0
----> Acceptance Min: None
----> Final status: Passed
----> -------------------------------
----> Rule: 3.4 (com.datio.hammurabi.rules.validity.NumericRangeRule)
----> Subset: None
----> Physical field: gf_emfc_source_1_year_number
----> Is Critical: false
----> DrillDown: Some()->Some()
----> MinimumThreshold: None
----> TargetThreshold: None
----> Passed records: 8 
----> Total records affected: 8
----> Compliance percentage: 100.0
----> Acceptance Min: None
----> Final status: Passed
----> -------------------------------
########################################################################################
########                             END OF RESULTS                             ########
########################################################################################

Process finished with exit code 0",l9ct-gl-hmm-qlt-emfactorsmotorvee-01,l9ct-gl-hmm-qlt-emfactorsmotorvee-01-nGPNCkttPwOXc1v,,MArcos Leon
TRUE,TRUE,t_l9ct_institutions_esg,3Q25,https://jira.globaldevtools.bbva.com/browse/DECSCLIENT-3242,28c4e497e5,"----> -------------------------------
----> Rule: 3.2 (com.datio.hammurabi.rules.validity.FormatValidationRule)
----> Subset: None
----> Physical field: g_esg_ases_institution_id
----> Is Critical: true
----> DrillDown: Some()->Some()
----> MinimumThreshold: None
----> TargetThreshold: None
----> Passed records: 4 
----> Total records affected: 4
----> Compliance percentage: 100.0
----> Acceptance Min: None
----> Final status: Passed
----> -------------------------------
----> Rule: 3.2 (com.datio.hammurabi.rules.validity.FormatValidationRule)
----> Subset: None
----> Physical field: gf_sp_company_name
----> Is Critical: false
----> DrillDown: Some()->Some()
----> MinimumThreshold: None
----> TargetThreshold: None
----> Passed records: 4 
----> Total records affected: 4
----> Compliance percentage: 100.0
----> Acceptance Min: None
----> Final status: Passed
----> -------------------------------
----> Rule: 3.2 (com.datio.hammurabi.rules.validity.FormatValidationRule)
----> Subset: None
----> Physical field: g_holding_group_id
----> Is Critical: false
----> DrillDown: Some()->Some()
----> MinimumThreshold: None
----> TargetThreshold: None
----> Passed records: 4 
----> Total records affected: 4
----> Compliance percentage: 100.0
----> Acceptance Min: None
----> Final status: Passed
----> -------------------------------
----> Rule: 3.2 (com.datio.hammurabi.rules.validity.FormatValidationRule)
----> Subset: None
----> Physical field: g_person_role_type
----> Is Critical: false
----> DrillDown: Some()->Some()
----> MinimumThreshold: None
----> TargetThreshold: None
----> Passed records: 4 
----> Total records affected: 4
----> Compliance percentage: 100.0
----> Acceptance Min: None
----> Final status: Passed
----> -------------------------------
----> Rule: 3.2 (com.datio.hammurabi.rules.validity.FormatValidationRule)
----> Subset: None
----> Physical field: g_role_person_id
----> Is Critical: false
----> DrillDown: Some()->Some()
----> MinimumThreshold: None
----> TargetThreshold: None
----> Passed records: 4 
----> Total records affected: 4
----> Compliance percentage: 100.0
----> Acceptance Min: None
----> Final status: Passed
----> -------------------------------",l9ct-gl-hmm-qlt-institutionsesgg-01,l9ct-gl-hmm-qlt-institutionsesgg-01-LCyerWtWFzw1pC5,,Egoitz Lopez
TRUE,TRUE,,,,28c4e49923,,,,,
TRUE,TRUE,,,,28c4e49a7a,,,,,
TRUE,TRUE,,,,28c4e49bf2,,,,,
TRUE,TRUE,t_l9ct_security_titles_metric,3Q25,https://jira.globaldevtools.bbva.com/browse/DECSCLIENT-3244,28c4e978a8,"########                          DATA QUALITY RESULTS                          ########
########################################################################################
--> DATASET
----> ObjectPath: Some(/data/master/l9ct/data/t_l9ct_security_titles_metric)
----> PhysicalObject: t_l9ct_security_titles_metric
----> UUAA: l9ct
----> Subset: Some(gf_cutoff_date='1997-01-01' and g_data_source_origin_ex1_type='1')
----> FrequencyRuleExecution: None
----> Dataset size: 4 rows
----> Data date: 1997-01-01
----> Execution date: 2025-07-03 12:06:48.259
--> RESULTS
----> Rule: 3.1 (com.datio.hammurabi.rules.validity.NotNullValidationRule)
----> Subset: None
----> Physical field: g_security_id
----> Is Critical: true
----> DrillDown: Some()->Some()
----> MinimumThreshold: None
----> TargetThreshold: None
----> Passed records: 4 
----> Total records affected: 4
----> Compliance percentage: 100.0
----> Acceptance Min: None
----> Final status: Passed
----> -------------------------------
----> Rule: 3.1 (com.datio.hammurabi.rules.validity.NotNullValidationRule)
----> Subset: None
----> Physical field: gf_ccmit_align_trnov_kpi_trns_cat_per
----> Is Critical: false
----> DrillDown: Some()->Some()
----> MinimumThreshold: None
----> TargetThreshold: None
----> Passed records: 4 
----> Total records affected: 4
----> Compliance percentage: 100.0
----> Acceptance Min: None
----> Final status: Passed
----> -------------------------------
----> Rule: 3.1 (com.datio.hammurabi.rules.validity.NotNullValidationRule)
----> Subset: None
----> Physical field: gf_ccmit_align_trnov_kpi_trns_enabl_per
----> Is Critical: false
----> DrillDown: Some()->Some()
----> MinimumThreshold: None
----> TargetThreshold: None
----> Passed records: 4 
----> Total records affected: 4
----> Compliance percentage: 100.0
----> Acceptance Min: None
----> Final status: Passed
----> -------------------------------
----> Rule: 3.1 (com.datio.hammurabi.rules.validity.NotNullValidationRule)
----> Subset: None
----> Physical field: gf_ccmit_align_capex_kpi_trns_cat_per
----> Is Critical: false
----> DrillDown: Some()->Some()
----> MinimumThreshold: None
----> TargetThreshold: None
----> Passed records: 4 
----> Total records affected: 4
----> Compliance percentage: 100.0
----> Acceptance Min: None
----> Final status: Passed
----> -------------------------------
----> Rule: 3.1 (com.datio.hammurabi.rules.validity.NotNullValidationRule)
----> Subset: None
----> Physical field: gf_ccmit_align_capex_kpi_enabl_cat_per
----> Is Critical: false
----> DrillDown: Some()->Some()
----> MinimumThreshold: None
----> TargetThreshold: None
----> Passed records: 4 
----> Total records affected: 4
----> Compliance percentage: 100.0
----> Acceptance Min: None
----> Final status: Passed
----> -------------------------------
----> Rule: 3.1 (com.datio.hammurabi.rules.validity.NotNullValidationRule)
----> Subset: None
----> Physical field: gf_ccadpt_align_trnov_kpi_enabl_cat_per
----> Is Critical: false
----> DrillDown: Some()->Some()
----> MinimumThreshold: None
----> TargetThreshold: None
----> Passed records: 4 
----> Total records affected: 4
----> Compliance percentage: 100.0
----> Acceptance Min: None
----> Final status: Passed
----> -------------------------------
----> Rule: 3.1 (com.datio.hammurabi.rules.validity.NotNullValidationRule)
----> Subset: None
----> Physical field: gf_ccadpt_align_capex_kpi_enab_cat_per
----> Is Critical: false
----> DrillDown: Some()->Some()
----> MinimumThreshold: None
----> TargetThreshold: None
----> Passed records: 4 
----> Total records affected: 4
----> Compliance percentage: 100.0
----> Acceptance Min: None
----> Final status: Passed
----> -------------------------------
----> Rule: 3.2 (com.datio.hammurabi.rules.validity.FormatValidationRule)
----> Subset: None
----> Physical field: g_security_id
----> Is Critical: true
----> DrillDown: Some()->Some()
----> MinimumThreshold: None
----> TargetThreshold: None
----> Passed records: 4 
----> Total records affected: 4
----> Compliance percentage: 100.0
----> Acceptance Min: None
----> Final status: Passed
----> -------------------------------
----> Rule: 3.2 (com.datio.hammurabi.rules.validity.FormatValidationRule)
----> Subset: None
----> Physical field: gf_elig_kpi_rpt_ind_type
----> Is Critical: false
----> DrillDown: Some()->Some()
----> MinimumThreshold: None
----> TargetThreshold: None
----> Passed records: 4 
----> Total records affected: 4
----> Compliance percentage: 100.0
----> Acceptance Min: None
----> Final status: Passed
----> -------------------------------
----> Rule: 3.4 (com.datio.hammurabi.rules.validity.NumericRangeRule)
----> Subset: None
----> Physical field: gf_ccmit_obj_align_trnov_kpi_per
----> Is Critical: false
----> DrillDown: Some()->Some()
----> MinimumThreshold: None
----> TargetThreshold: None
----> Passed records: 4 
----> Total records affected: 4
----> Compliance percentage: 100.0
----> Acceptance Min: None
----> Final status: Passed
----> -------------------------------
----> Rule: 3.4 (com.datio.hammurabi.rules.validity.NumericRangeRule)
----> Subset: None
----> Physical field: gf_cc_mit_elegible_turnover_per
----> Is Critical: false
----> DrillDown: Some()->Some()
----> MinimumThreshold: None
----> TargetThreshold: None
----> Passed records: 4 
----> Total records affected: 4
----> Compliance percentage: 100.0
----> Acceptance Min: None
----> Final status: Passed
----> -------------------------------
----> Rule: 3.4 (com.datio.hammurabi.rules.validity.NumericRangeRule)
----> Subset: None
----> Physical field: gf_ccmit_align_trnov_kpi_trns_cat_per
----> Is Critical: false
----> DrillDown: Some()->Some()
----> MinimumThreshold: None
----> TargetThreshold: None
----> Passed records: 4 
----> Total records affected: 4
----> Compliance percentage: 100.0
----> Acceptance Min: None
----> Final status: Passed
----> -------------------------------
----> Rule: 3.4 (com.datio.hammurabi.rules.validity.NumericRangeRule)
----> Subset: None
----> Physical field: gf_ccmit_align_trnov_kpi_trns_enabl_per
----> Is Critical: false
----> DrillDown: Some()->Some()
----> MinimumThreshold: None
----> TargetThreshold: None
----> Passed records: 4 
----> Total records affected: 4
----> Compliance percentage: 100.0
----> Acceptance Min: None
----> Final status: Passed
----> -------------------------------
----> Rule: 3.4 (com.datio.hammurabi.rules.validity.NumericRangeRule)
----> Subset: None
----> Physical field: gf_ccmit_obj_align_capex_kpi_per
----> Is Critical: false
----> DrillDown: Some()->Some()
----> MinimumThreshold: None
----> TargetThreshold: None
----> Passed records: 4 
----> Total records affected: 4
----> Compliance percentage: 100.0
----> Acceptance Min: None
----> Final status: Passed
----> -------------------------------
----> Rule: 3.4 (com.datio.hammurabi.rules.validity.NumericRangeRule)
----> Subset: None
----> Physical field: gf_ccmit_obj_capex_kpi_elig_per
----> Is Critical: false
----> DrillDown: Some()->Some()
----> MinimumThreshold: None
----> TargetThreshold: None
----> Passed records: 4 
----> Total records affected: 4
----> Compliance percentage: 100.0
----> Acceptance Min: None
----> Final status: Passed
----> -------------------------------
----> Rule: 3.4 (com.datio.hammurabi.rules.validity.NumericRangeRule)
----> Subset: None
----> Physical field: gf_ccmit_align_capex_kpi_trns_cat_per
----> Is Critical: false
----> DrillDown: Some()->Some()
----> MinimumThreshold: None
----> TargetThreshold: None
----> Passed records: 4 
----> Total records affected: 4
----> Compliance percentage: 100.0
----> Acceptance Min: None
----> Final status: Passed
----> -------------------------------
----> Rule: 3.4 (com.datio.hammurabi.rules.validity.NumericRangeRule)
----> Subset: None
----> Physical field: gf_ccmit_align_capex_kpi_enabl_cat_per
----> Is Critical: false
----> DrillDown: Some()->Some()
----> MinimumThreshold: None
----> TargetThreshold: None
----> Passed records: 4 
----> Total records affected: 4
----> Compliance percentage: 100.0
----> Acceptance Min: None
----> Final status: Passed
----> -------------------------------
----> Rule: 3.4 (com.datio.hammurabi.rules.validity.NumericRangeRule)
----> Subset: None
----> Physical field: gf_ccadapt_obj_align_trnov_kpi_per
----> Is Critical: false
----> DrillDown: Some()->Some()
----> MinimumThreshold: None
----> TargetThreshold: None
----> Passed records: 4 
----> Total records affected: 4
----> Compliance percentage: 100.0
----> Acceptance Min: None
----> Final status: Passed
----> -------------------------------
----> Rule: 3.4 (com.datio.hammurabi.rules.validity.NumericRangeRule)
----> Subset: None
----> Physical field: gf_ccadpt_obj_trnov_kpi_elig_per
----> Is Critical: false
----> DrillDown: Some()->Some()
----> MinimumThreshold: None
----> TargetThreshold: None
----> Passed records: 4 
----> Total records affected: 4
----> Compliance percentage: 100.0
----> Acceptance Min: None
----> Final status: Passed
----> -------------------------------
----> Rule: 3.4 (com.datio.hammurabi.rules.validity.NumericRangeRule)
----> Subset: None
----> Physical field: gf_ccadpt_align_trnov_kpi_enabl_cat_per
----> Is Critical: false
----> DrillDown: Some()->Some()
----> MinimumThreshold: None
----> TargetThreshold: None
----> Passed records: 4 
----> Total records affected: 4
----> Compliance percentage: 100.0
----> Acceptance Min: None
----> Final status: Passed
----> -------------------------------
----> Rule: 3.4 (com.datio.hammurabi.rules.validity.NumericRangeRule)
----> Subset: None
----> Physical field: gf_cc_adapt_align_capex_per
----> Is Critical: false
----> DrillDown: Some()->Some()
----> MinimumThreshold: None
----> TargetThreshold: None
----> Passed records: 4 
----> Total records affected: 4
----> Compliance percentage: 100.0
----> Acceptance Min: None
----> Final status: Passed
----> -------------------------------
----> Rule: 3.4 (com.datio.hammurabi.rules.validity.NumericRangeRule)
----> Subset: None
----> Physical field: gf_cc_elegible_adaptation_capex_per
----> Is Critical: false
----> DrillDown: Some()->Some()
----> MinimumThreshold: None
----> TargetThreshold: None
----> Passed records: 4 
----> Total records affected: 4
----> Compliance percentage: 100.0
----> Acceptance Min: None
----> Final status: Passed
----> -------------------------------
----> Rule: 3.4 (com.datio.hammurabi.rules.validity.NumericRangeRule)
----> Subset: None
----> Physical field: gf_ccadpt_align_capex_kpi_enab_cat_per
----> Is Critical: false
----> DrillDown: Some()->Some()
----> MinimumThreshold: None
----> TargetThreshold: None
----> Passed records: 4 
----> Total records affected: 4
----> Compliance percentage: 100.0
----> Acceptance Min: None
----> Final status: Passed
----> -------------------------------
----> Rule: 3.5 (com.datio.hammurabi.rules.validity.StaticCatalogRule)
----> Subset: None
----> Physical field: g_bnd_derv_ind_type
----> Is Critical: false
----> DrillDown: Some()->Some()
----> MinimumThreshold: None
----> TargetThreshold: None
----> Passed records: 0 
----> Total records affected: 4
----> Compliance percentage: 0.0
----> Acceptance Min: None
----> Final status: Failed
----> -------------------------------
----> Rule: 3.5 (com.datio.hammurabi.rules.validity.StaticCatalogRule)
----> Subset: None
----> Physical field: g_bond_sec_svrgn_issuance_ind_type
----> Is Critical: false
----> DrillDown: Some()->Some()
----> MinimumThreshold: None
----> TargetThreshold: None
----> Passed records: 0 
----> Total records affected: 4
----> Compliance percentage: 0.0
----> Acceptance Min: None
----> Final status: Failed
----> -------------------------------
----> Rule: 3.5 (com.datio.hammurabi.rules.validity.StaticCatalogRule)
----> Subset: None
----> Physical field: g_organisation_nfrd_regulation_ind_type
----> Is Critical: false
----> DrillDown: Some()->Some()
----> MinimumThreshold: None
----> TargetThreshold: None
----> Passed records: 0 
----> Total records affected: 4
----> Compliance percentage: 0.0
----> Acceptance Min: None
----> Final status: Failed
----> -------------------------------
----> Rule: 3.5 (com.datio.hammurabi.rules.validity.StaticCatalogRule)
----> Subset: None
----> Physical field: g_financial_inst_security_ind_type
----> Is Critical: false
----> DrillDown: Some()->Some()
----> MinimumThreshold: None
----> TargetThreshold: None
----> Passed records: 0 
----> Total records affected: 4
----> Compliance percentage: 0.0
----> Acceptance Min: None
----> Final status: Failed
----> -------------------------------
----> Rule: 3.5 (com.datio.hammurabi.rules.validity.StaticCatalogRule)
----> Subset: None
----> Physical field: g_eu_located_company_ind_type
----> Is Critical: false
----> DrillDown: Some()->Some()
----> MinimumThreshold: None
----> TargetThreshold: None
----> Passed records: 0 
----> Total records affected: 4
----> Compliance percentage: 0.0
----> Acceptance Min: None
----> Final status: Failed
----> -------------------------------
----> Rule: 3.5 (com.datio.hammurabi.rules.validity.StaticCatalogRule)
----> Subset: None
----> Physical field: gf_elig_kpi_rpt_ind_type
----> Is Critical: false
----> DrillDown: Some()->Some()
----> MinimumThreshold: None
----> TargetThreshold: None
----> Passed records: 0 
----> Total records affected: 4
----> Compliance percentage: 0.0
----> Acceptance Min: None
----> Final status: Failed
----> -------------------------------
----> Rule: 3.5 (com.datio.hammurabi.rules.validity.StaticCatalogRule)
----> Subset: None
----> Physical field: g_kpis_eu_taxo_alignment_ind_type
----> Is Critical: false
----> DrillDown: Some()->Some()
----> MinimumThreshold: None
----> TargetThreshold: None
----> Passed records: 0 
----> Total records affected: 4
----> Compliance percentage: 0.0
----> Acceptance Min: None
----> Final status: Failed
----> -------------------------------
----> Rule: 3.5 (com.datio.hammurabi.rules.validity.StaticCatalogRule)
----> Subset: None
----> Physical field: g_sustainable_isin_ind_type
----> Is Critical: false
----> DrillDown: Some()->Some()
----> MinimumThreshold: None
----> TargetThreshold: None
----> Passed records: 0 
----> Total records affected: 4
----> Compliance percentage: 0.0
----> Acceptance Min: None
----> Final status: Failed
----> -------------------------------
----> Rule: 4.2 (com.datio.hammurabi.rules.consistence.DuplicateRule)
----> Subset: None
----> Physical field: 
----> Is Critical: true
----> DrillDown: Some()->Some()
----> MinimumThreshold: None
----> TargetThreshold: None
----> Passed records: 4 
----> Total records affected: 4
----> Compliance percentage: 100.0
----> Acceptance Min: None
----> Final status: Passed
----> -------------------------------
########################################################################################
########                             END OF RESULTS                             ########
########################################################################################
",l9ct-gl-hmm-qlt-securitytitlesmetricc-01,l9ct-gl-hmm-qlt-securitytitlesmetricc-01-ZfGIAqij3mrFl0q,,Egoitz Lopez
TRUE,TRUE,,,,28c4e979d0,,,,,
TRUE,TRUE,,,,28c4e97aee,,,,,
TRUE,TRUE,,,,28c4e97c25,,,,,
TRUE,TRUE,,,,28c4e97d60,,,,,
TRUE,TRUE,,,,28c4e97e8e,,,,,
TRUE,TRUE,,,,28c4e97ff9,,,,,
TRUE,TRUE,,,,28c4e9819c,,,,,
TRUE,TRUE,,,,28c4e982fc,,,,,
TRUE,TRUE,,,,28c4e98429,,,,,
TRUE,TRUE,,,,28c4e985d5,,,,,
TRUE,TRUE,,,,28c4e98706,,,,,
TRUE,TRUE,,,,28c4e9887a,,,,,
TRUE,TRUE,,,,28c4e989e6,,,,,
TRUE,TRUE,,,,28c4e98d75,,,,,
TRUE,TRUE,,,,28c4e98eb8,,,,,
TRUE,TRUE,,,,28c4e9901b,,,,,
TRUE,TRUE,,,,28c4e99178,,,,,
TRUE,TRUE,,,,28c4e993af,,,,,
TRUE,TRUE,,,,28c4e994f7,,,,,
TRUE,TRUE,,,,28c4e9967a,,,,,
TRUE,TRUE,t_kpan_person_cred_fclty_psl_dp,3Q25,https://jira.globaldevtools.bbva.com/browse/DECSCLIENT-3233,28c8076110,"########                          DATA QUALITY RESULTS                          ########
########################################################################################
--> DATASET
----> ObjectPath: Some(/data/master/kpan/data/t_kpan_person_cred_fclty_psl_dp)
----> PhysicalObject: t_kpan_person_cred_fclty_psl_dp
----> UUAA: kpan
----> Subset: Some(gf_cutoff_date='1997-01-01')
----> FrequencyRuleExecution: None
----> Dataset size: 8 rows
----> Data date: 1997-01-01
----> Execution date: 2025-07-04 11:14:34.496
--> RESULTS
----> Rule: 3.1 (com.datio.hammurabi.rules.validity.NotNullValidationRule)
----> Subset: None
----> Physical field: g_entity_id
----> Is Critical: true
----> DrillDown: Some()->Some()
----> MinimumThreshold: None
----> TargetThreshold: None
----> Passed records: 8 
----> Total records affected: 8
----> Compliance percentage: 100.0
----> Acceptance Min: None
----> Final status: Passed
----> -------------------------------
----> Rule: 3.1 (com.datio.hammurabi.rules.validity.NotNullValidationRule)
----> Subset: None
----> Physical field: g_data_system_id
----> Is Critical: true
----> DrillDown: Some()->Some()
----> MinimumThreshold: None
----> TargetThreshold: None
----> Passed records: 8 
----> Total records affected: 8
----> Compliance percentage: 100.0
----> Acceptance Min: None
----> Final status: Passed
----> -------------------------------
----> Rule: 3.1 (com.datio.hammurabi.rules.validity.NotNullValidationRule)
----> Subset: None
----> Physical field: g_credit_facility_proposal_id
----> Is Critical: true
----> DrillDown: Some()->Some()
----> MinimumThreshold: None
----> TargetThreshold: None
----> Passed records: 8 
----> Total records affected: 8
----> Compliance percentage: 100.0
----> Acceptance Min: None
----> Final status: Passed
----> -------------------------------
----> Rule: 3.1 (com.datio.hammurabi.rules.validity.NotNullValidationRule)
----> Subset: None
----> Physical field: g_role_person_id
----> Is Critical: true
----> DrillDown: Some()->Some()
----> MinimumThreshold: None
----> TargetThreshold: None
----> Passed records: 8 
----> Total records affected: 8
----> Compliance percentage: 100.0
----> Acceptance Min: None
----> Final status: Passed
----> -------------------------------
----> Rule: 3.1 (com.datio.hammurabi.rules.validity.NotNullValidationRule)
----> Subset: None
----> Physical field: g_person_role_type
----> Is Critical: true
----> DrillDown: Some()->Some()
----> MinimumThreshold: None
----> TargetThreshold: None
----> Passed records: 8 
----> Total records affected: 8
----> Compliance percentage: 100.0
----> Acceptance Min: None
----> Final status: Passed
----> -------------------------------
----> Rule: 3.2 (com.datio.hammurabi.rules.validity.FormatValidationRule)
----> Subset: None
----> Physical field: g_entity_id
----> Is Critical: true
----> DrillDown: Some()->Some()
----> MinimumThreshold: None
----> TargetThreshold: None
----> Passed records: 8 
----> Total records affected: 8
----> Compliance percentage: 100.0
----> Acceptance Min: None
----> Final status: Passed
----> -------------------------------
----> Rule: 3.2 (com.datio.hammurabi.rules.validity.FormatValidationRule)
----> Subset: None
----> Physical field: g_data_system_id
----> Is Critical: true
----> DrillDown: Some()->Some()
----> MinimumThreshold: None
----> TargetThreshold: None
----> Passed records: 8 
----> Total records affected: 8
----> Compliance percentage: 100.0
----> Acceptance Min: None
----> Final status: Passed
----> -------------------------------
----> Rule: 3.2 (com.datio.hammurabi.rules.validity.FormatValidationRule)
----> Subset: None
----> Physical field: g_credit_facility_proposal_id
----> Is Critical: true
----> DrillDown: Some()->Some()
----> MinimumThreshold: None
----> TargetThreshold: None
----> Passed records: 8 
----> Total records affected: 8
----> Compliance percentage: 100.0
----> Acceptance Min: None
----> Final status: Passed
----> -------------------------------
----> Rule: 3.2 (com.datio.hammurabi.rules.validity.FormatValidationRule)
----> Subset: None
----> Physical field: g_role_person_id
----> Is Critical: true
----> DrillDown: Some()->Some()
----> MinimumThreshold: None
----> TargetThreshold: None
----> Passed records: 8 
----> Total records affected: 8
----> Compliance percentage: 100.0
----> Acceptance Min: None
----> Final status: Passed
----> -------------------------------
----> Rule: 3.2 (com.datio.hammurabi.rules.validity.FormatValidationRule)
----> Subset: None
----> Physical field: g_person_role_type
----> Is Critical: true
----> DrillDown: Some()->Some()
----> MinimumThreshold: None
----> TargetThreshold: None
----> Passed records: 8 
----> Total records affected: 8
----> Compliance percentage: 100.0
----> Acceptance Min: None
----> Final status: Passed
----> -------------------------------
----> Rule: 3.5 (com.datio.hammurabi.rules.validity.DynamicCatalogRule)
----> Subset: None
----> Physical field: g_data_system_id
----> Is Critical: false
----> DrillDown: Some()->Some()
----> MinimumThreshold: None
----> TargetThreshold: None
----> Passed records: 8 
----> Total records affected: 8
----> Compliance percentage: 100.0
----> Acceptance Min: None
----> Final status: Passed
----> -------------------------------
----> Rule: 3.5 (com.datio.hammurabi.rules.validity.DynamicCatalogRule)
----> Subset: None
----> Physical field: g_role_person_id
----> Is Critical: false
----> DrillDown: Some()->Some()
----> MinimumThreshold: None
----> TargetThreshold: None
----> Passed records: 8 
----> Total records affected: 8
----> Compliance percentage: 100.0
----> Acceptance Min: None
----> Final status: Passed
----> -------------------------------
----> Rule: 3.5 (com.datio.hammurabi.rules.validity.StaticCatalogRule)
----> Subset: None
----> Physical field: g_psl_cst_main_hold_ind_type
----> Is Critical: false
----> DrillDown: Some()->Some()
----> MinimumThreshold: None
----> TargetThreshold: None
----> Passed records: 8 
----> Total records affected: 8
----> Compliance percentage: 100.0
----> Acceptance Min: None
----> Final status: Passed
----> -------------------------------
----> Rule: 3.5 (com.datio.hammurabi.rules.validity.DynamicCatalogRule)
----> Subset: None
----> Physical field: g_psl_participant_type
----> Is Critical: false
----> DrillDown: Some()->Some()
----> MinimumThreshold: None
----> TargetThreshold: None
----> Passed records: 8 
----> Total records affected: 8
----> Compliance percentage: 100.0
----> Acceptance Min: None
----> Final status: Passed
----> -------------------------------
----> Rule: 3.5 (com.datio.hammurabi.rules.validity.DynamicCatalogRule)
----> Subset: None
----> Physical field: g_capital_sme_type
----> Is Critical: false
----> DrillDown: Some()->Some()
----> MinimumThreshold: None
----> TargetThreshold: None
----> Passed records: 8 
----> Total records affected: 8
----> Compliance percentage: 100.0
----> Acceptance Min: None
----> Final status: Passed
----> -------------------------------
----> Rule: 3.5 (com.datio.hammurabi.rules.validity.StaticCatalogRule)
----> Subset: None
----> Physical field: g_bus_plan_cplc_ind_type
----> Is Critical: false
----> DrillDown: Some()->Some()
----> MinimumThreshold: None
----> TargetThreshold: None
----> Passed records: 8 
----> Total records affected: 8
----> Compliance percentage: 100.0
----> Acceptance Min: None
----> Final status: Passed
----> -------------------------------
----> Rule: 4.2 (com.datio.hammurabi.rules.consistence.DuplicateRule)
----> Subset: None
----> Physical field: 
----> Is Critical: true
----> DrillDown: Some()->Some()
----> MinimumThreshold: None
----> TargetThreshold: None
----> Passed records: 8 
----> Total records affected: 8
----> Compliance percentage: 100.0
----> Acceptance Min: None
----> Final status: Passed
----> -------------------------------
########################################################################################
########                             END OF RESULTS                             ########
########################################################################################

Process finished with exit code 0

",kpan-gl-hmm-qlt-personredfcltypsl-01,kpan-gl-hmm-qlt-personredfcltypsl-01-qu0Wq4A6uv10AEY,,Juan Carlos Frutos
TRUE,TRUE,,,,28c8076208,,,,,
TRUE,TRUE,,,,28c807632a,,,,,
TRUE,TRUE,,,,28c807641e,,,,,
TRUE,TRUE,,,,28c807651f,,,,,
TRUE,TRUE,,,,28c8076614,,,,,
TRUE,TRUE,,,,28c8076719,,,,,
TRUE,TRUE,,,,28c807691d,,,,,
TRUE,TRUE,,,,28c8076a28,,,,,
TRUE,TRUE,,,,28c8076b24,,,,,
TRUE,TRUE,,,,28c8076c27,,,,,
TRUE,TRUE,,,,28c8076d33,,,,,
TRUE,TRUE,,,,28c8076e3b,,,,,
TRUE,TRUE,,,,28c8076f4f,,,,,
TRUE,TRUE,,,,28c807707d,,,,,
TRUE,TRUE,,,,28c8077192,,,,,
TRUE,TRUE,,,,28c8077286,,,,,
TRUE,TRUE,,,https://jira.globaldevtools.bbva.com/browse/DECSCLIENT-3234,28c807736d,"########                          DATA QUALITY RESULTS                          ########
########################################################################################
--> DATASET
----> ObjectPath: Some(/data/master/kpan/data/t_kpan_person_cred_fclty_psl_dp)
----> PhysicalObject: t_kpan_person_cred_fclty_psl_dp
----> UUAA: kpan
----> Subset: Some(gf_cutoff_date='1997-01-01')
----> FrequencyRuleExecution: None
----> Dataset size: 8 rows
----> Data date: 1997-01-01
----> Execution date: 2025-07-04 11:21:11.259
--> RESULTS
----> Rule: 4.3 (com.datio.hammurabi.rules.consistence.ValueConciliationRule)
----> Subset: None
----> Physical field: g_role_person_id
----> Is Critical: true
----> DrillDown: Some()->Some()
----> MinimumThreshold: None
----> TargetThreshold: None
----> Passed records: 8 
----> Total records affected: 8
----> Compliance percentage: 100.0
----> Acceptance Min: None
----> Final status: Passed
----> -------------------------------
########################################################################################
########                             END OF RESULTS                             ########
########################################################################################

Process finished with exit code 0
",kpan-gl-hmm-qlt-personredfcltypsl-02,kpan-gl-hmm-qlt-personredfcltypsl-02-4RBCCdPHOQlw6mG,,"Juan Carlos Frutos














"
TRUE,TRUE,,,,28c8077485,"########                          DATA QUALITY RESULTS                          ########
########################################################################################
--> DATASET
----> ObjectPath: Some(/data/master/kpan/data/t_kpan_person_cred_fclty_psl_dp)
----> PhysicalObject: t_kpan_person_cred_fclty_psl_dp
----> UUAA: kpan
----> Subset: Some(gf_cutoff_date='1997-01-01')
----> FrequencyRuleExecution: None
----> Dataset size: 8 rows
----> Data date: 1997-01-01
----> Execution date: 2025-07-04 11:22:21.211
--> RESULTS
----> Rule: 4.3 (com.datio.hammurabi.rules.consistence.ValueConciliationRule)
----> Subset: None
----> Physical field: g_credit_facility_proposal_id
----> Is Critical: true
----> DrillDown: Some()->Some()
----> MinimumThreshold: None
----> TargetThreshold: None
----> Passed records: 8 
----> Total records affected: 8
----> Compliance percentage: 100.0
----> Acceptance Min: None
----> Final status: Passed
----> -------------------------------
########################################################################################
########                             END OF RESULTS                             ########
########################################################################################

Process finished with exit code 0",kpan-gl-hmm-qlt-personredfcltypsl-03,kpan-gl-hmm-qlt-personredfcltypsl-03-OGCwx5Om79XjVjM,,"Juan Carlos Frutos















"
TRUE,TRUE,t_l9ct_grp_clnt_cmpny_crbn_data,3Q25,https://jira.globaldevtools.bbva.com/browse/DECSCLIENT-3246,28bf3a913b,"----> Rule: 3.1 (com.datio.hammurabi.rules.validity.NotNullValidationRule)
----> Subset: None
----> Physical field: gf_ghg_ems_from_op_number
----> Is Critical: true
----> DrillDown: Some()->Some()
----> MinimumThreshold: None
----> TargetThreshold: None
----> Passed records: 4 
----> Total records affected: 4
----> Compliance percentage: 100.0
----> Acceptance Min: None
----> Final status: Passed
----> -------------------------------
----> Rule: 3.1 (com.datio.hammurabi.rules.validity.NotNullValidationRule)
----> Subset: None
----> Physical field: gf_ghg_ems_from_cons_number
----> Is Critical: false
----> DrillDown: Some()->Some()
----> MinimumThreshold: None
----> TargetThreshold: None
----> Passed records: 4 
----> Total records affected: 4
----> Compliance percentage: 100.0
----> Acceptance Min: None
----> Final status: Passed
----> -------------------------------
----> Rule: 3.1 (com.datio.hammurabi.rules.validity.NotNullValidationRule)
----> Subset: None
----> Physical field: gf_dir_ghg_ems_number
----> Is Critical: false
----> DrillDown: Some()->Some()
----> MinimumThreshold: None
----> TargetThreshold: None
----> Passed records: 4 
----> Total records affected: 4
----> Compliance percentage: 100.0
----> Acceptance Min: None
----> Final status: Passed
----> -------------------------------
----> Rule: 3.1 (com.datio.hammurabi.rules.validity.NotNullValidationRule)
----> Subset: None
----> Physical field: gf_indir_ghg_ems_number
----> Is Critical: false
----> DrillDown: Some()->Some()
----> MinimumThreshold: None
----> TargetThreshold: None
----> Passed records: 4 
----> Total records affected: 4
----> Compliance percentage: 100.0
----> Acceptance Min: None
----> Final status: Passed
----> -------------------------------
----> Rule: 3.1 (com.datio.hammurabi.rules.validity.NotNullValidationRule)
----> Subset: None
----> Physical field: gf_ghg_ems_disclosure_per
----> Is Critical: false
----> DrillDown: Some()->Some()
----> MinimumThreshold: None
----> TargetThreshold: None
----> Passed records: 4 
----> Total records affected: 4
----> Compliance percentage: 100.0
----> Acceptance Min: None
----> Final status: Passed
----> -------------------------------
----> Rule: 3.1 (com.datio.hammurabi.rules.validity.NotNullValidationRule)
----> Subset: None
----> Physical field: gf_last_effect_date
----> Is Critical: false
----> DrillDown: Some()->Some()
----> MinimumThreshold: None
----> TargetThreshold: None
----> Passed records: 4 
----> Total records affected: 4
----> Compliance percentage: 100.0
----> Acceptance Min: None
----> Final status: Passed
----> -------------------------------
----> Rule: 3.1 (com.datio.hammurabi.rules.validity.NotNullValidationRule)
----> Subset: None
----> Physical field: gf_ghg_scope_3_ems_ind_number
----> Is Critical: false
----> DrillDown: Some()->Some()
----> MinimumThreshold: None
----> TargetThreshold: None
----> Passed records: 4 
----> Total records affected: 4
----> Compliance percentage: 100.0
----> Acceptance Min: None
----> Final status: Passed
----> -------------------------------
----> Rule: 3.1 (com.datio.hammurabi.rules.validity.FormatValidationRule)
----> Subset: None
----> Physical field: gf_ghg_s1_ems_dir_to_r_number
----> Is Critical: true
----> DrillDown: Some()->Some()
----> MinimumThreshold: None
----> TargetThreshold: None
----> Passed records: 4 
----> Total records affected: 4
----> Compliance percentage: 100.0
----> Acceptance Min: None
----> Final status: Passed
----> -------------------------------
----> Rule: 3.1 (com.datio.hammurabi.rules.validity.FormatValidationRule)
----> Subset: None
----> Physical field: gf_ghg_s2_ems_ind_to_r_number
----> Is Critical: false
----> DrillDown: Some()->Some()
----> MinimumThreshold: None
----> TargetThreshold: None
----> Passed records: 4 
----> Total records affected: 4
----> Compliance percentage: 100.0
----> Acceptance Min: None
----> Final status: Passed
----> -------------------------------
----> Rule: 3.1 (com.datio.hammurabi.rules.validity.NumericRangeRule)
----> Subset: None
----> Physical field: gf_ghg_scope_1_2_3_up_ems_sum_number
----> Is Critical: false
----> DrillDown: Some()->Some()
----> MinimumThreshold: None
----> TargetThreshold: None
----> Passed records: 4 
----> Total records affected: 4
----> Compliance percentage: 100.0
----> Acceptance Min: None
----> Final status: Passed
----> -------------------------------
----> Rule: 3.2 (com.datio.hammurabi.rules.validity.NumericRangeRule)
----> Subset: None
----> Physical field: gf_ind_lst_del_updt_id
----> Is Critical: false
----> DrillDown: Some()->Some()
----> MinimumThreshold: None
----> TargetThreshold: None
----> Passed records: 4 
----> Total records affected: 4
----> Compliance percentage: 100.0
----> Acceptance Min: None
----> Final status: Passed
----> -------------------------------
----> Rule: 3.2 (com.datio.hammurabi.rules.validity.NumericRangeRule)
----> Subset: None
----> Physical field: gf_src_scope_dsclsr_desc
----> Is Critical: false
----> DrillDown: Some()->Some()
----> MinimumThreshold: None
----> TargetThreshold: None
----> Passed records: 4 
----> Total records affected: 4
----> Compliance percentage: 100.0
----> Acceptance Min: None
----> Final status: Passed
----> -------------------------------
----> Rule: 3.2 (com.datio.hammurabi.rules.validity.NumericRangeRule)
----> Subset: None
----> Physical field: gf_country_hq_id
----> Is Critical: false
----> DrillDown: Some()->Some()
----> MinimumThreshold: None
----> TargetThreshold: None
----> Passed records: 4 
----> Total records affected: 4
----> Compliance percentage: 100.0
----> Acceptance Min: None
----> Final status: Passed
----> -------------------------------
----> Rule: 3.4 (com.datio.hammurabi.rules.validity.NumericRangeRule)
----> Subset: None
----> Physical field: gf_dir_ghg_ems_number
----> Is Critical: false
----> DrillDown: Some()->Some()
----> MinimumThreshold: None
----> TargetThreshold: None
----> Passed records: 4 
----> Total records affected: 4
----> Compliance percentage: 100.0
----> Acceptance Min: None
----> Final status: Passed
----> -------------------------------
----> Rule: 3.4 (com.datio.hammurabi.rules.validity.NumericRangeRule)
----> Subset: None
----> Physical field: gf_indir_ghg_ems_number
----> Is Critical: false
----> DrillDown: Some()->Some()
----> MinimumThreshold: None
----> TargetThreshold: None
----> Passed records: 4 
----> Total records affected: 4
----> Compliance percentage: 100.0
----> Acceptance Min: None
----> Final status: Passed
----> -------------------------------
----> Rule: 3.4 (com.datio.hammurabi.rules.validity.NumericRangeRule)
----> Subset: None
----> Physical field: gf_ghg_ems_disclosure_per
----> Is Critical: false
----> DrillDown: Some()->Some()
----> MinimumThreshold: None
----> TargetThreshold: None
----> Passed records: 4 
----> Total records affected: 4
----> Compliance percentage: 100.0
----> Acceptance Min: None
----> Final status: Passed
----> -------------------------------
",l9ct-gl-hmm-qlt-grpclntcmpnycrbndata-01,l9ct-gl-hmm-qlt-grpclntcmpnycrbndata-01-m4rYPHyEz3OJJXX,,Egoitz Lopez
TRUE,TRUE,,,,28bf3a929b,,,,,
TRUE,TRUE,,,,28bf3a941d,,,,,
TRUE,TRUE,,,,28bf3a9593,,,,,
TRUE,TRUE,,,,28bf3a970c,,,,,
TRUE,TRUE,,,, 28bf3a9885,,,,,
TRUE,TRUE,,,,28bf3b5120,,,,,
TRUE,TRUE,,,,28bf3b5269,,,,,
TRUE,TRUE,,,, 28bf3b53c5,,,,,
TRUE,TRUE,,,,28bf3a9a19,,,,,
TRUE,TRUE,,,,28bf3a9b86,,,,,
TRUE,TRUE,,,,28bf3a9cf1,,,,,
TRUE,TRUE,,,, 28bf3a9e5b,,,,,
TRUE,TRUE,,,,28bf3bbd4d,,,,,
TRUE,TRUE,,,,28bf3bbe8e,,,,,
TRUE,TRUE,,,,28bf3bbfde,,,,,
TRUE,TRUE,,,,,,,,,
TRUE,TRUE,,,,,,,,,
TRUE,TRUE,,,,,,,,,
TRUE,TRUE,,,,,,,,,
TRUE,TRUE,,,,,,,,,
TRUE,TRUE,t_l9ct_insts_esg_scores_general,3Q25,https://jira.globaldevtools.bbva.com/browse/DECSCLIENT-3248,28bf453cd8,"----> Rule: 3.1 (com.datio.hammurabi.rules.validity.NotNullValidationRule)
----> Subset: None
----> Physical field: gf_sp_glob_esg_rating_number
----> Is Critical: true
----> DrillDown: Some()->Some()
----> MinimumThreshold: None
----> TargetThreshold: None
----> Passed records: 4 
----> Total records affected: 4
----> Compliance percentage: 100.0
----> Acceptance Min: None
----> Final status: Passed
----> -------------------------------
----> Rule: 3.1 (com.datio.hammurabi.rules.validity.NotNullValidationRule)
----> Subset: None
----> Physical field: gf_csa_co_esg_scr_rank_number
----> Is Critical: false
----> DrillDown: Some()->Some()
----> MinimumThreshold: None
----> TargetThreshold: None
----> Passed records: 4 
----> Total records affected: 4
----> Compliance percentage: 100.0
----> Acceptance Min: None
----> Final status: Passed
----> -------------------------------
----> Rule: 3.2 (com.datio.hammurabi.rules.validity.NumericRangeRule)
----> Subset: None
----> Physical field: g_most_recent_seq_reg_ind_type
----> Is Critical: false
----> DrillDown: Some()->Some()
----> MinimumThreshold: None
----> TargetThreshold: None
----> Passed records: 4 
----> Total records affected: 4
----> Compliance percentage: 100.0
----> Acceptance Min: None
----> Final status: Passed
----> -------------------------------
----> Rule: 3.2 (com.datio.hammurabi.rules.validity.NumericRangeRule)
----> Subset: None
----> Physical field:  g_csa_industry_taxo_id
----> Is Critical: false
----> DrillDown: Some()->Some()
----> MinimumThreshold: None
----> TargetThreshold: None
----> Passed records: 4 
----> Total records affected: 4
----> Compliance percentage: 100.0
----> Acceptance Min: None
----> Final status: Passed
----> -------------------------------
----> Rule: 3.4 (com.datio.hammurabi.rules.validity.NumericRangeRule)
----> Subset: None
----> Physical field: gf_csa_co_esg_scr_rank_number
----> Is Critical: false
----> DrillDown: Some()->Some()
----> MinimumThreshold: None
----> TargetThreshold: None
----> Passed records: 4 
----> Total records affected: 4
----> Compliance percentage: 100.0
----> Acceptance Min: None
----> Final status: Passed
----> -------------------------------
",l9ct-gl-hmm-qlt-grpclntcmpnycrbndata-01,l9ct-gl-hmm-qlt-instsesgscoresgeneral-01-musovjTKrjL20CW,,Egoitz Lopez
TRUE,TRUE,,,,28bf45403e,,,,,
TRUE,TRUE,,,,28bf4543f4,,,,,
TRUE,TRUE,,,,28bf454724,,,,,
TRUE,TRUE,,,,28bf454a8d,,,,,
TRUE,TRUE,t_kpan_credit_fclty_proposals_dp,"3Q25


",https://jira.globaldevtools.bbva.com/browse/DECSCLIENT-3231,28c807415a,"########                          DATA QUALITY RESULTS                          ########
########################################################################################
--> DATASET
----> ObjectPath: Some(/data/master/kpan/data/t_kpan_credit_fclty_proposals_dp)
----> PhysicalObject: t_kpan_credit_fclty_proposals_dp
----> UUAA: kpan
----> Subset: Some(gf_cutoff_date='1997-01-01')
----> FrequencyRuleExecution: None
----> Dataset size: 8 rows
----> Data date: 1997-01-01
----> Execution date: 2025-07-04 15:11:03.701
--> RESULTS
----> Rule: 3.1 (com.datio.hammurabi.rules.validity.NotNullValidationRule)
----> Subset: None
----> Physical field: g_entity_id
----> Is Critical: true
----> DrillDown: Some()->Some()
----> MinimumThreshold: None
----> TargetThreshold: None
----> Passed records: 8 
----> Total records affected: 8
----> Compliance percentage: 100.0
----> Acceptance Min: None
----> Final status: Passed
----> -------------------------------
----> Rule: 3.1 (com.datio.hammurabi.rules.validity.NotNullValidationRule)
----> Subset: None
----> Physical field: g_data_system_id
----> Is Critical: true
----> DrillDown: Some()->Some()
----> MinimumThreshold: None
----> TargetThreshold: None
----> Passed records: 8 
----> Total records affected: 8
----> Compliance percentage: 100.0
----> Acceptance Min: None
----> Final status: Passed
----> -------------------------------
----> Rule: 3.1 (com.datio.hammurabi.rules.validity.NotNullValidationRule)
----> Subset: None
----> Physical field: g_credit_facility_proposal_id
----> Is Critical: true
----> DrillDown: Some()->Some()
----> MinimumThreshold: None
----> TargetThreshold: None
----> Passed records: 8 
----> Total records affected: 8
----> Compliance percentage: 100.0
----> Acceptance Min: None
----> Final status: Passed
----> -------------------------------
----> Rule: 3.1 (com.datio.hammurabi.rules.validity.NotNullValidationRule)
----> Subset: None
----> Physical field: g_psl_limit_currency_id
----> Is Critical: true
----> DrillDown: Some()->Some()
----> MinimumThreshold: None
----> TargetThreshold: None
----> Passed records: 8 
----> Total records affected: 8
----> Compliance percentage: 100.0
----> Acceptance Min: None
----> Final status: Passed
----> -------------------------------
----> Rule: 3.2 (com.datio.hammurabi.rules.validity.FormatValidationRule)
----> Subset: None
----> Physical field: g_entity_id
----> Is Critical: true
----> DrillDown: Some()->Some()
----> MinimumThreshold: None
----> TargetThreshold: None
----> Passed records: 8 
----> Total records affected: 8
----> Compliance percentage: 100.0
----> Acceptance Min: None
----> Final status: Passed
----> -------------------------------
----> Rule: 3.2 (com.datio.hammurabi.rules.validity.FormatValidationRule)
----> Subset: None
----> Physical field: g_data_system_id
----> Is Critical: true
----> DrillDown: Some()->Some()
----> MinimumThreshold: None
----> TargetThreshold: None
----> Passed records: 8 
----> Total records affected: 8
----> Compliance percentage: 100.0
----> Acceptance Min: None
----> Final status: Passed
----> -------------------------------
----> Rule: 3.2 (com.datio.hammurabi.rules.validity.FormatValidationRule)
----> Subset: None
----> Physical field: g_credit_facility_proposal_id
----> Is Critical: true
----> DrillDown: Some()->Some()
----> MinimumThreshold: None
----> TargetThreshold: None
----> Passed records: 8 
----> Total records affected: 8
----> Compliance percentage: 100.0
----> Acceptance Min: None
----> Final status: Passed
----> -------------------------------
----> Rule: 3.2 (com.datio.hammurabi.rules.validity.FormatValidationRule)
----> Subset: None
----> Physical field: g_psl_limit_currency_id
----> Is Critical: true
----> DrillDown: Some()->Some()
----> MinimumThreshold: None
----> TargetThreshold: None
----> Passed records: 8 
----> Total records affected: 8
----> Compliance percentage: 100.0
----> Acceptance Min: None
----> Final status: Passed
----> -------------------------------
----> Rule: 3.5 (com.datio.hammurabi.rules.validity.DynamicCatalogRule)
----> Subset: None
----> Physical field: g_country_id
----> Is Critical: false
----> DrillDown: Some()->Some()
----> MinimumThreshold: None
----> TargetThreshold: None
----> Passed records: 8 
----> Total records affected: 8
----> Compliance percentage: 100.0
----> Acceptance Min: None
----> Final status: Passed
----> -------------------------------
----> Rule: 3.5 (com.datio.hammurabi.rules.validity.DynamicCatalogRule)
----> Subset: None
----> Physical field: g_psl_limit_currency_id
----> Is Critical: false
----> DrillDown: Some()->Some()
----> MinimumThreshold: None
----> TargetThreshold: None
----> Passed records: 8 
----> Total records affected: 8
----> Compliance percentage: 100.0
----> Acceptance Min: None
----> Final status: Passed
----> -------------------------------
----> Rule: 3.5 (com.datio.hammurabi.rules.validity.StaticCatalogRule)
----> Subset: None
----> Physical field: g_preapproved_ln_psl_ind_type
----> Is Critical: false
----> DrillDown: Some()->Some()
----> MinimumThreshold: None
----> TargetThreshold: None
----> Passed records: 8 
----> Total records affected: 8
----> Compliance percentage: 100.0
----> Acceptance Min: None
----> Final status: Passed
----> -------------------------------
----> Rule: 3.5 (com.datio.hammurabi.rules.validity.DynamicCatalogRule)
----> Subset: None
----> Physical field: g_amortization_frequency_type
----> Is Critical: false
----> DrillDown: Some()->Some()
----> MinimumThreshold: None
----> TargetThreshold: None
----> Passed records: 8 
----> Total records affected: 8
----> Compliance percentage: 100.0
----> Acceptance Min: None
----> Final status: Passed
----> -------------------------------
----> Rule: 3.5 (com.datio.hammurabi.rules.validity.DynamicCatalogRule)
----> Subset: None
----> Physical field: g_amortization_type
----> Is Critical: false
----> DrillDown: Some()->Some()
----> MinimumThreshold: None
----> TargetThreshold: None
----> Passed records: 8 
----> Total records affected: 8
----> Compliance percentage: 100.0
----> Acceptance Min: None
----> Final status: Passed
----> -------------------------------
----> Rule: 3.5 (com.datio.hammurabi.rules.validity.DynamicCatalogRule)
----> Subset: None
----> Physical field: g_global_product_id
----> Is Critical: false
----> DrillDown: Some()->Some()
----> MinimumThreshold: None
----> TargetThreshold: None
----> Passed records: 8 
----> Total records affected: 8
----> Compliance percentage: 100.0
----> Acceptance Min: None
----> Final status: Passed
----> -------------------------------
----> Rule: 3.5 (com.datio.hammurabi.rules.validity.DynamicCatalogRule)
----> Subset: None
----> Physical field: g_channel_id
----> Is Critical: false
----> DrillDown: Some()->Some()
----> MinimumThreshold: None
----> TargetThreshold: None
----> Passed records: 8 
----> Total records affected: 8
----> Compliance percentage: 100.0
----> Acceptance Min: None
----> Final status: Passed
----> -------------------------------
----> Rule: 3.5 (com.datio.hammurabi.rules.validity.StaticCatalogRule)
----> Subset: None
----> Physical field: g_digital_sale_psl_ind_type
----> Is Critical: false
----> DrillDown: Some()->Some()
----> MinimumThreshold: None
----> TargetThreshold: None
----> Passed records: 8 
----> Total records affected: 8
----> Compliance percentage: 100.0
----> Acceptance Min: None
----> Final status: Passed
----> -------------------------------
----> Rule: 3.5 (com.datio.hammurabi.rules.validity.StaticCatalogRule)
----> Subset: None
----> Physical field: g_fraudulent_psl_ind_type
----> Is Critical: false
----> DrillDown: Some()->Some()
----> MinimumThreshold: None
----> TargetThreshold: None
----> Passed records: 8 
----> Total records affected: 8
----> Compliance percentage: 100.0
----> Acceptance Min: None
----> Final status: Passed
----> -------------------------------
----> Rule: 3.5 (com.datio.hammurabi.rules.validity.DynamicCatalogRule)
----> Subset: None
----> Physical field: g_psl_purpose_type
----> Is Critical: false
----> DrillDown: Some()->Some()
----> MinimumThreshold: None
----> TargetThreshold: None
----> Passed records: 8 
----> Total records affected: 8
----> Compliance percentage: 100.0
----> Acceptance Min: None
----> Final status: Passed
----> -------------------------------
----> Rule: 3.5 (com.datio.hammurabi.rules.validity.DynamicCatalogRule)
----> Subset: None
----> Physical field: g_vehicle_fuel_type
----> Is Critical: false
----> DrillDown: Some()->Some()
----> MinimumThreshold: None
----> TargetThreshold: None
----> Passed records: 8 
----> Total records affected: 8
----> Compliance percentage: 100.0
----> Acceptance Min: None
----> Final status: Passed
----> -------------------------------
----> Rule: 3.5 (com.datio.hammurabi.rules.validity.DynamicCatalogRule)
----> Subset: None",kpan-gl-hmm-qlt-creditfcltyproposals-01,kpan-gl-hmm-qlt-creditfcltyproposals-01-avESde7aDQ71wRs,,Juan Carlos Frutos
TRUE,TRUE,,,,28c807428c,,,,,
TRUE,TRUE,,,,28c807439c,,,,,
TRUE,TRUE,,,,28c80744b4,,,,,
TRUE,TRUE,,,,28c80745bb,,,,,
TRUE,TRUE,,,,28c80746db,,,,,
TRUE,TRUE,,,,28c80747e7,,,,,
TRUE,TRUE,,,,28c8074900,,,,,
TRUE,TRUE,,,,28c8074a12,,,,,
TRUE,TRUE,,,,28c8074b15,,,,,
TRUE,TRUE,,,,28c8074d9b,,,,,
TRUE,TRUE,,,,28c8074f91,,,,,
TRUE,TRUE,,,,28c80750af,,,,,
TRUE,TRUE,,,,28c807532d,,,,,
TRUE,TRUE,,,,28c8075440,,,,,
TRUE,TRUE,,,,28c8075545,,,,,
TRUE,TRUE,,,,28c80756e0,,,,,
TRUE,TRUE,,,,28c80757fa,,,,,
TRUE,TRUE,,,,28c8075926,,,,,
TRUE,TRUE,,,,28c8075a5b,,,,,
TRUE,TRUE,,,,28c8075ba7,,,,,
TRUE,TRUE,,,,28c8075cbd,,,,,
TRUE,TRUE,,,,28c8075dd6,,,,,
TRUE,TRUE,,,,28c8075ee6,,,,,
TRUE,TRUE,,,,28c8075ff2,,,,,
TRUE,TRUE,t_l9ct_em_factors_buildings,3Q25,https://jira.globaldevtools.bbva.com/browse/DECSCLIENT-3203,"28c3e357b8
28c3e358fa
28c3e35a35
28c3e35b7d
28c3e35cb5
28c3e35de5
28c3e35f24
28c3e3607c
28c3e361ac
28c3e362e1
28c3e36414
28c3e3654b
28c3e36682","########                          DATA QUALITY RESULTS                          ########
########################################################################################
--> DATASET
----> ObjectPath: Some(/data/master/l9ct/data/t_l9ct_em_factors_buildings)
----> PhysicalObject: t_l9ct_em_factors_buildings
----> UUAA: l9ct
----> Subset: Some(gf_cutoff_date='1997-01-01')
----> FrequencyRuleExecution: None
----> Dataset size: 8 rows
----> Data date: 1997-01-01
----> Execution date: 2025-07-07 10:44:49.016
--> RESULTS
----> Rule: 3.2 (com.datio.hammurabi.rules.validity.FormatValidationRule)
----> Subset: None
----> Physical field: g_country_id
----> Is Critical: false
----> DrillDown: Some()->Some()
----> MinimumThreshold: None
----> TargetThreshold: None
----> Passed records: 8 
----> Total records affected: 8
----> Compliance percentage: 100.0
----> Acceptance Min: None
----> Final status: Passed
----> -------------------------------
----> Rule: 3.2 (com.datio.hammurabi.rules.validity.FormatValidationRule)
----> Subset: None
----> Physical field: g_data_lvl_1_info_cat_desc
----> Is Critical: false
----> DrillDown: Some()->Some()
----> MinimumThreshold: None
----> TargetThreshold: None
----> Passed records: 8 
----> Total records affected: 8
----> Compliance percentage: 100.0
----> Acceptance Min: None
----> Final status: Passed
----> -------------------------------
----> Rule: 3.2 (com.datio.hammurabi.rules.validity.FormatValidationRule)
----> Subset: None
----> Physical field: g_data_lvl_2_info_cat_desc
----> Is Critical: false
----> DrillDown: Some()->Some()
----> MinimumThreshold: None
----> TargetThreshold: None
----> Passed records: 8 
----> Total records affected: 8
----> Compliance percentage: 100.0
----> Acceptance Min: None
----> Final status: Passed
----> -------------------------------
----> Rule: 3.2 (com.datio.hammurabi.rules.validity.FormatValidationRule)
----> Subset: None
----> Physical field: g_data_lvl_3_info_cat_desc
----> Is Critical: false
----> DrillDown: Some()->Some()
----> MinimumThreshold: None
----> TargetThreshold: None
----> Passed records: 8 
----> Total records affected: 8
----> Compliance percentage: 100.0
----> Acceptance Min: None
----> Final status: Passed
----> -------------------------------
----> Rule: 3.2 (com.datio.hammurabi.rules.validity.FormatValidationRule)
----> Subset: None
----> Physical field: g_emfc_meas_ref_object_desc
----> Is Critical: false
----> DrillDown: Some()->Some()
----> MinimumThreshold: None
----> TargetThreshold: None
----> Passed records: 8 
----> Total records affected: 8
----> Compliance percentage: 100.0
----> Acceptance Min: None
----> Final status: Passed
----> -------------------------------
----> Rule: 3.2 (com.datio.hammurabi.rules.validity.FormatValidationRule)
----> Subset: None
----> Physical field: g_emfc_meas_ratio_unit_type
----> Is Critical: false
----> DrillDown: Some()->Some()
----> MinimumThreshold: None
----> TargetThreshold: None
----> Passed records: 8 
----> Total records affected: 8
----> Compliance percentage: 100.0
----> Acceptance Min: None
----> Final status: Passed
----> -------------------------------
----> Rule: 3.2 (com.datio.hammurabi.rules.validity.FormatValidationRule)
----> Subset: None
----> Physical field: g_data_origin_qlty_score_type
----> Is Critical: false
----> DrillDown: Some()->Some()
----> MinimumThreshold: None
----> TargetThreshold: None
----> Passed records: 8 
----> Total records affected: 8
----> Compliance percentage: 100.0
----> Acceptance Min: None
----> Final status: Passed
----> -------------------------------
----> Rule: 3.1 (com.datio.hammurabi.rules.validity.NotNullValidationRule)
----> Subset: None
----> Physical field: gf_emfc_source_1_year_number
----> Is Critical: false
----> DrillDown: Some()->Some()
----> MinimumThreshold: None
----> TargetThreshold: None
----> Passed records: 8 
----> Total records affected: 8
----> Compliance percentage: 100.0
----> Acceptance Min: None
----> Final status: Passed
----> -------------------------------
----> Rule: 3.2 (com.datio.hammurabi.rules.validity.FormatValidationRule)
----> Subset: None
----> Physical field: g_em_fctr_meas_object_id
----> Is Critical: false
----> DrillDown: Some()->Some()
----> MinimumThreshold: None
----> TargetThreshold: None
----> Passed records: 8 
----> Total records affected: 8
----> Compliance percentage: 100.0
----> Acceptance Min: None
----> Final status: Passed
----> -------------------------------
----> Rule: 3.2 (com.datio.hammurabi.rules.validity.FormatValidationRule)
----> Subset: None
----> Physical field: g_finc_ems_est_method_type
----> Is Critical: false
----> DrillDown: Some()->Some()
----> MinimumThreshold: None
----> TargetThreshold: None
----> Passed records: 8 
----> Total records affected: 8
----> Compliance percentage: 100.0
----> Acceptance Min: None
----> Final status: Passed
----> -------------------------------
----> Rule: 3.2 (com.datio.hammurabi.rules.validity.FormatValidationRule)
----> Subset: None
----> Physical field: g_iso3166_country_numeric_id
----> Is Critical: false
----> DrillDown: Some()->Some()
----> MinimumThreshold: None
----> TargetThreshold: None
----> Passed records: 8 
----> Total records affected: 8
----> Compliance percentage: 100.0
----> Acceptance Min: None
----> Final status: Passed
----> -------------------------------
----> Rule: 3.1 (com.datio.hammurabi.rules.validity.NotNullValidationRule)
----> Subset: None
----> Physical field: gf_scope_1_emfc_number
----> Is Critical: false
----> DrillDown: Some()->Some()
----> MinimumThreshold: None
----> TargetThreshold: None
----> Passed records: 8 
----> Total records affected: 8
----> Compliance percentage: 100.0
----> Acceptance Min: None
----> Final status: Passed
----> -------------------------------
----> Rule: 3.1 (com.datio.hammurabi.rules.validity.NotNullValidationRule)
----> Subset: None
----> Physical field: gf_scope_2_emfc_number
----> Is Critical: false
----> DrillDown: Some()->Some()
----> MinimumThreshold: None
----> TargetThreshold: None
----> Passed records: 8 
----> Total records affected: 8
----> Compliance percentage: 100.0
----> Acceptance Min: None
----> Final status: Passed
----> -------------------------------
----> Rule: 3.4 (com.datio.hammurabi.rules.validity.NumericRangeRule)
----> Subset: None
----> Physical field: gf_emfc_source_1_year_number
----> Is Critical: false
----> DrillDown: Some()->Some()
----> MinimumThreshold: None
----> TargetThreshold: None
----> Passed records: 8 
----> Total records affected: 8
----> Compliance percentage: 100.0
----> Acceptance Min: None
----> Final status: Passed
----> -------------------------------
########################################################################################
########                             END OF RESULTS                             ########
########################################################################################
",l9ct-gl-hmm-qlt-emfactorsbuildings-01,l9ct-gl-hmm-qlt-emfactorsbuildings-01-8561akP77T1Ek7b,,Marcos Leon
TRUE,TRUE,t_b0hn_sust_group_mark,3Q25,https://jira.globaldevtools.bbva.com/browse/DECSCLIENT-3253,28c4678c50,"########                          DATA QUALITY RESULTS                          ########
########################################################################################
--> DATASET
----> ObjectPath: Some(/data/master/b0hn/data/t_b0hn_sust_group_mark)
----> PhysicalObject: t_b0hn_sust_group_mark
----> UUAA: b0hn
----> Subset: Some(gf_cutoff_date='1997-01-01')
----> FrequencyRuleExecution: None
----> Dataset size: 8 rows
----> Data date: 1997-01-01
----> Execution date: 2025-07-07 12:31:03.834
--> RESULTS
----> Rule: 6.2 (com.datio.hammurabi.rules.accuracy.ValueSensitivityThresholdRule)
----> Subset: None
----> Physical field: gf_mobi_cal_cs_axs_sus_co_per
----> Is Critical: false
----> DrillDown: Some()->Some()
----> MinimumThreshold: None
----> TargetThreshold: None
----> Passed records: 8 
----> Total records affected: 8
----> Compliance percentage: 100.0
----> Acceptance Min: None
----> Final status: Passed
----> -------------------------------
########################################################################################
########                             END OF RESULTS                             ########
########################################################################################

Process finished with exit code 0",b0hn-gl-hmm-qlt-sustgroupmark-03,b0hn-gl-hmm-qlt-sustgroupmark-03-EbgrOcXM79MwXln,,"Juan Carlos Frutos






















"
TRUE,TRUE,t_l9ct_production_assets,3Q25,https://jira.globaldevtools.bbva.com/browse/DECSCLIENT-3251,28c041cc7f,"----> -------------------------------
----> Rule: 5.3 (com.datio.hammurabi.rules.integrity.SameValueComparisonRule)
----> Subset: None
----> Physical field: gf_gloc_longitude_number
----> Is Critical: false
----> DrillDown: Some()->Some()
----> MinimumThreshold: None
----> TargetThreshold: None
----> Passed records: 4 
----> Total records affected: 4
----> Compliance percentage: 100.0
----> Acceptance Min: None
----> Final status: Passed
----> -------------------------------
----> Rule: 5.3 (com.datio.hammurabi.rules.integrity.SameValueComparisonRule)
----> Subset: None
----> Physical field: gf_gloc_latitude_number
----> Is Critical: false
----> DrillDown: Some()->Some()
----> MinimumThreshold: None
----> TargetThreshold: None
----> Passed records: 4 
----> Total records affected: 4
----> Compliance percentage: 100.0
----> Acceptance Min: None
----> Final status: Passed
----> -------------------------------",l9ct-gl-hmm-qlt-productionassetss-01,l9ct-gl-hmm-qlt-productionassetss-01-GqDp04HolUoh25V,,Egoitz Lopez
TRUE,TRUE,,,,28c041cd95,,,,,Egoitz Lopez
TRUE,TRUE,t_l9ct_reglty_metric_kpi_taxo_ue,3Q25,https://jira.globaldevtools.bbva.com/browse/DECSCLIENT-3268,28c674f64e,"----> -------------------------------
----> Rule: 3.4 (com.datio.hammurabi.rules.validity.NumericRangeRule)
----> Subset: None
----> Physical field: gf_cc_mit_elegible_turnover_per
----> Is Critical: false
----> DrillDown: Some()->Some()
----> MinimumThreshold: None
----> TargetThreshold: None
----> Passed records: 4 
----> Total records affected: 4
----> Compliance percentage: 100.0
----> Acceptance Min: None
----> Final status: Passed
----> -------------------------------
----> Rule: 3.4 (com.datio.hammurabi.rules.validity.NumericRangeRule)
----> Subset: None
----> Physical field: gf_ccmit_obj_align_trnov_kpi_per
----> Is Critical: false
----> DrillDown: Some()->Some()
----> MinimumThreshold: None
----> TargetThreshold: None
----> Passed records: 4 
----> Total records affected: 4
----> Compliance percentage: 100.0
----> Acceptance Min: None
----> Final status: Passed
----> -------------------------------
----> Rule: 3.4 (com.datio.hammurabi.rules.validity.NumericRangeRule)
----> Subset: None
----> Physical field: gf_ccmit_align_trnov_kpi_trns_cat_per
----> Is Critical: false
----> DrillDown: Some()->Some()
----> MinimumThreshold: None
----> TargetThreshold: None
----> Passed records: 4 
----> Total records affected: 4
----> Compliance percentage: 100.0
----> Acceptance Min: None
----> Final status: Passed
----> -------------------------------
----> Rule: 3.4 (com.datio.hammurabi.rules.validity.NumericRangeRule)
----> Subset: None
----> Physical field: gf_ccmit_align_trnov_kpi_trns_enabl_per
----> Is Critical: false
----> DrillDown: Some()->Some()
----> MinimumThreshold: None
----> TargetThreshold: None
----> Passed records: 4 
----> Total records affected: 4
----> Compliance percentage: 100.0
----> Acceptance Min: None
----> Final status: Passed
----> -------------------------------
----> Rule: 3.4 (com.datio.hammurabi.rules.validity.NumericRangeRule)
----> Subset: None
----> Physical field: gf_ccmit_obj_capex_kpi_elig_per
----> Is Critical: false
----> DrillDown: Some()->Some()
----> MinimumThreshold: None
----> TargetThreshold: None
----> Passed records: 4 
----> Total records affected: 4
----> Compliance percentage: 100.0
----> Acceptance Min: None
----> Final status: Passed
----> -------------------------------
----> Rule: 3.4 (com.datio.hammurabi.rules.validity.NumericRangeRule)
----> Subset: None
----> Physical field: gf_ccmit_obj_align_capex_kpi_per
----> Is Critical: false
----> DrillDown: Some()->Some()
----> MinimumThreshold: None
----> TargetThreshold: None
----> Passed records: 4 
----> Total records affected: 4
----> Compliance percentage: 100.0
----> Acceptance Min: None
----> Final status: Passed
----> -------------------------------
----> Rule: 3.4 (com.datio.hammurabi.rules.validity.NumericRangeRule)
----> Subset: None
----> Physical field: gf_ccmit_align_capex_kpi_trns_cat_per
----> Is Critical: false
----> DrillDown: Some()->Some()
----> MinimumThreshold: None
----> TargetThreshold: None
----> Passed records: 4 
----> Total records affected: 4
----> Compliance percentage: 100.0
----> Acceptance Min: None
----> Final status: Passed
----> -------------------------------
----> Rule: 3.4 (com.datio.hammurabi.rules.validity.NumericRangeRule)
----> Subset: None
----> Physical field: gf_ccmit_align_capex_kpi_enabl_cat_per
----> Is Critical: false
----> DrillDown: Some()->Some()
----> MinimumThreshold: None
----> TargetThreshold: None
----> Passed records: 4 
----> Total records affected: 4
----> Compliance percentage: 100.0
----> Acceptance Min: None
----> Final status: Passed
----> -------------------------------
----> Rule: 3.4 (com.datio.hammurabi.rules.validity.NumericRangeRule)
----> Subset: None
----> Physical field: gf_ccadpt_obj_trnov_kpi_elig_per
----> Is Critical: false
----> DrillDown: Some()->Some()
----> MinimumThreshold: None
----> TargetThreshold: None
----> Passed records: 4 
----> Total records affected: 4
----> Compliance percentage: 100.0
----> Acceptance Min: None
----> Final status: Passed
----> -------------------------------
----> Rule: 3.4 (com.datio.hammurabi.rules.validity.NumericRangeRule)
----> Subset: None
----> Physical field: gf_ccadapt_obj_align_trnov_kpi_per
----> Is Critical: false
----> DrillDown: Some()->Some()
----> MinimumThreshold: None
----> TargetThreshold: None
----> Passed records: 4 
----> Total records affected: 4
----> Compliance percentage: 100.0
----> Acceptance Min: None
----> Final status: Passed
----> -------------------------------
----> Rule: 3.4 (com.datio.hammurabi.rules.validity.NumericRangeRule)
----> Subset: None
----> Physical field: gf_ccadpt_align_trnov_kpi_enabl_cat_per
----> Is Critical: false
----> DrillDown: Some()->Some()
----> MinimumThreshold: None
----> TargetThreshold: None
----> Passed records: 4 
----> Total records affected: 4
----> Compliance percentage: 100.0
----> Acceptance Min: None
----> Final status: Passed
----> -------------------------------
----> Rule: 3.4 (com.datio.hammurabi.rules.validity.NumericRangeRule)
----> Subset: None
----> Physical field: gf_cc_elegible_adaptation_capex_per
----> Is Critical: false
----> DrillDown: Some()->Some()
----> MinimumThreshold: None
----> TargetThreshold: None
----> Passed records: 4 
----> Total records affected: 4
----> Compliance percentage: 100.0
----> Acceptance Min: None
----> Final status: Passed
----> -------------------------------
----> Rule: 3.4 (com.datio.hammurabi.rules.validity.NumericRangeRule)
----> Subset: None
----> Physical field: gf_cc_adapt_align_capex_per
----> Is Critical: false
----> DrillDown: Some()->Some()
----> MinimumThreshold: None
----> TargetThreshold: None
----> Passed records: 4 
----> Total records affected: 4
----> Compliance percentage: 100.0
----> Acceptance Min: None
----> Final status: Passed
----> -------------------------------
----> Rule: 3.4 (com.datio.hammurabi.rules.validity.NumericRangeRule)
----> Subset: None
----> Physical field: gf_ccadpt_align_capex_kpi_enab_cat_per
----> Is Critical: false
----> DrillDown: Some()->Some()
----> MinimumThreshold: None
----> TargetThreshold: None
----> Passed records: 4 
----> Total records affected: 4
----> Compliance percentage: 100.0
----> Acceptance Min: None
----> Final status: Passed
----> -------------------------------
",l9ct-gl-hmm-qlt-regltymetrickpitaxoueee-01,l9ct-gl-hmm-qlt-regltymetrickpitaxoueee-01-DWhKoepaUbUzxub,,Egoitz Lopez
TRUE,TRUE,,,,28c674f7a5,,,,,Egoitz Lopez
TRUE,TRUE,,,,28c674f8df,,,,,Egoitz Lopez
TRUE,TRUE,,,,28c674fa0a,,,,,Egoitz Lopez
TRUE,TRUE,,,,28c674fb37,,,,,Egoitz Lopez
TRUE,TRUE,,,,28c674fc6d,,,,,Egoitz Lopez
TRUE,TRUE,,,,28c674fd93,,,,,Egoitz Lopez
TRUE,TRUE,,,,28c674feae,,,,,Egoitz Lopez
TRUE,TRUE,,,,28c674ffe2,,,,,Egoitz Lopez
TRUE,TRUE,,,,28c6750115,,,,,Egoitz Lopez
TRUE,TRUE,,,,28c6750235,,,,,Egoitz Lopez
TRUE,TRUE,,,,28c6750359,,,,,Egoitz Lopez
TRUE,TRUE,,,,28c6750474,,,,,Egoitz Lopez
TRUE,TRUE,,,,28c675059e,,,,,Egoitz Lopez
TRUE,TRUE,t_l9ct_country_econ_act_metric,3Q25,https://jira.globaldevtools.bbva.com/browse/DECSCLIENT-3270,28c677ca64,"########                          DATA QUALITY RESULTS                          ########
########################################################################################
--> DATASET
----> ObjectPath: Some(/data/master/l9ct/data/t_l9ct_country_econ_act_metric)
----> PhysicalObject: t_l9ct_country_econ_act_metric
----> UUAA: l9ct
----> Subset: Some(gf_cutoff_date='1997-01-01' and g_data_source_origin_ex1_type='1')
----> FrequencyRuleExecution: None
----> Dataset size: 4 rows
----> Data date: 1997-01-01
----> Execution date: 2025-07-08 12:07:29.202
--> RESULTS
----> Rule: 3.1 (com.datio.hammurabi.rules.validity.NotNullValidationRule)
----> Subset: None
----> Physical field: g_economic_activity_id
----> Is Critical: true
----> DrillDown: Some()->Some()
----> MinimumThreshold: None
----> TargetThreshold: None
----> Passed records: 4 
----> Total records affected: 4
----> Compliance percentage: 100.0
----> Acceptance Min: None
----> Final status: Passed
----> -------------------------------
----> Rule: 3.1 (com.datio.hammurabi.rules.validity.NotNullValidationRule)
----> Subset: None
----> Physical field: g_country_id
----> Is Critical: true
----> DrillDown: Some()->Some()
----> MinimumThreshold: None
----> TargetThreshold: None
----> Passed records: 4 
----> Total records affected: 4
----> Compliance percentage: 100.0
----> Acceptance Min: None
----> Final status: Passed
----> -------------------------------
----> Rule: 3.1 (com.datio.hammurabi.rules.validity.NotNullValidationRule)
----> Subset: None
----> Physical field: gf_cli_chng_mit_avg_eleg_turnover_per
----> Is Critical: false
----> DrillDown: Some()->Some()
----> MinimumThreshold: None
----> TargetThreshold: None
----> Passed records: 4 
----> Total records affected: 4
----> Compliance percentage: 100.0
----> Acceptance Min: None
----> Final status: Passed
----> -------------------------------
----> Rule: 3.1 (com.datio.hammurabi.rules.validity.NotNullValidationRule)
----> Subset: None
----> Physical field: gf_cc_mit_avg_eleg_turnover_co_number
----> Is Critical: false
----> DrillDown: Some()->Some()
----> MinimumThreshold: None
----> TargetThreshold: None
----> Passed records: 4 
----> Total records affected: 4
----> Compliance percentage: 100.0
----> Acceptance Min: None
----> Final status: Passed
----> -------------------------------
----> Rule: 3.1 (com.datio.hammurabi.rules.validity.NotNullValidationRule)
----> Subset: None
----> Physical field: gf_cli_chng_mit_avg_align_turnover_per
----> Is Critical: false
----> DrillDown: Some()->Some()
----> MinimumThreshold: None
----> TargetThreshold: None
----> Passed records: 4 
----> Total records affected: 4
----> Compliance percentage: 100.0
----> Acceptance Min: None
----> Final status: Passed
----> -------------------------------
----> Rule: 3.1 (com.datio.hammurabi.rules.validity.NotNullValidationRule)
----> Subset: None
----> Physical field: gf_cc_mit_avg_align_turnover_co_number
----> Is Critical: false
----> DrillDown: Some()->Some()
----> MinimumThreshold: None
----> TargetThreshold: None
----> Passed records: 4 
----> Total records affected: 4
----> Compliance percentage: 100.0
----> Acceptance Min: None
----> Final status: Passed
----> -------------------------------
----> Rule: 3.1 (com.datio.hammurabi.rules.validity.NotNullValidationRule)
----> Subset: None
----> Physical field: gf_cc_mit_avg_align_turnov_enablo_per
----> Is Critical: false
----> DrillDown: Some()->Some()
----> MinimumThreshold: None
----> TargetThreshold: None
----> Passed records: 4 
----> Total records affected: 4
----> Compliance percentage: 100.0
----> Acceptance Min: None
----> Final status: Passed
----> -------------------------------
----> Rule: 3.1 (com.datio.hammurabi.rules.validity.NotNullValidationRule)
----> Subset: None
----> Physical field: gf_cc_mit_avg_align_trnov_enabl_number
----> Is Critical: false
----> DrillDown: Some()->Some()
----> MinimumThreshold: None
----> TargetThreshold: None
----> Passed records: 4 
----> Total records affected: 4
----> Compliance percentage: 100.0
----> Acceptance Min: None
----> Final status: Passed
----> -------------------------------
----> Rule: 3.1 (com.datio.hammurabi.rules.validity.NotNullValidationRule)
----> Subset: None
----> Physical field: gf_cc_mit_avg_align_turnov_trans_per
----> Is Critical: false
----> DrillDown: Some()->Some()
----> MinimumThreshold: None
----> TargetThreshold: None
----> Passed records: 4 
----> Total records affected: 4
----> Compliance percentage: 100.0
----> Acceptance Min: None
----> Final status: Passed
----> -------------------------------
----> Rule: 3.1 (com.datio.hammurabi.rules.validity.NotNullValidationRule)
----> Subset: None
----> Physical field: gf_cc_mit_avg_align_trnov_trans_number
----> Is Critical: false
----> DrillDown: Some()->Some()
----> MinimumThreshold: None
----> TargetThreshold: None
----> Passed records: 4 
----> Total records affected: 4
----> Compliance percentage: 100.0
----> Acceptance Min: None
----> Final status: Passed
----> -------------------------------
----> Rule: 3.1 (com.datio.hammurabi.rules.validity.NotNullValidationRule)
----> Subset: None
----> Physical field: gf_cli_chng_adapt_avg_eleg_turnover_per
----> Is Critical: false
----> DrillDown: Some()->Some()
----> MinimumThreshold: None
----> TargetThreshold: None
----> Passed records: 4 
----> Total records affected: 4
----> Compliance percentage: 100.0
----> Acceptance Min: None
----> Final status: Passed
----> -------------------------------
----> Rule: 3.1 (com.datio.hammurabi.rules.validity.NotNullValidationRule)
----> Subset: None
----> Physical field: gf_cc_adapt_avg_eleg_trnov_co_number
----> Is Critical: false
----> DrillDown: Some()->Some()
----> MinimumThreshold: None
----> TargetThreshold: None
----> Passed records: 4 
----> Total records affected: 4
----> Compliance percentage: 100.0
----> Acceptance Min: None
----> Final status: Passed
----> -------------------------------
----> Rule: 3.1 (com.datio.hammurabi.rules.validity.NotNullValidationRule)
----> Subset: None
----> Physical field: gf_cli_chng_adapt_avg_align_turnover_per
----> Is Critical: false
----> DrillDown: Some()->Some()
----> MinimumThreshold: None
----> TargetThreshold: None
----> Passed records: 4 
----> Total records affected: 4
----> Compliance percentage: 100.0
----> Acceptance Min: None
----> Final status: Passed
----> -------------------------------
----> Rule: 3.1 (com.datio.hammurabi.rules.validity.NotNullValidationRule)
----> Subset: None
----> Physical field: gf_cc_adapt_avg_align_trnov_co_number
----> Is Critical: false
----> DrillDown: Some()->Some()
----> MinimumThreshold: None
----> TargetThreshold: None
----> Passed records: 4 
----> Total records affected: 4
----> Compliance percentage: 100.0
----> Acceptance Min: None
----> Final status: Passed
----> -------------------------------
----> Rule: 3.1 (com.datio.hammurabi.rules.validity.NotNullValidationRule)
----> Subset: None
----> Physical field: gf_cc_adapt_avg_align_enabl_trnov_per
----> Is Critical: false
----> DrillDown: Some()->Some()
----> MinimumThreshold: None
----> TargetThreshold: None
----> Passed records: 4 
----> Total records affected: 4
----> Compliance percentage: 100.0
----> Acceptance Min: None
----> Final status: Passed
----> -------------------------------
----> Rule: 3.1 (com.datio.hammurabi.rules.validity.NotNullValidationRule)
----> Subset: None
----> Physical field: gf_cc_ad_avg_align_to_enabl_co_number
----> Is Critical: false
----> DrillDown: Some()->Some()
----> MinimumThreshold: None
----> TargetThreshold: None
----> Passed records: 4 
----> Total records affected: 4
----> Compliance percentage: 100.0
----> Acceptance Min: None
----> Final status: Passed
----> -------------------------------
----> Rule: 3.1 (com.datio.hammurabi.rules.validity.NotNullValidationRule)
----> Subset: None
----> Physical field: gf_cc_mit_avg_eleg_capex_co_number
----> Is Critical: false
----> DrillDown: Some()->Some()
----> MinimumThreshold: None
----> TargetThreshold: None
----> Passed records: 4 
----> Total records affected: 4
----> Compliance percentage: 100.0
----> Acceptance Min: None
----> Final status: Passed
----> -------------------------------
----> Rule: 3.1 (com.datio.hammurabi.rules.validity.NotNullValidationRule)
----> Subset: None
----> Physical field: gf_cc_mit_avg_align_capex_co_number
----> Is Critical: false
----> DrillDown: Some()->Some()
----> MinimumThreshold: None
----> TargetThreshold: None
----> Passed records: 4 
----> Total records affected: 4
----> Compliance percentage: 100.0
----> Acceptance Min: None
----> Final status: Passed
----> -------------------------------
----> Rule: 3.1 (com.datio.hammurabi.rules.validity.NotNullValidationRule)
----> Subset: None
----> Physical field: gf_cc_mit_avg_align_capex_enabl_number
----> Is Critical: false
----> DrillDown: Some()->Some()
----> MinimumThreshold: None
----> TargetThreshold: None
----> Passed records: 4 
----> Total records affected: 4
----> Compliance percentage: 100.0
----> Acceptance Min: None
----> Final status: Passed
----> -------------------------------
----> Rule: 3.1 (com.datio.hammurabi.rules.validity.NotNullValidationRule)
----> Subset: None
----> Physical field: gf_cc_mit_avg_align_capex_trans_number
----> Is Critical: false
----> DrillDown: Some()->Some()
----> MinimumThreshold: None
----> TargetThreshold: None
----> Passed records: 4 
----> Total records affected: 4
----> Compliance percentage: 100.0
----> Acceptance Min: None
----> Final status: Passed
----> -------------------------------
----> Rule: 3.1 (com.datio.hammurabi.rules.validity.NotNullValidationRule)
----> Subset: None
----> Physical field: gf_cc_adapt_avg_align_capex_co_number
----> Is Critical: false
----> DrillDown: Some()->Some()
----> MinimumThreshold: None
----> TargetThreshold: None
----> Passed records: 4 
----> Total records affected: 4
----> Compliance percentage: 100.0
----> Acceptance Min: None
----> Final status: Passed
----> -------------------------------
----> Rule: 3.1 (com.datio.hammurabi.rules.validity.NotNullValidationRule)
----> Subset: None
----> Physical field: gf_cc_ad_avg_align_capex_enabl_co_number
----> Is Critical: false
----> DrillDown: Some()->Some()
----> MinimumThreshold: None
----> TargetThreshold: None
----> Passed records: 4 
----> Total records affected: 4
----> Compliance percentage: 100.0
----> Acceptance Min: None
----> Final status: Passed
----> -------------------------------
----> Rule: 3.1 (com.datio.hammurabi.rules.validity.NotNullValidationRule)
----> Subset: None
----> Physical field: gf_cc_adapt_avg_elig_capex_co_number
----> Is Critical: false
----> DrillDown: Some()->Some()
----> MinimumThreshold: None
----> TargetThreshold: None
----> Passed records: 4 
----> Total records affected: 4
----> Compliance percentage: 100.0
----> Acceptance Min: None
----> Final status: Passed
----> -------------------------------
----> Rule: 3.2 (com.datio.hammurabi.rules.validity.FormatValidationRule)
----> Subset: None
----> Physical field: g_economic_activity_id
----> Is Critical: true
----> DrillDown: Some()->Some()
----> MinimumThreshold: None
----> TargetThreshold: None
----> Passed records: 4 
----> Total records affected: 4
----> Compliance percentage: 100.0
----> Acceptance Min: None
----> Final status: Passed
----> -------------------------------
----> Rule: 3.2 (com.datio.hammurabi.rules.validity.FormatValidationRule)
----> Subset: None
----> Physical field: g_country_id
----> Is Critical: true
----> DrillDown: Some()->Some()
----> MinimumThreshold: None
----> TargetThreshold: None
----> Passed records: 4 
----> Total records affected: 4
----> Compliance percentage: 100.0
----> Acceptance Min: None
----> Final status: Passed
----> -------------------------------
----> Rule: 3.2 (com.datio.hammurabi.rules.validity.FormatValidationRule)
----> Subset: None
----> Physical field: g_economic_activity_name
----> Is Critical: false
----> DrillDown: Some()->Some()
----> MinimumThreshold: None
----> TargetThreshold: None
----> Passed records: 4 
----> Total records affected: 4
----> Compliance percentage: 100.0
----> Acceptance Min: None
----> Final status: Passed
----> -------------------------------
----> Rule: 3.4 (com.datio.hammurabi.rules.validity.NumericRangeRule)
----> Subset: None
----> Physical field: gf_cli_chng_mit_avg_eleg_turnover_per
----> Is Critical: false
----> DrillDown: Some()->Some()
----> MinimumThreshold: None
----> TargetThreshold: None
----> Passed records: 4 
----> Total records affected: 4
----> Compliance percentage: 100.0
----> Acceptance Min: None
----> Final status: Passed
----> -------------------------------
----> Rule: 3.4 (com.datio.hammurabi.rules.validity.NumericRangeRule)
----> Subset: None
----> Physical field: gf_cli_chng_mit_avg_align_turnover_per
----> Is Critical: false
----> DrillDown: Some()->Some()
----> MinimumThreshold: None
----> TargetThreshold: None
----> Passed records: 4 
----> Total records affected: 4
----> Compliance percentage: 100.0
----> Acceptance Min: None
----> Final status: Passed
----> -------------------------------
----> Rule: 3.4 (com.datio.hammurabi.rules.validity.NumericRangeRule)
----> Subset: None
----> Physical field: gf_cc_mit_avg_align_turnov_enablo_per
----> Is Critical: false
----> DrillDown: Some()->Some()
----> MinimumThreshold: None
----> TargetThreshold: None
----> Passed records: 4 
----> Total records affected: 4
----> Compliance percentage: 100.0
----> Acceptance Min: None
----> Final status: Passed
----> -------------------------------
----> Rule: 3.4 (com.datio.hammurabi.rules.validity.NumericRangeRule)
----> Subset: None
----> Physical field: gf_cc_mit_avg_align_turnov_trans_per
----> Is Critical: false
----> DrillDown: Some()->Some()
----> MinimumThreshold: None
----> TargetThreshold: None
----> Passed records: 4 
----> Total records affected: 4
----> Compliance percentage: 100.0
----> Acceptance Min: None
----> Final status: Passed
----> -------------------------------
----> Rule: 3.4 (com.datio.hammurabi.rules.validity.NumericRangeRule)
----> Subset: None
----> Physical field: gf_cli_chng_adapt_avg_eleg_turnover_per
----> Is Critical: false
----> DrillDown: Some()->Some()
----> MinimumThreshold: None
----> TargetThreshold: None
----> Passed records: 4 
----> Total records affected: 4
----> Compliance percentage: 100.0
----> Acceptance Min: None
----> Final status: Passed
----> -------------------------------
----> Rule: 3.4 (com.datio.hammurabi.rules.validity.NumericRangeRule)
----> Subset: None
----> Physical field: gf_cli_chng_adapt_avg_align_turnover_per
----> Is Critical: false
----> DrillDown: Some()->Some()
----> MinimumThreshold: None
----> TargetThreshold: None
----> Passed records: 4 
----> Total records affected: 4
----> Compliance percentage: 100.0
----> Acceptance Min: None
----> Final status: Passed
----> -------------------------------
----> Rule: 3.4 (com.datio.hammurabi.rules.validity.NumericRangeRule)
----> Subset: None
----> Physical field: gf_cc_adapt_avg_align_enabl_trnov_per
----> Is Critical: false
----> DrillDown: Some()->Some()
----> MinimumThreshold: None
----> TargetThreshold: None
----> Passed records: 4 
----> Total records affected: 4
----> Compliance percentage: 100.0
----> Acceptance Min: None
----> Final status: Passed
----> -------------------------------
----> Rule: 3.4 (com.datio.hammurabi.rules.validity.NumericRangeRule)
----> Subset: None
----> Physical field: gf_cli_chng_mit_avg_eleg_capex_per
----> Is Critical: false
----> DrillDown: Some()->Some()
----> MinimumThreshold: None
----> TargetThreshold: None
----> Passed records: 4 
----> Total records affected: 4
----> Compliance percentage: 100.0
----> Acceptance Min: None
----> Final status: Passed
----> -------------------------------
----> Rule: 3.4 (com.datio.hammurabi.rules.validity.NumericRangeRule)
----> Subset: None
----> Physical field: gf_cli_chng_mit_avg_align_capex_per
----> Is Critical: false
----> DrillDown: Some()->Some()
----> MinimumThreshold: None
----> TargetThreshold: None
----> Passed records: 4 
----> Total records affected: 4
----> Compliance percentage: 100.0
----> Acceptance Min: None
----> Final status: Passed
----> -------------------------------
----> Rule: 3.4 (com.datio.hammurabi.rules.validity.NumericRangeRule)
----> Subset: None
----> Physical field: gf_cc_mit_avg_align_enabl_capex_per
----> Is Critical: false
----> DrillDown: Some()->Some()
----> MinimumThreshold: None
----> TargetThreshold: None
----> Passed records: 4 
----> Total records affected: 4
----> Compliance percentage: 100.0
----> Acceptance Min: None
----> Final status: Passed
----> -------------------------------
----> Rule: 3.4 (com.datio.hammurabi.rules.validity.NumericRangeRule)
----> Subset: None
----> Physical field: gf_cc_mit_avg_align_trans_capex_per
----> Is Critical: false
----> DrillDown: Some()->Some()
----> MinimumThreshold: None
----> TargetThreshold: None
----> Passed records: 4 
----> Total records affected: 4
----> Compliance percentage: 100.0
----> Acceptance Min: None
----> Final status: Passed
----> -------------------------------
----> Rule: 3.4 (com.datio.hammurabi.rules.validity.NumericRangeRule)
----> Subset: None
----> Physical field: gf_cc_adapt_avg_align_capex_per
----> Is Critical: false
----> DrillDown: Some()->Some()
----> MinimumThreshold: None
----> TargetThreshold: None
----> Passed records: 4 
----> Total records affected: 4
----> Compliance percentage: 100.0
----> Acceptance Min: None
----> Final status: Passed
----> -------------------------------
----> Rule: 3.4 (com.datio.hammurabi.rules.validity.NumericRangeRule)
----> Subset: None
----> Physical field: gf_cc_adapt_avg_align_enabl_capex_per
----> Is Critical: false
----> DrillDown: Some()->Some()
----> MinimumThreshold: None
----> TargetThreshold: None
----> Passed records: 4 
----> Total records affected: 4
----> Compliance percentage: 100.0
----> Acceptance Min: None
----> Final status: Passed
----> -------------------------------
----> Rule: 3.4 (com.datio.hammurabi.rules.validity.NumericRangeRule)
----> Subset: None
----> Physical field: gf_cc_adapt_avg_eleg_capex_per
----> Is Critical: false
----> DrillDown: Some()->Some()
----> MinimumThreshold: None
----> TargetThreshold: None
----> Passed records: 4 
----> Total records affected: 4
----> Compliance percentage: 100.0
----> Acceptance Min: None
----> Final status: Passed
----> -------------------------------
----> Rule: 3.5 (com.datio.hammurabi.rules.validity.DynamicCatalogRule)
----> Subset: None
----> Physical field: g_economic_activity_id
----> Is Critical: false
----> DrillDown: Some()->Some()
----> MinimumThreshold: None
----> TargetThreshold: None
----> Passed records: 0 
----> Total records affected: 4
----> Compliance percentage: 0.0
----> Acceptance Min: None
----> Final status: Failed
----> -------------------------------
----> Rule: 3.5 (com.datio.hammurabi.rules.validity.DynamicCatalogRule)
----> Subset: None
----> Physical field: g_country_id
----> Is Critical: false
----> DrillDown: Some()->Some()
----> MinimumThreshold: None
----> TargetThreshold: None
----> Passed records: 0 
----> Total records affected: 4
----> Compliance percentage: 0.0
----> Acceptance Min: None
----> Final status: Failed
----> -------------------------------
----> Rule: 4.2 (com.datio.hammurabi.rules.consistence.DuplicateRule)
----> Subset: None
----> Physical field: 
----> Is Critical: true
----> DrillDown: Some()->Some()
----> MinimumThreshold: None
----> TargetThreshold: None
----> Passed records: 4 
----> Total records affected: 4
----> Compliance percentage: 100.0
----> Acceptance Min: None
----> Final status: Passed
----> -------------------------------
########################################################################################
########                             END OF RESULTS                             ########
########################################################################################
",l9ct-gl-hmm-qlt-countryeconactmetriccc-01,l9ct-gl-hmm-qlt-countryeconactmetriccc-01-q9VQUoz4U1wvCm2,,Egoitz Lopez
TRUE,TRUE,,,,28c677cb88,,,,,
TRUE,TRUE,,,,28c677cced,,,,,
TRUE,TRUE,,,,28c677ce4a,,,,,
TRUE,TRUE,,,,28c677cf89,,,,,
TRUE,TRUE,,,,28c677d0ae,,,,,
TRUE,TRUE,,,,28c677d215,,,,,
TRUE,TRUE,,,,28c677d332,,,,,
TRUE,TRUE,,,,28c677d4b9,,,,,
TRUE,TRUE,,,,28c677d5f1,,,,,
TRUE,TRUE,,,,28c677d70f,,,,,
TRUE,TRUE,,,,28c677d82e,,,,,
TRUE,TRUE,,,,28c677da65,,,,,
TRUE,TRUE,,,,28c677dba5,,,,,
TRUE,TRUE,,,,28c677dced,,,,,
TRUE,TRUE,,,,28c677de36,,,,,
TRUE,TRUE,,,,28c677df64,,,,,
TRUE,TRUE,,,,28c677e089,,,,,
TRUE,TRUE,,,,28c677e1a7,,,,,
TRUE,TRUE,,,,28c677e2c1,,,,,
TRUE,TRUE,,,,28c677e51b,,,,,
TRUE,TRUE,,,,28c677e653,,,,,
TRUE,TRUE,,,,28c677eaf0,,,,,
TRUE,TRUE,,,,28c677ef29,,,,,
TRUE,TRUE,,,,28c677f3d3,,,,,
TRUE,TRUE,,,,28c677f8e6,,,,,
TRUE,TRUE,,,,28c677fc01,,,,,
TRUE,TRUE,,,,28c677fd49,,,,,
TRUE,TRUE,,,,28c677fe73,,,,,
TRUE,TRUE,,,,28c677ffaf,,,,,
TRUE,TRUE,,,,28c67800f4,,,,,
TRUE,TRUE,,,,28c678020f,,,,,
TRUE,TRUE,,,,28c6780345,,,,,
TRUE,TRUE,,,,28c6780459,,,,,
TRUE,TRUE,,,,28c6780770,,,,,
TRUE,TRUE,,,,28c6780cd4,,,,,
TRUE,TRUE,t_cmov_bbva_categorized_mov,3Q25,https://jira.globaldevtools.bbva.com/browse/DECSCLIENT-3277,28c7823fab,"########                          DATA QUALITY RESULTS                          ########
########################################################################################
--> DATASET
----> ObjectPath: Some(/data/master/cmov/data/t_cmov_bbva_categorized_mov)
----> PhysicalObject: t_cmov_bbva_categorized_mov
----> UUAA: cmov
----> Subset: Some(gf_cutoff_date='1997-01-01')
----> FrequencyRuleExecution: None
----> Dataset size: 4 rows
----> Data date: 1997-01-01
----> Execution date: 2025-07-08 14:06:58.74
--> RESULTS
----> Rule: 3.1 (com.datio.hammurabi.rules.validity.NotNullValidationRule)
----> Subset: None
----> Physical field: g_contract_country_id
----> Is Critical: true
----> DrillDown: Some()->Some()
----> MinimumThreshold: None
----> TargetThreshold: None
----> Passed records: 4 
----> Total records affected: 4
----> Compliance percentage: 100.0
----> Acceptance Min: None
----> Final status: Passed
----> -------------------------------
----> Rule: 3.2 (com.datio.hammurabi.rules.validity.FormatValidationRule)
----> Subset: None
----> Physical field: g_contract_country_id
----> Is Critical: true
----> DrillDown: Some()->Some()
----> MinimumThreshold: None
----> TargetThreshold: None
----> Passed records: 4 
----> Total records affected: 4
----> Compliance percentage: 100.0
----> Acceptance Min: None
----> Final status: Passed
----> -------------------------------
----> Rule: 3.5 (com.datio.hammurabi.rules.validity.DynamicCatalogRule)
----> Subset: None
----> Physical field: g_contract_country_id
----> Is Critical: false
----> DrillDown: Some()->Some()
----> MinimumThreshold: None
----> TargetThreshold: None
----> Passed records: 4 
----> Total records affected: 4
----> Compliance percentage: 100.0
----> Acceptance Min: None
----> Final status: Passed
----> -------------------------------
########################################################################################
########                             END OF RESULTS                             ########
########################################################################################

Process finished with exit code 0
",cmov-gl-hmm-qlt-categorizedmov-01,cmov-gl-hmm-qlt-categorizedmov-01-WMu8X9TGzzBSfPB,,Juan Carlos Frutos
TRUE,TRUE,,,,28c78240d5,,,,,
TRUE,TRUE,,,,28c78241d2,,,,,
TRUE,TRUE,t_rzua_sust_operations,"3Q25
",https://jira.globaldevtools.bbva.com/browse/DECSCLIENT-3296,2844c7a000,"########                          DATA QUALITY RESULTS                          ########
########################################################################################
--> DATASET
----> ObjectPath: Some(/data/master/rzua/data/t_rzua_sust_operations)
----> PhysicalObject: t_rzua_sust_operations
----> UUAA: rzua
----> Subset: None
----> FrequencyRuleExecution: None
----> Dataset size: 4 rows
----> Data date: 1997-01-01
----> Execution date: 2025-07-08 14:36:57.249
--> RESULTS
----> Rule: 3.4 (com.datio.hammurabi.rules.validity.NumericRangeRule)
----> Subset: None
----> Physical field: gf_temporal_tranche_sust_kpi_per
----> Is Critical: false
----> DrillDown: Some()->Some()
----> MinimumThreshold: None
----> TargetThreshold: None
----> Passed records: 4 
----> Total records affected: 4
----> Compliance percentage: 100.0
----> Acceptance Min: None
----> Final status: Passed
----> -------------------------------
########################################################################################
########                             END OF RESULTS                             ########
########################################################################################

Process finished with exit code 0
",rzua-gl-hmm-qlt-sustoperation-05,rzua-gl-hmm-qlt-sustoperation-05-yuiMWodbGBgnYre,,Juan Carlos Frutos
TRUE,FALSE,t_knfa_energy_certifications,"3Q25
",https://jira.globaldevtools.bbva.com/browse/DECSCLIENT-3292,KNFA_energy-certifications_MRField.conf,no procede,knfa-gl-hmm-qlt-energycertifications-01,knfa-gl-hmm-qlt-energycertifications-01-GrDsPOHn0n67xvX,,Marcos Leon
TRUE,FALSE,,,,KNFA_energy-certifications_MRObject.conf,no procede,knfa-gl-hmm-qlt-energycertifications-02,knfa-gl-hmm-qlt-energycertifications-02-4WdxnuvTQKGSzHF,,Marcos Leon
TRUE,FALSE,,,,KNFA_energy-certifications_KNFA_home-center_MMRule.conf,no procede,knfa-gl-hmm-qlt-energycertifications-03,knfa-gl-hmm-qlt-energycertifications-03-xn1yK2rIzrbW40S,,Marcos Leon
TRUE,FALSE,t_kpan_person_credit_fclty_psl,"3Q25
",N/A,287b3be67a,"########                          DATA QUALITY RESULTS                          ########
########################################################################################
--> DATASET
----> ObjectPath: Some(/data/master/kpan/data/t_kpan_person_credit_fclty_psl)
----> PhysicalObject: t_kpan_person_credit_fclty_psl
----> UUAA: kpan
----> Subset: Some(gf_cutoff_date='1997-01-01')
----> FrequencyRuleExecution: None
----> Dataset size: 8 rows
----> Data date: 1997-01-01
----> Execution date: 2025-07-04 11:21:11.259
--> RESULTS
----> Rule: 4.3 (com.datio.hammurabi.rules.consistence.ValueConciliationRule)
----> Subset: None
----> Physical field: g_role_person_id
----> Is Critical: true
----> DrillDown: Some()->Some()
----> MinimumThreshold: None
----> TargetThreshold: None
----> Passed records: 8 
----> Total records affected: 8
----> Compliance percentage: 100.0
----> Acceptance Min: None
----> Final status: Passed
----> -------------------------------
########################################################################################
########                             END OF RESULTS                             ########
########################################################################################

Process finished with exit code 0
",kpan-gl-hmm-qlt-personcreditfcltypsll-01,kpan-gl-hmm-qlt-personcreditfcltypsll-01-K53Pb2JIaOHHr1S,,Egoitz Lopez
TRUE,TRUE,t_l9ct_em_factors_buildings,"3Q25
",https://jira.globaldevtools.bbva.com/browse/DECSCLIENT-3298,27927468f3 ,"########                          DATA QUALITY RESULTS                          ########
########################################################################################
--> DATASET
----> ObjectPath: Some(/data/master/l9ct/data/t_l9ct_em_factors_buildings)
----> PhysicalObject: t_l9ct_em_factors_buildings
----> UUAA: l9ct
----> Subset: Some(gf_cutoff_date='1997-01-01')
----> FrequencyRuleExecution: None
----> Dataset size: 8 rows
----> Data date: 1997-01-01
----> Execution date: 2025-07-11 12:50:53.864
--> RESULTS
----> Rule: 3.5 (com.datio.hammurabi.rules.validity.DynamicCatalogRule)
----> Subset: None
----> Physical field: g_data_origin_qlty_score_type
----> Is Critical: false
----> DrillDown: Some()->Some()
----> MinimumThreshold: None
----> TargetThreshold: None
----> Passed records: 8 
----> Total records affected: 8
----> Compliance percentage: 100.0
----> Acceptance Min: None
----> Final status: Passed
----> -------------------------------
########################################################################################
########                             END OF RESULTS                             ########
########################################################################################

Process finished with exit code 0
",l9ct-gl-krb-inr-generadoremfactorsbuilding-01,l9ct-gl-hmm-qlt-emfactorsbuilding-01-EThYv5PAvx3hBYk,,Juan Carlos Frutos
TRUE,TRUE,t_l9ct_em_factors_buildings,3Q25,https://jira.globaldevtools.bbva.com/browse/DECSCLIENT-3330,28ca1ac241,"----> Rule: 3.2 (com.datio.hammurabi.rules.validity.FormatValidationRule)
----> Subset: None
----> Physical field: g_data_origin_qlty_score_type
----> Is Critical: true
----> DrillDown: Some()->Some()
----> MinimumThreshold: None
----> TargetThreshold: None
----> Passed records: 4 
----> Total records affected: 4
----> Compliance percentage: 100.0
----> Acceptance Min: None
----> Final status: Passed
----> -------------------------------
",l9ct-gl-hmm-qlt-emfactorsbuildingss-01,l9ct-gl-hmm-qlt-emfactorsbuildingss-01-wWdWwWvmURgTAe0,,Egoitz Lopez
TRUE,TRUE,t_kceg_cust_agg_recurring_income,3Q25,https://jira.globaldevtools.bbva.com/browse/DECSCLIENT-3334,28cb1e9518,"########################################################################################
########                          DATA QUALITY RESULTS                          ########
########################################################################################
--> DATASET
----> ObjectPath: Some(/data/master/kpan/data/t_kceg_cust_agg_recurring_income)
----> PhysicalObject: t_kceg_cust_agg_recurring_income
----> UUAA: kceg
----> Subset: None
----> FrequencyRuleExecution: None
----> Dataset size: 8 rows
----> Data date: 1997-01-01
----> Execution date: 2025-07-14 12:22:38.36
--> RESULTS
----> Rule: 5.6 (com.datio.hammurabi.rules.integrity.ConcatRuleByColumn)
----> Subset: None
----> Physical field: 
----> Is Critical: false
----> DrillDown: Some()->Some()
----> MinimumThreshold: None
----> TargetThreshold: None
----> Passed records: 8 
----> Total records affected: 8
----> Compliance percentage: 100.0
----> Acceptance Min: None
----> Final status: Passed
----> -------------------------------
########################################################################################
########                             END OF RESULTS                             ########
########################################################################################

Process finished with exit code 0
",kceg-gl-hmm-qlt-custaggrecuincm-01,kceg-gl-hmm-qlt-custaggrecuincm-01-sIZ0f5YOgTtAd2X,,Marcos Leon
TRUE,TRUE,t_l9ct_insts_esg_scores_cases,3Q25,https://jira.globaldevtools.bbva.com/browse/DECSCLIENT-3300,276cdc37bd,"----> -------------------------------
----> Rule: 3.4 (com.datio.hammurabi.rules.validity.NumericRangeRule)
----> Subset: None
----> Physical field: gf_esg_msa_case_rt_impc_number
----> Is Critical: false
----> DrillDown: Some()->Some()
----> MinimumThreshold: None
----> TargetThreshold: None
----> Passed records: 4 
----> Total records affected: 4
----> Compliance percentage: 100.0
----> Acceptance Min: None
----> Final status: Passed
----> -------------------------------
----> Rule: 3.4 (com.datio.hammurabi.rules.validity.NumericRangeRule)
----> Subset: None
----> Physical field: gf_msa_case_co_score_number
----> Is Critical: false
----> DrillDown: Some()->Some()
----> MinimumThreshold: None
----> TargetThreshold: None
----> Passed records: 4 
----> Total records affected: 4
----> Compliance percentage: 100.0
----> Acceptance Min: None
----> Final status: Passed
----> -------------------------------",l9ct-gl-hmm-qlt-instsesgscorescases-01,l9ct-gl-hmm-qlt-instsesgscorescases-01-EMqm01JgTG8nXFL,,Egoitz Lopez
TRUE,FALSE,t_kfcm_feedback_form_shown,3Q25,https://jira.globaldevtools.bbva.com/browse/DECSCLIENT-3332,28cb03b7fd,"########                          DATA QUALITY RESULTS                          ########
########################################################################################
--> DATASET
----> ObjectPath: Some(/data/master/kfcm/data/t_kfcm_feedback_form_shown)
----> PhysicalObject: t_kfcm_feedback_form_shown
----> UUAA: kfcm
----> Subset: Some(gf_cutoff_date='1997-01-01')
----> FrequencyRuleExecution: None
----> Dataset size: 8 rows
----> Data date: 1997-01-01
----> Execution date: 2025-07-14 15:27:06.725
--> RESULTS
----> Rule: 4.3 (com.datio.hammurabi.rules.consistence.ValueConciliationRule)
----> Subset: None
----> Physical field: g_country_id
----> Is Critical: false
----> DrillDown: Some()->Some()
----> MinimumThreshold: None
----> TargetThreshold: None
----> Passed records: 8 
----> Total records affected: 8
----> Compliance percentage: 100.0
----> Acceptance Min: None
----> Final status: Passed
----> -------------------------------
########################################################################################
########                             END OF RESULTS                             ########
########################################################################################

Process finished with exit code 0
",kfcm-gl-hmm-qlt-feedbackformkcog-01,kfcm-gl-hmm-qlt-feedbackformkcog-01-UNRU89ajVXGp4Mj,,Marcos Leon
TRUE,TRUE,t_l9ct_institutions_esg,3Q25,https://jira.globaldevtools.bbva.com/browse/DECSCLIENT-3327,28ce2a104f,"----> -------------------------------
----> Rule: 3.1 (com.datio.hammurabi.rules.validity.FormatValidationRule)
----> Subset: None
----> Physical field: g_person_role_type
----> Is Critical: true
----> DrillDown: Some()->Some()
----> MinimumThreshold: None
----> TargetThreshold: None
----> Passed records: 4 
----> Total records affected: 4
----> Compliance percentage: 100.0
----> Acceptance Min: None
----> Final status: Passed
----> -------------------------------
----> Rule: 3.2 (com.datio.hammurabi.rules.validity.FormatValidationRule)
----> Subset: None
----> Physical field: g_person_role_type
----> Is Critical: false
----> DrillDown: Some()->Some()
----> MinimumThreshold: None
----> TargetThreshold: None
----> Passed records: 4 
----> Total records affected: 4
----> Compliance percentage: 100.0
----> Acceptance Min: None
----> Final status: Passed
----> -------------------------------
----> Rule: 3.1 (com.datio.hammurabi.rules.validity.FormatValidationRule)
----> Subset: None
----> Physical field: g_role_person_id
----> Is Critical: false
----> DrillDown: Some()->Some()
----> MinimumThreshold: None
----> TargetThreshold: None
----> Passed records: 4 
----> Total records affected: 4
----> Compliance percentage: 100.0
----> Acceptance Min: None
----> Final status: Passed
----> -------------------------------
----> Rule: 3.2 (com.datio.hammurabi.rules.validity.FormatValidationRule)
----> Subset: None
----> Physical field: g_person_role_type
----> Is Critical: false
----> DrillDown: Some()->Some()
----> MinimumThreshold: None
----> TargetThreshold: None
----> Passed records: 4 
----> Total records affected: 4
----> Compliance percentage: 100.0
----> Acceptance Min: None
----> Final status: Passed
----> -------------------------------
----> Rule: 3.2 (com.datio.hammurabi.rules.validity.FormatValidationRule)
----> Subset: None
----> Physical field: g_role_person_id
----> Is Critical: false
----> DrillDown: Some()->Some()
----> MinimumThreshold: None
----> TargetThreshold: None
----> Passed records: 4 
----> Total records affected: 4
----> Compliance percentage: 100.0
----> Acceptance Min: None
----> Final status: Passed
----> -------------------------------",l9ct-gl-hmm-qlt-institutionsesgg-01,l9ct-gl-hmm-qlt-institutionsesgg-01-JMavy4lF7pMlDJ9,,Egoitz Lopez
TRUE,TRUE,,,,28ce2a117d,,,,,
TRUE,TRUE,,,,28ce2a126e,,,,,
TRUE,TRUE,,,,28ce2a13a2,,,,,
TRUE,TRUE,t_cmov_bbva_categorized_mov,3Q25,https://jira.globaldevtools.bbva.com/browse/DECSCLIENT-3336,28cb1e99cc,"----> -------------------------------
----> Rule: 5.6 (com.datio.hammurabi.rules.integrity.ConcatRuleByColumn)
----> Subset: None
----> Physical field: 
----> Is Critical: false
----> DrillDown: Some()->Some()
----> MinimumThreshold: None
----> TargetThreshold: None
----> Passed records: 4 
----> Total records affected: 4
----> Compliance percentage: 100.0
----> Acceptance Min: None
----> Final status: Passed
----> -------------------------------",cmov-gl-hmm-qlt-categorizedmov-01,cmov-gl-hmm-qlt-categorizedmov-01-ioB0dbT6UtYFUwP,,Egoitz Lopez
TRUE,FALSE,t_kwth_energy_power_consm,3Q25,-,GL_STR_t_kwth_energy_power_consm_6.9_000,"----> -------------------------------
----> Rule: 6.9 (com.datio.hammurabi.rules.accuracy.VolumetricTrendRule)
----> Subset: None
----> Physical field: 
----> Is Critical: true
----> DrillDown: Some()>Some()
----> MinimumThreshold: None
----> TargetThreshold: None
----> Passed records: 4
----> Total records affected: 4
----> Compliance percentage: 100.0
----> Acceptance Min: None
----> Final status: Passed
----> -------------------------------",kwth-gl-hmm-qlt-energypowerconsm-01,kwth-gl-hmm-qlt-energypowerconsm-01-Lbf8GeObpySa4ZI,,
TRUE,FALSE,t_kwth_installed_power,3Q25,-,GL_STR_t_kwth_installed_power_6.9_000,"----> -------------------------------
----> Rule: 6.9 (com.datio.hammurabi.rules.accuracy.VolumetricTrendRule)
----> Subset: None
----> Physical field: 
----> Is Critical: true
----> DrillDown: Some()>Some()
----> MinimumThreshold: None
----> TargetThreshold: None
----> Passed records: 4
----> Total records affected: 4
----> Compliance percentage: 100.0
----> Acceptance Min: None
----> Final status: Passed
----> -------------------------------",kwth-gl-hmm-qlt-installedpower-01,kwth-gl-hmm-qlt-installedpower-01-3xiv2mL6cl6cMCx,,
TRUE,TRUE,t_kceg_fx_cust_channel_activity,3Q25,https://jira.globaldevtools.bbva.com/browse/DECSCLIENT-3338,"28cb1b0b76
28cb1b141b","########                          DATA QUALITY RESULTS                          ########
########################################################################################
--> DATASET
----> ObjectPath: Some(/data/master/kpan/data/t_kceg_fx_cust_channel_activity)
----> PhysicalObject: t_kceg_fx_cust_channel_activity
----> UUAA: kceg
----> Subset: None
----> FrequencyRuleExecution: None
----> Dataset size: 8 rows
----> Data date: 1997-01-01
----> Execution date: 2025-07-18 12:04:08.085
--> RESULTS
----> Rule: 3.4 (com.datio.hammurabi.rules.validity.NumericRangeRule)
----> Subset: None
----> Physical field: gf_cust_fx_trans_chn_amount
----> Is Critical: false
----> DrillDown: Some()->Some()
----> MinimumThreshold: None
----> TargetThreshold: None
----> Passed records: 8 
----> Total records affected: 8
----> Compliance percentage: 100.0
----> Acceptance Min: None
----> Final status: Passed
----> -------------------------------
----> Rule: 3.4 (com.datio.hammurabi.rules.validity.NumericRangeRule)
----> Subset: None
----> Physical field: gf_cust_fx_trans_mrgn_amount
----> Is Critical: false
----> DrillDown: Some()->Some()
----> MinimumThreshold: None
----> TargetThreshold: None
----> Passed records: 8 
----> Total records affected: 8
----> Compliance percentage: 100.0
----> Acceptance Min: None
----> Final status: Passed
----> -------------------------------
########################################################################################
########                             END OF RESULTS                             ########
########################################################################################",kceg-gl-hmm-qlt-fxcustchannelactivity-02,kceg-gl-hmm-qlt-fxcustchannelactivity-02-vw60BoVOYefbZlw,,Marcos Leon
TRUE,TRUE,t_l9sv_keyword_search_metric,3Q25,https://jira.globaldevtools.bbva.com/browse/DECSCLIENT-3367,28d141951d,"########                          DATA QUALITY RESULTS                          ########
########################################################################################
--> DATASET
----> ObjectPath: Some(/data/master/l9sv/data/t_l9sv_keyword_search_metric)
----> PhysicalObject: t_l9sv_keyword_search_metric
----> UUAA: l9sv
----> Subset: Some(gf_cutoff_date='1997-01-01')
----> FrequencyRuleExecution: None
----> Dataset size: 4 rows
----> Data date: 1997-01-01
----> Execution date: 2025-07-21 13:05:16.826
--> RESULTS
----> Rule: 3.1 (com.datio.hammurabi.rules.validity.NotNullValidationRule)
----> Subset: None
----> Physical field: g_entity_id
----> Is Critical: true
----> DrillDown: Some()->Some()
----> MinimumThreshold: None
----> TargetThreshold: None
----> Passed records: 4 
----> Total records affected: 4
----> Compliance percentage: 100.0
----> Acceptance Min: None
----> Final status: Passed
----> -------------------------------
----> Rule: 3.1 (com.datio.hammurabi.rules.validity.NotNullValidationRule)
----> Subset: None
----> Physical field: g_data_source_origin_type
----> Is Critical: true
----> DrillDown: Some()->Some()
----> MinimumThreshold: None
----> TargetThreshold: None
----> Passed records: 4 
----> Total records affected: 4
----> Compliance percentage: 100.0
----> Acceptance Min: None
----> Final status: Passed
----> -------------------------------
----> Rule: 3.1 (com.datio.hammurabi.rules.validity.NotNullValidationRule)
----> Subset: None
----> Physical field: gf_cmun_comm_product_type
----> Is Critical: true
----> DrillDown: Some()->Some()
----> MinimumThreshold: None
----> TargetThreshold: None
----> Passed records: 4 
----> Total records affected: 4
----> Compliance percentage: 100.0
----> Acceptance Min: None
----> Final status: Passed
----> -------------------------------
----> Rule: 3.1 (com.datio.hammurabi.rules.validity.NotNullValidationRule)
----> Subset: None
----> Physical field: gf_campaign_account_id
----> Is Critical: true
----> DrillDown: Some()->Some()
----> MinimumThreshold: None
----> TargetThreshold: None
----> Passed records: 4 
----> Total records affected: 4
----> Compliance percentage: 100.0
----> Acceptance Min: None
----> Final status: Passed
----> -------------------------------
----> Rule: 3.1 (com.datio.hammurabi.rules.validity.NotNullValidationRule)
----> Subset: None
----> Physical field: gf_keyword_hash_id
----> Is Critical: true
----> DrillDown: Some()->Some()
----> MinimumThreshold: None
----> TargetThreshold: None
----> Passed records: 4 
----> Total records affected: 4
----> Compliance percentage: 100.0
----> Acceptance Min: None
----> Final status: Passed
----> -------------------------------
----> Rule: 3.2 (com.datio.hammurabi.rules.validity.FormatValidationRule)
----> Subset: None
----> Physical field: g_entity_id
----> Is Critical: true
----> DrillDown: Some()->Some()
----> MinimumThreshold: None
----> TargetThreshold: None
----> Passed records: 4 
----> Total records affected: 4
----> Compliance percentage: 100.0
----> Acceptance Min: None
----> Final status: Passed
----> -------------------------------
----> Rule: 3.2 (com.datio.hammurabi.rules.validity.FormatValidationRule)
----> Subset: None
----> Physical field: g_data_source_origin_type
----> Is Critical: true
----> DrillDown: Some()->Some()
----> MinimumThreshold: None
----> TargetThreshold: None
----> Passed records: 4 
----> Total records affected: 4
----> Compliance percentage: 100.0
----> Acceptance Min: None
----> Final status: Passed
----> -------------------------------
----> Rule: 3.2 (com.datio.hammurabi.rules.validity.FormatValidationRule)
----> Subset: None
----> Physical field: gf_cmun_comm_product_type
----> Is Critical: true
----> DrillDown: Some()->Some()
----> MinimumThreshold: None
----> TargetThreshold: None
----> Passed records: 4 
----> Total records affected: 4
----> Compliance percentage: 100.0
----> Acceptance Min: None
----> Final status: Passed
----> -------------------------------
----> Rule: 3.2 (com.datio.hammurabi.rules.validity.FormatValidationRule)
----> Subset: None
----> Physical field: gf_campaign_account_id
----> Is Critical: true
----> DrillDown: Some()->Some()
----> MinimumThreshold: None
----> TargetThreshold: None
----> Passed records: 4 
----> Total records affected: 4
----> Compliance percentage: 100.0
----> Acceptance Min: None
----> Final status: Passed
----> -------------------------------
----> Rule: 3.2 (com.datio.hammurabi.rules.validity.FormatValidationRule)
----> Subset: None
----> Physical field: gf_keyword_hash_id
----> Is Critical: true
----> DrillDown: Some()->Some()
----> MinimumThreshold: None
----> TargetThreshold: None
----> Passed records: 4 
----> Total records affected: 4
----> Compliance percentage: 100.0
----> Acceptance Min: None
----> Final status: Passed
----> -------------------------------
----> Rule: 3.5 (com.datio.hammurabi.rules.validity.DynamicCatalogRule)
----> Subset: None
----> Physical field: g_data_source_origin_type
----> Is Critical: false
----> DrillDown: Some()->Some()
----> MinimumThreshold: None
----> TargetThreshold: None
----> Passed records: 4 
----> Total records affected: 4
----> Compliance percentage: 100.0
----> Acceptance Min: None
----> Final status: Passed
----> -------------------------------
----> Rule: 3.5 (com.datio.hammurabi.rules.validity.DynamicCatalogRule)
----> Subset: None
----> Physical field: g_competition_level_type
----> Is Critical: false
----> DrillDown: Some()->Some()
----> MinimumThreshold: None
----> TargetThreshold: None
----> Passed records: 4 
----> Total records affected: 4
----> Compliance percentage: 100.0
----> Acceptance Min: None
----> Final status: Passed
----> -------------------------------
----> Rule: 4.2 (com.datio.hammurabi.rules.consistence.DuplicateRule)
----> Subset: None
----> Physical field: 
----> Is Critical: true
----> DrillDown: Some()->Some()
----> MinimumThreshold: None
----> TargetThreshold: None
----> Passed records: 4 
----> Total records affected: 4
----> Compliance percentage: 100.0
----> Acceptance Min: None
----> Final status: Passed
----> -------------------------------
########################################################################################
########                             END OF RESULTS                             ########
########################################################################################",l9sv-gl-hmm-qlt-keywordsearchmetric-01,l9sv-gl-hmm-qlt-keywordsearchmetric-01-Oerhpq8F66b80uP,,Egoitz Lopez
TRUE,TRUE,,,,28d1419621,,,,,Egoitz Lopez
TRUE,TRUE,,,,28d141974b,,,,,Egoitz Lopez
TRUE,TRUE,,,,28d1419850,,,,,Egoitz Lopez
TRUE,TRUE,,,,28d1419956,,,,,Egoitz Lopez
TRUE,TRUE,,,,28d1419a4b,,,,,Egoitz Lopez
TRUE,TRUE,,,,28d1419b48,,,,,Egoitz Lopez
TRUE,TRUE,,,,28d1419c4e,,,,,Egoitz Lopez
TRUE,TRUE,,,,28d1419d3b,,,,,Egoitz Lopez
TRUE,TRUE,,,,28d1419e2e,,,,,Egoitz Lopez
TRUE,TRUE,,,,28d1419f2a,,,,,Egoitz Lopez
TRUE,TRUE,,,,28d141a029,,,,,Egoitz Lopez
TRUE,TRUE,,,,28d141a124,,,,,Egoitz Lopez
TRUE,TRUE,t_cgj7_sust_customer_mark,3Q25,https://jira.globaldevtools.bbva.com/browse/DECSCLIENT-3409,288ab708f9,"----> -------------------------------
----> Rule: 3.5 (com.datio.hammurabi.rules.validity.NumericRangeRule)
----> Subset: None
----> Physical field: gf_sustainability_category_id
----> Is Critical: false
----> DrillDown: Some()->Some()
----> MinimumThreshold: None
----> TargetThreshold: None
----> Passed records: 4 
----> Total records affected: 4
----> Compliance percentage: 100.0
----> Acceptance Min: None
----> Final status: Passed
----> -------------------------------
----> Rule: 3.5 (com.datio.hammurabi.rules.validity.NumericRangeRule)
----> Subset: None
----> Physical field: gf_sustainability_subcatg_id
----> Is Critical: false
----> DrillDown: Some()->Some()
----> MinimumThreshold: None
----> TargetThreshold: None
----> Passed records: 4 
----> Total records affected: 4
----> Compliance percentage: 100.0
----> Acceptance Min: None
----> Final status: Passed

",cgj7-gl-hmm-qlt-sustcustomermarkk-01,cgj7-gl-hmm-qlt-sustcustomermarkk-01-OUkvA30Iq0oX11n,,Egoitz Lopez
TRUE,TRUE,,,,288ab70a13,,,,,
TRUE,TRUE,t_b0hn_sust_group_mark,3Q25,https://jira.globaldevtools.bbva.com/browse/DECSCLIENT-3411,288ab707d8,-,b0hn-gl-hmm-qlt-sustgroupmarkk-01,b0hn-gl-hmm-qlt-sustgroupmarkk-01-K2e9RO1f0JQxZF4,,Egoitz Lopez
TRUE,TRUE,,,,288ab706a0,,,,,
TRUE,TRUE,t_g5m3_agg_mlzed_amount,3Q25,https://jira.globaldevtools.bbva.com/browse/DECSCLIENT-3427,289154b62a,"----> Rule: 4.3 (com.datio.hammurabi.rules.consistence.ValueConciliationRule)
----> Subset: None
----> Physical field: g_sustnbl_subcategory_id
----> Is Critical: false
----> DrillDown: Some()->Some()
----> MinimumThreshold: None
----> TargetThreshold: None
----> Passed records: 8 
----> Total records affected: 8
----> Compliance percentage: 100.0
----> Acceptance Min: None
----> Final status: Passed
----> -------------------------------",g5m3-gl-hmm-qlt-aggmlzadamntmmr-01,g5m3-gl-hmm-qlt-aggmlzadamntmmr-01-sZYr2TJCGvZDVpD,,Julen Montes
TRUE,TRUE,t_kszg_trnslty_by_channel,3Q25,,28d4d34258,"----> -------------------------------
----> Rule: 3.1 (com.datio.hammurabi.rules.validity.NotNullValidationRule)
----> Subset: None
----> Physical field: gf_source_info_origin_type
----> Is Critical: false
----> DrillDown: Some()->Some()
----> MinimumThreshold: None
----> TargetThreshold: None
----> Passed records: 4 
----> Total records affected: 4
----> Compliance percentage: 100.0
----> Acceptance Min: None
----> Final status: Passed
----> -------------------------------
----> Rule: 3.1 (com.datio.hammurabi.rules.validity.NotNullValidationRule)
----> Subset: None
----> Physical field: gf_transaction_id
----> Is Critical: false
----> DrillDown: Some()->Some()
----> MinimumThreshold: None
----> TargetThreshold: None
----> Passed records: 4 
----> Total records affected: 4
----> Compliance percentage: 100.0
----> Acceptance Min: None
----> Final status: Passed
----> -------------------------------
----> Rule: 3.2 (com.datio.hammurabi.rules.validity.FormatValidationRule)
----> Subset: None
----> Physical field: gf_source_info_origin_type
----> Is Critical: true
----> DrillDown: Some()->Some()
----> MinimumThreshold: None
----> TargetThreshold: None
----> Passed records: 4 
----> Total records affected: 4
----> Compliance percentage: 100.0
----> Acceptance Min: None
----> Final status: Passed
----> -------------------------------
----> Rule: 3.2 (com.datio.hammurabi.rules.validity.FormatValidationRule)
----> Subset: None
----> Physical field: gf_transaction_id
----> Is Critical: true
----> DrillDown: Some()->Some()
----> MinimumThreshold: None
----> TargetThreshold: None
----> Passed records: 4 
----> Total records affected: 4
----> Compliance percentage: 100.0
----> Acceptance Min: None
----> Final status: Passed
----> -----------------------------------
----> Rule: 3.5 (com.datio.hammurabi.rules.validity.DynamicCatalogRule)
----> Subset: None
----> Physical field: g_transaction_status_ind_type
----> Is Critical: false
----> DrillDown: Some()->Some()
----> MinimumThreshold: None
----> TargetThreshold: None
----> Passed records: 0 
----> Total records affected: 4
----> Compliance percentage: 0.0
----> Acceptance Min: None
----> Final status: Failed
----> -----------------------------------
----> Rule: 3.5 (com.datio.hammurabi.rules.validity.StaticCatalogRule)
----> Subset: None
----> Physical field: g_transaction_status_ind_type
----> Is Critical: false
----> DrillDown: Some()->Some()
----> MinimumThreshold: None
----> TargetThreshold: None
----> Passed records: 0 
----> Total records affected: 4
----> Compliance percentage: 0.0
----> Acceptance Min: None
----> Final status: Failed
----> -------------------------------
----> Rule: 4.2 (com.datio.hammurabi.rules.consistence.DuplicateRule)
----> Subset: None
----> Physical field: 
----> Is Critical: true
----> DrillDown: Some()->Some()
----> MinimumThreshold: None
----> TargetThreshold: None
----> Passed records: 4 
----> Total records affected: 4
----> Compliance percentage: 100.0
----> Acceptance Min: None
----> Final status: Passed
----> -------------------------------",kszg-gl-hmm-qlt-inmvptransbychanel-01,kszg-gl-hmm-qlt-inmvptransbychanel-01-kaUMVANUkyIXDP3,,Julen Montes
TRUE,TRUE,,3Q25,,28d4d3435e,,,,,Julen Montes
TRUE,TRUE,,3Q25,,28d4d3444c,,,,,Julen Montes
TRUE,TRUE,,3Q25,,28d4d34550,,,,,Julen Montes
TRUE,TRUE,,3Q25,,28d4d34648,,,,,Julen Montes
TRUE,TRUE,,3Q25,,28d4e2f346,,,,,Julen Montes
TRUE,TRUE,,3Q25,,GL_STR_t_kszg_trnslty_by_channel_4.2_000,,,,,Julen Montes
TRUE,TRUE,t_re4m_virtual_assistant_message,3Q25,https://jira.globaldevtools.bbva.com/browse/DECSCLIENT-3473,28d5ed04a2,"########                          DATA QUALITY RESULTS                          ########
########################################################################################
--> DATASET
----> ObjectPath: Some(/data/master/re4m/data/t_re4m_virtual_assistant_message)
----> PhysicalObject: t_re4m_virtual_assistant_message
----> UUAA: re4m
----> Subset: Some(gf_cutoff_date='1997-01-01')
----> FrequencyRuleExecution: None
----> Dataset size: 16 rows
----> Data date: 1997-01-01
----> Execution date: 2025-08-05 10:55:33.982
--> RESULTS
----> Rule: 4.3 (com.datio.hammurabi.rules.consistence.ValueConciliationRule)
----> Subset: None
----> Physical field: gf_interaction_id
----> Is Critical: true
----> DrillDown: Some()->Some()
----> MinimumThreshold: None
----> TargetThreshold: None
----> Passed records: 16 
----> Total records affected: 16
----> Compliance percentage: 100.0
----> Acceptance Min: None
----> Final status: Passed
----> -------------------------------
########################################################################################
########                             END OF RESULTS                             ########
########################################################################################

Process finished with exit code 0",re4m-gl-hmm-qlt-virtualassistantmessage-02,re4m-gl-hmm-qlt-virtualassistantmessage-02-FddzgRdkaJBiaV1,,Juan Carlos Frutos
TRUE,TRUE,t_katc_attributes_mp,3Q25,https://jira.globaldevtools.bbva.com/browse/DECSCLIENT-3466,28d98b05f4,"########                          DATA QUALITY RESULTS                          ########
########################################################################################
--> DATASET
----> ObjectPath: Some(/data/master/katc/data/t_katc_attributes_mp)
----> PhysicalObject: t_katc_attributes_mp
----> UUAA: katc
----> Subset: Some(gf_cutoff_date='1997-01-01')
----> FrequencyRuleExecution: None
----> Dataset size: 4 rows
----> Data date: 1997-01-01
----> Execution date: 2025-08-06 18:39:43.643
--> RESULTS
----> Rule: 4.2 (com.datio.hammurabi.rules.consistence.DuplicateRule)
----> Subset: None
----> Physical field: 
----> Is Critical: true
----> DrillDown: Some()->Some()
----> MinimumThreshold: None
----> TargetThreshold: None
----> Passed records: 4 
----> Total records affected: 4
----> Compliance percentage: 100.0
----> Acceptance Min: None
----> Final status: Passed
----> -------------------------------
########################################################################################
########                             END OF RESULTS                             ########
########################################################################################

Process finished with exit code 0",katc-gl-hmm-qlt-attributesmpmrfield-01,katc-gl-hmm-qlt-attributesmpmrfield-01-Y3AlHp3zHN3gl4x,,Juan Carlos Frutos
TRUE,TRUE,,,,28d98b06da,"########                          DATA QUALITY RESULTS                          ########
########################################################################################
--> DATASET
----> ObjectPath: Some(/data/master/katc/data/t_katc_attributes_mp)
----> PhysicalObject: t_katc_attributes_mp
----> UUAA: katc
----> Subset: Some(gf_cutoff_date='1997-01-01')
----> FrequencyRuleExecution: None
----> Dataset size: 4 rows
----> Data date: 1997-01-01
----> Execution date: 2025-08-06 19:07:32.087
--> RESULTS
----> Rule: 4.3 (com.datio.hammurabi.rules.consistence.ValueConciliationRule)
----> Subset: None
----> Physical field: g_country_id
----> Is Critical: true
----> DrillDown: Some()->Some()
----> MinimumThreshold: None
----> TargetThreshold: None
----> Passed records: 4 
----> Total records affected: 4
----> Compliance percentage: 100.0
----> Acceptance Min: None
----> Final status: Passed
----> -------------------------------
########################################################################################
########                             END OF RESULTS                             ########
########################################################################################

Process finished with exit code 0",katc-gl-hmm-qlt-attributesmpkcogcountry-01,katc-gl-hmm-qlt-attributesmpkcogcountry-01-od7nN3mjJZY7KTg,,Juan Carlos Frutos
TRUE,TRUE,,,,28d98b07e3,"########                          DATA QUALITY RESULTS                          ########
########################################################################################
--> DATASET
----> ObjectPath: Some(/data/master/katc/data/t_katc_attributes_mp)
----> PhysicalObject: t_katc_attributes_mp
----> UUAA: katc
----> Subset: Some(gf_cutoff_date='1997-01-01')
----> FrequencyRuleExecution: None
----> Dataset size: 4 rows
----> Data date: 1997-01-01
----> Execution date: 2025-08-06 19:15:01.322
--> RESULTS
----> Rule: 4.3 (com.datio.hammurabi.rules.consistence.ValueConciliationRule)
----> Subset: None
----> Physical field: g_entity_id
----> Is Critical: true
----> DrillDown: Some()->Some()
----> MinimumThreshold: None
----> TargetThreshold: None
----> Passed records: 4 
----> Total records affected: 4
----> Compliance percentage: 100.0
----> Acceptance Min: None
----> Final status: Passed
----> -------------------------------
########################################################################################
########                             END OF RESULTS                             ########
########################################################################################

Process finished with exit code 0",katc-gl-hmm-qlt-attributesmpkcogentity-01,katc-gl-hmm-qlt-attributesmpkcogentity-01-uVe3dUwSmUnB6s1,,Juan Carlos Frutos
TRUE,TRUE,,,,28d98b08de,"########                          DATA QUALITY RESULTS                          ########
########################################################################################
--> DATASET
----> ObjectPath: Some(/data/master/katc/data/t_katc_attributes_mp)
----> PhysicalObject: t_katc_attributes_mp
----> UUAA: katc
----> Subset: Some(gf_cutoff_date='1997-01-01')
----> FrequencyRuleExecution: None
----> Dataset size: 4 rows
----> Data date: 1997-01-01
----> Execution date: 2025-08-06 19:21:15.564
--> RESULTS
----> Rule: 4.3 (com.datio.hammurabi.rules.consistence.ValueConciliationRule)
----> Subset: None
----> Physical field: g_customer_id
----> Is Critical: true
----> DrillDown: Some()->Some()
----> MinimumThreshold: None
----> TargetThreshold: None
----> Passed records: 4 
----> Total records affected: 4
----> Compliance percentage: 100.0
----> Acceptance Min: None
----> Final status: Passed
----> -------------------------------
########################################################################################
########                             END OF RESULTS                             ########
########################################################################################

Process finished with exit code 0",katc-gl-hmm-qlt-attributesmpkbtqcustomer-01,katc-gl-hmm-qlt-attributesmpkbtqcustomer-01-BtcdthMuV4as5F0,,Juan Carlos Frutos
TRUE,TRUE,,,,28d98b09da,"########                          DATA QUALITY RESULTS                          ########
########################################################################################
--> DATASET
----> ObjectPath: Some(/data/master/katc/data/t_katc_attributes_mp)
----> PhysicalObject: t_katc_attributes_mp
----> UUAA: katc
----> Subset: Some(gf_cutoff_date='1997-01-01')
----> FrequencyRuleExecution: None
----> Dataset size: 4 rows
----> Data date: 1997-01-01
----> Execution date: 2025-08-06 19:26:21.063
--> RESULTS
----> Rule: 4.3 (com.datio.hammurabi.rules.consistence.ValueConciliationRule)
----> Subset: None
----> Physical field: g_currency_id
----> Is Critical: true
----> DrillDown: Some()->Some()
----> MinimumThreshold: None
----> TargetThreshold: None
----> Passed records: 4 
----> Total records affected: 4
----> Compliance percentage: 100.0
----> Acceptance Min: None
----> Final status: Passed
----> -------------------------------
########################################################################################
########                             END OF RESULTS                             ########
########################################################################################

Process finished with exit code 0
",katc-gl-hmm-qlt-attributesmpkcogcurrency-01,katc-gl-hmm-qlt-attributesmpkcogcurrency-01-KzuwpuYyCBRojhK,,Juan Carlos Frutos
TRUE,TRUE,,,,28d98b0ad5,"########                          DATA QUALITY RESULTS                          ########
########################################################################################
--> DATASET
----> ObjectPath: Some(/data/master/katc/data/t_katc_attributes_mp)
----> PhysicalObject: t_katc_attributes_mp
----> UUAA: katc
----> Subset: Some(gf_cutoff_date='1997-01-01')
----> FrequencyRuleExecution: None
----> Dataset size: 4 rows
----> Data date: 1997-01-01
----> Execution date: 2025-08-07 16:31:50.635
--> RESULTS
----> Rule: 6.9 (com.datio.hammurabi.rules.accuracy.VolumetricTrendRule)
----> Subset: None
----> Physical field: 
----> Is Critical: true
----> DrillDown: Some()->Some()
----> MinimumThreshold: None
----> TargetThreshold: None
----> Passed records: 4 
----> Total records affected: 4
----> Compliance percentage: 100.0
----> Acceptance Min: None
----> Final status: Passed
----> -------------------------------
########################################################################################
########                             END OF RESULTS                             ########
########################################################################################

Process finished with exit code 0
",katc-gl-hmm-qlt-attributesmpmrobject-01,katc-gl-hmm-qlt-attributesmpmrobject-01-OeW3rEYjKPzRT6Y,,Juan Carlos Frutos
TRUE,TRUE,t_l9ct_company_metric_year,3Q25,https://jira.globaldevtools.bbva.com/browse/DECSCLIENT-3468,28d98b01cc,"########                          DATA QUALITY RESULTS                          ########
########################################################################################
--> DATASET
----> ObjectPath: Some(/data/master/l9ct/data/t_l9ct_company_metric_year)
----> PhysicalObject: t_l9ct_company_metric_year
----> UUAA: l9ct
----> Subset: Some(gf_cutoff_date='1997-01-01')
----> FrequencyRuleExecution: None
----> Dataset size: 4 rows
----> Data date: 1997-01-01
----> Execution date: 2025-08-07 10:36:25.707
--> RESULTS
----> Rule: 3.5 (com.datio.hammurabi.rules.validity.DynamicCatalogRule)
----> Subset: None
----> Physical field: g_data_source_origin_ex1_type
----> Is Critical: false
----> DrillDown: Some()->Some()
----> MinimumThreshold: None
----> TargetThreshold: None
----> Passed records: 4 
----> Total records affected: 4
----> Compliance percentage: 100.0
----> Acceptance Min: None
----> Final status: Passed
----> -------------------------------
----> Rule: 3.5 (com.datio.hammurabi.rules.validity.StaticCatalogRule)
----> Subset: None
----> Physical field: g_verified_emissions_ind_type
----> Is Critical: false
----> DrillDown: Some()->Some()
----> MinimumThreshold: None
----> TargetThreshold: None
----> Passed records: 4 
----> Total records affected: 4
----> Compliance percentage: 100.0
----> Acceptance Min: None
----> Final status: Passed
----> -------------------------------
########################################################################################
########                             END OF RESULTS                             ########
########################################################################################

Process finished with exit code 0
",l9ct-gl-hmm-qlt-companymetricyear-02,l9ct-gl-hmm-qlt-companymetricyear-02-GQsPaZcWvyEuO62,,Juan Carlos Frutos
TRUE,TRUE,,,,28d98b02d9,,,,,
TRUE,TRUE,t_l9ct_regulatory_metric_year,3Q25,https://jira.globaldevtools.bbva.com/browse/DECSCLIENT-3470,28d98b03df,"########                          DATA QUALITY RESULTS                          ########
########################################################################################
--> DATASET
----> ObjectPath: Some(/data/master/l9ct/data/t_l9ct_regulatory_metric_year)
----> PhysicalObject: t_l9ct_regulatory_metric_year
----> UUAA: l9ct
----> Subset: Some(gf_cutoff_date='1997-01-01')
----> FrequencyRuleExecution: None
----> Dataset size: 4 rows
----> Data date: 1997-01-01
----> Execution date: 2025-08-07 10:53:54.039
--> RESULTS
----> Rule: 3.5 (com.datio.hammurabi.rules.validity.DynamicCatalogRule)
----> Subset: None
----> Physical field: g_data_source_origin_ex1_type
----> Is Critical: false
----> DrillDown: Some()->Some()
----> MinimumThreshold: None
----> TargetThreshold: None
----> Passed records: 4 
----> Total records affected: 4
----> Compliance percentage: 100.0
----> Acceptance Min: None
----> Final status: Passed
----> -------------------------------
----> Rule: 3.5 (com.datio.hammurabi.rules.validity.StaticCatalogRule)
----> Subset: None
----> Physical field: g_verified_emissions_ind_type
----> Is Critical: false
----> DrillDown: Some()->Some()
----> MinimumThreshold: None
----> TargetThreshold: None
----> Passed records: 4 
----> Total records affected: 4
----> Compliance percentage: 100.0
----> Acceptance Min: None
----> Final status: Passed
----> -------------------------------
########################################################################################
########                             END OF RESULTS                             ########
########################################################################################

Process finished with exit code 0
",l9ct-gl-hmm-qlt-regulatorymetricyear-03,l9ct-gl-hmm-qlt-regulatorymetricyear-03-g1lfEMwUrDN8bJu,,Juan Carlos Frutos
TRUE,TRUE,,,,28d98b04fa,,,,,
TRUE,TRUE,t_l9ct_em_factors_motor_ve,3Q25,https://jira.globaldevtools.bbva.com/browse/DECSCLIENT-3435,27927466e6,"########                          DATA QUALITY RESULTS                          ########
########################################################################################
--> DATASET
----> ObjectPath: Some(/data/master/l9ct/data/t_l9ct_em_factors_motor_ve)
----> PhysicalObject: t_l9ct_em_factors_motor_ve
----> UUAA: l9ct
----> Subset: Some(gf_cutoff_date='1997-01-01')
----> FrequencyRuleExecution: None
----> Dataset size: 4 rows
----> Data date: 1997-01-01
----> Execution date: 2025-08-08 12:12:03.38
--> RESULTS
----> Rule: 3.4 (com.datio.hammurabi.rules.validity.NumericRangeRule)
----> Subset: None
----> Physical field: gf_scope_2_emfc_number
----> Is Critical: false
----> DrillDown: Some()->Some()
----> MinimumThreshold: None
----> TargetThreshold: None
----> Passed records: 4 
----> Total records affected: 4
----> Compliance percentage: 100.0
----> Acceptance Min: None
----> Final status: Passed
----> -------------------------------
########################################################################################
########                             END OF RESULTS                             ########
########################################################################################

Process finished with exit code 0",l9ct-gl-hmm-qlt-factorsmotorve-01,l9ct-gl-hmm-qlt-factorsmotorve-01-sOucssOmoQdaELJ,,Juan Carlos Frutos
TRUE,TRUE,t_l9ct_em_factors_by_sector,3Q25,https://jira.globaldevtools.bbva.com/browse/DECSCLIENT-3437,279274642e,"########                          DATA QUALITY RESULTS                          ########
########################################################################################
--> DATASET
----> ObjectPath: Some(/data/master/l9ct/data/t_l9ct_em_factors_by_sector)
----> PhysicalObject: t_l9ct_em_factors_by_sector
----> UUAA: l9ct
----> Subset: Some(gf_cutoff_date='1997-01-01')
----> FrequencyRuleExecution: None
----> Dataset size: 4 rows
----> Data date: 1997-01-01
----> Execution date: 2025-08-08 12:18:21.151
--> RESULTS
----> Rule: 3.4 (com.datio.hammurabi.rules.validity.NumericRangeRule)
----> Subset: None
----> Physical field: gf_scope_2_emfc_number
----> Is Critical: false
----> DrillDown: Some()->Some()
----> MinimumThreshold: None
----> TargetThreshold: None
----> Passed records: 4 
----> Total records affected: 4
----> Compliance percentage: 100.0
----> Acceptance Min: None
----> Final status: Passed
----> -------------------------------
########################################################################################
########                             END OF RESULTS                             ########
########################################################################################

Process finished with exit code 0",l9ct-gl-hmm-qlt-factorsbysector-01,l9ct-gl-hmm-qlt-factorsbysector-01-sGwpuCAEsMQSaxw,,
TRUE,TRUE,t_rzua_sust_kpi_link_operation,3Q25,https://jira.globaldevtools.bbva.com/browse/DECSCLIENT-3447,28d4dd2f94,"########                          DATA QUALITY RESULTS                          ########
########################################################################################
--> DATASET
----> ObjectPath: Some(/data/master/rzua/data/t_rzua_sust_kpi_link_operation)
----> PhysicalObject: t_rzua_sust_kpi_link_operation
----> UUAA: rzua
----> Subset: Some(gf_cutoff_date='1997-01-01')
----> FrequencyRuleExecution: None
----> Dataset size: 8 rows
----> Data date: 1997-01-01
----> Execution date: 2025-08-11 11:17:11.569
--> RESULTS
----> Rule: 3.2 (com.datio.hammurabi.rules.validity.FormatValidationRule)
----> Subset: None
----> Physical field: g_bbva_sus_cond_coord_ind_type
----> Is Critical: false
----> DrillDown: Some()->Some()
----> MinimumThreshold: None
----> TargetThreshold: None
----> Passed records: 8 
----> Total records affected: 8
----> Compliance percentage: 100.0
----> Acceptance Min: None
----> Final status: Passed
----> -------------------------------
########################################################################################
########                             END OF RESULTS                             ########
########################################################################################

Process finished with exit code 0",rzua-gl-hmm-qlt-sustkpilinkoper-02,rzua-gl-hmm-qlt-sustkpilinkoper-02-5cQK39ja2HqMvrD,,Marcos Leon
TRUE,TRUE,t_katc_recurrence_forecast,3Q25,https://jira.globaldevtools.bbva.com/browse/DECSCLIENT-3440,GL_DOM_t_katc_recurrence_forecast_5.3_002,"########                          DATA QUALITY RESULTS                          ########
########################################################################################
--> DATASET
----> ObjectPath: Some(/data/master/katc/data/t_katc_recurrence_forecast)
----> PhysicalObject: t_katc_recurrence_forecast
----> UUAA: katc
----> Subset: Some(gf_cutoff_date='1997-01-01')
----> FrequencyRuleExecution: None
----> Dataset size: 4 rows
----> Data date: 1997-01-01
----> Execution date: 2025-08-11 11:45:43.596
--> RESULTS
----> Rule: 5.3 (com.datio.hammurabi.rules.integrity.SameValueComparisonRule)
----> Subset: None
----> Physical field: gf_predicted_min_date
----> Is Critical: false
----> DrillDown: Some()->Some()
----> MinimumThreshold: None
----> TargetThreshold: None
----> Passed records: 4 
----> Total records affected: 4
----> Compliance percentage: 100.0
----> Acceptance Min: None
----> Final status: Passed
----> -------------------------------
########################################################################################
########                             END OF RESULTS                             ########
########################################################################################

Process finished with exit code 0
",katc-gl-hmm-qlt-recurrenceforecast-02,katc-gl-hmm-qlt-recurrenceforecast-02-78iHeSVa1hsktuE,,Juan Carlos Frutos
TRUE,TRUE,t_rzua_sust_kpi_link_oper_checkp,3Q25,https://jira.globaldevtools.bbva.com/browse/DECSCLIENT-3443,"28d4dada56
28d4dadbc5
28d2e215c3","########                          DATA QUALITY RESULTS                          ########
########################################################################################
--> DATASET
----> ObjectPath: Some(/data/master/rzua/data/t_rzua_sust_kpi_link_oper_checkp)
----> PhysicalObject: t_rzua_sust_kpi_link_oper_checkp
----> UUAA: rzua
----> Subset: Some(gf_cutoff_date='1997-01-01')
----> FrequencyRuleExecution: None
----> Dataset size: 8 rows
----> Data date: 1997-01-01
----> Execution date: 2025-08-11 11:59:47.931
--> RESULTS
----> Rule: 3.2 (com.datio.hammurabi.rules.validity.FormatValidationRule)
----> Subset: None
----> Physical field: g_condition_action_id
----> Is Critical: false
----> DrillDown: Some()->Some()
----> MinimumThreshold: None
----> TargetThreshold: None
----> Passed records: 8 
----> Total records affected: 8
----> Compliance percentage: 100.0
----> Acceptance Min: None
----> Final status: Passed
----> -------------------------------
----> Rule: 3.1 (com.datio.hammurabi.rules.validity.NotNullValidationRule)
----> Subset: None
----> Physical field: gf_op_cond_rev_per_start_date
----> Is Critical: false
----> DrillDown: Some()->Some()
----> MinimumThreshold: None
----> TargetThreshold: None
----> Passed records: 8 
----> Total records affected: 8
----> Compliance percentage: 100.0
----> Acceptance Min: None
----> Final status: Passed
----> -------------------------------
----> Rule: 5.3 (com.datio.hammurabi.rules.integrity.SameValueComparisonRule)
----> Subset: None
----> Physical field: gf_kpi_max_rng_val_eval_number
----> Is Critical: false
----> DrillDown: Some()->Some()
----> MinimumThreshold: None
----> TargetThreshold: None
----> Passed records: 8 
----> Total records affected: 8
----> Compliance percentage: 100.0
----> Acceptance Min: None
----> Final status: Passed
----> -------------------------------
########################################################################################
########                             END OF RESULTS                             ########
########################################################################################
",rzua-gl-hmm-qlt-sustkpilinkopercheckp-01,rzua-gl-hmm-qlt-sustkpilinkopercheckp-01-Xpwyz3qUhlL1uAm,,Marcos Leon
TRUE,TRUE,t_rzua_sust_kpi_link_oper_condit,3Q25,https://jira.globaldevtools.bbva.com/browse/DECSCLIENT-3441,28d2c7aabb,"########                          DATA QUALITY RESULTS                          ########
########################################################################################
--> DATASET
----> ObjectPath: Some(/data/master/rzua/data/t_rzua_sust_kpi_link_oper_condit)
----> PhysicalObject: t_rzua_sust_kpi_link_oper_condit
----> UUAA: rzua
----> Subset: None
----> FrequencyRuleExecution: None
----> Dataset size: 4 rows
----> Data date: 1997-01-01
----> Execution date: 2025-08-11 12:12:03.39
--> RESULTS
----> Rule: 3.4 (com.datio.hammurabi.rules.validity.NumericRangeRule)
----> Subset: None
----> Physical field: gf_goal_target_number
----> Is Critical: false
----> DrillDown: Some()->Some()
----> MinimumThreshold: None
----> TargetThreshold: None
----> Passed records: 4 
----> Total records affected: 4
----> Compliance percentage: 100.0
----> Acceptance Min: None
----> Final status: Passed
----> -------------------------------
########################################################################################
########                             END OF RESULTS                             ########
########################################################################################

Process finished with exit code 0",rzua-gl-hmm-qlt-kpilinkopercondit-01,rzua-gl-hmm-qlt-kpilinkopercondit-01-9dHsVPH9gOFSUFf,,Juan Carlos Frutos
TRUE,FALSE,t_kcpg_general_budgets,3Q25,-,"KCPG_general-budgets_MRField.conf
KCPG_general-budgets_MRObject.conf
KCPG_general-budgets_KCOG_country_MMRule.conf
KCPG_general-budgets_KCOG_currency_MMRule.conf
KCPG_general-budgets_KBTQ_role-person_MMRule.conf",-,kcpg-gl-hmm-qlt-generalbudgets-02,kcpg-gl-hmm-qlt-generalbudgets-02-f2y6dAhXZ3afy2X,,Marcos Leon
TRUE,FALSE,,,,,,kcpg-gl-hmm-qlt-generalbudgets-03,kcpg-gl-hmm-qlt-generalbudgets-03-mHeavjdpxtHzhm3,,Marcos Leon
TRUE,FALSE,,,,,,kcpg-gl-hmm-qlt-generalbudgets-04,kcpg-gl-hmm-qlt-generalbudgets-04-hW7cFUhgmSrYpid,,Marcos Leon
TRUE,FALSE,,,,,,kcpg-gl-hmm-qlt-generalbudgets-05,kcpg-gl-hmm-qlt-generalbudgets-05-HJHoIqjhuZgbzQv,,Marcos Leon
TRUE,FALSE,,,,,,kcpg-gl-hmm-qlt-generalbudgets-06,kcpg-gl-hmm-qlt-generalbudgets-06-h2CCWtWpvg0J7co,,Marcos Leon
TRUE,TRUE,t_re4m_assistance_manager,3Q25,https://jira.globaldevtools.bbva.com/browse/DECSCLIENT-3501,28dd32daa0,"########                          DATA QUALITY RESULTS                          ########
########################################################################################
--> DATASET
----> ObjectPath: Some(/data/master/re4m/data/t_re4m_assistance_manager)
----> PhysicalObject: t_re4m_assistance_manager
----> UUAA: re4m
----> Subset: Some(gf_cutoff_date='1997-01-01')
----> FrequencyRuleExecution: None
----> Dataset size: 4 rows
----> Data date: 1997-01-01
----> Execution date: 2025-08-13 21:19:09.198
--> RESULTS
----> Rule: 3.1 (com.datio.hammurabi.rules.validity.NotNullValidationRule)
----> Subset: None
----> Physical field: g_entity_id
----> Is Critical: true
----> DrillDown: Some()->Some()
----> MinimumThreshold: None
----> TargetThreshold: None
----> Passed records: 4 
----> Total records affected: 4
----> Compliance percentage: 100.0
----> Acceptance Min: None
----> Final status: Passed
----> -------------------------------
----> Rule: 3.1 (com.datio.hammurabi.rules.validity.NotNullValidationRule)
----> Subset: None
----> Physical field: g_data_source_origin_type
----> Is Critical: true
----> DrillDown: Some()->Some()
----> MinimumThreshold: None
----> TargetThreshold: None
----> Passed records: 4 
----> Total records affected: 4
----> Compliance percentage: 100.0
----> Acceptance Min: None
----> Final status: Passed
----> -------------------------------
----> Rule: 3.1 (com.datio.hammurabi.rules.validity.NotNullValidationRule)
----> Subset: None
----> Physical field: gf_interaction_id
----> Is Critical: true
----> DrillDown: Some()->Some()
----> MinimumThreshold: None
----> TargetThreshold: None
----> Passed records: 4 
----> Total records affected: 4
----> Compliance percentage: 100.0
----> Acceptance Min: None
----> Final status: Passed
----> -------------------------------
----> Rule: 3.1 (com.datio.hammurabi.rules.validity.NotNullValidationRule)
----> Subset: None
----> Physical field: gf_interaction_activity_id
----> Is Critical: true
----> DrillDown: Some()->Some()
----> MinimumThreshold: None
----> TargetThreshold: None
----> Passed records: 4 
----> Total records affected: 4
----> Compliance percentage: 100.0
----> Acceptance Min: None
----> Final status: Passed
----> -------------------------------
----> Rule: 3.2 (com.datio.hammurabi.rules.validity.FormatValidationRule)
----> Subset: None
----> Physical field: g_entity_id
----> Is Critical: true
----> DrillDown: Some()->Some()
----> MinimumThreshold: None
----> TargetThreshold: None
----> Passed records: 4 
----> Total records affected: 4
----> Compliance percentage: 100.0
----> Acceptance Min: None
----> Final status: Passed
----> -------------------------------
----> Rule: 3.2 (com.datio.hammurabi.rules.validity.FormatValidationRule)
----> Subset: None
----> Physical field: g_data_source_origin_type
----> Is Critical: true
----> DrillDown: Some()->Some()
----> MinimumThreshold: None
----> TargetThreshold: None
----> Passed records: 4 
----> Total records affected: 4
----> Compliance percentage: 100.0
----> Acceptance Min: None
----> Final status: Passed
----> -------------------------------
----> Rule: 3.2 (com.datio.hammurabi.rules.validity.FormatValidationRule)
----> Subset: None
----> Physical field: gf_interaction_id
----> Is Critical: true
----> DrillDown: Some()->Some()
----> MinimumThreshold: None
----> TargetThreshold: None
----> Passed records: 4 
----> Total records affected: 4
----> Compliance percentage: 100.0
----> Acceptance Min: None
----> Final status: Passed
----> -------------------------------
----> Rule: 3.2 (com.datio.hammurabi.rules.validity.FormatValidationRule)
----> Subset: None
----> Physical field: gf_interaction_activity_id
----> Is Critical: true
----> DrillDown: Some()->Some()
----> MinimumThreshold: None
----> TargetThreshold: None
----> Passed records: 4 
----> Total records affected: 4
----> Compliance percentage: 100.0
----> Acceptance Min: None
----> Final status: Passed
----> -------------------------------
----> Rule: 3.5 (com.datio.hammurabi.rules.validity.DynamicCatalogRule)
----> Subset: None
----> Physical field: g_data_source_origin_type
----> Is Critical: false
----> DrillDown: Some()->Some()
----> MinimumThreshold: None
----> TargetThreshold: None
----> Passed records: 4 
----> Total records affected: 4
----> Compliance percentage: 100.0
----> Acceptance Min: None
----> Final status: Passed
----> -------------------------------
----> Rule: 3.5 (com.datio.hammurabi.rules.validity.DynamicCatalogRule)
----> Subset: None
----> Physical field: gf_content_message_language_id
----> Is Critical: false
----> DrillDown: Some()->Some()
----> MinimumThreshold: None
----> TargetThreshold: None
----> Passed records: 4 
----> Total records affected: 4
----> Compliance percentage: 100.0
----> Acceptance Min: None
----> Final status: Passed
----> -------------------------------
----> Rule: 4.2 (com.datio.hammurabi.rules.consistence.DuplicateRule)
----> Subset: None
----> Physical field: 
----> Is Critical: true
----> DrillDown: Some()->Some()
----> MinimumThreshold: None
----> TargetThreshold: None
----> Passed records: 4 
----> Total records affected: 4
----> Compliance percentage: 100.0
----> Acceptance Min: None
----> Final status: Passed
----> -------------------------------
########################################################################################
########                             END OF RESULTS                             ########
########################################################################################

Process finished with exit code 0",re4m-gl-hmm-qlt-assitantmanagermvp-01,re4m-gl-hmm-qlt-assitantmanagermvp-01-KZEdmsqbXyCNylF,,Juan Carlos Frutos
TRUE,TRUE,,,,28dd32dbc4,,,re4m-gl-hmm-qlt-assitantmanagermvp-01-KZEdmsqbXyCNylF,,Juan Carlos Frutos
TRUE,TRUE,,,,28dd32dce9,,,re4m-gl-hmm-qlt-assitantmanagermvp-01-KZEdmsqbXyCNylF,,Juan Carlos Frutos
TRUE,TRUE,,,,28dd32de11,,,re4m-gl-hmm-qlt-assitantmanagermvp-01-KZEdmsqbXyCNylF,,Juan Carlos Frutos
TRUE,TRUE,,,,28dd32df25,,,re4m-gl-hmm-qlt-assitantmanagermvp-01-KZEdmsqbXyCNylF,,Juan Carlos Frutos
TRUE,TRUE,,,,28dd32e039,,,re4m-gl-hmm-qlt-assitantmanagermvp-01-KZEdmsqbXyCNylF,,Juan Carlos Frutos
TRUE,TRUE,,,,28dd32e14a,,,re4m-gl-hmm-qlt-assitantmanagermvp-01-KZEdmsqbXyCNylF,,Juan Carlos Frutos
TRUE,TRUE,,,,28dd32e25b,,,re4m-gl-hmm-qlt-assitantmanagermvp-01-KZEdmsqbXyCNylF,,Juan Carlos Frutos
TRUE,TRUE,,,,28dd32e365,,,re4m-gl-hmm-qlt-assitantmanagermvp-01-KZEdmsqbXyCNylF,,Juan Carlos Frutos
TRUE,TRUE,,,,28dd32e46b,,,re4m-gl-hmm-qlt-assitantmanagermvp-01-KZEdmsqbXyCNylF,,Juan Carlos Frutos
TRUE,TRUE,,,,28dd32f8a7,,,re4m-gl-hmm-qlt-assitantmanagermvp-01-KZEdmsqbXyCNylF,,Juan Carlos Frutos
TRUE,TRUE,,,,28dd32e57e,"########                          DATA QUALITY RESULTS                          ########
########################################################################################
--> DATASET
----> ObjectPath: Some(/data/master/re4m/data/t_re4m_assistance_manager)
----> PhysicalObject: t_re4m_assistance_manager
----> UUAA: re4m
----> Subset: Some(gf_cutoff_date='1997-01-01')
----> FrequencyRuleExecution: None
----> Dataset size: 4 rows
----> Data date: 1997-01-01
----> Execution date: 2025-08-13 21:26:43.018
--> RESULTS
----> Rule: 4.3 (com.datio.hammurabi.rules.consistence.ValueConciliationRule)
----> Subset: None
----> Physical field: gf_interaction_id
----> Is Critical: false
----> DrillDown: Some()->Some()
----> MinimumThreshold: None
----> TargetThreshold: None
----> Passed records: 4 
----> Total records affected: 4
----> Compliance percentage: 100.0
----> Acceptance Min: None
----> Final status: Passed
----> -------------------------------
########################################################################################
########                             END OF RESULTS                             ########
########################################################################################

Process finished with exit code 0
",re4m-gl-hmm-qlt-assistancemanagermmrule-01,re4m-gl-hmm-qlt-assistancemanagermmrule-01-j0O6sm6afVv3DDo,,Juan Carlos Frutos
TRUE,TRUE,t_re4m_candidate_response,3Q25,https://jira.globaldevtools.bbva.com/browse/DECSCLIENT-3502,28dd32f780,"########                          DATA QUALITY RESULTS                          ########
########################################################################################
--> DATASET
----> ObjectPath: Some(/data/master/re4m/data/t_re4m_candidate_response)
----> PhysicalObject: t_re4m_candidate_response
----> UUAA: re4m
----> Subset: Some(gf_cutoff_date='1997-01-01')
----> FrequencyRuleExecution: None
----> Dataset size: 4 rows
----> Data date: 1997-01-01
----> Execution date: 2025-08-14 13:33:31.882
--> RESULTS
----> Rule: 4.3 (com.datio.hammurabi.rules.consistence.ValueConciliationRule)
----> Subset: None
----> Physical field: gf_interaction_id
----> Is Critical: false
----> DrillDown: Some()->Some()
----> MinimumThreshold: None
----> TargetThreshold: None
----> Passed records: 4 
----> Total records affected: 4
----> Compliance percentage: 100.0
----> Acceptance Min: None
----> Final status: Passed
----> -------------------------------
########################################################################################
########                             END OF RESULTS                             ########
########################################################################################

Process finished with exit code 0",re4m-gl-hmm-qlt-candidateresponsemmrule-02,re4m-gl-hmm-qlt-candidateresponsemmrule-02-qGwwNmCDNsdVyUS,,Juan Carlos Frutos
TRUE,TRUE,,,,28dd32e6a5,"########                          DATA QUALITY RESULTS                          ########
########################################################################################
--> DATASET
----> ObjectPath: Some(/data/master/re4m/data/t_re4m_candidate_response)
----> PhysicalObject: t_re4m_candidate_response
----> UUAA: re4m
----> Subset: Some(gf_cutoff_date='1997-01-01')
----> FrequencyRuleExecution: None
----> Dataset size: 4 rows
----> Data date: 1997-01-01
----> Execution date: 2025-08-14 13:23:37.699
--> RESULTS
----> Rule: 3.1 (com.datio.hammurabi.rules.validity.NotNullValidationRule)
----> Subset: None
----> Physical field: g_entity_id
----> Is Critical: true
----> DrillDown: Some()->Some()
----> MinimumThreshold: None
----> TargetThreshold: None
----> Passed records: 4 
----> Total records affected: 4
----> Compliance percentage: 100.0
----> Acceptance Min: None
----> Final status: Passed
----> -------------------------------
----> Rule: 3.1 (com.datio.hammurabi.rules.validity.NotNullValidationRule)
----> Subset: None
----> Physical field: g_data_source_origin_type
----> Is Critical: true
----> DrillDown: Some()->Some()
----> MinimumThreshold: None
----> TargetThreshold: None
----> Passed records: 4 
----> Total records affected: 4
----> Compliance percentage: 100.0
----> Acceptance Min: None
----> Final status: Passed
----> -------------------------------
----> Rule: 3.1 (com.datio.hammurabi.rules.validity.NotNullValidationRule)
----> Subset: None
----> Physical field: gf_interaction_id
----> Is Critical: true
----> DrillDown: Some()->Some()
----> MinimumThreshold: None
----> TargetThreshold: None
----> Passed records: 4 
----> Total records affected: 4
----> Compliance percentage: 100.0
----> Acceptance Min: None
----> Final status: Passed
----> -------------------------------
----> Rule: 3.1 (com.datio.hammurabi.rules.validity.NotNullValidationRule)
----> Subset: None
----> Physical field: gf_interaction_activity_id
----> Is Critical: true
----> DrillDown: Some()->Some()
----> MinimumThreshold: None
----> TargetThreshold: None
----> Passed records: 4 
----> Total records affected: 4
----> Compliance percentage: 100.0
----> Acceptance Min: None
----> Final status: Passed
----> -------------------------------
----> Rule: 3.1 (com.datio.hammurabi.rules.validity.NotNullValidationRule)
----> Subset: None
----> Physical field: gf_interaction_actvy_rsps_id
----> Is Critical: true
----> DrillDown: Some()->Some()
----> MinimumThreshold: None
----> TargetThreshold: None
----> Passed records: 4 
----> Total records affected: 4
----> Compliance percentage: 100.0
----> Acceptance Min: None
----> Final status: Passed
----> -------------------------------
----> Rule: 3.1 (com.datio.hammurabi.rules.validity.NotNullValidationRule)
----> Subset: None
----> Physical field: gf_cand_rsps_freq_ask_qsn_id
----> Is Critical: true
----> DrillDown: Some()->Some()
----> MinimumThreshold: None
----> TargetThreshold: None
----> Passed records: 4 
----> Total records affected: 4
----> Compliance percentage: 100.0
----> Acceptance Min: None
----> Final status: Passed
----> -------------------------------
----> Rule: 3.2 (com.datio.hammurabi.rules.validity.FormatValidationRule)
----> Subset: None
----> Physical field: g_entity_id
----> Is Critical: true
----> DrillDown: Some()->Some()
----> MinimumThreshold: None
----> TargetThreshold: None
----> Passed records: 4 
----> Total records affected: 4
----> Compliance percentage: 100.0
----> Acceptance Min: None
----> Final status: Passed
----> -------------------------------
----> Rule: 3.2 (com.datio.hammurabi.rules.validity.FormatValidationRule)
----> Subset: None
----> Physical field: g_data_source_origin_type
----> Is Critical: true
----> DrillDown: Some()->Some()
----> MinimumThreshold: None
----> TargetThreshold: None
----> Passed records: 4 
----> Total records affected: 4
----> Compliance percentage: 100.0
----> Acceptance Min: None
----> Final status: Passed
----> -------------------------------
----> Rule: 3.2 (com.datio.hammurabi.rules.validity.FormatValidationRule)
----> Subset: None
----> Physical field: gf_interaction_id
----> Is Critical: true
----> DrillDown: Some()->Some()
----> MinimumThreshold: None
----> TargetThreshold: None
----> Passed records: 4 
----> Total records affected: 4
----> Compliance percentage: 100.0
----> Acceptance Min: None
----> Final status: Passed
----> -------------------------------
----> Rule: 3.2 (com.datio.hammurabi.rules.validity.FormatValidationRule)
----> Subset: None
----> Physical field: gf_interaction_activity_id
----> Is Critical: true
----> DrillDown: Some()->Some()
----> MinimumThreshold: None
----> TargetThreshold: None
----> Passed records: 4 
----> Total records affected: 4
----> Compliance percentage: 100.0
----> Acceptance Min: None
----> Final status: Passed
----> -------------------------------
----> Rule: 3.2 (com.datio.hammurabi.rules.validity.FormatValidationRule)
----> Subset: None
----> Physical field: gf_interaction_actvy_rsps_id
----> Is Critical: true
----> DrillDown: Some()->Some()
----> MinimumThreshold: None
----> TargetThreshold: None
----> Passed records: 4 
----> Total records affected: 4
----> Compliance percentage: 100.0
----> Acceptance Min: None
----> Final status: Passed
----> -------------------------------
----> Rule: 3.2 (com.datio.hammurabi.rules.validity.FormatValidationRule)
----> Subset: None
----> Physical field: gf_cand_rsps_freq_ask_qsn_id
----> Is Critical: true
----> DrillDown: Some()->Some()
----> MinimumThreshold: None
----> TargetThreshold: None
----> Passed records: 4 
----> Total records affected: 4
----> Compliance percentage: 100.0
----> Acceptance Min: None
----> Final status: Passed
----> -------------------------------
----> Rule: 3.5 (com.datio.hammurabi.rules.validity.DynamicCatalogRule)
----> Subset: None
----> Physical field: g_data_source_origin_type
----> Is Critical: false
----> DrillDown: Some()->Some()
----> MinimumThreshold: None
----> TargetThreshold: None
----> Passed records: 4 
----> Total records affected: 4
----> Compliance percentage: 100.0
----> Acceptance Min: None
----> Final status: Passed
----> -------------------------------
----> Rule: 3.5 (com.datio.hammurabi.rules.validity.DynamicCatalogRule)
----> Subset: None
----> Physical field: g_cand_rsps_type
----> Is Critical: false
----> DrillDown: Some()->Some()
----> MinimumThreshold: None
----> TargetThreshold: None
----> Passed records: 4 
----> Total records affected: 4
----> Compliance percentage: 100.0
----> Acceptance Min: None
----> Final status: Passed
----> -------------------------------
----> Rule: 4.2 (com.datio.hammurabi.rules.consistence.DuplicateRule)
----> Subset: None
----> Physical field: 
----> Is Critical: true
----> DrillDown: Some()->Some()
----> MinimumThreshold: None
----> TargetThreshold: None
----> Passed records: 4 
----> Total records affected: 4
----> Compliance percentage: 100.0
----> Acceptance Min: None
----> Final status: Passed
----> -------------------------------
########################################################################################
########                             END OF RESULTS                             ########
########################################################################################

Process finished with exit code 0",re4m-gl-hmm-qlt-candidateresponsemvp-01,re4m-gl-hmm-qlt-candidateresponsemvp-01-ozbo6VzLmYNL0x8,,Juan Carlos Frutos
TRUE,TRUE,,,,28dd32e7b5,,,,,Juan Carlos Frutos
TRUE,TRUE,,,,28dd32e8d1,,,,,Juan Carlos Frutos
TRUE,TRUE,,,,28dd32eb08,,,,,Juan Carlos Frutos
TRUE,TRUE,,,,28dd32ec18,,,,,Juan Carlos Frutos
TRUE,TRUE,,,,28dd32ed2d,,,,,Juan Carlos Frutos
TRUE,TRUE,,,,28dd32ee3e,,,,,Juan Carlos Frutos
TRUE,TRUE,,,,28dd32ef63,,,,,Juan Carlos Frutos
TRUE,TRUE,,,,28dd32f05f,,,,,Juan Carlos Frutos
TRUE,TRUE,,,,28dd32f197,,,,,Juan Carlos Frutos
TRUE,TRUE,,,,28dd32f32e,,,,,Juan Carlos Frutos
TRUE,TRUE,,,,28dd32f438,,,,,Juan Carlos Frutos
TRUE,TRUE,,,,28dd32f547,,,,,Juan Carlos Frutos
TRUE,TRUE,,,,28dd32f66a,,,,,Juan Carlos Frutos
TRUE,TRUE,,,,28dd32f992,,,,,Juan Carlos Frutos
TRUE,FALSE,t_kceg_customer_products,3Q25,https://jira.globaldevtools.bbva.com/browse/DECSCLIENT-3506,28d6e2fd53,"########                          DATA QUALITY RESULTS                          ########
########################################################################################
--> DATASET
----> ObjectPath: Some(/data/master/kceg/data/t_kceg_customer_products)
----> PhysicalObject: t_kceg_customer_products
----> UUAA: kceg
----> Subset: Some(gf_cutoff_date='1997-01-01')
----> FrequencyRuleExecution: None
----> Dataset size: 4 rows
----> Data date: 1997-01-01
----> Execution date: 2025-08-18 12:21:42.063
--> RESULTS
----> Rule: 5.6 (com.datio.hammurabi.rules.integrity.ConcatRuleByColumn)
----> Subset: None
----> Physical field: 
----> Is Critical: false
----> DrillDown: Some()->Some()
----> MinimumThreshold: None
----> TargetThreshold: None
----> Passed records: 4 
----> Total records affected: 4
----> Compliance percentage: 100.0
----> Acceptance Min: None
----> Final status: Passed
----> -------------------------------
########################################################################################
########                             END OF RESULTS                             ########
########################################################################################

Process finished with exit code 0",kceg-gl-hmm-qlt-cutomerproducts-01,kceg-gl-hmm-qlt-cutomerproducts-01-Sasb6JpIDNmT6dL,,Juan Carlos Frutos
TRUE,FALSE,t_kceg_customer_registers,3Q25,https://jira.globaldevtools.bbva.com/browse/DECSCLIENT-3508,28d6e3dcab,"########                          DATA QUALITY RESULTS                          ########
########################################################################################
--> DATASET
----> ObjectPath: Some(/data/master/kceg/data/t_kceg_customer_registers)
----> PhysicalObject: t_kceg_customer_registers
----> UUAA: kceg
----> Subset: Some(gf_cutoff_date='1997-01-01')
----> FrequencyRuleExecution: None
----> Dataset size: 4 rows
----> Data date: 1997-01-01
----> Execution date: 2025-08-18 12:29:58.938
--> RESULTS
----> Rule: 5.6 (com.datio.hammurabi.rules.integrity.ConcatRuleByColumn)
----> Subset: None
----> Physical field: 
----> Is Critical: false
----> DrillDown: Some()->Some()
----> MinimumThreshold: None
----> TargetThreshold: None
----> Passed records: 4 
----> Total records affected: 4
----> Compliance percentage: 100.0
----> Acceptance Min: None
----> Final status: Passed
----> -------------------------------
########################################################################################
########                             END OF RESULTS                             ########
########################################################################################

Process finished with exit code 0",kceg-gl-hmm-qlt-cutomerregisters-01,kceg-gl-hmm-qlt-cutomerregisters-01-HTfqId3XiR6yX8A,,Juan Carlos Frutos
TRUE,TRUE,t_kcpg_goal_contributions,3Q25,DECSCLIENT-3510,28d6e25b3c,"########                          DATA QUALITY RESULTS                          ########
########################################################################################
--> DATASET
----> ObjectPath: Some(/data/master/kcpg/data/t_kcpg_goal_contributions)
----> PhysicalObject: t_kcpg_goal_contributions
----> UUAA: kcpg
----> Subset: Some(gf_cutoff_date='1997-01-01')
----> FrequencyRuleExecution: None
----> Dataset size: 4 rows
----> Data date: 1997-01-01
----> Execution date: 2025-08-19 09:13:17.653
--> RESULTS
----> Rule: 3.4 (com.datio.hammurabi.rules.validity.NumericRangeRule)
----> Subset: None
----> Physical field: gf_goal_contribution_amount
----> Is Critical: false
----> DrillDown: Some()->Some()
----> MinimumThreshold: None
----> TargetThreshold: None
----> Passed records: 4 
----> Total records affected: 4
----> Compliance percentage: 100.0
----> Acceptance Min: None
----> Final status: Passed
----> -------------------------------
----> Rule: 5.6 (com.datio.hammurabi.rules.integrity.ConcatRuleByColumn)
----> Subset: None
----> Physical field: 
----> Is Critical: false
----> DrillDown: Some()->Some()
----> MinimumThreshold: None
----> TargetThreshold: None
----> Passed records: 4 
----> Total records affected: 4
----> Compliance percentage: 100.0
----> Acceptance Min: None
----> Final status: Passed
----> -------------------------------
########################################################################################
########                             END OF RESULTS                             ########
########################################################################################

Process finished with exit code 0
",kcpg-gl-hmm-qlt-goalcontribution-01,kcpg-gl-hmm-qlt-goalcontribution-01-U8vibYuIFDaJdkh,,Juan Carlos Frutos
TRUE,TRUE,,,,28d6e2575f ,,,,,Juan Carlos Frutos
TRUE,TRUE,t_re4m_physical_interaction,3Q25,https://jira.globaldevtools.bbva.com/browse/DECSCLIENT-3497,28dd1e5dfb,"----> -------------------------------
----> Rule: 3.5 (com.datio.hammurabi.rules.validity.DynamicCatalogRule)
----> Subset: None
----> Physical field: gf_audit_project_id
----> Is Critical: false
----> DrillDown: Some()>Some()
----> MinimumThreshold: None
----> TargetThreshold: None
----> Passed records: 4
----> Total records affected: 4
----> Compliance percentage: 100.0
----> Acceptance Min: None
----> Final status: Passed
----> -------------------------------
----> Rule: 3.5 (com.datio.hammurabi.rules.validity.DynamicCatalogRule)
----> Subset: None
----> Physical field: g_role_makes_int_type
----> Is Critical: false
----> DrillDown: Some()>Some()
----> MinimumThreshold: None
----> TargetThreshold: None
----> Passed records: 4
----> Total records affected: 4
----> Compliance percentage: 100.0
----> Acceptance Min: None
----> Final status: Passed
----> -------------------------------
----> Rule: 3.5 (com.datio.hammurabi.rules.validity.DynamicCatalogRule)
----> Subset: None
----> Physical field: g_role_int_int_type
----> Is Critical: false
----> DrillDown: Some()>Some()
----> MinimumThreshold: None
----> TargetThreshold: None
----> Passed records: 4
----> Total records affected: 4
----> Compliance percentage: 100.0
----> Acceptance Min: None
----> Final status: Passed
----> -------------------------------
----> Rule: 3.5 (com.datio.hammurabi.rules.validity.StaticCatalogRule)
----> Subset: None
----> Physical field: gf_sent_act_ind_type
----> Is Critical: false
----> DrillDown: Some()>Some()
----> MinimumThreshold: None
----> TargetThreshold: None
----> Passed records: 4
----> Total records affected: 4
----> Compliance percentage: 100.0
----> Acceptance Min: None
----> Final status: Passed
----> -------------------------------
----> Rule: 3.5 (com.datio.hammurabi.rules.validity.StaticCatalogRule)
----> Subset: None
----> Physical field: gf_convr_atch_files_ind_type
----> Is Critical: false
----> DrillDown: Some()>Some()
----> MinimumThreshold: None
----> TargetThreshold: None
----> Passed records: 4
----> Total records affected: 4
----> Compliance percentage: 100.0
----> Acceptance Min: None
----> Final status: Passed
----> -------------------------------
----> Rule: 3.5 (com.datio.hammurabi.rules.validity.StaticCatalogRule)
----> Subset: None
----> Physical field: gf_convr_logical_del_ind_type
----> Is Critical: false
----> DrillDown: Some()>Some()
----> MinimumThreshold: None
----> TargetThreshold: None
----> Passed records: 4
----> Total records affected: 4
----> Compliance percentage: 100.0
----> Acceptance Min: None
----> Final status: Passed
----> -------------------------------
----> Rule: 3.5 (com.datio.hammurabi.rules.validity.StaticCatalogRule)
----> Subset: None
----> Physical field: gf_convr_cust_draft_ind_type
----> Is Critical: false
----> DrillDown: Some()>Some()
----> MinimumThreshold: None
----> TargetThreshold: None
----> Passed records: 4
----> Total records affected: 4
----> Compliance percentage: 100.0
----> Acceptance Min: None
----> Final status: Passed
----> -------------------------------
----> Rule: 3.5 (com.datio.hammurabi.rules.validity.StaticCatalogRule)
----> Subset: None
----> Physical field: gf_convr_certified_ind_type
----> Is Critical: false
----> DrillDown: Some()>Some()
----> MinimumThreshold: None
----> TargetThreshold: None
----> Passed records: 4
----> Total records affected: 4
----> Compliance percentage: 100.0
----> Acceptance Min: None
----> Final status: Passed
----> -------------------------------
----> Rule: 3.5 (com.datio.hammurabi.rules.validity.StaticCatalogRule)
----> Subset: None
----> Physical field: gf_contact_center_ind_type
----> Is Critical: false
----> DrillDown: Some()>Some()
----> MinimumThreshold: None
----> TargetThreshold: None
----> Passed records: 4
----> Total records affected: 4
----> Compliance percentage: 100.0
----> Acceptance Min: None
----> Final status: Passed
----> -------------------------------
----> Rule: 3.5 (com.datio.hammurabi.rules.validity.StaticCatalogRule)
----> Subset: None
----> Physical field: gf_conv_ai_auto_rsln_ind_type
----> Is Critical: false
----> DrillDown: Some()>Some()
----> MinimumThreshold: None
----> TargetThreshold: None
----> Passed records: 4
----> Total records affected: 4
----> Compliance percentage: 100.0
----> Acceptance Min: None
----> Final status: Passed
----> -------------------------------",re4m-gl-hmm-qlt-physicalinteraction-02,re4m-gl-hmm-qlt-physicalinteraction-02-nTkMoe9Lz7LTgEF,3,JULEN MONTES
TRUE,TRUE,,,,28dd1e5f26,,,,,JULEN MONTES
TRUE,TRUE,,,,28dd1e6037,,,,,JULEN MONTES
TRUE,TRUE,,,,28dd1e6174,,,,,JULEN MONTES
TRUE,TRUE,,,,28dd1e62b9,,,,,JULEN MONTES
TRUE,TRUE,,,,28dd1e63f4,,,,,JULEN MONTES
TRUE,TRUE,,,,28dd1e6508,,,,,JULEN MONTES
TRUE,TRUE,,,,28dd1e663b,,,,,JULEN MONTES
TRUE,TRUE,,,,28dd1e677a,,,,,JULEN MONTES
TRUE,TRUE,,,,28dd1e68a3,,,,,JULEN MONTES
TRUE,TRUE,t_kcpg_expense_group,3Q25,DECSCLIENT-3546,28e1399f4c,"########                          DATA QUALITY RESULTS                          ########
########################################################################################
--> DATASET
----> ObjectPath: Some(/data/master/kcpg/data/t_kcpg_expense_group)
----> PhysicalObject: t_kcpg_expense_group
----> UUAA: kcpg
----> Subset: Some(gf_cutoff_date='1997-01-01')
----> FrequencyRuleExecution: None
----> Dataset size: 4 rows
----> Data date: 1997-01-01
----> Execution date: 2025-08-20 15:44:51.893
--> RESULTS
----> Rule: 4.3 (com.datio.hammurabi.rules.consistence.ValueConciliationRule)
----> Subset: None
----> Physical field: g_entity_id
----> Is Critical: true
----> DrillDown: Some()->Some()
----> MinimumThreshold: None
----> TargetThreshold: None
----> Passed records: 4 
----> Total records affected: 4
----> Compliance percentage: 100.0
----> Acceptance Min: None
----> Final status: Passed
----> -------------------------------
########################################################################################
########                             END OF RESULTS                             ########
########################################################################################

Process finished with exit code 0
",kcpg-gl-hmm-qlt-expensegroupentity-01,kcpg-gl-hmm-qlt-expensegroupentity-01-Gus7kvA3gLwBDoh,,
TRUE,TRUE,t_kcpg_expense_group_member,3Q25,DECSCLIENT-3550,28e0b42903,kcpg-gl-hmm-qlt-groupmemeberexpensivegroup,kcpg-gl-hmm-qlt-groupmemeberexpensivegroup-01-dbwLHAfir3y4LcL,,,
TRUE,TRUE,,,,28e0b427fe,kcpg-gl-hmm-qlt-groupmemeberenetity,kcpg-gl-hmm-qlt-groupmemeberenetity-01-GBw7pgTm7VHmfMn,,,
TRUE,TRUE,t_kcpg_expense_group_participant,3Q25,DECSCLIENT-3548,28e0b42bb4,"########                          DATA QUALITY RESULTS                          ########
########################################################################################
--> DATASET
----> ObjectPath: Some(/data/master/kcpg/data/t_kcpg_expense_group_participant)
----> PhysicalObject: t_kcpg_expense_group_participant
----> UUAA: kcpg
----> Subset: Some(gf_cutoff_date='1997-01-01')
----> FrequencyRuleExecution: None
----> Dataset size: 0 rows
----> Data date: 1997-01-01
----> Execution date: 2025-08-20 21:34:47.684
--> RESULTS
----> Rule: 4.3 (com.datio.hammurabi.rules.consistence.ValueConciliationRule)
----> Subset: None
----> Physical field: g_entity_id
----> Is Critical: true
----> DrillDown: Some()->Some()
----> MinimumThreshold: None
----> TargetThreshold: None
----> Passed records: 0 
----> Total records affected: 0
----> Compliance percentage: 100.0
----> Acceptance Min: None
----> Final status: Passed
----> -------------------------------
########################################################################################
########                             END OF RESULTS                             ########
########################################################################################

Process finished with exit code 0
",kcpg-gl-hmm-qlt-groupparticipantroleperson-01,kcpg-gl-hmm-qlt-groupparticipantroleperson-01-CJa9zjZH7Ws2xaK,,
TRUE,TRUE,,,,28e0b42abc,"#######                          DATA QUALITY RESULTS                          ########
########################################################################################
--> DATASET
----> ObjectPath: Some(/data/master/kcpg/data/t_kcpg_expense_group_participant)
----> PhysicalObject: t_kcpg_expense_group_participant
----> UUAA: kcpg
----> Subset: Some(gf_cutoff_date='1997-01-01')
----> FrequencyRuleExecution: None
----> Dataset size: 4 rows
----> Data date: 1997-01-01
----> Execution date: 2025-08-20 21:41:53.411
--> RESULTS
----> Rule: 4.3 (com.datio.hammurabi.rules.consistence.ValueConciliationRule)
----> Subset: None
----> Physical field: g_role_person_id
----> Is Critical: true
----> DrillDown: Some()->Some()
----> MinimumThreshold: None
----> TargetThreshold: None
----> Passed records: 4 
----> Total records affected: 4
----> Compliance percentage: 100.0
----> Acceptance Min: None
----> Final status: Passed
----> -------------------------------
########################################################################################
########                             END OF RESULTS                             ########
########################################################################################

Process finished with exit code 0
",kcpg-gl-hmm-qlt-groupparticipantentity-01,kcpg-gl-hmm-qlt-groupparticipantentity-01-ez1y8WFBW7mrbt2,,
TRUE,TRUE,t_kcpg_expense_group,3Q25,DECSCLIENT-3545,"28e0b41333
28e0b41448
28e0b41587
28e0b4169f
28e0b41795
28e0b4266b","----> -------------------------------
----> Rule: 3.1 (com.datio.hammurabi.rules.validity.NotNullValidationRule)
----> Subset: None
----> Physical field: g_entity_id
----> Is Critical: true
----> DrillDown: Some()>Some()
----> MinimumThreshold: None
----> TargetThreshold: None
----> Passed records: 4
----> Total records affected: 4
----> Compliance percentage: 100.0
----> Acceptance Min: None
----> Final status: Passed
----> -------------------------------
----> Rule: 3.1 (com.datio.hammurabi.rules.validity.NotNullValidationRule)
----> Subset: None
----> Physical field: gf_expenses_group_id
----> Is Critical: true
----> DrillDown: Some()>Some()
----> MinimumThreshold: None
----> TargetThreshold: None
----> Passed records: 4
----> Total records affected: 4
----> Compliance percentage: 100.0
----> Acceptance Min: None
----> Final status: Passed
----> -------------------------------
----> Rule: 3.2 (com.datio.hammurabi.rules.validity.FormatValidationRule)
----> Subset: None
----> Physical field: g_entity_id
----> Is Critical: true
----> DrillDown: Some()>Some()
----> MinimumThreshold: None
----> TargetThreshold: None
----> Passed records: 4
----> Total records affected: 4
----> Compliance percentage: 100.0
----> Acceptance Min: None
----> Final status: Passed
----> -------------------------------
----> Rule: 3.2 (com.datio.hammurabi.rules.validity.FormatValidationRule)
----> Subset: None
----> Physical field: gf_expenses_group_id
----> Is Critical: true
----> DrillDown: Some()>Some()
----> MinimumThreshold: None
----> TargetThreshold: None
----> Passed records: 4
----> Total records affected: 4
----> Compliance percentage: 100.0
----> Acceptance Min: None
----> Final status: Passed
----> -------------------------------
----> Rule: 3.5 (com.datio.hammurabi.rules.validity.DynamicCatalogRule)
----> Subset: None
----> Physical field: g_exp_group_status_type
----> Is Critical: false
----> DrillDown: Some()>Some()
----> MinimumThreshold: None
----> TargetThreshold: None
----> Passed records: 4
----> Total records affected: 4
----> Compliance percentage: 100.0
----> Acceptance Min: None
----> Final status: Passed
----> -------------------------------
----> Rule: 4.2 (com.datio.hammurabi.rules.consistence.DuplicateRule)
----> Subset: None
----> Physical field: 
----> Is Critical: true
----> DrillDown: Some()>Some()
----> MinimumThreshold: None
----> TargetThreshold: None
----> Passed records: 4
----> Total records affected: 4
----> Compliance percentage: 100.0
----> Acceptance Min: None
----> Final status: Passed
----> -------------------------------",kcpg-gl-hmm-qlt-expensegroup-01,kcpg-gl-hmm-qlt-expensegroup-01-0OnT7lpH3hZXWhd,,MARCOS LEON
TRUE,TRUE,t_kcpg_expense_group_member,3Q25,DECSCLIENT-3549,"28e0b4189a
28e0b41994
28e0b41a90
28e0b41ba8
28e0b41cb3
28e0b41db1
28e0b41eb3
28e0b41faa
28e0b42733","----> -------------------------------
----> Rule: 3.1 (com.datio.hammurabi.rules.validity.NotNullValidationRule)
----> Subset: None
----> Physical field: g_entity_id
----> Is Critical: true
----> DrillDown: Some()>Some()
----> MinimumThreshold: None
----> TargetThreshold: None
----> Passed records: 4
----> Total records affected: 4
----> Compliance percentage: 100.0
----> Acceptance Min: None
----> Final status: Passed
----> -------------------------------
----> Rule: 3.1 (com.datio.hammurabi.rules.validity.NotNullValidationRule)
----> Subset: None
----> Physical field: g_role_person_id
----> Is Critical: true
----> DrillDown: Some()>Some()
----> MinimumThreshold: None
----> TargetThreshold: None
----> Passed records: 4
----> Total records affected: 4
----> Compliance percentage: 100.0
----> Acceptance Min: None
----> Final status: Passed
----> -------------------------------
----> Rule: 3.1 (com.datio.hammurabi.rules.validity.NotNullValidationRule)
----> Subset: None
----> Physical field: g_person_role_type
----> Is Critical: true
----> DrillDown: Some()>Some()
----> MinimumThreshold: None
----> TargetThreshold: None
----> Passed records: 4
----> Total records affected: 4
----> Compliance percentage: 100.0
----> Acceptance Min: None
----> Final status: Passed
----> -------------------------------
----> Rule: 3.2 (com.datio.hammurabi.rules.validity.FormatValidationRule)
----> Subset: None
----> Physical field: g_entity_id
----> Is Critical: true
----> DrillDown: Some()>Some()
----> MinimumThreshold: None
----> TargetThreshold: None
----> Passed records: 4
----> Total records affected: 4
----> Compliance percentage: 100.0
----> Acceptance Min: None
----> Final status: Passed
----> -------------------------------
----> Rule: 3.2 (com.datio.hammurabi.rules.validity.FormatValidationRule)
----> Subset: None
----> Physical field: g_role_person_id
----> Is Critical: true
----> DrillDown: Some()>Some()
----> MinimumThreshold: None
----> TargetThreshold: None
----> Passed records: 4
----> Total records affected: 4
----> Compliance percentage: 100.0
----> Acceptance Min: None
----> Final status: Passed
----> -------------------------------
----> Rule: 3.2 (com.datio.hammurabi.rules.validity.FormatValidationRule)
----> Subset: None
----> Physical field: g_person_role_type
----> Is Critical: true
----> DrillDown: Some()>Some()
----> MinimumThreshold: None
----> TargetThreshold: None
----> Passed records: 4
----> Total records affected: 4
----> Compliance percentage: 100.0
----> Acceptance Min: None
----> Final status: Passed
----> -------------------------------
----> Rule: 4.2 (com.datio.hammurabi.rules.consistence.DuplicateRule)
----> Subset: None
----> Physical field: 
----> Is Critical: true
----> DrillDown: Some()>Some()
----> MinimumThreshold: None
----> TargetThreshold: None
----> Passed records: 4
----> Total records affected: 4
----> Compliance percentage: 100.0
----> Acceptance Min: None
----> Final status: Passed
----> -------------------------------",kcpg-gl-hmm-qlt-expensegroupmember-01,kcpg-gl-hmm-qlt-expensegroupmember-01-NaZI0WeiHtAZtHM,,MARCOS LEON
TRUE,TRUE,,,,,,,,,MARCOS LEON
TRUE,TRUE,t_kcpg_expense_group_participant,3Q25,DECSCLIENT-3547,"28e0b420b4
28e0b421a5
28e0b422a5
28e0b423a0
28e0b42492
28e0b42581
28e0b429f3","----> -------------------------------
----> Rule: 3.1 (com.datio.hammurabi.rules.validity.NotNullValidationRule)
----> Subset: None
----> Physical field: g_entity_id
----> Is Critical: true
----> DrillDown: Some()>Some()
----> MinimumThreshold: None
----> TargetThreshold: None
----> Passed records: 4
----> Total records affected: 4
----> Compliance percentage: 100.0
----> Acceptance Min: None
----> Final status: Passed
----> -------------------------------
----> Rule: 3.1 (com.datio.hammurabi.rules.validity.NotNullValidationRule)
----> Subset: None
----> Physical field: gf_expenses_group_member_id
----> Is Critical: true
----> DrillDown: Some()>Some()
----> MinimumThreshold: None
----> TargetThreshold: None
----> Passed records: 4
----> Total records affected: 4
----> Compliance percentage: 100.0
----> Acceptance Min: None
----> Final status: Passed
----> -------------------------------
----> Rule: 3.1 (com.datio.hammurabi.rules.validity.NotNullValidationRule)
----> Subset: None
----> Physical field: gf_expenses_group_id
----> Is Critical: true
----> DrillDown: Some()>Some()
----> MinimumThreshold: None
----> TargetThreshold: None
----> Passed records: 4
----> Total records affected: 4
----> Compliance percentage: 100.0
----> Acceptance Min: None
----> Final status: Passed
----> -------------------------------
----> Rule: 3.2 (com.datio.hammurabi.rules.validity.FormatValidationRule)
----> Subset: None
----> Physical field: g_entity_id
----> Is Critical: true
----> DrillDown: Some()>Some()
----> MinimumThreshold: None
----> TargetThreshold: None
----> Passed records: 4
----> Total records affected: 4
----> Compliance percentage: 100.0
----> Acceptance Min: None
----> Final status: Passed
----> -------------------------------
----> Rule: 3.2 (com.datio.hammurabi.rules.validity.FormatValidationRule)
----> Subset: None
----> Physical field: gf_expenses_group_member_id
----> Is Critical: true
----> DrillDown: Some()>Some()
----> MinimumThreshold: None
----> TargetThreshold: None
----> Passed records: 4
----> Total records affected: 4
----> Compliance percentage: 100.0
----> Acceptance Min: None
----> Final status: Passed
----> -------------------------------
----> Rule: 3.2 (com.datio.hammurabi.rules.validity.FormatValidationRule)
----> Subset: None
----> Physical field: gf_expenses_group_id
----> Is Critical: true
----> DrillDown: Some()>Some()
----> MinimumThreshold: None
----> TargetThreshold: None
----> Passed records: 4
----> Total records affected: 4
----> Compliance percentage: 100.0
----> Acceptance Min: None
----> Final status: Passed
----> -------------------------------
----> Rule: 3.5 (com.datio.hammurabi.rules.validity.DynamicCatalogRule)
----> Subset: None
----> Physical field: g_expenses_group_mbr_type
----> Is Critical: false
----> DrillDown: Some()>Some()
----> MinimumThreshold: None
----> TargetThreshold: None
----> Passed records: 4
----> Total records affected: 4
----> Compliance percentage: 100.0
----> Acceptance Min: None
----> Final status: Passed
----> -------------------------------
----> Rule: 3.5 (com.datio.hammurabi.rules.validity.DynamicCatalogRule)
----> Subset: None
----> Physical field: g_exp_gp_mbr_t_bal_am_st_type
----> Is Critical: false
----> DrillDown: Some()>Some()
----> MinimumThreshold: None
----> TargetThreshold: None
----> Passed records: 4
----> Total records affected: 4
----> Compliance percentage: 100.0
----> Acceptance Min: None
----> Final status: Passed
----> -------------------------------
----> Rule: 4.2 (com.datio.hammurabi.rules.consistence.DuplicateRule)
----> Subset: None
----> Physical field: 
----> Is Critical: true
----> DrillDown: Some()>Some()
----> MinimumThreshold: None
----> TargetThreshold: None
----> Passed records: 4
----> Total records affected: 4
----> Compliance percentage: 100.0
----> Acceptance Min: None
----> Final status: Passed
----> -------------------------------",kcpg-gl-hmm-qlt-expensegroupparticipant-01,kcpg-gl-hmm-qlt-expensegroupparticipant-01-1KNifQgVDWugNZk,,MARCOS LEON
TRUE,TRUE,,,,,,,,,MARCOS LEON
TRUE,TRUE,t_kcdg_graph_edges,3Q25,DECSCLIENT-3593,KCDG_graph-edges_MRField.conf,-,kcdg-gl-hmm-qlt-graphedges-01,kcdg-gl-hmm-qlt-graphedges-01-qEDhU0bVbIvQjAx,,MARCOS LEON
TRUE,TRUE,,,,KCDG_graph-edges_MRObject.conf,-,kcdg-gl-hmm-qlt-graphedgesobjct-02,kcdg-gl-hmm-qlt-graphedgesobjct-02-OIhOoLo7iBbwmGW,,
TRUE,TRUE,,,,KCDG_graph-edges_KCDG_graph-nodes_MMRule.conf,-,kcdg-gl-hmm-qlt-graphedgesmmr-01,kcdg-gl-hmm-qlt-graphedgesmmr-01-LqMZ8gUrI8kC1mq,,
TRUE,TRUE,t_kcdg_graph_nodes,3Q25,DECSCLIENT-3589,KCDG_graph-nodes_MRField.conf,-,kcdg-gl-hmm-qlt-graphnodes-02,kcdg-gl-hmm-qlt-graphnodes-02-NaBOIKacnD8Gf8o,,MARCOS LEON
TRUE,TRUE,,,,KCDG_graph-nodes_MRObject.conf,-,kcdg-gl-hmm-qlt-graphnodesobjct-02,kcdg-gl-hmm-qlt-graphnodesobjct-02-flF3htey1PzL9Sl,,
TRUE,TRUE,t_katc_burned_items,3Q25,https://jira.globaldevtools.bbva.com/browse/DECSCLIENT-3640,28eb7a7181,"########                          DATA QUALITY RESULTS                          ########
########################################################################################
--> DATASET
----> ObjectPath: Some(/data/master/katc/data/t_katc_burned_items)
----> PhysicalObject: t_katc_burned_items
----> UUAA: katc
----> Subset: Some(gf_cutoff_date='1997-01-01')
----> FrequencyRuleExecution: None
----> Dataset size: 4 rows
----> Data date: 1997-01-01
----> Execution date: 2025-09-04 13:08:32.287
--> RESULTS
----> Rule: 3.1 (com.datio.hammurabi.rules.validity.NotNullValidationRule)
----> Subset: None
----> Physical field: g_data_source_origin_type
----> Is Critical: true
----> DrillDown: Some()->Some()
----> MinimumThreshold: None
----> TargetThreshold: None
----> Passed records: 4 
----> Total records affected: 4
----> Compliance percentage: 100.0
----> Acceptance Min: None
----> Final status: Passed
----> -------------------------------
----> Rule: 3.1 (com.datio.hammurabi.rules.validity.NotNullValidationRule)
----> Subset: None
----> Physical field: g_entity_id
----> Is Critical: true
----> DrillDown: Some()->Some()
----> MinimumThreshold: None
----> TargetThreshold: None
----> Passed records: 4 
----> Total records affected: 4
----> Compliance percentage: 100.0
----> Acceptance Min: None
----> Final status: Passed
----> -------------------------------
----> Rule: 3.1 (com.datio.hammurabi.rules.validity.NotNullValidationRule)
----> Subset: None
----> Physical field: g_customer_id
----> Is Critical: true
----> DrillDown: Some()->Some()
----> MinimumThreshold: None
----> TargetThreshold: None
----> Passed records: 4 
----> Total records affected: 4
----> Compliance percentage: 100.0
----> Acceptance Min: None
----> Final status: Passed
----> -------------------------------
----> Rule: 3.1 (com.datio.hammurabi.rules.validity.NotNullValidationRule)
----> Subset: None
----> Physical field: g_collection_id
----> Is Critical: true
----> DrillDown: Some()->Some()
----> MinimumThreshold: None
----> TargetThreshold: None
----> Passed records: 4 
----> Total records affected: 4
----> Compliance percentage: 100.0
----> Acceptance Min: None
----> Final status: Passed
----> -------------------------------
----> Rule: 3.1 (com.datio.hammurabi.rules.validity.NotNullValidationRule)
----> Subset: None
----> Physical field: g_space_id
----> Is Critical: true
----> DrillDown: Some()->Some()
----> MinimumThreshold: None
----> TargetThreshold: None
----> Passed records: 4 
----> Total records affected: 4
----> Compliance percentage: 100.0
----> Acceptance Min: None
----> Final status: Passed
----> -------------------------------
----> Rule: 3.1 (com.datio.hammurabi.rules.validity.NotNullValidationRule)
----> Subset: None
----> Physical field: g_kondo_item_hash_id
----> Is Critical: true
----> DrillDown: Some()->Some()
----> MinimumThreshold: None
----> TargetThreshold: None
----> Passed records: 4 
----> Total records affected: 4
----> Compliance percentage: 100.0
----> Acceptance Min: None
----> Final status: Passed
----> -------------------------------
----> Rule: 3.2 (com.datio.hammurabi.rules.validity.FormatValidationRule)
----> Subset: None
----> Physical field: g_data_source_origin_type
----> Is Critical: true
----> DrillDown: Some()->Some()
----> MinimumThreshold: None
----> TargetThreshold: None
----> Passed records: 4 
----> Total records affected: 4
----> Compliance percentage: 100.0
----> Acceptance Min: None
----> Final status: Passed
----> -------------------------------
----> Rule: 3.2 (com.datio.hammurabi.rules.validity.FormatValidationRule)
----> Subset: None
----> Physical field: g_entity_id
----> Is Critical: true
----> DrillDown: Some()->Some()
----> MinimumThreshold: None
----> TargetThreshold: None
----> Passed records: 4 
----> Total records affected: 4
----> Compliance percentage: 100.0
----> Acceptance Min: None
----> Final status: Passed
----> -------------------------------
----> Rule: 3.2 (com.datio.hammurabi.rules.validity.FormatValidationRule)
----> Subset: None
----> Physical field: g_customer_id
----> Is Critical: true
----> DrillDown: Some()->Some()
----> MinimumThreshold: None
----> TargetThreshold: None
----> Passed records: 4 
----> Total records affected: 4
----> Compliance percentage: 100.0
----> Acceptance Min: None
----> Final status: Passed
----> -------------------------------
----> Rule: 3.2 (com.datio.hammurabi.rules.validity.FormatValidationRule)
----> Subset: None
----> Physical field: g_collection_id
----> Is Critical: true
----> DrillDown: Some()->Some()
----> MinimumThreshold: None
----> TargetThreshold: None
----> Passed records: 4 
----> Total records affected: 4
----> Compliance percentage: 100.0
----> Acceptance Min: None
----> Final status: Passed
----> -------------------------------
----> Rule: 3.2 (com.datio.hammurabi.rules.validity.FormatValidationRule)
----> Subset: None
----> Physical field: g_space_id
----> Is Critical: true
----> DrillDown: Some()->Some()
----> MinimumThreshold: None
----> TargetThreshold: None
----> Passed records: 4 
----> Total records affected: 4
----> Compliance percentage: 100.0
----> Acceptance Min: None
----> Final status: Passed
----> -------------------------------
----> Rule: 3.2 (com.datio.hammurabi.rules.validity.FormatValidationRule)
----> Subset: None
----> Physical field: g_kondo_item_hash_id
----> Is Critical: true
----> DrillDown: Some()->Some()
----> MinimumThreshold: None
----> TargetThreshold: None
----> Passed records: 4 
----> Total records affected: 4
----> Compliance percentage: 100.0
----> Acceptance Min: None
----> Final status: Passed
----> -------------------------------
----> Rule: 3.5 (com.datio.hammurabi.rules.validity.DynamicCatalogRule)
----> Subset: None
----> Physical field: g_data_source_origin_type
----> Is Critical: false
----> DrillDown: Some()->Some()
----> MinimumThreshold: None
----> TargetThreshold: None
----> Passed records: 0 
----> Total records affected: 4
----> Compliance percentage: 0.0
----> Acceptance Min: None
----> Final status: Failed
----> -------------------------------
----> Rule: 3.5 (com.datio.hammurabi.rules.validity.DynamicCatalogRule)
----> Subset: None
----> Physical field: g_burned_type
----> Is Critical: false
----> DrillDown: Some()->Some()
----> MinimumThreshold: None
----> TargetThreshold: None
----> Passed records: 0 
----> Total records affected: 4
----> Compliance percentage: 0.0
----> Acceptance Min: None
----> Final status: Failed
----> -------------------------------
----> Rule: 4.2 (com.datio.hammurabi.rules.consistence.DuplicateRule)
----> Subset: None
----> Physical field: 
----> Is Critical: true
----> DrillDown: Some()->Some()
----> MinimumThreshold: None
----> TargetThreshold: None
----> Passed records: 4 
----> Total records affected: 4
----> Compliance percentage: 100.0
----> Acceptance Min: None
----> Final status: Passed
----> -------------------------------
########################################################################################
########                             END OF RESULTS                             ########
########################################################################################
",katc-gl-hmm-qlt-recurrenceforecastt-01,"katc-gl-hmm-qlt-recurrenceforecastt-01-znVN3E5vrWjT0al
",,Egoitz Lopez
TRUE,TRUE,,,,28eb7b4e7d,,,,,
TRUE,TRUE,,,,28eb7b4f89,,,,,
TRUE,TRUE,,,,28eb7b50a3,,,,,
TRUE,TRUE,,,,28eb7b51cf,,,,,
TRUE,TRUE,,,,28eb7b52c5,,,,,
TRUE,TRUE,,,,28eb7b53cc,,,,,
TRUE,TRUE,,,,28eb7b54e1,,,,,
TRUE,TRUE,t_rzua_sust_kpi_link_oper_condit,3Q25,https://jira.globaldevtools.bbva.com/browse/DECSCLIENT-3646,28d2c7a938,"########                          DATA QUALITY RESULTS                          ########
########################################################################################
--> DATASET
----> ObjectPath: Some(/data/master/rzua/data/t_rzua_sust_kpi_link_oper_condit)
----> PhysicalObject: t_rzua_sust_kpi_link_oper_condit
----> UUAA: rzua
----> Subset: None
----> FrequencyRuleExecution: None
----> Dataset size: 4 rows
----> Data date: 1997-01-01
----> Execution date: 2025-09-05 13:20:16.259
--> RESULTS
----> Rule: 3.2 (com.datio.hammurabi.rules.validity.FormatValidationRule)
----> Subset: None
----> Physical field: gf_kpi_compliance_ind_type
----> Is Critical: false
----> DrillDown: Some()->Some()
----> MinimumThreshold: None
----> TargetThreshold: None
----> Passed records: 4 
----> Total records affected: 4
----> Compliance percentage: 100.0
----> Acceptance Min: None
----> Final status: Passed
----> -------------------------------
----> Rule: 3.4 (com.datio.hammurabi.rules.validity.NumericRangeRule)
----> Subset: None
----> Physical field: gf_goal_target_number
----> Is Critical: false
----> DrillDown: Some()->Some()
----> MinimumThreshold: None
----> TargetThreshold: None
----> Passed records: 4 
----> Total records affected: 4
----> Compliance percentage: 100.0
----> Acceptance Min: None
----> Final status: Passed
----> -------------------------------
########################################################################################
########                             END OF RESULTS                             ########
########################################################################################

Process finished with exit code 0",rzua-gl-hmm-qlt-opercontit-01,rzua-gl-hmm-qlt-opercontit-01-daWUFijneKhKqWs,,Juan Carlos Frutos
TRUE,FALSE,t_kfcm_feedback_form_shown,3Q25,https://jira.globaldevtools.bbva.com/browse/DECSCLIENT-3697,28ee1b1117,"----> -------------------------------
----> Rule: 3.5 (com.datio.hammurabi.rules.validity.DynamicCatalogRule)
----> Subset: None
----> Physical field: g_data_source_origin_type
----> Is Critical: false
----> DrillDown: Some()>Some()
----> MinimumThreshold: None
----> TargetThreshold: None
----> Passed records: 4
----> Total records affected: 4
----> Compliance percentage: 100.0
----> Acceptance Min: None
----> Final status: Passed
----> -------------------------------
",kfcm-gl-hmm-qlt-feedbackformshown-01,kfcm-gl-hmm-qlt-feedbackformshown-01-V6UdLZOkgieSH5I,,Egoitz Lopez
TRUE,TRUE,t_kceg_customer_engagement,3Q25,https://jira.globaldevtools.bbva.com/browse/DECSCLIENT-3725,2803cb6e26,"########                          DATA QUALITY RESULTS                          ########
########################################################################################
--> DATASET
----> ObjectPath: Some(/data/master/kceg/data/t_kceg_customer_engagement)
----> PhysicalObject: t_kceg_customer_engagement
----> UUAA: kceg
----> Subset: Some(gf_cutoff_date='1997-01-01')
----> FrequencyRuleExecution: None
----> Dataset size: 4 rows
----> Data date: 1997-01-01
----> Execution date: 2025-09-17 08:37:27.105
--> RESULTS
----> Rule: 6.4 (com.datio.hammurabi.rules.accuracy.ValueVariationRule)
----> Subset: None
----> Physical field: g_customer_id
----> Is Critical: false
----> DrillDown: Some()->Some()
----> MinimumThreshold: None
----> TargetThreshold: None
----> Passed records: 4 
----> Total records affected: 4
----> Compliance percentage: 100.0
----> Acceptance Min: None
----> Final status: Passed
----> -------------------------------
########################################################################################
########                             END OF RESULTS                             ########
########################################################################################
",kceg-gl-hmm-qlt-customerengament-01,kceg-gl-hmm-qlt-customerengament-01-2SoRAQq1BC3QU2n,,Juan Carlos Frutos
TRUE,TRUE,t_l9ct_bank_supp_cap_g_scp_3_ems,3Q25,https://jira.globaldevtools.bbva.com/browse/DECSCLIENT-3704,28ec0b7252,"########                          DATA QUALITY RESULTS                          ########
########################################################################################
--> DATASET
----> ObjectPath: Some(/data/master/l9ct/data/t_l9ct_bank_supp_cap_g_scp_3_ems)
----> PhysicalObject: t_l9ct_bank_supp_cap_g_scp_3_ems
----> UUAA: l9ct
----> Subset: Some(gf_cutoff_date='1997-01-01')
----> FrequencyRuleExecution: None
----> Dataset size: 8 rows
----> Data date: 1997-01-01
----> Execution date: 2025-09-17 15:57:22.791
--> RESULTS
----> Rule: 3.4 (com.datio.hammurabi.rules.validity.NumericRangeRule)
----> Subset: None
----> Physical field: gf_emissions_number
----> Is Critical: false
----> DrillDown: Some()->Some()
----> MinimumThreshold: None
----> TargetThreshold: None
----> Passed records: 8 
----> Total records affected: 8
----> Compliance percentage: 100.0
----> Acceptance Min: None
----> Final status: Passed
----> -------------------------------
########################################################################################
########                             END OF RESULTS                             ########
########################################################################################",l9ct-gl-hmm-qlt-banksuppcpscp3-01,l9ct-gl-hmm-qlt-banksuppcpscp3-01-9PW5pOqmqIndq6c,,MARCOS LEON
TRUE,TRUE,t_g5m3_agg_mlzed_amount_err,3Q25,https://jira.globaldevtools.bbva.com/browse/DECSCLIENT-3693,28eea6ff20,"########                          DATA QUALITY RESULTS                          ########
########################################################################################
--> DATASET
----> ObjectPath: Some(/data/master/g5m3/data/t_g5m3_agg_mlzed_amount_err)
----> PhysicalObject: t_g5m3_agg_mlzed_amount_err
----> UUAA: g5m3
----> Subset: Some(gf_cutoff_date='1997-01-01')
----> FrequencyRuleExecution: None
----> Dataset size: 4 rows
----> Data date: 1997-01-01
----> Execution date: 2025-09-16 14:42:31.942
--> RESULTS
----> Rule: 3.1 (com.datio.hammurabi.rules.validity.NotNullValidationRule)
----> Subset: None
----> Physical field: g_entific_id
----> Is Critical: true
----> DrillDown: Some()->Some()
----> MinimumThreshold: None
----> TargetThreshold: None
----> Passed records: 4 
----> Total records affected: 4
----> Compliance percentage: 100.0
----> Acceptance Min: None
----> Final status: Passed
----> -------------------------------
----> Rule: 3.1 (com.datio.hammurabi.rules.validity.NotNullValidationRule)
----> Subset: None
----> Physical field: gf_booking_area_country_id
----> Is Critical: true
----> DrillDown: Some()->Some()
----> MinimumThreshold: None
----> TargetThreshold: None
----> Passed records: 4 
----> Total records affected: 4
----> Compliance percentage: 100.0
----> Acceptance Min: None
----> Final status: Passed
----> -------------------------------
----> Rule: 3.1 (com.datio.hammurabi.rules.validity.NotNullValidationRule)
----> Subset: None
----> Physical field: g_entity_id
----> Is Critical: true
----> DrillDown: Some()->Some()
----> MinimumThreshold: None
----> TargetThreshold: None
----> Passed records: 4 
----> Total records affected: 4
----> Compliance percentage: 100.0
----> Acceptance Min: None
----> Final status: Passed
----> -------------------------------
----> Rule: 3.1 (com.datio.hammurabi.rules.validity.NotNullValidationRule)
----> Subset: None
----> Physical field: g_origin_sust_oper_ind_type
----> Is Critical: true
----> DrillDown: Some()->Some()
----> MinimumThreshold: None
----> TargetThreshold: None
----> Passed records: 4 
----> Total records affected: 4
----> Compliance percentage: 100.0
----> Acceptance Min: None
----> Final status: Passed
----> -------------------------------
----> Rule: 3.1 (com.datio.hammurabi.rules.validity.NotNullValidationRule)
----> Subset: None
----> Physical field: gf_sust_mobi_eff_dt_mnth_id
----> Is Critical: true
----> DrillDown: Some()->Some()
----> MinimumThreshold: None
----> TargetThreshold: None
----> Passed records: 4 
----> Total records affected: 4
----> Compliance percentage: 100.0
----> Acceptance Min: None
----> Final status: Passed
----> -------------------------------
----> Rule: 3.1 (com.datio.hammurabi.rules.validity.NotNullValidationRule)
----> Subset: None
----> Physical field: g_contract_business_line_id
----> Is Critical: true
----> DrillDown: Some()->Some()
----> MinimumThreshold: None
----> TargetThreshold: None
----> Passed records: 4 
----> Total records affected: 4
----> Compliance percentage: 100.0
----> Acceptance Min: None
----> Final status: Passed
----> -------------------------------
----> Rule: 3.1 (com.datio.hammurabi.rules.validity.NotNullValidationRule)
----> Subset: None
----> Physical field: g_contract_subsegment_id
----> Is Critical: true
----> DrillDown: Some()->Some()
----> MinimumThreshold: None
----> TargetThreshold: None
----> Passed records: 4 
----> Total records affected: 4
----> Compliance percentage: 100.0
----> Acceptance Min: None
----> Final status: Passed
----> -------------------------------
----> Rule: 3.1 (com.datio.hammurabi.rules.validity.NotNullValidationRule)
----> Subset: None
----> Physical field: g_sustnbl_subcategory_id
----> Is Critical: true
----> DrillDown: Some()->Some()
----> MinimumThreshold: None
----> TargetThreshold: None
----> Passed records: 4 
----> Total records affected: 4
----> Compliance percentage: 100.0
----> Acceptance Min: None
----> Final status: Passed
----> -------------------------------
----> Rule: 3.1 (com.datio.hammurabi.rules.validity.NotNullValidationRule)
----> Subset: None
----> Physical field: g_sustainable_product_id
----> Is Critical: true
----> DrillDown: Some()->Some()
----> MinimumThreshold: None
----> TargetThreshold: None
----> Passed records: 4 
----> Total records affected: 4
----> Compliance percentage: 100.0
----> Acceptance Min: None
----> Final status: Passed
----> -------------------------------
----> Rule: 3.1 (com.datio.hammurabi.rules.validity.NotNullValidationRule)
----> Subset: None
----> Physical field: gf_source_system_sust_type
----> Is Critical: true
----> DrillDown: Some()->Some()
----> MinimumThreshold: None
----> TargetThreshold: None
----> Passed records: 4 
----> Total records affected: 4
----> Compliance percentage: 100.0
----> Acceptance Min: None
----> Final status: Passed
----> -------------------------------
----> Rule: 3.1 (com.datio.hammurabi.rules.validity.NotNullValidationRule)
----> Subset: None
----> Physical field: gf_sust_contract_type
----> Is Critical: true
----> DrillDown: Some()->Some()
----> MinimumThreshold: None
----> TargetThreshold: None
----> Passed records: 4 
----> Total records affected: 4
----> Compliance percentage: 100.0
----> Acceptance Min: None
----> Final status: Passed
----> -------------------------------
----> Rule: 3.2 (com.datio.hammurabi.rules.validity.FormatValidationRule)
----> Subset: None
----> Physical field: g_entific_id
----> Is Critical: true
----> DrillDown: Some()->Some()
----> MinimumThreshold: None
----> TargetThreshold: None
----> Passed records: 4 
----> Total records affected: 4
----> Compliance percentage: 100.0
----> Acceptance Min: None
----> Final status: Passed
----> -------------------------------
----> Rule: 3.2 (com.datio.hammurabi.rules.validity.FormatValidationRule)
----> Subset: None
----> Physical field: gf_booking_area_country_id
----> Is Critical: true
----> DrillDown: Some()->Some()
----> MinimumThreshold: None
----> TargetThreshold: None
----> Passed records: 4 
----> Total records affected: 4
----> Compliance percentage: 100.0
----> Acceptance Min: None
----> Final status: Passed
----> -------------------------------
----> Rule: 3.2 (com.datio.hammurabi.rules.validity.FormatValidationRule)
----> Subset: None
----> Physical field: g_entity_id
----> Is Critical: true
----> DrillDown: Some()->Some()
----> MinimumThreshold: None
----> TargetThreshold: None
----> Passed records: 4 
----> Total records affected: 4
----> Compliance percentage: 100.0
----> Acceptance Min: None
----> Final status: Passed
----> -------------------------------
----> Rule: 3.2 (com.datio.hammurabi.rules.validity.FormatValidationRule)
----> Subset: None
----> Physical field: g_origin_sust_oper_ind_type
----> Is Critical: true
----> DrillDown: Some()->Some()
----> MinimumThreshold: None
----> TargetThreshold: None
----> Passed records: 4 
----> Total records affected: 4
----> Compliance percentage: 100.0
----> Acceptance Min: None
----> Final status: Passed
----> -------------------------------
----> Rule: 3.2 (com.datio.hammurabi.rules.validity.FormatValidationRule)
----> Subset: None
----> Physical field: gf_sust_mobi_eff_dt_mnth_id
----> Is Critical: true
----> DrillDown: Some()->Some()
----> MinimumThreshold: None
----> TargetThreshold: None
----> Passed records: 4 
----> Total records affected: 4
----> Compliance percentage: 100.0
----> Acceptance Min: None
----> Final status: Passed
----> -------------------------------
----> Rule: 3.2 (com.datio.hammurabi.rules.validity.FormatValidationRule)
----> Subset: None
----> Physical field: g_contract_business_line_id
----> Is Critical: true
----> DrillDown: Some()->Some()
----> MinimumThreshold: None
----> TargetThreshold: None
----> Passed records: 4 
----> Total records affected: 4
----> Compliance percentage: 100.0
----> Acceptance Min: None
----> Final status: Passed
----> -------------------------------
----> Rule: 3.2 (com.datio.hammurabi.rules.validity.FormatValidationRule)
----> Subset: None
----> Physical field: g_contract_subsegment_id
----> Is Critical: true
----> DrillDown: Some()->Some()
----> MinimumThreshold: None
----> TargetThreshold: None
----> Passed records: 4 
----> Total records affected: 4
----> Compliance percentage: 100.0
----> Acceptance Min: None
----> Final status: Passed
----> -------------------------------
----> Rule: 3.2 (com.datio.hammurabi.rules.validity.FormatValidationRule)
----> Subset: None
----> Physical field: g_sustnbl_subcategory_id
----> Is Critical: true
----> DrillDown: Some()->Some()
----> MinimumThreshold: None
----> TargetThreshold: None
----> Passed records: 4 
----> Total records affected: 4
----> Compliance percentage: 100.0
----> Acceptance Min: None
----> Final status: Passed
----> -------------------------------
----> Rule: 3.2 (com.datio.hammurabi.rules.validity.FormatValidationRule)
----> Subset: None
----> Physical field: g_sustainable_product_id
----> Is Critical: true
----> DrillDown: Some()->Some()
----> MinimumThreshold: None
----> TargetThreshold: None
----> Passed records: 4 
----> Total records affected: 4
----> Compliance percentage: 100.0
----> Acceptance Min: None
----> Final status: Passed
----> -------------------------------
----> Rule: 3.2 (com.datio.hammurabi.rules.validity.FormatValidationRule)
----> Subset: None
----> Physical field: gf_source_system_sust_type
----> Is Critical: true
----> DrillDown: Some()->Some()
----> MinimumThreshold: None
----> TargetThreshold: None
----> Passed records: 4 
----> Total records affected: 4
----> Compliance percentage: 100.0
----> Acceptance Min: None
----> Final status: Passed
----> -------------------------------
----> Rule: 3.2 (com.datio.hammurabi.rules.validity.FormatValidationRule)
----> Subset: None
----> Physical field: gf_sust_contract_type
----> Is Critical: true
----> DrillDown: Some()->Some()
----> MinimumThreshold: None
----> TargetThreshold: None
----> Passed records: 4 
----> Total records affected: 4
----> Compliance percentage: 100.0
----> Acceptance Min: None
----> Final status: Passed
----> -------------------------------
----> Rule: 3.5 (com.datio.hammurabi.rules.validity.DynamicCatalogRule)
----> Subset: None
----> Physical field: gf_booking_area_country_id
----> Is Critical: false
----> DrillDown: Some()->Some()
----> MinimumThreshold: None
----> TargetThreshold: None
----> Passed records: 4 
----> Total records affected: 4
----> Compliance percentage: 100.0
----> Acceptance Min: None
----> Final status: Passed
----> -------------------------------
----> Rule: 3.5 (com.datio.hammurabi.rules.validity.StaticCatalogRule)
----> Subset: None
----> Physical field: g_origin_sust_oper_ind_type
----> Is Critical: false
----> DrillDown: Some()->Some()
----> MinimumThreshold: None
----> TargetThreshold: None
----> Passed records: 4 
----> Total records affected: 4
----> Compliance percentage: 100.0
----> Acceptance Min: None
----> Final status: Passed
----> -------------------------------
----> Rule: 3.5 (com.datio.hammurabi.rules.validity.DynamicCatalogRule)
----> Subset: None
----> Physical field: g_contract_business_line_id
----> Is Critical: false
----> DrillDown: Some()->Some()
----> MinimumThreshold: None
----> TargetThreshold: None
----> Passed records: 4 
----> Total records affected: 4
----> Compliance percentage: 100.0
----> Acceptance Min: None
----> Final status: Passed
----> -------------------------------
----> Rule: 3.5 (com.datio.hammurabi.rules.validity.DynamicCatalogRule)
----> Subset: None
----> Physical field: g_contract_subsegment_id
----> Is Critical: false
----> DrillDown: Some()->Some()
----> MinimumThreshold: None
----> TargetThreshold: None
----> Passed records: 4 
----> Total records affected: 4
----> Compliance percentage: 100.0
----> Acceptance Min: None
----> Final status: Passed
----> -------------------------------
----> Rule: 3.5 (com.datio.hammurabi.rules.validity.DynamicCatalogRule)
----> Subset: None
----> Physical field: g_sustainable_product_id
----> Is Critical: false
----> DrillDown: Some()->Some()
----> MinimumThreshold: None
----> TargetThreshold: None
----> Passed records: 4 
----> Total records affected: 4
----> Compliance percentage: 100.0
----> Acceptance Min: None
----> Final status: Passed
----> -------------------------------
----> Rule: 3.5 (com.datio.hammurabi.rules.validity.DynamicCatalogRule)
----> Subset: None
----> Physical field: gf_sust_contract_type
----> Is Critical: false
----> DrillDown: Some()->Some()
----> MinimumThreshold: None
----> TargetThreshold: None
----> Passed records: 4 
----> Total records affected: 4
----> Compliance percentage: 100.0
----> Acceptance Min: None
----> Final status: Passed
----> -------------------------------
----> Rule: 4.2 (com.datio.hammurabi.rules.consistence.DuplicateRule)
----> Subset: None
----> Physical field: 
----> Is Critical: true
----> DrillDown: Some()->Some()
----> MinimumThreshold: None
----> TargetThreshold: None
----> Passed records: 4 
----> Total records affected: 4
----> Compliance percentage: 100.0
----> Acceptance Min: None
----> Final status: Passed
----> -------------------------------
########################################################################################
########                             END OF RESULTS                             ########
########################################################################################","g5m3-gl-hmm-qlt-aggmlzedamounterr-01
","g5m3-gl-hmm-qlt-aggmlzedamounterr-01-DQzZQRO2gM6jeBu
",,Egoitz Lopez
TRUE,TRUE,,,,28eea7003e,,,,,
TRUE,TRUE,,,,28eea70146,,,,,
TRUE,TRUE,,,,28eea70250,,,,,
TRUE,TRUE,,,,28eea70394,,,,,
TRUE,TRUE,,,,28eea704c3,,,,,
TRUE,TRUE,,,,28eea705ce,,,,,
TRUE,TRUE,,,,28eea706db,,,,,
TRUE,TRUE,,,,28eea707e6,,,,,
TRUE,TRUE,,,,28eea7091f,,,,,
TRUE,TRUE,,,,28eea70a38,,,,,
TRUE,TRUE,,,,28eea70b3d,,,,,
TRUE,TRUE,,,,28eea70c49,,,,,
TRUE,TRUE,,,,28eea70d60,,,,,
TRUE,TRUE,,,,28eea70e78,,,,,
TRUE,TRUE,,,,28eea70fb0,,,,,
TRUE,TRUE,,,,28eea710dc,,,,,
TRUE,TRUE,,,,28eea71205,,,,,
TRUE,TRUE,,,,28eea7130f,,,,,
TRUE,TRUE,,,,28eea71423,,,,,
TRUE,TRUE,,,,28eea7152c,,,,,
TRUE,TRUE,,,,28eea71648,,,,,
TRUE,TRUE,,,,28eea7174a,,,,,
TRUE,TRUE,,,,28eea7184f,,,,,
TRUE,TRUE,,,,28eea7195d,,,,,
TRUE,TRUE,,,,28eea71a80,,,,,
TRUE,TRUE,,,,28eea71ba3,,,,,
TRUE,TRUE,,,,28eea71cc6,,,,,
TRUE,TRUE,,,,28eea71dd3,,,,,
TRUE,FALSE,t_kcpg_expense_group_member,3Q25,https://jira.globaldevtools.bbva.com/browse/DECSCLIENT-3695,28efa703cc,"----> -------------------------------
----> Rule: 3.5 (com.datio.hammurabi.rules.validity.DynamicCatalogRule)
----> Subset: None
----> Physical field: g_exp_gp_mbr_t_bal_am_st_type
----> Is Critical: false
----> DrillDown: Some()->Some()
----> MinimumThreshold: None
----> TargetThreshold: None
----> Passed records: 4 
----> Total records affected: 4
----> Compliance percentage: 100.0
----> Acceptance Min: None
----> Final status: Passed
----> -------------------------------",kcpg-gl-hmm-qlt-expensegroupmember-01,kcpg-gl-hmm-qlt-expensegroupmember-01-BSmMmmZzNkdPrPj,,Egoitz Lopez
TRUE,TRUE,t_b0hn_sust_group_mark,3Q25,https://jira.globaldevtools.bbva.com/browse/DECSCLIENT-3702,GL_DOM_t_b0hn_sust_group_mark_3.4_004,"########                          DATA QUALITY RESULTS                          ########
########################################################################################
--> DATASET
----> ObjectPath: Some(/data/master/b0hn/data/t_b0hn_sust_group_mark)
----> PhysicalObject: t_b0hn_sust_group_mark
----> UUAA: b0hn
----> Subset: Some(gf_cutoff_date='1997-01-01')
----> FrequencyRuleExecution: None
----> Dataset size: 4 rows
----> Data date: 1997-01-01
----> Execution date: 2025-09-17 11:29:39.266
--> RESULTS
----> Rule: 3.4 (com.datio.hammurabi.rules.validity.NumericRangeRule)
----> Subset: None
----> Physical field: gf_dnsh_scc_sust_e_ac_rev_per
----> Is Critical: false
----> DrillDown: Some()->Some()
----> MinimumThreshold: None
----> TargetThreshold: None
----> Passed records: 4 
----> Total records affected: 4
----> Compliance percentage: 100.0
----> Acceptance Min: None
----> Final status: Passed
----> -------------------------------
----> Rule: 3.4 (com.datio.hammurabi.rules.validity.NumericRangeRule)
----> Subset: None
----> Physical field: gf_mss_dnsh_scc_sust_e_a_r_per
----> Is Critical: false
----> DrillDown: Some()->Some()
----> MinimumThreshold: None
----> TargetThreshold: None
----> Passed records: 4 
----> Total records affected: 4
----> Compliance percentage: 100.0
----> Acceptance Min: None
----> Final status: Passed
----> -------------------------------
----> Rule: 5.3 (com.datio.hammurabi.rules.integrity.SameValueComparisonRule)
----> Subset: None
----> Physical field: gf_scc_rlv_sust_e_ac_rvns_per
----> Is Critical: false
----> DrillDown: Some()->Some()
----> MinimumThreshold: None
----> TargetThreshold: None
----> Passed records: 4 
----> Total records affected: 4
----> Compliance percentage: 100.0
----> Acceptance Min: None
----> Final status: Passed
----> -------------------------------
----> Rule: 5.3 (com.datio.hammurabi.rules.integrity.SameValueComparisonRule)
----> Subset: None
----> Physical field: gf_dnsh_scc_sust_e_ac_rev_per
----> Is Critical: false
----> DrillDown: Some()->Some()
----> MinimumThreshold: None
----> TargetThreshold: None
----> Passed records: 4 
----> Total records affected: 4
----> Compliance percentage: 100.0
----> Acceptance Min: None
----> Final status: Passed
----> -------------------------------
----> Rule: 5.3 (com.datio.hammurabi.rules.integrity.SameValueComparisonRule)
----> Subset: None
----> Physical field: gf_mss_dnsh_scc_sust_e_a_r_per
----> Is Critical: false
----> DrillDown: Some()->Some()
----> MinimumThreshold: None
----> TargetThreshold: None
----> Passed records: 4 
----> Total records affected: 4
----> Compliance percentage: 100.0
----> Acceptance Min: None
----> Final status: Passed
----> -------------------------------
----> Rule: 6.2 (com.datio.hammurabi.rules.accuracy.ValueSensitivityThresholdRule)
----> Subset: None
----> Physical field: gf_scc_rlv_sust_e_ac_rvns_per
----> Is Critical: false
----> DrillDown: Some()->Some()
----> MinimumThreshold: None
----> TargetThreshold: None
----> Passed records: 4 
----> Total records affected: 4
----> Compliance percentage: 100.0
----> Acceptance Min: None
----> Final status: Passed
----> -------------------------------
----> Rule: 6.2 (com.datio.hammurabi.rules.accuracy.ValueSensitivityThresholdRule)
----> Subset: None
----> Physical field: gf_dnsh_scc_sust_e_ac_rev_per
----> Is Critical: false
----> DrillDown: Some()->Some()
----> MinimumThreshold: None
----> TargetThreshold: None
----> Passed records: 4 
----> Total records affected: 4
----> Compliance percentage: 100.0
----> Acceptance Min: None
----> Final status: Passed
----> -------------------------------
----> Rule: 6.2 (com.datio.hammurabi.rules.accuracy.ValueSensitivityThresholdRule)
----> Subset: None
----> Physical field: gf_mss_dnsh_scc_sust_e_a_r_per
----> Is Critical: false
----> DrillDown: Some()->Some()
----> MinimumThreshold: None
----> TargetThreshold: None
----> Passed records: 4 
----> Total records affected: 4
----> Compliance percentage: 100.0
----> Acceptance Min: None
----> Final status: Passed
----> -------------------------------
########################################################################################
########                             END OF RESULTS                             ########
########################################################################################

Process finished with exit code 0
",b0hn-gl-hmm-qlt-sustgroupmark-05,b0hn-gl-hmm-qlt-sustgroupmark-05-GWHZxzRAxy6liEC,,Juan Carlos Frutos
TRUE,TRUE,,,,GL_DOM_t_b0hn_sust_group_mark_3.4_005,,,,,
TRUE,TRUE,,,,GL_DOM_t_b0hn_sust_group_mark_5.3_000,,,,,
TRUE,TRUE,,,,GL_DOM_t_b0hn_sust_group_mark_5.3_001,,,,,
TRUE,TRUE,,,,GL_DOM_t_b0hn_sust_group_mark_5.3_002,,,,,
TRUE,TRUE,,,,GL_DOM_t_b0hn_sust_group_mark_6.2_001,,,,,
TRUE,TRUE,,,,GL_DOM_t_b0hn_sust_group_mark_6.2_002,,,,,
TRUE,TRUE,,,,GL_DOM_t_b0hn_sust_group_mark_6.2_003,,,,,
FALSE,FALSE,t_rzua_sust_operations,3Q25,https://jira.globaldevtools.bbva.com/browse/DECSCLIENT-3598,,"########                          DATA QUALITY RESULTS                          ########
########################################################################################
--> DATASET
----> ObjectPath: Some(/data/master/rzua/data/)
----> PhysicalObject: t_rzua_sust_operations_hem
----> UUAA: rzua
----> Subset: Some(gf_cutoff_date='1997-01-01')
----> FrequencyRuleExecution: Some(punctual)
----> Dataset size: 4 rows
----> Data date: 1997-01-01
----> Execution date: 2025-08-29 15:08:42.864
--> RESULTS
----> Rule: 2.3 (com.datio.hammurabi.rules.completeness.ConditionalPerimeterCompletenessRule)
----> Subset: None
----> Physical field: 
----> Is Critical: true
----> DrillDown: Some()->Some()
----> MinimumThreshold: None
----> TargetThreshold: None
----> Passed records: 4 
----> Total records affected: 4
----> Compliance percentage: 100.0
----> Acceptance Min: None
----> Final status: Passed
----> -------------------------------
########################################################################################
########                             END OF RESULTS                             ########
########################################################################################

Process finished with exit code 0
",,,,
TRUE,FALSE,t_kstb_sust_operations_board_err,3Q25,https://jira.globaldevtools.bbva.com/browse/DECSCLIENT-3777,28f22c4e53,"----> -------------------------------
----> Rule: 3.5 (com.datio.hammurabi.rules.validity.DynamicCatalogRule)
----> Subset: None
----> Physical field: g_contract_business_line_id
----> Is Critical: false
----> DrillDown: Some()->Some()
----> MinimumThreshold: None
----> TargetThreshold: None
----> Passed records: 4 
----> Total records affected: 4
----> Compliance percentage: 100.0
----> Acceptance Min: None
----> Final status: Passed
----> ------------------------------
----> Rule: 3.5 (com.datio.hammurabi.rules.validity.DynamicCatalogRule)
----> Subset: None
----> Physical field: g_contract_subsegment_id
----> Is Critical: false
----> DrillDown: Some()->Some()
----> MinimumThreshold: None
----> TargetThreshold: None
----> Passed records: 4 
----> Total records affected: 4
----> Compliance percentage: 100.0
----> Acceptance Min: None
----> Final status: Passed
----> -------------------------------",kstb-gl-hmm-qlt-sustoperationsboardcib-01,kstb-gl-hmm-qlt-sustoperationsboardcib-01-D0oOIc7ZJwabizO,,
TRUE,FALSE,,,,28f22c4f51,,,,,
TRUE,FALSE,,,,28f22c5050,,,,,
TRUE,FALSE,,,,GL_STR_t_kstb_sust_operations_board_err_4.2_000,,,,,
TRUE,FALSE,t_l9ct_co_asset_rel_emissions,4Q25,https://jira.globaldevtools.bbva.com/browse/DECSCLIENT-3766,L9CT_co-asset-rel-emissions_L9CT_co-asset-rel-emissions_MMRule.conf,N/A,l9ct-gl-hmm-qlt-coasstrelems-04,l9ct-gl-hmm-qlt-coasstrelems-04-8OrpHlm8FBh2F2b,,MArcos LEon
TRUE,FALSE,,,,L9CT_co-asset-rel-emissions_L9CT_esg-ext-data-companies_MMRule.conf,N/A,l9ct-gl-hmm-qlt-coasstrelems-03,l9ct-gl-hmm-qlt-coasstrelems-03-iIfUD3VDmchlGV5,,MArcos LEon
TRUE,FALSE,,,,L9CT_co-asset-rel-emissions_MRField.conf,N/A,l9ct-gl-hmm-qlt-coasstrelems-01,l9ct-gl-hmm-qlt-coasstrelems-01-w3xBFPugIPlBtsg,,MArcos LEon
TRUE,FALSE,,,,L9CT_co-asset-rel-emissions_MRObject.conf,N/A,l9ct-gl-hmm-qlt-coasstrelems-02,l9ct-gl-hmm-qlt-coasstrelems-02-AtuXolLGlIbsENG,,MArcos LEon
TRUE,TRUE,t_l9ct_bk_supp_prch_g_svc_s3_ems,4Q25,https://jira.globaldevtools.bbva.com/browse/DECSCLIENT-3754,28efb4ba0e,"----> -------------------------------
----> Rule: 3.4 (com.datio.hammurabi.rules.validity.DynamicCatalogRule)
----> Subset: None
----> Physical field: gf_emissions_number
----> Is Critical: false
----> DrillDown: Some()->Some()
----> MinimumThreshold: None
----> TargetThreshold: None
----> Passed records: 4 
----> Total records affected: 4
----> Compliance percentage: 100.0
----> Acceptance Min: None
----> Final status: Passed
----> -------------------------------",l9ct-gl-hmm-qlt-bksuppprchgsvcs3ems-01,l9ct-gl-hmm-qlt-coassetrelemissions-02-jBqRoRYa8M1JGXt,,Egoitz Lopez
TRUE,TRUE,t_kceg_principality_score,4Q25,https://jira.globaldevtools.bbva.com/browse/DECSCLIENT-3752,28f345223c,"######                          DATA QUALITY RESULTS                          ########
########################################################################################
--> DATASET
----> ObjectPath: Some(/data/master/kceg/data/t_kceg_principality_score)
----> PhysicalObject: t_kceg_principality_score
----> UUAA: kceg
----> Subset: Some(gf_cutoff_date='1997-01-01')
----> FrequencyRuleExecution: None
----> Dataset size: 4 rows
----> Data date: 1997-01-01
----> Execution date: 2025-09-24 14:04:33.56
--> RESULTS
----> Rule: 4.3 (com.datio.hammurabi.rules.consistence.ValueConciliationRule)
----> Subset: None
----> Physical field: g_currency_id
----> Is Critical: false
----> DrillDown: Some()->Some()
----> MinimumThreshold: None
----> TargetThreshold: None
----> Passed records: 4 
----> Total records affected: 4
----> Compliance percentage: 100.0
----> Acceptance Min: None
----> Final status: Passed
----> -------------------------------
########################################################################################
########                             END OF RESULTS                             ########
########################################################################################

Process finished with exit code 0
",kceg-gl-hmm-qlt-principalityscore-01,kceg-gl-hmm-qlt-principalityscore-01-QpfJ0UlL10qtvfN,,Juan Carlos Frutos
TRUE,TRUE,,,,28f345234f,"########                          DATA QUALITY RESULTS                          ########
########################################################################################
--> DATASET
----> ObjectPath: Some(/data/master/kceg/data/t_kceg_principality_score)
----> PhysicalObject: t_kceg_principality_score
----> UUAA: kceg
----> Subset: Some(gf_cutoff_date='1997-01-01')
----> FrequencyRuleExecution: None
----> Dataset size: 4 rows
----> Data date: 1997-01-01
----> Execution date: 2025-09-25 14:13:27.223
--> RESULTS
----> Rule: 3.1 (com.datio.hammurabi.rules.validity.NotNullValidationRule)
----> Subset: None
----> Physical field: g_entity_id
----> Is Critical: true
----> DrillDown: Some()->Some()
----> MinimumThreshold: None
----> TargetThreshold: None
----> Passed records: 4 
----> Total records affected: 4
----> Compliance percentage: 100.0
----> Acceptance Min: None
----> Final status: Passed
----> -------------------------------
----> Rule: 3.1 (com.datio.hammurabi.rules.validity.NotNullValidationRule)
----> Subset: None
----> Physical field: g_customer_id
----> Is Critical: true
----> DrillDown: Some()->Some()
----> MinimumThreshold: None
----> TargetThreshold: None
----> Passed records: 4 
----> Total records affected: 4
----> Compliance percentage: 100.0
----> Acceptance Min: None
----> Final status: Passed
----> -------------------------------
----> Rule: 3.1 (com.datio.hammurabi.rules.validity.NotNullValidationRule)
----> Subset: None
----> Physical field: g_currency_id
----> Is Critical: true
----> DrillDown: Some()->Some()
----> MinimumThreshold: None
----> TargetThreshold: None
----> Passed records: 4 
----> Total records affected: 4
----> Compliance percentage: 100.0
----> Acceptance Min: None
----> Final status: Passed
----> -------------------------------
----> Rule: 3.2 (com.datio.hammurabi.rules.validity.FormatValidationRule)
----> Subset: None
----> Physical field: g_entity_id
----> Is Critical: true
----> DrillDown: Some()->Some()
----> MinimumThreshold: None
----> TargetThreshold: None
----> Passed records: 4 
----> Total records affected: 4
----> Compliance percentage: 100.0
----> Acceptance Min: None
----> Final status: Passed
----> -------------------------------
----> Rule: 3.2 (com.datio.hammurabi.rules.validity.FormatValidationRule)
----> Subset: None
----> Physical field: g_customer_id
----> Is Critical: true
----> DrillDown: Some()->Some()
----> MinimumThreshold: None
----> TargetThreshold: None
----> Passed records: 4 
----> Total records affected: 4
----> Compliance percentage: 100.0
----> Acceptance Min: None
----> Final status: Passed
----> -------------------------------
----> Rule: 3.2 (com.datio.hammurabi.rules.validity.FormatValidationRule)
----> Subset: None
----> Physical field: g_currency_id
----> Is Critical: true
----> DrillDown: Some()->Some()
----> MinimumThreshold: None
----> TargetThreshold: None
----> Passed records: 4 
----> Total records affected: 4
----> Compliance percentage: 100.0
----> Acceptance Min: None
----> Final status: Passed
----> -------------------------------
----> Rule: 3.5 (com.datio.hammurabi.rules.validity.StaticCatalogRule)
----> Subset: None
----> Physical field: g_cust_perimeter_ind_type
----> Is Critical: false
----> DrillDown: Some()->Some()
----> MinimumThreshold: None
----> TargetThreshold: None
----> Passed records: 4 
----> Total records affected: 4
----> Compliance percentage: 100.0
----> Acceptance Min: None
----> Final status: Passed
----> -------------------------------
----> Rule: 3.5 (com.datio.hammurabi.rules.validity.DynamicCatalogRule)
----> Subset: None
----> Physical field: g_activity_group_type
----> Is Critical: false
----> DrillDown: Some()->Some()
----> MinimumThreshold: None
----> TargetThreshold: None
----> Passed records: 4 
----> Total records affected: 4
----> Compliance percentage: 100.0
----> Acceptance Min: None
----> Final status: Passed
----> -------------------------------
----> Rule: 3.5 (com.datio.hammurabi.rules.validity.DynamicCatalogRule)
----> Subset: None
----> Physical field: gf_billing_group_type
----> Is Critical: false
----> DrillDown: Some()->Some()
----> MinimumThreshold: None
----> TargetThreshold: None
----> Passed records: 4 
----> Total records affected: 4
----> Compliance percentage: 100.0
----> Acceptance Min: None
----> Final status: Passed
----> -------------------------------
----> Rule: 3.5 (com.datio.hammurabi.rules.validity.StaticCatalogRule)
----> Subset: None
----> Physical field: g_cust_ppal_ind_type
----> Is Critical: false
----> DrillDown: Some()->Some()
----> MinimumThreshold: None
----> TargetThreshold: None
----> Passed records: 4 
----> Total records affected: 4
----> Compliance percentage: 100.0
----> Acceptance Min: None
----> Final status: Passed
----> -------------------------------
----> Rule: 4.2 (com.datio.hammurabi.rules.consistence.DuplicateRule)
----> Subset: None
----> Physical field: 
----> Is Critical: true
----> DrillDown: Some()->Some()
----> MinimumThreshold: None
----> TargetThreshold: None
----> Passed records: 4 
----> Total records affected: 4
----> Compliance percentage: 100.0
----> Acceptance Min: None
----> Final status: Passed
----> -------------------------------
########################################################################################
########                             END OF RESULTS                             ########
########################################################################################

Process finished with exit code 0",kceg-gl-hmm-qlt-principalityscore-01,kceg-gl-hmm-qlt-principalityscore-01-s7ZMErFoB17RYF8,,Juan Carlos Frutos
TRUE,TRUE,,,,28f3452458,,,,,
TRUE,TRUE,,,,28f345256d,,,,,
TRUE,TRUE,,,,28f345266d,,,,,
TRUE,TRUE,,,,28f345276d,,,,,
TRUE,TRUE,,,,28f3452885,,,,,
TRUE,TRUE,,,,28f3451d96,,,,,
TRUE,TRUE,,,,28f3451eab,,,,,
TRUE,TRUE,,,,28f3451fba,,,,,
TRUE,TRUE,,,,28f34520a8,,,,,
TRUE,TRUE,t_kstb_sustnbl_cust_grp_board,4Q25,https://jira.globaldevtools.bbva.com/browse/DECSCLIENT-3788,28f33aba36,"----> -------------------------------
----> Rule: 3.5 (com.datio.hammurabi.rules.validity.DynamicCatalogRule)
----> Subset: None
----> Physical field: g_scope_2_emissions_method_type
----> Is Critical: false
----> DrillDown: Some()->Some()
----> MinimumThreshold: None
----> TargetThreshold: None
----> Passed records: 4 
----> Total records affected: 4
----> Compliance percentage: 100.0
----> Acceptance Min: None
----> Final status: Passed
----> -------------------------------
----> Rule: 3.5 (com.datio.hammurabi.rules.validity.DynamicCatalogRule)
----> Subset: None
----> Physical field: g_scope_1_2_ems_reduction_target_type
----> Is Critical: false
----> DrillDown: Some()->Some()
----> MinimumThreshold: None
----> TargetThreshold: None
----> Passed records: 4 
----> Total records affected: 4
----> Compliance percentage: 100.0
----> Acceptance Min: None
----> Final status: Passed
----> -------------------------------
----> Rule: 3.5 (com.datio.hammurabi.rules.validity.DynamicCatalogRule)
----> Subset: None
----> Physical field: g_scope_3_ems_reduction_target_type
----> Is Critical: false
----> DrillDown: Some()->Some()
----> MinimumThreshold: None
----> TargetThreshold: None
----> Passed records: 4 
----> Total records affected: 4
----> Compliance percentage: 100.0
----> Acceptance Min: None
----> Final status: Passed
----> -------------------------------
----> Rule: 3.5 (com.datio.hammurabi.rules.validity.DynamicCatalogRule)
----> Subset: None
----> Physical field: g_verified_emissions_ind_type
----> Is Critical: false
----> DrillDown: Some()->Some()
----> MinimumThreshold: None
----> TargetThreshold: None
----> Passed records: 4 
----> Total records affected: 4
----> Compliance percentage: 100.0
----> Acceptance Min: None
----> Final status: Passed
----> ------------------------------",kstb-gl-hmm-qlt-sustnblcustgrpboard-01,kstb-gl-hmm-qlt-sustnblcustgrpboard-01-CcEe9xWwWOM4FlF,,Egoitz Lopez
TRUE,TRUE,,,,28f33abb39,,,,,Egoitz Lopez
TRUE,TRUE,,,,28f33abc32,,,,,Egoitz Lopez
TRUE,TRUE,,,,28f33ab876,,,,,Egoitz Lopez
TRUE,TRUE,t_l9ct_company_metric_year,4Q25,DECSCLIENT-3800,28bd24c991,"########                          DATA QUALITY RESULTS                          ########
########################################################################################
--> DATASET
----> ObjectPath: Some(/data/master/l9ct/data/t_l9ct_company_metric_year)
----> PhysicalObject: t_l9ct_company_metric_year
----> UUAA: l9ct
----> Subset: Some(gf_cutoff_date='1997-01-01')
----> FrequencyRuleExecution: None
----> Dataset size: 4 rows
----> Data date: 1997-01-01
----> Execution date: 2025-09-26 08:56:46.05
--> RESULTS
----> Rule: 3.4 (com.datio.hammurabi.rules.validity.NumericRangeRule)
----> Subset: None
----> Physical field: gf_metric_value_number
----> Is Critical: false
----> DrillDown: Some()->Some()
----> MinimumThreshold: None
----> TargetThreshold: None
----> Passed records: 4 
----> Total records affected: 4
----> Compliance percentage: 100.0
----> Acceptance Min: None
----> Final status: Passed
----> -------------------------------
########################################################################################
########                             END OF RESULTS                             ########
########################################################################################

Process finished with exit code 0",l9ct-gl-hmm-qlt-companymetricyear-03,l9ct-gl-hmm-qlt-companymetricyear-03-x1JYuFhYdJmQJTb,,Juan Carlos Frutos
TRUE,TRUE,t_l9ct_industry_agg_esg_scores,4Q25,DECSCLIENT-3803,28f2cbd8f4,"########                          DATA QUALITY RESULTS                          ########
########################################################################################
--> DATASET
----> ObjectPath: Some(/data/master/l9ct/data/t_l9ct_industry_agg_esg_scores)
----> PhysicalObject: t_l9ct_industry_agg_esg_scores
----> UUAA: l9ct
----> Subset: Some(gf_cutoff_date='1997-01-01')
----> FrequencyRuleExecution: None
----> Dataset size: 4 rows
----> Data date: 1997-01-01
----> Execution date: 2025-09-29 08:30:27.61
--> RESULTS
----> Rule: 3.4 (com.datio.hammurabi.rules.validity.NumericRangeRule)
----> Subset: None
----> Physical field: gf_esg_cr_annl_avg_scr_number
----> Is Critical: false
----> DrillDown: Some()->Some()
----> MinimumThreshold: None
----> TargetThreshold: None
----> Passed records: 4 
----> Total records affected: 4
----> Compliance percentage: 100.0
----> Acceptance Min: None
----> Final status: Passed
----> -------------------------------
----> Rule: 3.4 (com.datio.hammurabi.rules.validity.NumericRangeRule)
----> Subset: None
----> Physical field: gf_esg_cr_annl_max_scr_number
----> Is Critical: false
----> DrillDown: Some()->Some()
----> MinimumThreshold: None
----> TargetThreshold: None
----> Passed records: 4 
----> Total records affected: 4
----> Compliance percentage: 100.0
----> Acceptance Min: None
----> Final status: Passed
----> -------------------------------
########################################################################################
########                             END OF RESULTS                             ########
########################################################################################

Process finished with exit code 0",l9ct-gl-hmm-qlt-industryaggesgscores-02,l9ct-gl-hmm-qlt-industryaggesgscores-02-nfrFahj9KyUoi8y,,Juan Carlos Frutos
TRUE,TRUE,,,,28f2cbda30,,,,,
TRUE,TRUE,t_l9ct_esg_scores_industry_taxo,4Q25,DECSCLIENT-3804,28f2cbce1d,"########                          DATA QUALITY RESULTS                          ########
########################################################################################
--> DATASET
----> ObjectPath: Some(/data/master/l9ct/data/t_l9ct_esg_scores_industry_taxo)
----> PhysicalObject: t_l9ct_esg_scores_industry_taxo
----> UUAA: l9ct
----> Subset: Some(gf_cutoff_date='1997-01-01')
----> FrequencyRuleExecution: None
----> Dataset size: 8 rows
----> Data date: 1997-01-01
----> Execution date: 2025-09-29 11:35:22.136
--> RESULTS
----> Rule: 3.2 (com.datio.hammurabi.rules.validity.FormatValidationRule)
----> Subset: None
----> Physical field: g_csa_industry_taxo_id
----> Is Critical: true
----> DrillDown: Some()->Some()
----> MinimumThreshold: None
----> TargetThreshold: None
----> Passed records: 8 
----> Total records affected: 8
----> Compliance percentage: 100.0
----> Acceptance Min: None
----> Final status: Passed
----> -------------------------------
----> Rule: 3.5 (com.datio.hammurabi.rules.validity.DynamicCatalogRule)
----> Subset: None
----> Physical field: g_csa_industry_id
----> Is Critical: false
----> DrillDown: Some()->Some()
----> MinimumThreshold: None
----> TargetThreshold: None
----> Passed records: 8 
----> Total records affected: 8
----> Compliance percentage: 100.0
----> Acceptance Min: None
----> Final status: Passed
----> -------------------------------
----> Rule: 3.2 (com.datio.hammurabi.rules.validity.FormatValidationRule)
----> Subset: None
----> Physical field: g_csa_industry_cls_taxo_id
----> Is Critical: false
----> DrillDown: Some()->Some()
----> MinimumThreshold: None
----> TargetThreshold: None
----> Passed records: 8 
----> Total records affected: 8
----> Compliance percentage: 100.0
----> Acceptance Min: None
----> Final status: Passed
----> -------------------------------
----> Rule: 3.2 (com.datio.hammurabi.rules.validity.FormatValidationRule)
----> Subset: None
----> Physical field: g_csa_ind_sector_taxo_id
----> Is Critical: false
----> DrillDown: Some()->Some()
----> MinimumThreshold: None
----> TargetThreshold: None
----> Passed records: 8 
----> Total records affected: 8
----> Compliance percentage: 100.0
----> Acceptance Min: None
----> Final status: Passed
----> -------------------------------
----> Rule: 3.2 (com.datio.hammurabi.rules.validity.FormatValidationRule)
----> Subset: None
----> Physical field: g_csa_industry_group_taxo_id
----> Is Critical: false
----> DrillDown: Some()->Some()
----> MinimumThreshold: None
----> TargetThreshold: None
----> Passed records: 8 
----> Total records affected: 8
----> Compliance percentage: 100.0
----> Acceptance Min: None
----> Final status: Passed
----> -------------------------------
########################################################################################
########                             END OF RESULTS                             ########
########################################################################################

Process finished with exit code 0",l9ct-gl-hmm-qlt-scoresindustrytaxo-02,l9ct-gl-hmm-qlt-scoresindustrytaxo-02-2f5Q65QoBfqS0ou,,Juan Carlos Frutos
TRUE,TRUE,,,,28f2cbcf55,,,,,
TRUE,TRUE,,,,28f2cbd090,,,,,
TRUE,TRUE,t_l9ct_company_metric_year,4Q25,DECSCLIENT-3806,28f2cbc052,"########                          DATA QUALITY RESULTS                          ########
########################################################################################
--> DATASET
----> ObjectPath: Some(/data/master/l9ct/data/t_l9ct_company_metric_year)
----> PhysicalObject: t_l9ct_company_metric_year
----> UUAA: l9ct
----> Subset: Some(gf_cutoff_date='1997-01-01')
----> FrequencyRuleExecution: None
----> Dataset size: 4 rows
----> Data date: 1997-01-01
----> Execution date: 2025-09-29 11:48:49.676
--> RESULTS
----> Rule: 3.4 (com.datio.hammurabi.rules.validity.NumericRangeRule)
----> Subset: None
----> Physical field: gf_year_number
----> Is Critical: false
----> DrillDown: Some()->Some()
----> MinimumThreshold: None
----> TargetThreshold: None
----> Passed records: 4 
----> Total records affected: 4
----> Compliance percentage: 100.0
----> Acceptance Min: None
----> Final status: Passed
----> -------------------------------
########################################################################################
########                             END OF RESULTS                             ########
########################################################################################

Process finished with exit code 0",l9ct-gl-hmm-qlt-companymetricyear-06,l9ct-gl-hmm-qlt-companymetricyear-06-rGfclS8hYx5iSpL,,Juan Carlos Frutos
TRUE,FALSE,t_kcdg_graph_nodes,4Q25,https://jira.globaldevtools.bbva.com/browse/DECSCLIENT-3787,KCDG_graph-nodes_MRObject.conf,-,kcdg-gl-hmm-qlt-graphnodes-02,kcdg-gl-hmm-qlt-graphnodes-02-l3EotcyJB6axksT,,Egoitz Lopez
TRUE,FALSE,t_kcdg_graph_edges,4Q25,https://jira.globaldevtools.bbva.com/browse/DECSCLIENT-3787,KCDG_graph-edges_MRObject.conf,-,kcdg-gl-hmm-qlt-graphedgesobjct-02,kcdg-gl-hmm-qlt-graphedgesobjct-02-1QprmxAQHXiivQy,,Egoitz Lopez
TRUE,FALSE,t_kcdg_graph_edges,4Q25,https://jira.globaldevtools.bbva.com/browse/DECSCLIENT-3787,KCDG_graph-edges_KCDG_graph-nodes_MMRule.conf,-,kcdg-gl-hmm-qlt-graphedgesmmr-01,kcdg-gl-hmm-qlt-graphedgesmmr-01-Lu9YoAB0mgcqlP7,,Egoitz Lopez
TRUE,FALSE,t_cgj7_sust_customer_mark,4Q25,https://jira.globaldevtools.bbva.com/browse/DECSCLIENT-3799,GL_DOM_t_cgj7_sust_customer_mark_5.3_000,-,cgj7-gl-hmm-qlt-sustcustomermarkk-01,cgj7-gl-hmm-qlt-sustcustomermarkk-01-crtJMuUlyM32bzj,,Egoitz Lopez
TRUE,FALSE,t_l9ct_green_bonds_secty_flag,4Q25,https://jira.globaldevtools.bbva.com/browse/DECSCLIENT-3842,27fb0c8114,"########                          DATA QUALITY RESULTS                          ########
########################################################################################
--> DATASET
----> ObjectPath: Some(/data/master/l9ct/data/t_l9ct_green_bonds_secty_flag)
----> PhysicalObject: t_l9ct_green_bonds_secty_flag
----> UUAA: l9ct
----> Subset: Some(gf_cutoff_date='1997-01-01')
----> FrequencyRuleExecution: None
----> Dataset size: 4 rows
----> Data date: 1997-01-01
----> Execution date: 2025-10-06 13:19:57.825
--> RESULTS
----> Rule: 5.3 (com.datio.hammurabi.rules.integrity.SameValueComparisonRule)
----> Subset: None
----> Physical field: gf_cutoff_date
----> Is Critical: false
----> DrillDown: Some()->Some()
----> MinimumThreshold: None
----> TargetThreshold: None
----> Passed records: 4 
----> Total records affected: 4
----> Compliance percentage: 100.0
----> Acceptance Min: None
----> Final status: Passed
----> -------------------------------
########################################################################################
########                             END OF RESULTS                             ########
########################################################################################

Process finished with exit code 0
",l9ct-gl-hmm-qlt-greenbondssectyflag-01,l9ct-gl-hmm-qlt-greenbondssectyflag-01-4X8777sbAKoi0b2,,Juan Carlos Frutos
TRUE,TRUE,t_l9ct_insts_esg_scores_cases,4Q25,https://jira.globaldevtools.bbva.com/browse/DECSCLIENT-3834,276cdc37e5,"----> -------------------------------
----> Rule: 3.4 (com.datio.hammurabi.rules.validity.DynamicCatalogRule)
----> Subset: None
----> Physical field: gf_msa_case_rspse_rt_number
----> Is Critical: false
----> DrillDown: Some()->Some()
----> MinimumThreshold: None
----> TargetThreshold: None
----> Passed records: 4 
----> Total records affected: 4
----> Compliance percentage: 100.0
----> Acceptance Min: None
----> Final status: Passed
----> -------------------------------",l9ct-gl-hmm-qlt-instsesgscorescases-01,l9ct-gl-hmm-qlt-instsesgscorescases-01-VKxUyOgfhN4NPxv,,Egoitz Lopez
TRUE,TRUE,t_kpan_d_c_form_opportunity,4Q25,https://jira.globaldevtools.bbva.com/browse/DECSCLIENT-3838,28f96147c8,"----> -------------------------------
----> Rule: 3.1 (com.datio.hammurabi.rules.validity.DynamicCatalogRule)
----> Subset: None
----> Physical field: g_entific_id
----> Is Critical: false
----> DrillDown: Some()->Some()
----> MinimumThreshold: None
----> TargetThreshold: None
----> Passed records: 4 
----> Total records affected: 4
----> Compliance percentage: 100.0
----> Acceptance Min: None
----> Final status: Passed
----> -------------------------------
----> Rule: 3.2 (com.datio.hammurabi.rules.validity.DynamicCatalogRule)
----> Subset: None
----> Physical field: g_entific_id
----> Is Critical: false
----> DrillDown: Some()->Some()
----> MinimumThreshold: None
----> TargetThreshold: None
----> Passed records: 4 
----> Total records affected: 4
----> Compliance percentage: 100.0
----> Acceptance Min: None
----> Final status: Passed
----> -------------------------------",kpan-gl-hmm-qlt-dcformopportunity-01,kpan-gl-hmm-qlt-dcformopportunity-01-j9Ai1fG5XoOaYEd,,
TRUE,TRUE,,,,28f96148d6,,,,,
TRUE,TRUE,t_kpan_d_c_form_oppy_cust_fields,4Q25,https://jira.globaldevtools.bbva.com/browse/DECSCLIENT-3840,28f96149cd,"----> -------------------------------
----> Rule: 3.1 (com.datio.hammurabi.rules.validity.DynamicCatalogRule)
----> Subset: None
----> Physical field: g_entific_id
----> Is Critical: false
----> DrillDown: Some()->Some()
----> MinimumThreshold: None
----> TargetThreshold: None
----> Passed records: 4 
----> Total records affected: 4
----> Compliance percentage: 100.0
----> Acceptance Min: None
----> Final status: Passed
----> -------------------------------
----> Rule: 3.2 (com.datio.hammurabi.rules.validity.DynamicCatalogRule)
----> Subset: None
----> Physical field: g_entific_id
----> Is Critical: false
----> DrillDown: Some()->Some()
----> MinimumThreshold: None
----> TargetThreshold: None
----> Passed records: 4 
----> Total records affected: 4
----> Compliance percentage: 100.0
----> Acceptance Min: None
----> Final status: Passed
----> -------------------------------",kpan-gl-hmm-qlt-dcformoppycustfields-01,kpan-gl-hmm-qlt-dcformoppycustfields-01-EYQhIfCCfcIbhxw,,
TRUE,TRUE,,,,28f9614ad4,,,,,
TRUE,TRUE,t_g5m3_agg_mlzed_amount_err,"4Q25",https://jira.globaldevtools.bbva.com/browse/DECSCLIENT-3836,28eea71dd3,"########                          DATA QUALITY RESULTS                          ########
########################################################################################
--> DATASET
----> ObjectPath: Some(/data/master/g5m3/data/t_g5m3_agg_mlzed_amount_err)
----> PhysicalObject: t_g5m3_agg_mlzed_amount_err
----> UUAA: g5m3
----> Subset: Some(gf_cutoff_date='1997-01-01')
----> FrequencyRuleExecution: None
----> Dataset size: 4 rows
----> Data date: 1997-01-01
----> Execution date: 2025-10-10 13:49:13.387
--> RESULTS
----> Rule: 4.2 (com.datio.hammurabi.rules.consistence.DuplicateRule)
----> Subset: None
----> Physical field: 
----> Is Critical: true
----> DrillDown: Some()->Some()
----> MinimumThreshold: None
----> TargetThreshold: None
----> Passed records: 4 
----> Total records affected: 4
----> Compliance percentage: 100.0
----> Acceptance Min: None
----> Final status: Passed
----> -------------------------------
----> Rule: 3.1 (com.datio.hammurabi.rules.validity.NotNullValidationRule)
----> Subset: None
----> Physical field: g_contract_id
----> Is Critical: true
----> DrillDown: Some()->Some()
----> MinimumThreshold: None
----> TargetThreshold: None
----> Passed records: 4 
----> Total records affected: 4
----> Compliance percentage: 100.0
----> Acceptance Min: None
----> Final status: Passed
----> -------------------------------
----> Rule: 3.2 (com.datio.hammurabi.rules.validity.FormatValidationRule)
----> Subset: None
----> Physical field: g_contract_id
----> Is Critical: true
----> DrillDown: Some()->Some()
----> MinimumThreshold: None
----> TargetThreshold: None
----> Passed records: 4 
----> Total records affected: 4
----> Compliance percentage: 100.0
----> Acceptance Min: None
----> Final status: Passed
----> -------------------------------
########################################################################################
########                             END OF RESULTS                             ########
########################################################################################

Process finished with exit code 0
",g5m3-gl-hmm-qlt-ggmlzedamounterr-01,g5m3-gl-hmm-qlt-ggmlzedamounterr-01-m2lACH1X4EcID8X,,Juan Carlos Frutos
TRUE,TRUE,,,,28f96145b9,,,,,
TRUE,TRUE,,,,28f96146c5,,,,,
TRUE,TRUE,t_re4m_phrase_mention,"4Q25",https://jira.globaldevtools.bbva.com/browse/DECSCLIENT-3898,28fc788808,"----> -------------------------------
----> Rule: 3.1 (com.datio.hammurabi.rules.validity.DynamicCatalogRule)
----> Subset: None
----> Physical field: gf_int_participant_type
----> Is Critical: false
----> DrillDown: Some()->Some()
----> MinimumThreshold: None
----> TargetThreshold: None
----> Passed records: 4 
----> Total records affected: 4
----> Compliance percentage: 100.0
----> Acceptance Min: None
----> Final status: Passed
----> -------------------------------
----> Rule: 3.2 (com.datio.hammurabi.rules.validity.DynamicCatalogRule)
----> Subset: None
----> Physical field: gf_int_participant_type
----> Is Critical: false
----> DrillDown: Some()->Some()
----> MinimumThreshold: None
----> TargetThreshold: None
----> Passed records: 4 
----> Total records affected: 4
----> Compliance percentage: 100.0
----> Acceptance Min: None
----> Final status: Passed
----> ------------------------------
----> Rule: 3.5 (com.datio.hammurabi.rules.validity.DynamicCatalogRule)
----> Subset: None
----> Physical field: gf_participant_origin_type
----> Is Critical: false
----> DrillDown: Some()->Some()
----> MinimumThreshold: None
----> TargetThreshold: None
----> Passed records: 4 
----> Total records affected: 4
----> Compliance percentage: 100.0
----> Acceptance Min: None
----> Final status: Passed
----> -------------------------------
----> Rule: 4.2 (com.datio.hammurabi.rules.validity.DynamicCatalogRule)
----> Subset: None
----> Physical field: 
----> Is Critical: false
----> DrillDown: Some()->Some()
----> MinimumThreshold: None
----> TargetThreshold: None
----> Passed records: 4 
----> Total records affected: 4
----> Compliance percentage: 100.0
----> Acceptance Min: None
----> Final status: Passed
----> -------------------------------",re4m-gl-hmm-qlt-phrasemention-01,re4m-gl-hmm-qlt-phrasemention-01-XqywpJ9FBNtHFGn,,Egoitz Lopez
TRUE,TRUE,,,,28fc788916,,,,,Egoitz Lopez
TRUE,TRUE,,,,28fc788a19,,,,,Egoitz Lopez
TRUE,TRUE,,,,28b2dc4c8a,,,,,Egoitz Lopez
TRUE,FALSE,t_g5m3_sust_mob_operations,"4Q25",N/A,2844c7a5d7,"--> RESULTS
----> Rule: 5.3 (com.datio.hammurabi.rules.integrity.SameValueComparisonRule)
----> Subset: None
----> Physical field: gf_contract_register_date
----> Is Critical: false
----> DrillDown: Some()->Some()
----> MinimumThreshold: None
----> TargetThreshold: None
----> Passed records: 4 
----> Total records affected: 4
----> Compliance percentage: 100.0
----> Acceptance Min: None
----> Final status: Passed
----> -------------------------------",g5m3-gl-hmm-qlt-sustmodoperations-01,g5m3-gl-hmm-qlt-sustmodoperations-01-qEPIMmWy4OdgydV,,Juan Carlos Frutos
TRUE,FALSE,t_nols_assets_und_mgmt_isin_lvl,"4Q25",https://jira.globaldevtools.bbva.com/browse/DECSCLIENT-3908,28fd86d4a2,"--> RESULTS
----> Rule: 3.5 (com.datio.hammurabi.rules.integrity.SameValueComparisonRule)
----> Subset: None
----> Physical field: g_asset_new_ctrng_ind_type
----> Is Critical: false
----> DrillDown: Some()->Some()
----> MinimumThreshold: None
----> TargetThreshold: None
----> Passed records: 4 
----> Total records affected: 4
----> Compliance percentage: 100.0
----> Acceptance Min: None
----> Final status: Passed
----> -------------------------------",nols-gl-hmm-qlt-assetsundmgmtisinlvl-01,nols-gl-hmm-qlt-assetsundmgmtisinlvl-01-0sDIBVjU1akbTxm,,Egoitz Lopez
TRUE,FALSE,t_kcpg_general_piggybank,"4Q25",https://jira.globaldevtools.bbva.com/browse/DECSCLIENT-3913,KCPG_general-piggybank_MRField,-,kcpg-gl-hmm-qlt-generalpiggybank-01,kcpg-gl-hmm-qlt-generalpiggybank-01-jMllqmj95FTtLfj,,Egoitz Lopez
TRUE,FALSE,,,,KCPG_general-piggybank_MRObject,-,kcpg-gl-hmm-qlt-generalpiggybank-02,kcpg-gl-hmm-qlt-generalpiggybank-02-8DhFeNGXdw16ZGg,,Egoitz Lopez
TRUE,FALSE,t_kcpg_piggybank_contr,"4Q25",https://jira.globaldevtools.bbva.com/browse/DECSCLIENT-3918,KCPG_piggybank-contr_MRField,-,kcpg-gl-hmm-qlt-piggybankcontr-01,kcpg-gl-hmm-qlt-piggybankcontr-01-PRRADDHUzYQqTBF,,Egoitz Lopez
TRUE,FALSE,,,,KCPG_piggybank-contr_MRObject,-,kcpg-gl-hmm-qlt-piggybankcontr-02,kcpg-gl-hmm-qlt-piggybankcontr-02-qxaQ6KZ6Rde55Lx,,Egoitz Lopez
TRUE,FALSE,t_kcpg_piggybank_rules,"4Q25",https://jira.globaldevtools.bbva.com/browse/DECSCLIENT-3915,KCPG_piggybank-rules_MRField,-,kcpg-gl-hmm-qlt-piggybankrules-01,kcpg-gl-hmm-qlt-piggybankrules-01-lyCk6es6dohizQz,,Egoitz Lopez
TRUE,FALSE,,,,KCPG_piggybank-rules_MRObject,-,kcpg-gl-hmm-qlt-piggybankrules-02,kcpg-gl-hmm-qlt-piggybankrules-02-3FNLhkOgMtCBsmf,,Egoitz Lopez
TRUE,FALSE,t_kceg_customer_app_expertise,"4Q25",https://jira.globaldevtools.bbva.com/browse/DECSCLIENT-3933,KCEG_customer-app-expertise_MRField,-,kceg-gl-hmm-qlt-customerappexpertise-01,kceg-gl-hmm-qlt-customerappexpertise-01-4OAQZd5Gwrjloat,,Egoitz Lopez
TRUE,FALSE,,,,KCEG_customer-app-expertise_MRObject,-,kceg-gl-hmm-qlt-customerappexpertise-02,kceg-gl-hmm-qlt-customerappexpertise-02-Ve82qgI5jyaX3UY,,Egoitz Lopez
TRUE,FALSE,,,,KCEG_customer-app-expertise_KBTQ_customer-info_MMRule,-,kceg-gl-hmm-qlt-customerappexpertisekbtq-03,kceg-gl-hmm-qlt-customerappexpertisekbtq-03-vqwvJgGDWzE9Hsa,,Egoitz Lopez
TRUE,FALSE,t_l9ct_prod_assets_oilgas_annual,"4Q25",https://jira.globaldevtools.bbva.com/browse/DECSCLIENT-3909,28faf7ec94,"----> -------------------------------
----> Rule: 3.4 (com.datio.hammurabi.rules.validity.DynamicCatalogRule)
----> Subset: None
----> Physical field: gf_year_number
----> Is Critical: false
----> DrillDown: Some()->Some()
----> MinimumThreshold: None
----> TargetThreshold: None
----> Passed records: 4 
----> Total records affected: 4
----> Compliance percentage: 100.0
----> Acceptance Min: None
----> Final status: Passed
----> -------------------------------
----> Rule: 3.4 (com.datio.hammurabi.rules.validity.DynamicCatalogRule)
----> Subset: None
----> Physical field: gf_asset_oil_prod_tot_number
----> Is Critical: false
----> DrillDown: Some()->Some()
----> MinimumThreshold: None
----> TargetThreshold: None
----> Passed records: 4 
----> Total records affected: 4
----> Compliance percentage: 100.0
----> Acceptance Min: None
----> Final status: Passed
----> -------------------------------
----> Rule: 3.4 (com.datio.hammurabi.rules.validity.DynamicCatalogRule)
----> Subset: None
----> Physical field: gf_asset_ngl_prod_tot_number
----> Is Critical: false
----> DrillDown: Some()->Some()
----> MinimumThreshold: None
----> TargetThreshold: None
----> Passed records: 4 
----> Total records affected: 4
----> Compliance percentage: 100.0
----> Acceptance Min: None
----> Final status: Passed
----> -------------------------------
----> Rule: 3.4 (com.datio.hammurabi.rules.validity.DynamicCatalogRule)
----> Subset: None
----> Physical field: gf_asset_nat_gas_prod_tot_number
----> Is Critical: false
----> DrillDown: Some()->Some()
----> MinimumThreshold: None
----> TargetThreshold: None
----> Passed records: 4 
----> Total records affected: 4
----> Compliance percentage: 100.0
----> Acceptance Min: None
----> Final status: Passed
----> -------------------------------
----> Rule: 3.4 (com.datio.hammurabi.rules.validity.DynamicCatalogRule)
----> Subset: None
----> Physical field: gf_usd_mm_asset_opex_amount
----> Is Critical: false
----> DrillDown: Some()->Some()
----> MinimumThreshold: None
----> TargetThreshold: None
----> Passed records: 4 
----> Total records affected: 4
----> Compliance percentage: 100.0
----> Acceptance Min: None
----> Final status: Passed
----> -------------------------------
----> Rule: 3.4 (com.datio.hammurabi.rules.validity.DynamicCatalogRule)
----> Subset: None
----> Physical field: gf_total_opex_n_prod_ratio_number
----> Is Critical: false
----> DrillDown: Some()->Some()
----> MinimumThreshold: None
----> TargetThreshold: None
----> Passed records: 4 
----> Total records affected: 4
----> Compliance percentage: 100.0
----> Acceptance Min: None
----> Final status: Passed
----> -------------------------------
----> Rule: 3.4 (com.datio.hammurabi.rules.validity.DynamicCatalogRule)
----> Subset: None
----> Physical field: gf_usd_mm_fld_capex_amount
----> Is Critical: false
----> DrillDown: Some()->Some()
----> MinimumThreshold: None
----> TargetThreshold: None
----> Passed records: 4 
----> Total records affected: 4
----> Compliance percentage: 100.0
----> Acceptance Min: None
----> Final status: Passed
----> -------------------------------
----> Rule: 3.4 (com.datio.hammurabi.rules.validity.DynamicCatalogRule)
----> Subset: None
----> Physical field: gf_ref_capacity_number
----> Is Critical: false
----> DrillDown: Some()->Some()
----> MinimumThreshold: None
----> TargetThreshold: None
----> Passed records: 4 
----> Total records affected: 4
----> Compliance percentage: 100.0
----> Acceptance Min: None
----> Final status: Passed",l9ct-gl-hmm-qlt-prodassetsoilgasannual-01,l9ct-gl-hmm-qlt-prodassetsoilgasannual-01-ZcdxQGjfV4ZlcRs,,
TRUE,FALSE,,,,28faf7ef6a,,,,,
TRUE,FALSE,,,,28faf7f208,,,,,
TRUE,FALSE,,,,28faf7f4b6,,,,,
TRUE,FALSE,,,,28faf7f76a,,,,,
TRUE,FALSE,,,,28faf7f9fc,,,,,
TRUE,FALSE,,,,28faf7fcd6,,,,,
TRUE,FALSE,,,,28faf7ff78,,,,,
TRUE,FALSE,t_l9ct_prod_assets_oilgas,4Q25,https://jira.globaldevtools.bbva.com/browse/DECSCLIENT-3911,28fafd48f7,"----> -------------------------------
----> Rule: 5.3 (com.datio.hammurabi.rules.validity.DynamicCatalogRule)
----> Subset: None
----> Physical field: gf_2p_reserves_number
----> Is Critical: false
----> DrillDown: Some()->Some()
----> MinimumThreshold: None
----> TargetThreshold: None
----> Passed records: 4 
----> Total records affected: 4
----> Compliance percentage: 100.0
----> Acceptance Min: None
----> Final status: Passed
----> -------------------------------
----> Rule: 5.3 (com.datio.hammurabi.rules.validity.DynamicCatalogRule)
----> Subset: None
----> Physical field: gf_3p_reserves_number
----> Is Critical: false
----> DrillDown: Some()->Some()
----> MinimumThreshold: None
----> TargetThreshold: None
----> Passed records: 4 
----> Total records affected: 4
----> Compliance percentage: 100.0
----> Acceptance Min: None
----> Final status: Passed
----> -------------------------------
",l9ct-gl-hmm-qlt-prodassetsoilgas-01,l9ct-gl-hmm-qlt-prodassetsoilgas-01-2qfsjPwZYftb8oX,,
TRUE,FALSE,,,,28fafd4ce4,,,,,
TRUE,TRUE,t_kceg_cust_agg_recurring_income,4Q25,https://jira.globaldevtools.bbva.com/browse/DECSCLIENT-3936,2900aa7059,"########                          DATA QUALITY RESULTS                          ########
########################################################################################
--> DATASET
----> ObjectPath: Some(/data/master/kceg/data/t_kceg_cust_agg_recurring_income)
----> PhysicalObject: t_kceg_cust_agg_recurring_income
----> UUAA: kceg
----> Subset: Some(gf_cutoff_date='1997-01-01')
----> FrequencyRuleExecution: None
----> Dataset size: 4 rows
----> Data date: 1997-01-01
----> Execution date: 2025-10-21 12:23:08.109
--> RESULTS
----> Rule: 4.3 (com.datio.hammurabi.rules.consistence.ValueConciliationRule)
----> Subset: None
----> Physical field: g_customer_id
----> Is Critical: false
----> DrillDown: Some()->Some()
----> MinimumThreshold: None
----> TargetThreshold: None
----> Passed records: 4 
----> Total records affected: 4
----> Compliance percentage: 100.0
----> Acceptance Min: None
----> Final status: Passed
----> -------------------------------
########################################################################################
########                             END OF RESULTS                             ########
########################################################################################",kceg-gl-hmm-qlt-aggcustrecincome-01,kceg-gl-hmm-qlt-aggcustrecincome-01-8qFKAl4S5BDdWGg,,Juan Carlos Frutos
TRUE,TRUE,t_kceg_customer_engagement,,,2900aa717a,"########                          DATA QUALITY RESULTS                          ########
########################################################################################
--> DATASET
----> ObjectPath: Some(/data/master/kceg/data/t_kceg_customer_engagement)
----> PhysicalObject: t_kceg_customer_engagement
----> UUAA: kceg
----> Subset: Some(gf_cutoff_date='1997-01-01')
----> FrequencyRuleExecution: None
----> Dataset size: 4 rows
----> Data date: 1997-01-01
----> Execution date: 2025-10-21 12:46:34.414
--> RESULTS
----> Rule: 4.3 (com.datio.hammurabi.rules.consistence.ValueConciliationRule)
----> Subset: None
----> Physical field: g_customer_id
----> Is Critical: true
----> DrillDown: Some()->Some()
----> MinimumThreshold: None
----> TargetThreshold: None
----> Passed records: 4 
----> Total records affected: 4
----> Compliance percentage: 100.0
----> Acceptance Min: None
----> Final status: Passed
----> -------------------------------
########################################################################################
########                             END OF RESULTS                             ########
########################################################################################

Process finished with exit code 0",kceg-gl-hmm-qlt-customerengagement-01,kceg-gl-hmm-qlt-customerengagement-01-RQgeA9U6gEV1sja,,Juan Carlos Frutos
TRUE,TRUE,t_l9sv_organic_search_metric,4Q25,https://jira.globaldevtools.bbva.com/browse/DECSCLIENT-4001,2901b8fdc2,"########                          DATA QUALITY RESULTS                          ########
########################################################################################
--> DATASET
----> ObjectPath: Some(/data/master/l9sv/data/t_l9sv_organic_search_metric)
----> PhysicalObject: t_l9sv_organic_search_metric
----> UUAA: l9sv
----> Subset: Some(gf_cutoff_date='1997-01-01')
----> FrequencyRuleExecution: None
----> Dataset size: 4 rows
----> Data date: 1997-01-01
----> Execution date: 2025-10-23 12:04:41.25
--> RESULTS
----> Rule: 3.1 (com.datio.hammurabi.rules.validity.NotNullValidationRule)
----> Subset: None
----> Physical field: g_entity_id
----> Is Critical: true
----> DrillDown: Some()->Some()
----> MinimumThreshold: None
----> TargetThreshold: None
----> Passed records: 4 
----> Total records affected: 4
----> Compliance percentage: 100.0
----> Acceptance Min: None
----> Final status: Passed
----> -------------------------------
----> Rule: 3.1 (com.datio.hammurabi.rules.validity.NotNullValidationRule)
----> Subset: None
----> Physical field: g_data_source_origin_type
----> Is Critical: true
----> DrillDown: Some()->Some()
----> MinimumThreshold: None
----> TargetThreshold: None
----> Passed records: 4 
----> Total records affected: 4
----> Compliance percentage: 100.0
----> Acceptance Min: None
----> Final status: Passed
----> -------------------------------
----> Rule: 3.1 (com.datio.hammurabi.rules.validity.NotNullValidationRule)
----> Subset: None
----> Physical field: gf_hash_id
----> Is Critical: true
----> DrillDown: Some()->Some()
----> MinimumThreshold: None
----> TargetThreshold: None
----> Passed records: 4 
----> Total records affected: 4
----> Compliance percentage: 100.0
----> Acceptance Min: None
----> Final status: Passed
----> -------------------------------
----> Rule: 3.1 (com.datio.hammurabi.rules.validity.NotNullValidationRule)
----> Subset: None
----> Physical field: g_search_section_type
----> Is Critical: true
----> DrillDown: Some()->Some()
----> MinimumThreshold: None
----> TargetThreshold: None
----> Passed records: 4 
----> Total records affected: 4
----> Compliance percentage: 100.0
----> Acceptance Min: None
----> Final status: Passed
----> -------------------------------
----> Rule: 3.1 (com.datio.hammurabi.rules.validity.NotNullValidationRule)
----> Subset: None
----> Physical field: g_access_device_type
----> Is Critical: true
----> DrillDown: Some()->Some()
----> MinimumThreshold: None
----> TargetThreshold: None
----> Passed records: 4 
----> Total records affected: 4
----> Compliance percentage: 100.0
----> Acceptance Min: None
----> Final status: Passed
----> -------------------------------
----> Rule: 3.2 (com.datio.hammurabi.rules.validity.FormatValidationRule)
----> Subset: None
----> Physical field: g_entity_id
----> Is Critical: true
----> DrillDown: Some()->Some()
----> MinimumThreshold: None
----> TargetThreshold: None
----> Passed records: 4 
----> Total records affected: 4
----> Compliance percentage: 100.0
----> Acceptance Min: None
----> Final status: Passed
----> -------------------------------
----> Rule: 3.2 (com.datio.hammurabi.rules.validity.FormatValidationRule)
----> Subset: None
----> Physical field: g_data_source_origin_type
----> Is Critical: true
----> DrillDown: Some()->Some()
----> MinimumThreshold: None
----> TargetThreshold: None
----> Passed records: 4 
----> Total records affected: 4
----> Compliance percentage: 100.0
----> Acceptance Min: None
----> Final status: Passed
----> -------------------------------
----> Rule: 3.2 (com.datio.hammurabi.rules.validity.FormatValidationRule)
----> Subset: None
----> Physical field: gf_hash_id
----> Is Critical: true
----> DrillDown: Some()->Some()
----> MinimumThreshold: None
----> TargetThreshold: None
----> Passed records: 4 
----> Total records affected: 4
----> Compliance percentage: 100.0
----> Acceptance Min: None
----> Final status: Passed
----> -------------------------------
----> Rule: 3.2 (com.datio.hammurabi.rules.validity.FormatValidationRule)
----> Subset: None
----> Physical field: g_search_section_type
----> Is Critical: true
----> DrillDown: Some()->Some()
----> MinimumThreshold: None
----> TargetThreshold: None
----> Passed records: 4 
----> Total records affected: 4
----> Compliance percentage: 100.0
----> Acceptance Min: None
----> Final status: Passed
----> -------------------------------
----> Rule: 3.2 (com.datio.hammurabi.rules.validity.FormatValidationRule)
----> Subset: None
----> Physical field: g_access_device_type
----> Is Critical: true
----> DrillDown: Some()->Some()
----> MinimumThreshold: None
----> TargetThreshold: None
----> Passed records: 4 
----> Total records affected: 4
----> Compliance percentage: 100.0
----> Acceptance Min: None
----> Final status: Passed
----> -------------------------------
----> Rule: 3.5 (com.datio.hammurabi.rules.validity.DynamicCatalogRule)
----> Subset: None
----> Physical field: g_data_source_origin_type
----> Is Critical: false
----> DrillDown: Some()->Some()
----> MinimumThreshold: None
----> TargetThreshold: None
----> Passed records: 4 
----> Total records affected: 4
----> Compliance percentage: 100.0
----> Acceptance Min: None
----> Final status: Passed
----> -------------------------------
----> Rule: 3.5 (com.datio.hammurabi.rules.validity.DynamicCatalogRule)
----> Subset: None
----> Physical field: g_search_section_type
----> Is Critical: false
----> DrillDown: Some()->Some()
----> MinimumThreshold: None
----> TargetThreshold: None
----> Passed records: 4 
----> Total records affected: 4
----> Compliance percentage: 100.0
----> Acceptance Min: None
----> Final status: Passed
----> -------------------------------
----> Rule: 3.5 (com.datio.hammurabi.rules.validity.DynamicCatalogRule)
----> Subset: None
----> Physical field: g_access_device_type
----> Is Critical: false
----> DrillDown: Some()->Some()
----> MinimumThreshold: None
----> TargetThreshold: None
----> Passed records: 4 
----> Total records affected: 4
----> Compliance percentage: 100.0
----> Acceptance Min: None
----> Final status: Passed
----> -------------------------------
----> Rule: 4.2 (com.datio.hammurabi.rules.consistence.DuplicateRule)
----> Subset: None
----> Physical field: 
----> Is Critical: true
----> DrillDown: Some()->Some()
----> MinimumThreshold: None
----> TargetThreshold: None
----> Passed records: 4 
----> Total records affected: 4
----> Compliance percentage: 100.0
----> Acceptance Min: None
----> Final status: Passed
----> -------------------------------
########################################################################################
########                             END OF RESULTS                             ########
########################################################################################

Process finished with exit code 0",l9sv-gl-hmm-qlt-digitalmarketingcosts-03,l9sv-gl-hmm-qlt-digitalmarketingcosts-03-UNBpYX0qVHzv9Q3,,Juan Carlos Frutos
TRUE,TRUE,,,,2901b8fef7,,,,,
TRUE,TRUE,,,,2901b90034,,,,,
TRUE,TRUE,,,,2901b90141,,,,,
TRUE,TRUE,,,,2901b904ed,,,,,
TRUE,TRUE,,,,2901b905fa,,,,,
TRUE,TRUE,,,,2901b90725,,,,,
TRUE,TRUE,,,,2901b9083d,,,,,
TRUE,TRUE,,,,2901b90979,,,,,
TRUE,TRUE,,,,2901b90a97,,,,,
TRUE,TRUE,,,,2901b90bc6,,,,,
TRUE,TRUE,,,,2901b90ce8,,,,,
TRUE,TRUE,,,,2901b90e03,,,,,
TRUE,TRUE,,,,2901b90f30,,,,,
TRUE,FALSE,t_rzua_sust_operations,4Q25,https://jira.globaldevtools.bbva.com/browse/DECSCLIENT-4038,,,rzua-gl-hmm-qlt-sustoperationsmrobject-01,rzua-gl-hmm-qlt-sustoperationsmrobject-01-YfwAeqOjrFOjqic,,Juan Carlos Frutos
TRUE,FALSE,,,,,,rzua-gl-hmm-qlt-sustoperationsmrfield-01,rzua-gl-hmm-qlt-sustoperationsmrfield-01-YX4NlzKPOCJrkCr,,Juan Carlos Frutos
TRUE,FALSE,,,,,,rzua-gl-hmm-qlt-sustoperationssubset-01,rzua-gl-hmm-qlt-sustoperationssubset-01-dwt001tL382UNSw,,Juan Carlos Frutos
TRUE,,t_re4m_virt_asst_msg_data,4Q25,https://jira.globaldevtools.bbva.com/browse/DECSCLIENT-4007,2902333605,"########                          DATA QUALITY RESULTS                          ########
########################################################################################
--> DATASET
----> ObjectPath: Some(/data/master/re4m/data/t_re4m_virt_asst_msg_data)
----> PhysicalObject: t_re4m_virt_asst_msg_data
----> UUAA: re4m
----> Subset: Some(gf_cutoff_date='1997-01-01')
----> FrequencyRuleExecution: None
----> Dataset size: 4 rows
----> Data date: 1997-01-01
----> Execution date: 2025-10-27 12:16:33.758
--> RESULTS
----> Rule: 3.1 (com.datio.hammurabi.rules.validity.NotNullValidationRule)
----> Subset: None
----> Physical field: g_data_source_origin_type
----> Is Critical: true
----> DrillDown: Some()->Some()
----> MinimumThreshold: None
----> TargetThreshold: None
----> Passed records: 4 
----> Total records affected: 4
----> Compliance percentage: 100.0
----> Acceptance Min: None
----> Final status: Passed
----> -------------------------------
----> Rule: 3.1 (com.datio.hammurabi.rules.validity.NotNullValidationRule)
----> Subset: None
----> Physical field: g_entity_id
----> Is Critical: true
----> DrillDown: Some()->Some()
----> MinimumThreshold: None
----> TargetThreshold: None
----> Passed records: 4 
----> Total records affected: 4
----> Compliance percentage: 100.0
----> Acceptance Min: None
----> Final status: Passed
----> -------------------------------
----> Rule: 3.1 (com.datio.hammurabi.rules.validity.NotNullValidationRule)
----> Subset: None
----> Physical field: gf_interaction_id
----> Is Critical: true
----> DrillDown: Some()->Some()
----> MinimumThreshold: None
----> TargetThreshold: None
----> Passed records: 4 
----> Total records affected: 4
----> Compliance percentage: 100.0
----> Acceptance Min: None
----> Final status: Passed
----> -------------------------------
----> Rule: 3.1 (com.datio.hammurabi.rules.validity.NotNullValidationRule)
----> Subset: None
----> Physical field: gf_interaction_activity_id
----> Is Critical: true
----> DrillDown: Some()->Some()
----> MinimumThreshold: None
----> TargetThreshold: None
----> Passed records: 4 
----> Total records affected: 4
----> Compliance percentage: 100.0
----> Acceptance Min: None
----> Final status: Passed
----> -------------------------------
----> Rule: 3.2 (com.datio.hammurabi.rules.validity.FormatValidationRule)
----> Subset: None
----> Physical field: g_data_source_origin_type
----> Is Critical: true
----> DrillDown: Some()->Some()
----> MinimumThreshold: None
----> TargetThreshold: None
----> Passed records: 4 
----> Total records affected: 4
----> Compliance percentage: 100.0
----> Acceptance Min: None
----> Final status: Passed
----> -------------------------------
----> Rule: 3.2 (com.datio.hammurabi.rules.validity.FormatValidationRule)
----> Subset: None
----> Physical field: g_entity_id
----> Is Critical: true
----> DrillDown: Some()->Some()
----> MinimumThreshold: None
----> TargetThreshold: None
----> Passed records: 4 
----> Total records affected: 4
----> Compliance percentage: 100.0
----> Acceptance Min: None
----> Final status: Passed
----> -------------------------------
----> Rule: 3.2 (com.datio.hammurabi.rules.validity.FormatValidationRule)
----> Subset: None
----> Physical field: gf_interaction_id
----> Is Critical: true
----> DrillDown: Some()->Some()
----> MinimumThreshold: None
----> TargetThreshold: None
----> Passed records: 4 
----> Total records affected: 4
----> Compliance percentage: 100.0
----> Acceptance Min: None
----> Final status: Passed
----> -------------------------------
----> Rule: 3.2 (com.datio.hammurabi.rules.validity.FormatValidationRule)
----> Subset: None
----> Physical field: gf_interaction_activity_id
----> Is Critical: true
----> DrillDown: Some()->Some()
----> MinimumThreshold: None
----> TargetThreshold: None
----> Passed records: 4 
----> Total records affected: 4
----> Compliance percentage: 100.0
----> Acceptance Min: None
----> Final status: Passed
----> -------------------------------
----> Rule: 3.5 (com.datio.hammurabi.rules.validity.StaticCatalogRule)
----> Subset: None
----> Physical field: gf_funcl_grp_msg_end_succ_ind_type
----> Is Critical: false
----> DrillDown: Some()->Some()
----> MinimumThreshold: None
----> TargetThreshold: None
----> Passed records: 4 
----> Total records affected: 4
----> Compliance percentage: 100.0
----> Acceptance Min: None
----> Final status: Passed
----> -------------------------------
----> Rule: 3.5 (com.datio.hammurabi.rules.validity.StaticCatalogRule)
----> Subset: None
----> Physical field: gf_sugg_cont_convr_virt_asst_ind_type
----> Is Critical: false
----> DrillDown: Some()->Some()
----> MinimumThreshold: None
----> TargetThreshold: None
----> Passed records: 4 
----> Total records affected: 4
----> Compliance percentage: 100.0
----> Acceptance Min: None
----> Final status: Passed
----> -------------------------------
----> Rule: 3.5 (com.datio.hammurabi.rules.validity.DynamicCatalogRule)
----> Subset: None
----> Physical field: g_orig_ac_virt_asst_type
----> Is Critical: false
----> DrillDown: Some()->Some()
----> MinimumThreshold: None
----> TargetThreshold: None
----> Passed records: 4 
----> Total records affected: 4
----> Compliance percentage: 100.0
----> Acceptance Min: None
----> Final status: Passed
----> -------------------------------
----> Rule: 3.5 (com.datio.hammurabi.rules.validity.DynamicCatalogRule)
----> Subset: None
----> Physical field: g_virt_asst_rspse_type
----> Is Critical: false
----> DrillDown: Some()->Some()
----> MinimumThreshold: None
----> TargetThreshold: None
----> Passed records: 4 
----> Total records affected: 4
----> Compliance percentage: 100.0
----> Acceptance Min: None
----> Final status: Passed
----> -------------------------------
----> Rule: 3.5 (com.datio.hammurabi.rules.validity.DynamicCatalogRule)
----> Subset: None
----> Physical field: g_virt_asst_intact_type
----> Is Critical: false
----> DrillDown: Some()->Some()
----> MinimumThreshold: None
----> TargetThreshold: None
----> Passed records: 4 
----> Total records affected: 4
----> Compliance percentage: 100.0
----> Acceptance Min: None
----> Final status: Passed
----> -------------------------------
----> Rule: 3.5 (com.datio.hammurabi.rules.validity.StaticCatalogRule)
----> Subset: None
----> Physical field: g_asst_rq_us_fdbk_ind_type
----> Is Critical: false
----> DrillDown: Some()->Some()
----> MinimumThreshold: None
----> TargetThreshold: None
----> Passed records: 4 
----> Total records affected: 4
----> Compliance percentage: 100.0
----> Acceptance Min: None
----> Final status: Passed
----> -------------------------------
----> Rule: 4.2 (com.datio.hammurabi.rules.consistence.DuplicateRule)
----> Subset: None
----> Physical field: 
----> Is Critical: true
----> DrillDown: Some()->Some()
----> MinimumThreshold: None
----> TargetThreshold: None
----> Passed records: 4 
----> Total records affected: 4
----> Compliance percentage: 100.0
----> Acceptance Min: None
----> Final status: Passed
----> -------------------------------
########################################################################################
########                             END OF RESULTS                             ########
########################################################################################
",re4m-gl-hmm-qlt-virtasstmsgdata-01,re4m-gl-hmm-qlt-virtasstmsgdata-01-adHJ39x3p1SBl5D,,Egoitz Lopez
TRUE,TRUE,,,,2902333725,,,,,
TRUE,TRUE,,,,2902333856,,,,,
TRUE,TRUE,,,,2902333980,,,,,
TRUE,TRUE,,,,2902333a95,,,,,
TRUE,TRUE,,,,2902333bb2,,,,,
TRUE,TRUE,,,,2902333cb6,,,,,
TRUE,TRUE,,,,2902333dbb,,,,,
TRUE,TRUE,,,,2902333ec7,,,,,
TRUE,TRUE,,,,290233439b,,,,,
TRUE,TRUE,,,,2902334529,,,,,
TRUE,TRUE,,,,29023346da,,,,,
TRUE,TRUE,,,,290233489c,,,,,
TRUE,TRUE,,,,2902334a36,,,,,
TRUE,TRUE,,,,2902334bf6,,,,,
TRUE,FALSE,t_j7il_atm_session_message,4Q25,https://jira.globaldevtools.bbva.com/browse/DECSCLIENT-3960,29023853e3,"--> RESULTS
----> Rule: 3.1 (com.datio.hammurabi.rules.integrity.SameValueComparisonRule)
----> Subset: None
----> Physical field: g_atm_disp_msg_loc_type
----> Is Critical: false
----> DrillDown: Some()->Some()
----> MinimumThreshold: None
----> TargetThreshold: None
----> Passed records: 4 
----> Total records affected: 4
----> Compliance percentage: 100.0
----> Acceptance Min: None
----> Final status: Passed
----> ----------------------------
----> Rule: 3.1 (com.datio.hammurabi.rules.integrity.SameValueComparisonRule)
----> Subset: None
----> Physical field: g_atm_disp_msg_type
----> Is Critical: false
----> DrillDown: Some()->Some()
----> MinimumThreshold: None
----> TargetThreshold: None
----> Passed records: 4 
----> Total records affected: 4
----> Compliance percentage: 100.0
----> Acceptance Min: None
----> Final status: Passed
----> ----------------------------
----> Rule: 3.2 (com.datio.hammurabi.rules.integrity.SameValueComparisonRule)
----> Subset: None
----> Physical field: g_atm_disp_msg_loc_type
----> Is Critical: false
----> DrillDown: Some()->Some()
----> MinimumThreshold: None
----> TargetThreshold: None
----> Passed records: 4 
----> Total records affected: 4
----> Compliance percentage: 100.0
----> Acceptance Min: None
----> Final status: Passed
----> --------------------------
----> Rule: 3.2 (com.datio.hammurabi.rules.integrity.SameValueComparisonRule)
----> Subset: None
----> Physical field: g_atm_disp_msg_type
----> Is Critical: false
----> DrillDown: Some()->Some()
----> MinimumThreshold: None
----> TargetThreshold: None
----> Passed records: 4 
----> Total records affected: 4
----> Compliance percentage: 100.0
----> Acceptance Min: None
----> Final status: Passed
----> -------------------------------",j7il-gl-hmm-qlt-atmsessionmessage-01,j7il-gl-hmm-qlt-atmsessionmessage-01-myFAdvMUZpcvfH4,,Egoitz Lopez
TRUE,FALSE,,,,29023857d7,,,,,Egoitz Lopez
TRUE,FALSE,,,,2902385b89,,,,,Egoitz Lopez
TRUE,FALSE,,,,2902385eb9,,,,,Egoitz Lopez
TRUE,FALSE,t_b0hn_sust_group_mark,4Q25,https://jira.globaldevtools.bbva.com/browse/DECSCLIENT-4057,B0HN_sust-group-mark_KSAG_holding-business-group_MMRule.conf,-,b0hn-gl-hmm-qlt-sustgroupmark-05,b0hn-gl-hmm-qlt-sustgroupmark-05-I7vzJgoE0tOadjw,,Egoitz Lopez
TRUE,FALSE,,,,B0HN_sust-group-mark_MRField.conf,-,b0hn-gl-hmm-qlt-sustgroupmark-05,b0hn-gl-hmm-qlt-sustgroupmark-05-jcbWvvVMgHq3Qi1,,Egoitz Lopez
TRUE,FALSE,,,,B0HN_sust-group-mark_MRObject.conf,-,b0hn-gl-hmm-qlt-sustgroupmark-05,b0hn-gl-hmm-qlt-sustgroupmark-05-AweRiq9xhdlHCd0,,Egoitz Lopez
TRUE,FALSE,t_cgj7_sust_group_mark,,,CGJ7_sust-customer-mark_MRField.conf,-,cgj7-gl-hmm-qlt-sustcustomermarkk-01,cgj7-gl-hmm-qlt-sustcustomermarkk-01-xs1eahoKvtbjsfR,,Egoitz Lopez
TRUE,FALSE,,,,CGJ7_sust-customer-mark_MRObject.conf,-,cgj7-gl-hmm-qlt-sustcustomermarkk-01,cgj7-gl-hmm-qlt-sustcustomermarkk-01-LZTvwwhkN1PhLsH,,Egoitz Lopez
TRUE,TRUE,t_re4m_virt_asst_msg_cnt,4Q25,https://jira.globaldevtools.bbva.com/browse/DECSCLIENT-4009,290448bf15,"########                          DATA QUALITY RESULTS                          ########
########################################################################################
--> DATASET
----> ObjectPath: Some(/data/master/re4m/data/t_re4m_virt_asst_msg_cnt)
----> PhysicalObject: t_re4m_virt_asst_msg_cnt
----> UUAA: re4m
----> Subset: Some(gf_cutoff_date='1997-01-01')
----> FrequencyRuleExecution: None
----> Dataset size: 3 rows
----> Data date: 1997-01-01
----> Execution date: 2025-10-29 16:13:25.84
--> RESULTS
----> Rule: 3.1 (com.datio.hammurabi.rules.validity.NotNullValidationRule)
----> Subset: None
----> Physical field: g_data_source_origin_type
----> Is Critical: true
----> DrillDown: Some()->Some()
----> MinimumThreshold: None
----> TargetThreshold: None
----> Passed records: 3 
----> Total records affected: 3
----> Compliance percentage: 100.0
----> Acceptance Min: None
----> Final status: Passed
----> -------------------------------
----> Rule: 3.1 (com.datio.hammurabi.rules.validity.NotNullValidationRule)
----> Subset: None
----> Physical field: g_entity_id
----> Is Critical: true
----> DrillDown: Some()->Some()
----> MinimumThreshold: None
----> TargetThreshold: None
----> Passed records: 3 
----> Total records affected: 3
----> Compliance percentage: 100.0
----> Acceptance Min: None
----> Final status: Passed
----> -------------------------------
----> Rule: 3.1 (com.datio.hammurabi.rules.validity.NotNullValidationRule)
----> Subset: None
----> Physical field: gf_interaction_id
----> Is Critical: true
----> DrillDown: Some()->Some()
----> MinimumThreshold: None
----> TargetThreshold: None
----> Passed records: 3 
----> Total records affected: 3
----> Compliance percentage: 100.0
----> Acceptance Min: None
----> Final status: Passed
----> -------------------------------
----> Rule: 3.1 (com.datio.hammurabi.rules.validity.NotNullValidationRule)
----> Subset: None
----> Physical field: gf_interaction_activity_id
----> Is Critical: true
----> DrillDown: Some()->Some()
----> MinimumThreshold: None
----> TargetThreshold: None
----> Passed records: 3 
----> Total records affected: 3
----> Compliance percentage: 100.0
----> Acceptance Min: None
----> Final status: Passed
----> -------------------------------
----> Rule: 3.2 (com.datio.hammurabi.rules.validity.FormatValidationRule)
----> Subset: None
----> Physical field: g_data_source_origin_type
----> Is Critical: true
----> DrillDown: Some()->Some()
----> MinimumThreshold: None
----> TargetThreshold: None
----> Passed records: 3 
----> Total records affected: 3
----> Compliance percentage: 100.0
----> Acceptance Min: None
----> Final status: Passed
----> -------------------------------
----> Rule: 3.2 (com.datio.hammurabi.rules.validity.FormatValidationRule)
----> Subset: None
----> Physical field: g_entity_id
----> Is Critical: true
----> DrillDown: Some()->Some()
----> MinimumThreshold: None
----> TargetThreshold: None
----> Passed records: 3 
----> Total records affected: 3
----> Compliance percentage: 100.0
----> Acceptance Min: None
----> Final status: Passed
----> -------------------------------
----> Rule: 3.2 (com.datio.hammurabi.rules.validity.FormatValidationRule)
----> Subset: None
----> Physical field: gf_interaction_id
----> Is Critical: true
----> DrillDown: Some()->Some()
----> MinimumThreshold: None
----> TargetThreshold: None
----> Passed records: 3 
----> Total records affected: 3
----> Compliance percentage: 100.0
----> Acceptance Min: None
----> Final status: Passed
----> -------------------------------
----> Rule: 3.2 (com.datio.hammurabi.rules.validity.FormatValidationRule)
----> Subset: None
----> Physical field: gf_interaction_activity_id
----> Is Critical: true
----> DrillDown: Some()->Some()
----> MinimumThreshold: None
----> TargetThreshold: None
----> Passed records: 3 
----> Total records affected: 3
----> Compliance percentage: 100.0
----> Acceptance Min: None
----> Final status: Passed
----> -------------------------------
----> Rule: 4.2 (com.datio.hammurabi.rules.consistence.DuplicateRule)
----> Subset: None
----> Physical field: 
----> Is Critical: true
----> DrillDown: Some()->Some()
----> MinimumThreshold: None
----> TargetThreshold: None
----> Passed records: 3 
----> Total records affected: 3
----> Compliance percentage: 100.0
----> Acceptance Min: None
----> Final status: Passed
----> -------------------------------
########################################################################################
########                             END OF RESULTS                             ########
########################################################################################

Process finished with exit code 0",re4m-gl-hmm-qlt-virtasstmsgcnt-01,re4m-gl-hmm-qlt-virtasstmsgcnt-01-LNg1WBLmUundiDG,,Juan Carlos Frutos
TRUE,TRUE,,,,290448c007,,,,,
TRUE,TRUE,,,,290448c100,,,,,
TRUE,TRUE,,,,290448c1f3,,,,,
TRUE,TRUE,,,,290448c2e5,,,,,
TRUE,TRUE,,,,290448c3d8,,,,,
TRUE,TRUE,,,,290448c4c8,,,,,
TRUE,TRUE,,,,290448c5b3,,,,,
TRUE,TRUE,,,,290448c6ac,,,,,
FALSE,TRUE,t_ctar_sign_proc_contract,4Q25,https://jira.globaldevtools.bbva.com/browse/DECSCLIENT-4065,2905466215,"########                          DATA QUALITY RESULTS                          ########
########################################################################################
--> DATASET
----> ObjectPath: Some(/data/master/ctar/data/t_ctar_sign_proc_contract)
----> PhysicalObject: t_ctar_sign_proc_contract
----> UUAA: ctar
----> Subset: Some(gf_cutoff_date='1997-01-01')
----> FrequencyRuleExecution: None
----> Dataset size: 3 rows
----> Data date: 1997-01-01
----> Execution date: 2025-10-30 12:22:47.845
--> RESULTS
----> Rule: 3.1 (com.datio.hammurabi.rules.validity.NotNullValidationRule)
----> Subset: None
----> Physical field: gf_signature_process_id
----> Is Critical: true
----> DrillDown: Some()->Some()
----> MinimumThreshold: None
----> TargetThreshold: None
----> Passed records: 3 
----> Total records affected: 3
----> Compliance percentage: 100.0
----> Acceptance Min: None
----> Final status: Passed
----> -------------------------------
----> Rule: 3.1 (com.datio.hammurabi.rules.validity.NotNullValidationRule)
----> Subset: None
----> Physical field: g_contract_id
----> Is Critical: true
----> DrillDown: Some()->Some()
----> MinimumThreshold: None
----> TargetThreshold: None
----> Passed records: 3 
----> Total records affected: 3
----> Compliance percentage: 100.0
----> Acceptance Min: None
----> Final status: Passed
----> -------------------------------
----> Rule: 3.1 (com.datio.hammurabi.rules.validity.NotNullValidationRule)
----> Subset: None
----> Physical field: g_role_person_id
----> Is Critical: true
----> DrillDown: Some()->Some()
----> MinimumThreshold: None
----> TargetThreshold: None
----> Passed records: 3 
----> Total records affected: 3
----> Compliance percentage: 100.0
----> Acceptance Min: None
----> Final status: Passed
----> -------------------------------
----> Rule: 3.1 (com.datio.hammurabi.rules.validity.NotNullValidationRule)
----> Subset: None
----> Physical field: g_person_role_type
----> Is Critical: true
----> DrillDown: Some()->Some()
----> MinimumThreshold: None
----> TargetThreshold: None
----> Passed records: 3 
----> Total records affected: 3
----> Compliance percentage: 100.0
----> Acceptance Min: None
----> Final status: Passed
----> -------------------------------
----> Rule: 3.1 (com.datio.hammurabi.rules.validity.NotNullValidationRule)
----> Subset: None
----> Physical field: g_entific_id
----> Is Critical: true
----> DrillDown: Some()->Some()
----> MinimumThreshold: None
----> TargetThreshold: None
----> Passed records: 3 
----> Total records affected: 3
----> Compliance percentage: 100.0
----> Acceptance Min: None
----> Final status: Passed
----> -------------------------------
----> Rule: 3.1 (com.datio.hammurabi.rules.validity.NotNullValidationRule)
----> Subset: None
----> Physical field: gf_audit_operuser_id
----> Is Critical: true
----> DrillDown: Some()->Some()
----> MinimumThreshold: None
----> TargetThreshold: None
----> Passed records: 3 
----> Total records affected: 3
----> Compliance percentage: 100.0
----> Acceptance Min: None
----> Final status: Passed
----> -------------------------------
----> Rule: 3.2 (com.datio.hammurabi.rules.validity.FormatValidationRule)
----> Subset: None
----> Physical field: gf_signature_process_id
----> Is Critical: true
----> DrillDown: Some()->Some()
----> MinimumThreshold: None
----> TargetThreshold: None
----> Passed records: 3 
----> Total records affected: 3
----> Compliance percentage: 100.0
----> Acceptance Min: None
----> Final status: Passed
----> -------------------------------
----> Rule: 3.2 (com.datio.hammurabi.rules.validity.FormatValidationRule)
----> Subset: None
----> Physical field: g_contract_id
----> Is Critical: true
----> DrillDown: Some()->Some()
----> MinimumThreshold: None
----> TargetThreshold: None
----> Passed records: 3 
----> Total records affected: 3
----> Compliance percentage: 100.0
----> Acceptance Min: None
----> Final status: Passed
----> -------------------------------
----> Rule: 3.2 (com.datio.hammurabi.rules.validity.FormatValidationRule)
----> Subset: None
----> Physical field: g_role_person_id
----> Is Critical: true
----> DrillDown: Some()->Some()
----> MinimumThreshold: None
----> TargetThreshold: None
----> Passed records: 3 
----> Total records affected: 3
----> Compliance percentage: 100.0
----> Acceptance Min: None
----> Final status: Passed
----> -------------------------------
----> Rule: 3.2 (com.datio.hammurabi.rules.validity.FormatValidationRule)
----> Subset: None
----> Physical field: g_person_role_type
----> Is Critical: true
----> DrillDown: Some()->Some()
----> MinimumThreshold: None
----> TargetThreshold: None
----> Passed records: 3 
----> Total records affected: 3
----> Compliance percentage: 100.0
----> Acceptance Min: None
----> Final status: Passed
----> -------------------------------
----> Rule: 3.2 (com.datio.hammurabi.rules.validity.FormatValidationRule)
----> Subset: None
----> Physical field: g_entific_id
----> Is Critical: true
----> DrillDown: Some()->Some()
----> MinimumThreshold: None
----> TargetThreshold: None
----> Passed records: 3 
----> Total records affected: 3
----> Compliance percentage: 100.0
----> Acceptance Min: None
----> Final status: Passed
----> -------------------------------
----> Rule: 3.2 (com.datio.hammurabi.rules.validity.FormatValidationRule)
----> Subset: None
----> Physical field: gf_audit_operuser_id
----> Is Critical: true
----> DrillDown: Some()->Some()
----> MinimumThreshold: None
----> TargetThreshold: None
----> Passed records: 3 
----> Total records affected: 3
----> Compliance percentage: 100.0
----> Acceptance Min: None
----> Final status: Passed
----> -------------------------------
----> Rule: 4.2 (com.datio.hammurabi.rules.consistence.DuplicateRule)
----> Subset: None
----> Physical field: 
----> Is Critical: true
----> DrillDown: Some()->Some()
----> MinimumThreshold: None
----> TargetThreshold: None
----> Passed records: 3 
----> Total records affected: 3
----> Compliance percentage: 100.0
----> Acceptance Min: None
----> Final status: Passed
----> -------------------------------
########################################################################################
########                             END OF RESULTS                             ########
########################################################################################

Process finished with exit code 0",ctar-gl-hmm-qlt-signprocontract-01,ctar-gl-hmm-qlt-signprocontract-01-dKLIGGcvRaOMU57,,Juan Carlos Frutos
FALSE,TRUE,,,,2905466311,,,,,
FALSE,TRUE,,,,2905466406,,,,,
FALSE,TRUE,,,,29054664f5,,,,,
FALSE,TRUE,,,,29054665ef,,,,,
FALSE,TRUE,,,,29054666ea,,,,,
FALSE,TRUE,,,,29054667d9,,,,,
FALSE,TRUE,,,,29054668c6,,,,,
FALSE,TRUE,,,,29054669a9,,,,,
FALSE,TRUE,,,,2905466abb,,,,,
FALSE,TRUE,,,,2905466bae,,,,,
FALSE,TRUE,,,,2905466c93,,,,,
FALSE,TRUE,,,,2905466d7b,,,,,
FALSE,FALSE,t_dtau_activity_register,4Q25,https://jira.globaldevtools.bbva.com/browse/DECSCLIENT-4063,29054432e6,"--> RESULTS
----> Rule: 3.1 (com.datio.hammurabi.rules.integrity.SameValueComparisonRule)
----> Subset: None
----> Physical field: gf_user_hash_id
----> Is Critical: false
----> DrillDown: Some()->Some()
----> MinimumThreshold: None
----> TargetThreshold: None
----> Passed records: 4 
----> Total records affected: 4
----> Compliance percentage: 100.0
----> Acceptance Min: None
----> Final status: Passed
----> ----------------------------
----> Rule: 3.2 (com.datio.hammurabi.rules.integrity.SameValueComparisonRule)
----> Subset: None
----> Physical field: gf_user_hash_id
----> Is Critical: false
----> DrillDown: Some()->Some()
----> MinimumThreshold: None
----> TargetThreshold: None
----> Passed records: 4 
----> Total records affected: 4
----> Compliance percentage: 100.0
----> Acceptance Min: None
----> Final status: Passed
----> --------------------------",dtau-gl-hmm-qlt-activityregister-01,dtau-gl-hmm-qlt-activityregister-01-Iv5Se5nSrRvzcva,,Egoitz Lopez
FALSE,FALSE,,,,29054433f2,,,,,
TRUE,TRUE,t_kceg_customer_products,"4Q25
",https://jira.globaldevtools.bbva.com/browse/DECSCLIENT-4085,,,kceg-gl-hmm-qlt-customerproductskbtq-02,kceg-gl-hmm-qlt-customerproductskbtq-02-RkvjHFGGRZI1Kmx,,Juan Carlos Frutos
TRUE,TRUE,,,,,,kceg-gl-hmm-qlt-customerproductskcog-02,kceg-gl-hmm-qlt-customerproductskcog-01-oVJKktpv2lQhE8L,,Juan Carlos Frutos
TRUE,TRUE,,,,,,kceg-gl-hmm-qlt-customerproductskcog-01,kceg-gl-hmm-qlt-customerproductskcog-02-XhQZSh1AvugtgoN,,Juan Carlos Frutos
TRUE,TRUE,,,,,,kceg-gl-hmm-qlt-customerproductsksan-01,kceg-gl-hmm-qlt-customerproductsksan-01-h8XC0qNb1m7wRXx,,Juan Carlos Frutos
TRUE,TRUE,,,,,,kceg-gl-hmm-qlt-customerproductsmrfield-01,kceg-gl-hmm-qlt-customerproductsmrfield-01-NHT1QQAJTU2He5y,,Juan Carlos Frutos
TRUE,TRUE,,,,,,kceg-gl-hmm-qlt-customerproductsmrobject-01,kceg-gl-hmm-qlt-customerproductsmrobject-01-Er9Ee53cQIyNou5,,Juan Carlos Frutos
TRUE,TRUE,t_l9ct_prod_assets_oilgas,4Q25,https://jira.globaldevtools.bbva.com/browse/DECSCLIENT-4088,2891f1b96c ,"########                          DATA QUALITY RESULTS                          ########
########################################################################################
--> DATASET
----> ObjectPath: Some(/data/master/l9ct/data/t_l9ct_prod_assets_oilgas)
----> PhysicalObject: t_l9ct_prod_assets_oilgas
----> UUAA: l9ct
----> Subset: Some(gf_cutoff_date='1997-01-01' and gf_information_source_id='1')
----> FrequencyRuleExecution: None
----> Dataset size: 4 rows
----> Data date: 1997-01-01
----> Execution date: 2025-11-05 11:58:28.457
--> RESULTS
----> Rule: 3.4 (com.datio.hammurabi.rules.validity.NumericRangeRule)
----> Subset: None
----> Physical field: gf_1p_reserves_number
----> Is Critical: false
----> DrillDown: Some()->Some()
----> MinimumThreshold: None
----> TargetThreshold: None
----> Passed records: 4 
----> Total records affected: 4
----> Compliance percentage: 100.0
----> Acceptance Min: None
----> Final status: Passed
----> -------------------------------
----> Rule: 3.4 (com.datio.hammurabi.rules.validity.NumericRangeRule)
----> Subset: None
----> Physical field: gf_2p_reserves_number
----> Is Critical: false
----> DrillDown: Some()->Some()
----> MinimumThreshold: None
----> TargetThreshold: None
----> Passed records: 4 
----> Total records affected: 4
----> Compliance percentage: 100.0
----> Acceptance Min: None
----> Final status: Passed
----> -------------------------------
----> Rule: 3.4 (com.datio.hammurabi.rules.validity.NumericRangeRule)
----> Subset: None
----> Physical field: gf_3p_reserves_number
----> Is Critical: false
----> DrillDown: Some()->Some()
----> MinimumThreshold: None
----> TargetThreshold: None
----> Passed records: 4 
----> Total records affected: 4
----> Compliance percentage: 100.0
----> Acceptance Min: None
----> Final status: Passed
----> -------------------------------
########################################################################################
########                             END OF RESULTS                             ########
########################################################################################

Process finished with exit code 0",l9ct-gl-hmm-qlt-prodoilgass-01,l9ct-gl-hmm-qlt-prodoilgass-01-vL6L0eulGXF0vnv,,Juan Carlos Frutos
TRUE,TRUE,,,,2891f1bb92 ,,,,,Juan Carlos Frutos
TRUE,TRUE,,,,2891f1ba8c ,,,,,Juan Carlos Frutos
TRUE,TRUE,t_l9ct_esg_ext_data_comp_annl,"4Q25
",https://jira.globaldevtools.bbva.com/browse/DECSCLIENT-4090,28b1e64955,,l9ct-gl-hmm-esgextdatacompannl-01,l9ct-gl-hmm-esgextdatacompannl-01-rJRwYIXavpeizsG,,Juan Carlos Frutos
TRUE,TRUE,,,,288e54767a,,,,,Juan Carlos Frutos
TRUE,TRUE,,,,288e5477ae ,,,,,Juan Carlos Frutos
FALSE,FALSE,t_l9ct_reglty_metric_kpi_taxo_ue,"4Q25
",https://jira.globaldevtools.bbva.com/browse/DECSCLIENT-4114,28c6750235,-,l9ct-gl-hmm-qlt-regltymetrickpitaxoue-01,l9ct-gl-hmm-qlt-regltymetrickpitaxoue-01-ELtj7DTpscwkxGH,,Egoitz Lopez
FALSE,FALSE,,,,28c675059e,,,,,
FALSE,FALSE,,,,28c674f64e,,,,,Egoitz Lopez
FALSE,FALSE,,,,28c674f8df,,,,,
FALSE,FALSE,,,,28c674fb37,,,,,Egoitz Lopez
FALSE,FALSE,,,,28c674fa0a,,,,,
FALSE,FALSE,,,,28c6750474,,,,,Egoitz Lopez
FALSE,FALSE,,,,28c6750359,,,,,
FALSE,FALSE,,,,28c674fc6d,,,,,Egoitz Lopez
FALSE,FALSE,,,,28c674ffe2,,,,,
FALSE,FALSE,,,,28c674f7a5,,,,,Egoitz Lopez
FALSE,FALSE,,,,28c6750115,,,,,
FALSE,FALSE,,,,28c674fd93,,,,,Egoitz Lopez
FALSE,FALSE,,,,28c674feae,,,,,
FALSE,FALSE,t_kszg_trnslty_by_channel,"4Q25
",https://jira.globaldevtools.bbva.com/browse/DECSCLIENT-4145,GL_STR_t_kszg_trnslty_by_channel_4.2_000,"--> RESULTS
----> Rule: 3.1 (com.datio.hammurabi.rules.integrity.SameValueComparisonRule)
----> Subset: None
----> Physical field: g_entity_id
----> Is Critical: false
----> DrillDown: Some()->Some()
----> MinimumThreshold: None
----> TargetThreshold: None
----> Passed records: 4 
----> Total records affected: 4
----> Compliance percentage: 100.0
----> Acceptance Min: None
----> Final status: Passed
----> ---------------------------
----> Rule: 3.1 (com.datio.hammurabi.rules.integrity.SameValueComparisonRule)
----> Subset: None
----> Physical field: gf_source_info_origin_type
----> Is Critical: false
----> DrillDown: Some()->Some()
----> MinimumThreshold: None
----> TargetThreshold: None
----> Passed records: 4 
----> Total records affected: 4
----> Compliance percentage: 100.0
----> Acceptance Min: None
----> Final status: Passed
----> -------------------------
----> Rule: 3.1 (com.datio.hammurabi.rules.integrity.SameValueComparisonRule)
----> Subset: None
----> Physical field: gf_transaction_id
----> Is Critical: false
----> DrillDown: Some()->Some()
----> MinimumThreshold: None
----> TargetThreshold: None
----> Passed records: 4 
----> Total records affected: 4
----> Compliance percentage: 100.0
----> Acceptance Min: None
----> Final status: Passed
----> -------------------------
----> Rule: 3.2 (com.datio.hammurabi.rules.integrity.SameValueComparisonRule)
----> Subset: None
----> Physical field: g_entity_id
----> Is Critical: false
----> DrillDown: Some()->Some()
----> MinimumThreshold: None
----> TargetThreshold: None
----> Passed records: 4 
----> Total records affected: 4
----> Compliance percentage: 100.0
----> Acceptance Min: None
----> Final status: Passed
----> --------------------------
----> Rule: 3.2 (com.datio.hammurabi.rules.integrity.SameValueComparisonRule)
----> Subset: None
----> Physical field: gf_source_info_origin_type
----> Is Critical: false
----> DrillDown: Some()->Some()
----> MinimumThreshold: None
----> TargetThreshold: None
----> Passed records: 4 
----> Total records affected: 4
----> Compliance percentage: 100.0
----> Acceptance Min: None
----> Final status: Passed
----> -------------------------
----> Rule: 3.2 (com.datio.hammurabi.rules.integrity.SameValueComparisonRule)
----> Subset: None
----> Physical field: gf_transaction_id
----> Is Critical: false
----> DrillDown: Some()->Some()
----> MinimumThreshold: None
----> TargetThreshold: None
----> Passed records: 4 
----> Total records affected: 4
----> Compliance percentage: 100.0
----> Acceptance Min: None
----> Final status: Passed
----> --------------------------
----> Rule: 4.2 (com.datio.hammurabi.rules.integrity.SameValueComparisonRule)
----> Subset: None
----> Is Critical: false
----> DrillDown: Some()->Some()
----> MinimumThreshold: None
----> TargetThreshold: None
----> Passed records: 4 
----> Total records affected: 4
----> Compliance percentage: 100.0
----> Acceptance Min: None
----> Final status: Passed
----> --------------------------",kszg-gl-hmm-qlt-trnsltybychannel-01,kszg-gl-hmm-qlt-trnsltybychannel-01-XoY9mexWNcmlNZJ,,Egoitz Lopez
FALSE,FALSE,,,,GL_MVP_t_kszg_trnslty_by_channel_3.1_001,,,,,
FALSE,FALSE,,,,28d4d34258,,,,,Egoitz Lopez
FALSE,FALSE,,,,28d4d3444c,,,,,
FALSE,FALSE,,,,GL_MVP_t_kszg_trnslty_by_channel_3.2_001,,,,,Egoitz Lopez
FALSE,FALSE,,,,28d4d3435e,,,,,
FALSE,FALSE,,,,28d4d34550,,,,,
FALSE,FALSE,t_kctd_interaction_activity_his,4Q25,https://jira.globaldevtools.bbva.com/browse/DECSCLIENT-4143,290b06e74b,"--> RESULTS
----> Rule: 3.1 (com.datio.hammurabi.rules.integrity.SameValueComparisonRule)
----> Subset: None
----> Physical field: adobe_hit_id
----> Is Critical: false
----> DrillDown: Some()->Some()
----> MinimumThreshold: None
----> TargetThreshold: None
----> Passed records: 4 
----> Total records affected: 4
----> Compliance percentage: 100.0
----> Acceptance Min: None
----> Final status: Passed
----> -------------------------
----> Rule: 3.2 (com.datio.hammurabi.rules.integrity.SameValueComparisonRule)
----> Subset: None
----> Physical field: adobe_hit_id
----> Is Critical: false
----> DrillDown: Some()->Some()
----> MinimumThreshold: None
----> TargetThreshold: None
----> Passed records: 4 
----> Total records affected: 4
----> Compliance percentage: 100.0
----> Acceptance Min: None
----> Final status: Passed
----> --------------------------
----> Rule: 4.2 (com.datio.hammurabi.rules.integrity.SameValueComparisonRule)
----> Subset: None
----> Is Critical: false
----> DrillDown: Some()->Some()
----> MinimumThreshold: None
----> TargetThreshold: None
----> Passed records: 4 
----> Total records affected: 4
----> Compliance percentage: 100.0
----> Acceptance Min: None
----> Final status: Passed
----> --------------------------",kctd-gl-hmm-qlt-interactionactivityhis-01,kctd-gl-hmm-qlt-interactionactivityhis-01-oFKuSqHUDNJL9rk,,Egoitz Lopez
FALSE,FALSE,,,,290b06e81d,,,,,
FALSE,FALSE,,,,290b06e8f0,,,,,
TRUE,TRUE,t_kstb_prod_asset_gloc_board,4Q25,https://jira.globaldevtools.bbva.com/browse/DECSCLIENT-4179,290c99a827,"########                          DATA QUALITY RESULTS                          ########
########################################################################################
--> DATASET
----> ObjectPath: Some(/data/master/kstb/data/t_kstb_prod_asset_gloc_board)
----> PhysicalObject: t_kstb_prod_asset_gloc_board
----> UUAA: kstb
----> Subset: Some(gf_cutoff_date='1997-01-01')
----> FrequencyRuleExecution: None
----> Dataset size: 8 rows
----> Data date: 1997-01-01
----> Execution date: 2025-11-13 17:50:16.614
--> RESULTS
----> Rule: 3.1 (com.datio.hammurabi.rules.validity.NotNullValidationRule)
----> Subset: None
----> Physical field: g_internal_production_asset_id
----> Is Critical: true
----> DrillDown: Some()->Some()
----> MinimumThreshold: None
----> TargetThreshold: None
----> Passed records: 8 
----> Total records affected: 8
----> Compliance percentage: 100.0
----> Acceptance Min: None
----> Final status: Passed
----> -------------------------------
----> Rule: 3.1 (com.datio.hammurabi.rules.validity.NotNullValidationRule)
----> Subset: None
----> Physical field: g_customer_id
----> Is Critical: true
----> DrillDown: Some()->Some()
----> MinimumThreshold: None
----> TargetThreshold: None
----> Passed records: 8 
----> Total records affected: 8
----> Compliance percentage: 100.0
----> Acceptance Min: None
----> Final status: Passed
----> -------------------------------
----> Rule: 3.1 (com.datio.hammurabi.rules.validity.NotNullValidationRule)
----> Subset: None
----> Physical field: g_holding_group_id
----> Is Critical: true
----> DrillDown: Some()->Some()
----> MinimumThreshold: None
----> TargetThreshold: None
----> Passed records: 8 
----> Total records affected: 8
----> Compliance percentage: 100.0
----> Acceptance Min: None
----> Final status: Passed
----> -------------------------------
----> Rule: 3.2 (com.datio.hammurabi.rules.validity.FormatValidationRule)
----> Subset: None
----> Physical field: g_internal_production_asset_id
----> Is Critical: true
----> DrillDown: Some()->Some()
----> MinimumThreshold: None
----> TargetThreshold: None
----> Passed records: 8 
----> Total records affected: 8
----> Compliance percentage: 100.0
----> Acceptance Min: None
----> Final status: Passed
----> -------------------------------
----> Rule: 3.2 (com.datio.hammurabi.rules.validity.FormatValidationRule)
----> Subset: None
----> Physical field: g_customer_id
----> Is Critical: true
----> DrillDown: Some()->Some()
----> MinimumThreshold: None
----> TargetThreshold: None
----> Passed records: 8 
----> Total records affected: 8
----> Compliance percentage: 100.0
----> Acceptance Min: None
----> Final status: Passed
----> -------------------------------
----> Rule: 3.2 (com.datio.hammurabi.rules.validity.FormatValidationRule)
----> Subset: None
----> Physical field: g_holding_group_id
----> Is Critical: true
----> DrillDown: Some()->Some()
----> MinimumThreshold: None
----> TargetThreshold: None
----> Passed records: 8 
----> Total records affected: 8
----> Compliance percentage: 100.0
----> Acceptance Min: None
----> Final status: Passed
----> -------------------------------
----> Rule: 4.2 (com.datio.hammurabi.rules.consistence.DuplicateRule)
----> Subset: None
----> Physical field: 
----> Is Critical: true
----> DrillDown: Some()->Some()
----> MinimumThreshold: None
----> TargetThreshold: None
----> Passed records: 8 
----> Total records affected: 8
----> Compliance percentage: 100.0
----> Acceptance Min: None
----> Final status: Passed
----> -------------------------------
########################################################################################
########                             END OF RESULTS                             ########
########################################################################################

Process finished with exit code 0
",kstb-gl-hmm-qlt-prodassetglocboard-01,kstb-gl-hmm-qlt-prodassetglocboard-01-d9e5draS3Y92afQ,,Juan Carlos Frutos
TRUE,TRUE,,,,290c99a90b,,,,,
TRUE,TRUE,,,,290c99a9f0,,,,,
TRUE,TRUE,,,,290c99aae4,,,,,
TRUE,TRUE,,,,290c99abc6,,,,,
TRUE,TRUE,,,,290c99acb3,,,,,
TRUE,TRUE,,,,290c99ada7,,,,,
FALSE,TRUE,t_kceg_cust_trans_events,4Q25,https://jira.globaldevtools.bbva.com/browse/DECSCLIENT-4187,290e99ef46,"########                          DATA QUALITY RESULTS                          ########
########################################################################################
--> DATASET
----> ObjectPath: Some(/data/master/kceg/data/t_kceg_cust_trans_events)
----> PhysicalObject: t_kceg_cust_trans_events
----> UUAA: kstb
----> Subset: Some(gf_cutoff_date='1997-01-01')
----> FrequencyRuleExecution: None
----> Dataset size: 8 rows
----> Data date: 1997-01-01
----> Execution date: 2025-11-13 17:50:16.614
--> RESULTS
----> Rule: 3.1 (com.datio.hammurabi.rules.validity.NotNullValidationRule)
----> Subset: None
----> Physical field: g_country_id
----> Is Critical: true
----> DrillDown: Some()->Some()
----> MinimumThreshold: None
----> TargetThreshold: None
----> Passed records: 8 
----> Total records affected: 8
----> Compliance percentage: 100.0
----> Acceptance Min: None
----> Final status: Passed
----> -------------------------------
----> Rule: 3.1 (com.datio.hammurabi.rules.validity.NotNullValidationRule)
----> Subset: None
----> Physical field: g_entity_id
----> Is Critical: true
----> DrillDown: Some()->Some()
----> MinimumThreshold: None
----> TargetThreshold: None
----> Passed records: 8 
----> Total records affected: 8
----> Compliance percentage: 100.0
----> Acceptance Min: None
----> Final status: Passed
----> -------------------------------
----> Rule: 3.1 (com.datio.hammurabi.rules.validity.NotNullValidationRule)
----> Subset: None
----> Physical field: gf_transaction_event_type
----> Is Critical: true
----> DrillDown: Some()->Some()
----> MinimumThreshold: None
----> TargetThreshold: None
----> Passed records: 8 
----> Total records affected: 8
----> Compliance percentage: 100.0
----> Acceptance Min: None
----> Final status: Passed
----> --------------------------------
----> Rule: 3.1 (com.datio.hammurabi.rules.validity.NotNullValidationRule)
----> Subset: None
----> Physical field: g_channel_id
----> Is Critical: true
----> DrillDown: Some()->Some()
----> MinimumThreshold: None
----> TargetThreshold: None
----> Passed records: 8 
----> Total records affected: 8
----> Compliance percentage: 100.0
----> Acceptance Min: None
----> Final status: Passed
----> --------------------------------
----> Rule: 3.2 (com.datio.hammurabi.rules.validity.FormatValidationRule)
----> Subset: None
----> Physical field: g_country_id
----> Is Critical: true
----> DrillDown: Some()->Some()
----> MinimumThreshold: None
----> TargetThreshold: None
----> Passed records: 8 
----> Total records affected: 8
----> Compliance percentage: 100.0
----> Acceptance Min: None
----> Final status: Passed
----> -------------------------------
----> Rule: 3.2 (com.datio.hammurabi.rules.validity.FormatValidationRule)
----> Subset: None
----> Physical field: g_entity_id
----> Is Critical: true
----> DrillDown: Some()->Some()
----> MinimumThreshold: None
----> TargetThreshold: None
----> Passed records: 8 
----> Total records affected: 8
----> Compliance percentage: 100.0
----> Acceptance Min: None
----> Final status: Passed
----> -------------------------------
----> Rule: 3.2 (com.datio.hammurabi.rules.validity.FormatValidationRule)
----> Subset: None
----> Physical field: g_customer_id
----> Is Critical: true
----> DrillDown: Some()->Some()
----> MinimumThreshold: None
----> TargetThreshold: None
----> Passed records: 8 
----> Total records affected: 8
----> Compliance percentage: 100.0
----> Acceptance Min: None
----> Final status: Passed
----> ------------------------------
----> Rule: 3.2 (com.datio.hammurabi.rules.validity.FormatValidationRule)
----> Subset: None
----> Physical field: gf_transaction_event_type
----> Is Critical: true
----> DrillDown: Some()->Some()
----> MinimumThreshold: None
----> TargetThreshold: None
----> Passed records: 8 
----> Total records affected: 8
----> Compliance percentage: 100.0
----> Acceptance Min: None
----> Final status: Passed
----> -------------------------------
----> Rule: 3.2 (com.datio.hammurabi.rules.validity.FormatValidationRule)
----> Subset: None
----> Physical field: g_channel_id
----> Is Critical: true
----> DrillDown: Some()->Some()
----> MinimumThreshold: None
----> TargetThreshold: None
----> Passed records: 8 
----> Total records affected: 8
----> Compliance percentage: 100.0
----> Acceptance Min: None
----> Final status: Passed
----> -------------------------------
----> Rule: 4.2 (com.datio.hammurabi.rules.consistence.DuplicateRule)
----> Subset: None
----> Physical field: 
----> Is Critical: true
----> DrillDown: Some()->Some()
----> MinimumThreshold: None
----> TargetThreshold: None
----> Passed records: 8 
----> Total records affected: 8
----> Compliance percentage: 100.0
----> Acceptance Min: None
----> Final status: Passed
----> -------------------------------
########################################################################################
########                             END OF RESULTS                             ########
########################################################################################",kceg-gl-hmm-qlt-custtransevents-01,kceg-gl-hmm-qlt-custtransevents-01-11VBKS3MFXn1TVW,,Egoitz Lopez
FALSE,TRUE,,,,290e99f32f,,,,,
FALSE,TRUE,,,,290e99f423,,,,,
FALSE,TRUE,,,,290e99f646,,,,,
FALSE,TRUE,,,,290e99f921,,,,,
FALSE,TRUE,,,,290e99fa0f,,,,,
FALSE,TRUE,,,,290e99fbf5,,,,,
FALSE,TRUE,,,,290e99fea9,,,,,
FALSE,TRUE,,,,290e99ff9f,,,,,
FALSE,TRUE,,,,290e9a02f3,,,,,
FALSE,TRUE,,,,290e9a049e,,,,,
FALSE,FALSE,t_kceg_cust_digital_metrics_mp,4Q25,https://jira.globaldevtools.bbva.com/browse/DECSCLIENT-4191,290f22ce98,"""########                          DATA QUALITY RESULTS                          ########
########################################################################################
--> DATASET
----> ObjectPath: Some(/data/master/kceg/data/t_kceg_cust_trans_events)
----> PhysicalObject: t_kceg_cust_trans_events
----> UUAA: kstb
----> Subset: Some(gf_cutoff_date='1997-01-01')
----> FrequencyRuleExecution: None
----> Dataset size: 8 rows
----> Data date: 1997-01-01
----> Execution date: 2025-11-13 17:50:16.614
--> RESULTS
----> Rule: 3.1 (com.datio.hammurabi.rules.validity.NotNullValidationRule)
----> Subset: None
----> Physical field: g_country_id
----> Is Critical: true
----> DrillDown: Some()->Some()
----> MinimumThreshold: None
----> TargetThreshold: None
----> Passed records: 8 
----> Total records affected: 8
----> Compliance percentage: 100.0
----> Acceptance Min: None
----> Final status: Passed
----> -------------------------------
----> Rule: 3.1 (com.datio.hammurabi.rules.validity.NotNullValidationRule)
----> Subset: None
----> Physical field: g_entity_id
----> Is Critical: true
----> DrillDown: Some()->Some()
----> MinimumThreshold: None
----> TargetThreshold: None
----> Passed records: 8 
----> Total records affected: 8
----> Compliance percentage: 100.0
----> Acceptance Min: None
----> Final status: Passed
----> -------------------------------
----> Rule: 3.2 (com.datio.hammurabi.rules.validity.FormatValidationRule)
----> Subset: None
----> Physical field: g_country_id
----> Is Critical: true
----> DrillDown: Some()->Some()
----> MinimumThreshold: None
----> TargetThreshold: None
----> Passed records: 8 
----> Total records affected: 8
----> Compliance percentage: 100.0
----> Acceptance Min: None
----> Final status: Passed
----> -------------------------------
----> Rule: 3.2 (com.datio.hammurabi.rules.validity.FormatValidationRule)
----> Subset: None
----> Physical field: g_entity_id
----> Is Critical: true
----> DrillDown: Some()->Some()
----> MinimumThreshold: None
----> TargetThreshold: None
----> Passed records: 8 
----> Total records affected: 8
----> Compliance percentage: 100.0
----> Acceptance Min: None
----> Final status: Passed
----> -------------------------------
----> Rule: 3.2 (com.datio.hammurabi.rules.validity.FormatValidationRule)
----> Subset: None
----> Physical field: g_customer_id
----> Is Critical: true
----> DrillDown: Some()->Some()
----> MinimumThreshold: None
----> TargetThreshold: None
----> Passed records: 8 
----> Total records affected: 8
----> Compliance percentage: 100.0
----> Acceptance Min: None
----> Final status: Passed
----> -------------------------------
----> Rule: 4.2 (com.datio.hammurabi.rules.consistence.DuplicateRule)
----> Subset: None
----> Physical field: 
----> Is Critical: true
----> DrillDown: Some()->Some()
----> MinimumThreshold: None
----> TargetThreshold: None
----> Passed records: 8 
----> Total records affected: 8
----> Compliance percentage: 100.0
----> Acceptance Min: None
----> Final status: Passed
----> -------------------------------
########################################################################################
########                             END OF RESULTS                             ########
########################################################################################""









",kceg-gl-hmm-qlt-custdigitalmetricsmp-01,kceg-gl-hmm-qlt-custdigitalmetricsmp-01-aHHwteMisbyCYZ3,,Egoitz Lopez
FALSE,FALSE,,,,290f22cf6e,,,,,
FALSE,FALSE,,,,290f22d04a,,,,,
FALSE,FALSE,,,,290f22d126,,,,,
FALSE,FALSE,,,,290f22d204,,,,,
FALSE,FALSE,,,,290f22d2e8,,,,,
FALSE,FALSE,,,,290f22d3cb,,,,,
FALSE,FALSE,t_kceg_cust_digital_metrics_dp,4Q25,https://jira.globaldevtools.bbva.com/browse/DECSCLIENT-4189,290f22d49e,"""########                          DATA QUALITY RESULTS                          ########
########################################################################################
--> DATASET
----> ObjectPath: Some(/data/master/kceg/data/t_kceg_cust_trans_events)
----> PhysicalObject: t_kceg_cust_trans_events
----> UUAA: kstb
----> Subset: Some(gf_cutoff_date='1997-01-01')
----> FrequencyRuleExecution: None
----> Dataset size: 8 rows
----> Data date: 1997-01-01
----> Execution date: 2025-11-13 17:50:16.614
--> RESULTS
----> Rule: 3.1 (com.datio.hammurabi.rules.validity.NotNullValidationRule)
----> Subset: None
----> Physical field: g_country_id
----> Is Critical: true
----> DrillDown: Some()->Some()
----> MinimumThreshold: None
----> TargetThreshold: None
----> Passed records: 8 
----> Total records affected: 8
----> Compliance percentage: 100.0
----> Acceptance Min: None
----> Final status: Passed
----> -------------------------------
----> Rule: 3.1 (com.datio.hammurabi.rules.validity.NotNullValidationRule)
----> Subset: None
----> Physical field: g_entity_id
----> Is Critical: true
----> DrillDown: Some()->Some()
----> MinimumThreshold: None
----> TargetThreshold: None
----> Passed records: 8 
----> Total records affected: 8
----> Compliance percentage: 100.0
----> Acceptance Min: None
----> Final status: Passed
----> -------------------------------
----> Rule: 3.2 (com.datio.hammurabi.rules.validity.FormatValidationRule)
----> Subset: None
----> Physical field: g_country_id
----> Is Critical: true
----> DrillDown: Some()->Some()
----> MinimumThreshold: None
----> TargetThreshold: None
----> Passed records: 8 
----> Total records affected: 8
----> Compliance percentage: 100.0
----> Acceptance Min: None
----> Final status: Passed
----> -------------------------------
----> Rule: 3.2 (com.datio.hammurabi.rules.validity.FormatValidationRule)
----> Subset: None
----> Physical field: g_entity_id
----> Is Critical: true
----> DrillDown: Some()->Some()
----> MinimumThreshold: None
----> TargetThreshold: None
----> Passed records: 8 
----> Total records affected: 8
----> Compliance percentage: 100.0
----> Acceptance Min: None
----> Final status: Passed
----> -------------------------------
----> Rule: 3.2 (com.datio.hammurabi.rules.validity.FormatValidationRule)
----> Subset: None
----> Physical field: g_customer_id
----> Is Critical: true
----> DrillDown: Some()->Some()
----> MinimumThreshold: None
----> TargetThreshold: None
----> Passed records: 8 
----> Total records affected: 8
----> Compliance percentage: 100.0
----> Acceptance Min: None
----> Final status: Passed
----> -------------------------------
----> Rule: 4.2 (com.datio.hammurabi.rules.consistence.DuplicateRule)
----> Subset: None
----> Physical field: 
----> Is Critical: true
----> DrillDown: Some()->Some()
----> MinimumThreshold: None
----> TargetThreshold: None
----> Passed records: 8 
----> Total records affected: 8
----> Compliance percentage: 100.0
----> Acceptance Min: None
----> Final status: Passed
----> -------------------------------
########################################################################################
########                             END OF RESULTS                             ########
########################################################################################""









",kceg-gl-hmm-qlt-custdigitalmetricsdp-01,kceg-gl-hmm-qlt-custdigitalmetricsdp-01-wFHD8Z3sph8FyNL,,
FALSE,FALSE,,,,290f22d586,,,,,
FALSE,FALSE,,,,290f22d7be,,,,,
FALSE,FALSE,,,,290f22d89e,,,,,
FALSE,FALSE,,,,290f22d9f3,,,,,
FALSE,FALSE,,,,290f22dad6,,,,,
FALSE,FALSE,,,,290f22dbb8,,,,,
FALSE,TRUE,t_nols_fina_asset_mngmt_fund,4Q25,https://jira.globaldevtools.bbva.com/browse/DECSCLIENT-4197,29101f5939,"########                          DATA QUALITY RESULTS                          ########
########################################################################################
--> DATASET
----> ObjectPath: Some(/data/master/nols/data/t_nols_fina_asset_mngmt_fund)
----> PhysicalObject: t_nols_fina_asset_mngmt_fund
----> UUAA: nols
----> Subset: Some(gf_cutoff_date='1997-01-01')
----> FrequencyRuleExecution: None
----> Dataset size: 4 rows
----> Data date: 1997-01-01
----> Execution date: 2025-11-20 17:32:12.618
--> RESULTS
----> Rule: 3.1 (com.datio.hammurabi.rules.validity.NotNullValidationRule)
----> Subset: None
----> Physical field: g_fin_asset_asset_mngmt_id
----> Is Critical: true
----> DrillDown: Some()->Some()
----> MinimumThreshold: None
----> TargetThreshold: None
----> Passed records: 4 
----> Total records affected: 4
----> Compliance percentage: 100.0
----> Acceptance Min: None
----> Final status: Passed
----> -------------------------------
----> Rule: 3.1 (com.datio.hammurabi.rules.validity.NotNullValidationRule)
----> Subset: None
----> Physical field: g_financial_asset_id
----> Is Critical: true
----> DrillDown: Some()->Some()
----> MinimumThreshold: None
----> TargetThreshold: None
----> Passed records: 4 
----> Total records affected: 4
----> Compliance percentage: 100.0
----> Acceptance Min: None
----> Final status: Passed
----> -------------------------------
----> Rule: 3.2 (com.datio.hammurabi.rules.validity.FormatValidationRule)
----> Subset: None
----> Physical field: g_fin_asset_asset_mngmt_id
----> Is Critical: true
----> DrillDown: Some()->Some()
----> MinimumThreshold: None
----> TargetThreshold: None
----> Passed records: 4 
----> Total records affected: 4
----> Compliance percentage: 100.0
----> Acceptance Min: None
----> Final status: Passed
----> -------------------------------
----> Rule: 3.2 (com.datio.hammurabi.rules.validity.FormatValidationRule)
----> Subset: None
----> Physical field: g_financial_asset_id
----> Is Critical: true
----> DrillDown: Some()->Some()
----> MinimumThreshold: None
----> TargetThreshold: None
----> Passed records: 4 
----> Total records affected: 4
----> Compliance percentage: 100.0
----> Acceptance Min: None
----> Final status: Passed
----> -------------------------------
----> Rule: 4.2 (com.datio.hammurabi.rules.consistence.DuplicateRule)
----> Subset: None
----> Physical field: 
----> Is Critical: true
----> DrillDown: Some()->Some()
----> MinimumThreshold: None
----> TargetThreshold: None
----> Passed records: 4 
----> Total records affected: 4
----> Compliance percentage: 100.0
----> Acceptance Min: None
----> Final status: Passed
----> -------------------------------
########################################################################################
########                             END OF RESULTS                             ########
########################################################################################

Process finished with exit code 0",nols-gl-hmm-qlt-finassetmngmt-01,nols-gl-hmm-qlt-finassetmngmt-01-NouPa7FEagoEqGy,,Juan Carlos Frutos
FALSE,TRUE,,,,29101f5a17,,,,,
FALSE,TRUE,,,,29101f5aed,,,,,
FALSE,TRUE,,,,29101f5bc5,,,,,
FALSE,TRUE,,,,29101f5ca1,,,,,
FALSE,FALSE,t_l9ct_internal_prod_asset_rel,4Q25,https://jira.globaldevtools.bbva.com/browse/DECSCLIENT-4199,291227096c,"""""""########                          DATA QUALITY RESULTS                          ########
########################################################################################
--> DATASET
----> ObjectPath: Some(/data/master/l9ct/data/t_l9ct_internal_prod_asset_rel)
----> PhysicalObject: t_l9ct_internal_prod_asset_rel
----> UUAA: kstb
----> Subset: Some(gf_cutoff_date='1997-01-01')
----> FrequencyRuleExecution: None
----> Dataset size: 8 rows
----> Data date: 1997-01-01
----> Execution date: 2025-11-13 17:50:16.614
--> RESULTS
----> Rule: 3.1 (com.datio.hammurabi.rules.validity.NotNullValidationRule)
----> Subset: None
----> Physical field: gf_asset_external_data_id
----> Is Critical: true
----> DrillDown: Some()->Some()
----> MinimumThreshold: None
----> TargetThreshold: None
----> Passed records: 8 
----> Total records affected: 8
----> Compliance percentage: 100.0
----> Acceptance Min: None
----> Final status: Passed
----> -------------------------------
----> Rule: 3.1 (com.datio.hammurabi.rules.validity.NotNullValidationRule)
----> Subset: None
----> Physical field: g_internal_production_asset_id
----> Is Critical: true
----> DrillDown: Some()->Some()
----> MinimumThreshold: None
----> TargetThreshold: None
----> Passed records: 8 
----> Total records affected: 8
----> Compliance percentage: 100.0
----> Acceptance Min: None
----> Final status: Passed
----> ------------------------------
----> Rule: 3.1 (com.datio.hammurabi.rules.validity.NotNullValidationRule)
----> Subset: None
----> Physical field: gf_external_data_company_id
----> Is Critical: true
----> DrillDown: Some()->Some()
----> MinimumThreshold: None
----> TargetThreshold: None
----> Passed records: 8 
----> Total records affected: 8
----> Compliance percentage: 100.0
----> Acceptance Min: None
----> Final status: Passed
----> --------------------------------
----> Rule: 3.1 (com.datio.hammurabi.rules.validity.NotNullValidationRule)
----> Subset: None
----> Physical field: g_golden_customer_id
----> Is Critical: true
----> DrillDown: Some()->Some()
----> MinimumThreshold: None
----> TargetThreshold: None
----> Passed records: 8 
----> Total records affected: 8
----> Compliance percentage: 100.0
----> Acceptance Min: None
----> Final status: Passed
----> --------------------------------
----> Rule: 3.1 (com.datio.hammurabi.rules.validity.NotNullValidationRule)
----> Subset: None
----> Physical field: g_holding_group_id
----> Is Critical: true
----> DrillDown: Some()->Some()
----> MinimumThreshold: None
----> TargetThreshold: None
----> Passed records: 8 
----> Total records affected: 8
----> Compliance percentage: 100.0
----> Acceptance Min: None
----> Final status: Passed
----> -------------------------------
----> Rule: 3.1 (com.datio.hammurabi.rules.validity.NotNullValidationRule)
----> Subset: None
----> Physical field: gf_asset_external_data_id
----> Is Critical: true
----> DrillDown: Some()->Some()
----> MinimumThreshold: None
----> TargetThreshold: None
----> Passed records: 8 
----> Total records affected: 8
----> Compliance percentage: 100.0
----> Acceptance Min: None
----> Final status: Passed
----> -------------------------------
----> Rule: 3.2 (com.datio.hammurabi.rules.validity.NotNullValidationRule)
----> Subset: None
----> Physical field: g_internal_production_asset_id
----> Is Critical: true
----> DrillDown: Some()->Some()
----> MinimumThreshold: None
----> TargetThreshold: None
----> Passed records: 8 
----> Total records affected: 8
----> Compliance percentage: 100.0
----> Acceptance Min: None
----> Final status: Passed
----> ------------------------------
----> Rule: 3.2 (com.datio.hammurabi.rules.validity.NotNullValidationRule)
----> Subset: None
----> Physical field: gf_external_data_company_id
----> Is Critical: true
----> DrillDown: Some()->Some()
----> MinimumThreshold: None
----> TargetThreshold: None
----> Passed records: 8 
----> Total records affected: 8
----> Compliance percentage: 100.0
----> Acceptance Min: None
----> Final status: Passed
----> --------------------------------
----> Rule: 3.2 (com.datio.hammurabi.rules.validity.NotNullValidationRule)
----> Subset: None
----> Physical field: g_golden_customer_id
----> Is Critical: true
----> DrillDown: Some()->Some()
----> MinimumThreshold: None
----> TargetThreshold: None
----> Passed records: 8 
----> Total records affected: 8
----> Compliance percentage: 100.0
----> Acceptance Min: None
----> Final status: Passed
----> --------------------------------
----> Rule: 3.2 (com.datio.hammurabi.rules.validity.NotNullValidationRule)
----> Subset: None
----> Physical field: g_holding_group_id
----> Is Critical: true
----> DrillDown: Some()->Some()
----> MinimumThreshold: None
----> TargetThreshold: None
----> Passed records: 8 
----> Total records affected: 8
----> Compliance percentage: 100.0
----> Acceptance Min: None
----> Final status: Passed
----> -------------------------------
----> Rule: 4.2 (com.datio.hammurabi.rules.consistence.DuplicateRule)
----> Subset: None
----> Physical field: 
----> Is Critical: true
----> DrillDown: Some()->Some()
----> MinimumThreshold: None
----> TargetThreshold: None
----> Passed records: 8 
----> Total records affected: 8
----> Compliance percentage: 100.0
----> Acceptance Min: None
----> Final status: Passed
----> -------------------------------
########################################################################################
########                             END OF RESULTS                             ########
########################################################################################""""









""





",l9ct-gl-hmm-qlt-internalprodassetrell-01,l9ct-gl-hmm-qlt-internalprodassetrell-01-8bvRhGU7W0Q5x3d,,
FALSE,FALSE,,,,2912270ad9,,,,,
FALSE,FALSE,,,,2912270bd0,,,,,
FALSE,FALSE,,,,2912270d1b,,,,,
FALSE,FALSE,,,,2912270e3f,,,,,
FALSE,FALSE,,,,2912270f66,,,,,
FALSE,FALSE,,,,29122710cd,,,,,
FALSE,FALSE,,,,29122711ba,,,,,
FALSE,FALSE,,,,29122712ee,,,,,
FALSE,FALSE,,,,291227141c,,,,,
FALSE,FALSE,,,,2912271569,,,,,
TRUE,TRUE,t_kfcm_user_fdbk_filled_form_fld,4Q25,https://jira.globaldevtools.bbva.com/browse/DECSCLIENT-4235,29133691bd,"########                          DATA QUALITY RESULTS                          ########
########################################################################################
--> DATASET
----> ObjectPath: Some(/data/master/kfcm/data/t_kfcm_user_fdbk_filled_form_fld)
----> PhysicalObject: t_kfcm_user_fdbk_filled_form_fld
----> UUAA: kfcm
----> Subset: Some(gf_cutoff_date='1997-01-01')
----> FrequencyRuleExecution: None
----> Dataset size: 4 rows
----> Data date: 1997-01-01
----> Execution date: 2025-11-26 12:08:26.063
--> RESULTS
----> Rule: 3.1 (com.datio.hammurabi.rules.validity.NotNullValidationRule)
----> Subset: None
----> Physical field: g_data_source_origin_type
----> Is Critical: true
----> DrillDown: Some()->Some()
----> MinimumThreshold: None
----> TargetThreshold: None
----> Passed records: 4 
----> Total records affected: 4
----> Compliance percentage: 100.0
----> Acceptance Min: None
----> Final status: Passed
----> -------------------------------
----> Rule: 3.1 (com.datio.hammurabi.rules.validity.NotNullValidationRule)
----> Subset: None
----> Physical field: g_origin_application_id
----> Is Critical: true
----> DrillDown: Some()->Some()
----> MinimumThreshold: None
----> TargetThreshold: None
----> Passed records: 4 
----> Total records affected: 4
----> Compliance percentage: 100.0
----> Acceptance Min: None
----> Final status: Passed
----> -------------------------------
----> Rule: 3.1 (com.datio.hammurabi.rules.validity.NotNullValidationRule)
----> Subset: None
----> Physical field: g_form_id
----> Is Critical: true
----> DrillDown: Some()->Some()
----> MinimumThreshold: None
----> TargetThreshold: None
----> Passed records: 4 
----> Total records affected: 4
----> Compliance percentage: 100.0
----> Acceptance Min: None
----> Final status: Passed
----> -------------------------------
----> Rule: 3.1 (com.datio.hammurabi.rules.validity.NotNullValidationRule)
----> Subset: None
----> Physical field: gf_regist_id
----> Is Critical: true
----> DrillDown: Some()->Some()
----> MinimumThreshold: None
----> TargetThreshold: None
----> Passed records: 4 
----> Total records affected: 4
----> Compliance percentage: 100.0
----> Acceptance Min: None
----> Final status: Passed
----> -------------------------------
----> Rule: 3.1 (com.datio.hammurabi.rules.validity.NotNullValidationRule)
----> Subset: None
----> Physical field: g_form_field_id
----> Is Critical: true
----> DrillDown: Some()->Some()
----> MinimumThreshold: None
----> TargetThreshold: None
----> Passed records: 4 
----> Total records affected: 4
----> Compliance percentage: 100.0
----> Acceptance Min: None
----> Final status: Passed
----> -------------------------------
----> Rule: 3.1 (com.datio.hammurabi.rules.validity.NotNullValidationRule)
----> Subset: None
----> Physical field: g_fdbk_field_option_id
----> Is Critical: true
----> DrillDown: Some()->Some()
----> MinimumThreshold: None
----> TargetThreshold: None
----> Passed records: 4 
----> Total records affected: 4
----> Compliance percentage: 100.0
----> Acceptance Min: None
----> Final status: Passed
----> -------------------------------
----> Rule: 3.2 (com.datio.hammurabi.rules.validity.FormatValidationRule)
----> Subset: None
----> Physical field: g_data_source_origin_type
----> Is Critical: true
----> DrillDown: Some()->Some()
----> MinimumThreshold: None
----> TargetThreshold: None
----> Passed records: 4 
----> Total records affected: 4
----> Compliance percentage: 100.0
----> Acceptance Min: None
----> Final status: Passed
----> -------------------------------
----> Rule: 3.2 (com.datio.hammurabi.rules.validity.FormatValidationRule)
----> Subset: None
----> Physical field: g_origin_application_id
----> Is Critical: true
----> DrillDown: Some()->Some()
----> MinimumThreshold: None
----> TargetThreshold: None
----> Passed records: 4 
----> Total records affected: 4
----> Compliance percentage: 100.0
----> Acceptance Min: None
----> Final status: Passed
----> -------------------------------
----> Rule: 3.2 (com.datio.hammurabi.rules.validity.FormatValidationRule)
----> Subset: None
----> Physical field: g_form_id
----> Is Critical: true
----> DrillDown: Some()->Some()
----> MinimumThreshold: None
----> TargetThreshold: None
----> Passed records: 4 
----> Total records affected: 4
----> Compliance percentage: 100.0
----> Acceptance Min: None
----> Final status: Passed
----> -------------------------------
----> Rule: 3.2 (com.datio.hammurabi.rules.validity.FormatValidationRule)
----> Subset: None
----> Physical field: gf_regist_id
----> Is Critical: true
----> DrillDown: Some()->Some()
----> MinimumThreshold: None
----> TargetThreshold: None
----> Passed records: 4 
----> Total records affected: 4
----> Compliance percentage: 100.0
----> Acceptance Min: None
----> Final status: Passed
----> -------------------------------
----> Rule: 3.2 (com.datio.hammurabi.rules.validity.FormatValidationRule)
----> Subset: None
----> Physical field: g_form_field_id
----> Is Critical: true
----> DrillDown: Some()->Some()
----> MinimumThreshold: None
----> TargetThreshold: None
----> Passed records: 4 
----> Total records affected: 4
----> Compliance percentage: 100.0
----> Acceptance Min: None
----> Final status: Passed
----> -------------------------------
----> Rule: 3.2 (com.datio.hammurabi.rules.validity.FormatValidationRule)
----> Subset: None
----> Physical field: g_fdbk_field_option_id
----> Is Critical: true
----> DrillDown: Some()->Some()
----> MinimumThreshold: None
----> TargetThreshold: None
----> Passed records: 4 
----> Total records affected: 4
----> Compliance percentage: 100.0
----> Acceptance Min: None
----> Final status: Passed
----> -------------------------------
----> Rule: 4.2 (com.datio.hammurabi.rules.consistence.DuplicateRule)
----> Subset: None
----> Physical field: 
----> Is Critical: true
----> DrillDown: Some()->Some()
----> MinimumThreshold: None
----> TargetThreshold: None
----> Passed records: 4 
----> Total records affected: 4
----> Compliance percentage: 100.0
----> Acceptance Min: None
----> Final status: Passed
----> -------------------------------
########################################################################################
########                             END OF RESULTS                             ########
########################################################################################

Process finished with exit code 0",kfcm-gl-hmm-qlt-userfdbkfilledformfld-01,kfcm-gl-hmm-qlt-userfdbkfilledformfld-01-vtdcsxweLJ7hpuZ,,Juan Carlos Frutos
TRUE,TRUE,,,,291336929a,,,,,
TRUE,TRUE,,,,29133693a9,,,,,
TRUE,TRUE,,,,29133694d4,,,,,
TRUE,TRUE,,,,29133695a8,,,,,
TRUE,TRUE,,,,291336986d,,,,,
TRUE,TRUE,,,,2913369951,,,,,
TRUE,TRUE,,,,2913369a2e,,,,,
TRUE,TRUE,,,,2913369b02,,,,,
TRUE,TRUE,,,,2913369be0,,,,,
TRUE,TRUE,,,,2913369cc3,,,,,
TRUE,TRUE,,,,2913369d9c,,,,,
TRUE,TRUE,,,,2913369f2f,,,,,
TRUE,TRUE,t_kfcm_us_fdbk_fill_frmm_rev_fld,4Q25,https://jira.globaldevtools.bbva.com/browse/DECSCLIENT-4237,2913368547,"########                          DATA QUALITY RESULTS                          ########
########################################################################################
--> DATASET
----> ObjectPath: Some(/data/master/kfcm/data/t_kfcm_us_fdbk_fill_frmm_rev_fld)
----> PhysicalObject: t_kfcm_us_fdbk_fill_frmm_rev_fld
----> UUAA: kfcm
----> Subset: Some(gf_cutoff_date='1997-01-01')
----> FrequencyRuleExecution: None
----> Dataset size: 4 rows
----> Data date: 1997-01-01
----> Execution date: 2025-11-26 12:19:24.046
--> RESULTS
----> Rule: 3.1 (com.datio.hammurabi.rules.validity.NotNullValidationRule)
----> Subset: None
----> Physical field: g_data_source_origin_type
----> Is Critical: true
----> DrillDown: Some()->Some()
----> MinimumThreshold: None
----> TargetThreshold: None
----> Passed records: 4 
----> Total records affected: 4
----> Compliance percentage: 100.0
----> Acceptance Min: None
----> Final status: Passed
----> -------------------------------
----> Rule: 3.1 (com.datio.hammurabi.rules.validity.NotNullValidationRule)
----> Subset: None
----> Physical field: g_origin_application_id
----> Is Critical: true
----> DrillDown: Some()->Some()
----> MinimumThreshold: None
----> TargetThreshold: None
----> Passed records: 4 
----> Total records affected: 4
----> Compliance percentage: 100.0
----> Acceptance Min: None
----> Final status: Passed
----> -------------------------------
----> Rule: 3.1 (com.datio.hammurabi.rules.validity.NotNullValidationRule)
----> Subset: None
----> Physical field: g_form_id
----> Is Critical: true
----> DrillDown: Some()->Some()
----> MinimumThreshold: None
----> TargetThreshold: None
----> Passed records: 4 
----> Total records affected: 4
----> Compliance percentage: 100.0
----> Acceptance Min: None
----> Final status: Passed
----> -------------------------------
----> Rule: 3.1 (com.datio.hammurabi.rules.validity.NotNullValidationRule)
----> Subset: None
----> Physical field: gf_regist_id
----> Is Critical: true
----> DrillDown: Some()->Some()
----> MinimumThreshold: None
----> TargetThreshold: None
----> Passed records: 4 
----> Total records affected: 4
----> Compliance percentage: 100.0
----> Acceptance Min: None
----> Final status: Passed
----> -------------------------------
----> Rule: 3.1 (com.datio.hammurabi.rules.validity.NotNullValidationRule)
----> Subset: None
----> Physical field: g_form_field_id
----> Is Critical: true
----> DrillDown: Some()->Some()
----> MinimumThreshold: None
----> TargetThreshold: None
----> Passed records: 4 
----> Total records affected: 4
----> Compliance percentage: 100.0
----> Acceptance Min: None
----> Final status: Passed
----> -------------------------------
----> Rule: 3.1 (com.datio.hammurabi.rules.validity.NotNullValidationRule)
----> Subset: None
----> Physical field: g_fdbk_field_option_id
----> Is Critical: true
----> DrillDown: Some()->Some()
----> MinimumThreshold: None
----> TargetThreshold: None
----> Passed records: 4 
----> Total records affected: 4
----> Compliance percentage: 100.0
----> Acceptance Min: None
----> Final status: Passed
----> -------------------------------
----> Rule: 3.2 (com.datio.hammurabi.rules.validity.FormatValidationRule)
----> Subset: None
----> Physical field: g_data_source_origin_type
----> Is Critical: true
----> DrillDown: Some()->Some()
----> MinimumThreshold: None
----> TargetThreshold: None
----> Passed records: 4 
----> Total records affected: 4
----> Compliance percentage: 100.0
----> Acceptance Min: None
----> Final status: Passed
----> -------------------------------
----> Rule: 3.2 (com.datio.hammurabi.rules.validity.FormatValidationRule)
----> Subset: None
----> Physical field: g_origin_application_id
----> Is Critical: true
----> DrillDown: Some()->Some()
----> MinimumThreshold: None
----> TargetThreshold: None
----> Passed records: 4 
----> Total records affected: 4
----> Compliance percentage: 100.0
----> Acceptance Min: None
----> Final status: Passed
----> -------------------------------
----> Rule: 3.2 (com.datio.hammurabi.rules.validity.FormatValidationRule)
----> Subset: None
----> Physical field: g_form_id
----> Is Critical: true
----> DrillDown: Some()->Some()
----> MinimumThreshold: None
----> TargetThreshold: None
----> Passed records: 4 
----> Total records affected: 4
----> Compliance percentage: 100.0
----> Acceptance Min: None
----> Final status: Passed
----> -------------------------------
----> Rule: 3.2 (com.datio.hammurabi.rules.validity.FormatValidationRule)
----> Subset: None
----> Physical field: gf_regist_id
----> Is Critical: true
----> DrillDown: Some()->Some()
----> MinimumThreshold: None
----> TargetThreshold: None
----> Passed records: 4 
----> Total records affected: 4
----> Compliance percentage: 100.0
----> Acceptance Min: None
----> Final status: Passed
----> -------------------------------
----> Rule: 3.2 (com.datio.hammurabi.rules.validity.FormatValidationRule)
----> Subset: None
----> Physical field: g_form_field_id
----> Is Critical: true
----> DrillDown: Some()->Some()
----> MinimumThreshold: None
----> TargetThreshold: None
----> Passed records: 4 
----> Total records affected: 4
----> Compliance percentage: 100.0
----> Acceptance Min: None
----> Final status: Passed
----> -------------------------------
----> Rule: 3.2 (com.datio.hammurabi.rules.validity.FormatValidationRule)
----> Subset: None
----> Physical field: g_fdbk_field_option_id
----> Is Critical: true
----> DrillDown: Some()->Some()
----> MinimumThreshold: None
----> TargetThreshold: None
----> Passed records: 4 
----> Total records affected: 4
----> Compliance percentage: 100.0
----> Acceptance Min: None
----> Final status: Passed
----> -------------------------------
----> Rule: 4.2 (com.datio.hammurabi.rules.consistence.DuplicateRule)
----> Subset: None
----> Physical field: 
----> Is Critical: true
----> DrillDown: Some()->Some()
----> MinimumThreshold: None
----> TargetThreshold: None
----> Passed records: 4 
----> Total records affected: 4
----> Compliance percentage: 100.0
----> Acceptance Min: None
----> Final status: Passed
----> -------------------------------
########################################################################################
########                             END OF RESULTS                             ########
########################################################################################

Process finished with exit code 0",kfcm-gl-hmm-qlt-usfdbkfillfrmmrevfld-01,kfcm-gl-hmm-qlt-usfdbkfillfrmmrevfld-01-ghxdpdNNX1YAOJr,,Juan Carlos Frutos
TRUE,TRUE,,,,2913368636,,,,,
TRUE,TRUE,,,,2913368709,,,,,
TRUE,TRUE,,,,29133687e7,,,,,
TRUE,TRUE,,,,29133688ce,,,,,
TRUE,TRUE,,,,29133689bb,,,,,
TRUE,TRUE,,,,2913368a8e,,,,,
TRUE,TRUE,,,,2913368b60,,,,,
TRUE,TRUE,,,,2913368cd5,,,,,
TRUE,TRUE,,,,2913368dad,,,,,
TRUE,TRUE,,,,2913368e84,,,,,
TRUE,TRUE,,,,2913368f67,,,,,
TRUE,TRUE,,,,2913369e70,,,,,
TRUE,TRUE,t_l9ct_industry_agg_esg_scores,4Q25,https://jira.globaldevtools.bbva.com/browse/DECSCLIENT-4249,28a35658c8,,l9ct-gl-hmm-qlt-industryaggesg-01,l9ct-gl-hmm-qlt-industryaggesg-01-1bKDzOQp8X0BgQm,,Juan Carlos Frutos
TRUE,TRUE,t_cgj7_sust_customer_mark,4Q25,https://jira.globaldevtools.bbva.com/browse/DECSCLIENT-4251,27d6fbd958,,cgj7-gl-hmm-qlt-sustcustomermark-03,cgj7-gl-hmm-qlt-sustcustomermark-03,,Juan Carlos Frutos
TRUE,TRUE,t_re4m_phys_interaction_attach,4Q25,https://jira.globaldevtools.bbva.com/browse/DECSCLIENT-4280,2916445172,"""########                          DATA QUALITY RESULTS                          ########
########################################################################################
--> DATASET
----> ObjectPath: Some(/data/master/re4m/data/t_re4m_phys_interaction_attach)
----> PhysicalObject: t_re4m_phys_interaction_attach
----> UUAA: kfcm
----> Subset: Some(gf_cutoff_date='1997-01-01')
----> FrequencyRuleExecution: None
----> Dataset size: 4 rows
----> Data date: 1997-01-01
----> Execution date: 2025-11-26 12:19:24.046
--> RESULTS
----> Rule: 3.1 (com.datio.hammurabi.rules.validity.NotNullValidationRule)
----> Subset: None
----> Physical field: g_country_id
----> Is Critical: true
----> DrillDown: Some()->Some()
----> MinimumThreshold: None
----> TargetThreshold: None
----> Passed records: 4 
----> Total records affected: 4
----> Compliance percentage: 100.0
----> Acceptance Min: None
----> Final status: Passed
----> -------------------------------
----> Rule: 3.1 (com.datio.hammurabi.rules.validity.NotNullValidationRule)
----> Subset: None
----> Physical field: g_entity_id
----> Is Critical: true
----> DrillDown: Some()->Some()
----> MinimumThreshold: None
----> TargetThreshold: None
----> Passed records: 4 
----> Total records affected: 4
----> Compliance percentage: 100.0
----> Acceptance Min: None
----> Final status: Passed
----> -------------------------------
----> Rule: 3.1 (com.datio.hammurabi.rules.validity.NotNullValidationRule)
----> Subset: None
----> Physical field: gf_attached_file_id
----> Is Critical: true
----> DrillDown: Some()->Some()
----> MinimumThreshold: None
----> TargetThreshold: None
----> Passed records: 4 
----> Total records affected: 4
----> Compliance percentage: 100.0
----> Acceptance Min: None
----> Final status: Passed
----> -------------------------------
----> Rule: 3.1 (com.datio.hammurabi.rules.validity.NotNullValidationRule)
----> Subset: None
----> Physical field: gf_interaction_activity_id
----> Is Critical: true
----> DrillDown: Some()->Some()
----> MinimumThreshold: None
----> TargetThreshold: None
----> Passed records: 4 
----> Total records affected: 4
----> Compliance percentage: 100.0
----> Acceptance Min: None
----> Final status: Passed
----> -------------------------------
----> Rule: 3.1 (com.datio.hammurabi.rules.validity.NotNullValidationRule)
----> Subset: None
----> Physical field: gf_interaction_id
----> Is Critical: true
----> DrillDown: Some()->Some()
----> MinimumThreshold: None
----> TargetThreshold: None
----> Passed records: 4 
----> Total records affected: 4
----> Compliance percentage: 100.0
----> Acceptance Min: None
----> Final status: Passed
----> -------------------------------
----> Rule: 3.2 (com.datio.hammurabi.rules.validity.FormatValidationRule)
----> Subset: None
----> Physical field: g_country_id
----> Is Critical: true
----> DrillDown: Some()->Some()
----> MinimumThreshold: None
----> TargetThreshold: None
----> Passed records: 4 
----> Total records affected: 4
----> Compliance percentage: 100.0
----> Acceptance Min: None
----> Final status: Passed
----> -------------------------------
----> Rule: 3.2 (com.datio.hammurabi.rules.validity.FormatValidationRule)
----> Subset: None
----> Physical field: g_entity_id
----> Is Critical: true
----> DrillDown: Some()->Some()
----> MinimumThreshold: None
----> TargetThreshold: None
----> Passed records: 4 
----> Total records affected: 4
----> Compliance percentage: 100.0
----> Acceptance Min: None
----> Final status: Passed
----> -------------------------------
----> Rule: 3.2 (com.datio.hammurabi.rules.validity.FormatValidationRule)
----> Subset: None
----> Physical field: gf_attached_file_id
----> Is Critical: true
----> DrillDown: Some()->Some()
----> MinimumThreshold: None
----> TargetThreshold: None
----> Passed records: 4 
----> Total records affected: 4
----> Compliance percentage: 100.0
----> Acceptance Min: None
----> Final status: Passed
----> -------------------------------
----> Rule: 3.2 (com.datio.hammurabi.rules.validity.FormatValidationRule)
----> Subset: None
----> Physical field: gf_interaction_activity_id
----> Is Critical: true
----> DrillDown: Some()->Some()
----> MinimumThreshold: None
----> TargetThreshold: None
----> Passed records: 4 
----> Total records affected: 4
----> Compliance percentage: 100.0
----> Acceptance Min: None
----> Final status: Passed
----> -------------------------------
----> Rule: 3.2 (com.datio.hammurabi.rules.validity.FormatValidationRule)
----> Subset: None
----> Physical field: gf_interaction_id
----> Is Critical: true
----> DrillDown: Some()->Some()
----> MinimumThreshold: None
----> TargetThreshold: None
----> Passed records: 4 
----> Total records affected: 4
----> Compliance percentage: 100.0
----> Acceptance Min: None
----> Final status: Passed
----> -------------------------------
----> Rule: 4.2 (com.datio.hammurabi.rules.consistence.DuplicateRule)
----> Subset: None
----> Physical field: 
----> Is Critical: true
----> DrillDown: Some()->Some()
----> MinimumThreshold: None
----> TargetThreshold: None
----> Passed records: 4 
----> Total records affected: 4
----> Compliance percentage: 100.0
----> Acceptance Min: None
----> Final status: Passed
----> -------------------------------
########################################################################################
########                             END OF RESULTS                             ########
########################################################################################

Process finished with exit code 0
""











",re4m-gl-hmm-qlt-physinteractionattach-01,re4m-gl-hmm-qlt-physinteractionattach-01-6ZB8oVtfUwncatO,,Egoitz Lopez
TRUE,TRUE,,,,2916445257,,,,,
TRUE,TRUE,,,,291644533b,,,,,
TRUE,TRUE,,,,291644542e,,,,,
TRUE,TRUE,,,,2916445599,,,,,
TRUE,TRUE,,,,291644567c,,,,,
TRUE,TRUE,,,,2916445769,,,,,
TRUE,TRUE,,,,2916445853,,,,,
TRUE,TRUE,,,,2916445944,,,,,
TRUE,TRUE,,,,2916445a33,,,,,
TRUE,TRUE,,,,2916445b12,,,,,
TRUE,FALSE,t_re4m_phone_convers_transcrip,4Q25,https://jira.globaldevtools.bbva.com/browse/GLOBALDATA-26541,RE4M_phone-convers-transcrip_MRObject.conf,-,re4m-gl-hmm-qlt-phrasetranscription-01,re4m-gl-hmm-qlt-phrasetranscription-01-Dfz0G2EI9D4XfgL,,
TRUE,FALSE,t_re4m_phrase_transcription,,,RE4M_phrase-transcription_MRField.conf,-,re4m-gl-hmm-qlt-phrasetranscription-01,re4m-gl-hmm-qlt-phrasetranscription-01-Qe8FYS2uNJpX5oD,,
TRUE,FALSE,,,,RE4M_phrase-transcription_MRObject.conf,-,re4m-gl-hmm-qlt-phrasetranscription-01,re4m-gl-hmm-qlt-phrasetranscription-01-ZXeXEXCCfFDKx6u,,
TRUE,FALSE,t_re4m_phone_convers_particip,,,RE4M_phone-convers-particip_MRField.conf,-,re4m-gl-hmm-qlt-phrasetranscription-01,re4m-gl-hmm-qlt-phrasetranscription-01-ms4phY8wX2Z8LZY,,
TRUE,FALSE,,,,RE4M_phone-convers-particip_MRObject.conf,-,re4m-gl-hmm-qlt-phrasetranscription-01,re4m-gl-hmm-qlt-phrasetranscription-01-6RTXSPQ9tYZvT7g,,
TRUE,FALSE,t_kceg_principality_score,4Q25,-,291b69f973,"----> Rule: 3.1 (com.datio.hammurabi.rules.validity.NotNullValidationRule)
----> Subset: None
----> Physical field: gf_model_version_id
----> Is Critical: true
----> DrillDown: Some()->Some()
----> MinimumThreshold: None
----> TargetThreshold: None
----> Passed records: 4 
----> Total records affected: 4
----> Compliance percentage: 100.0
----> Acceptance Min: None
----> Final status: Passed
----> -------------------------------
----> Rule: 3.2 (com.datio.hammurabi.rules.validity.NotNullValidationRule)
----> Subset: None
----> Physical field: gf_model_version_id
----> Is Critical: true
----> DrillDown: Some()->Some()
----> MinimumThreshold: None
----> TargetThreshold: None
----> Passed records: 4 
----> Total records affected: 4
----> Compliance percentage: 100.0
----> Acceptance Min: None
----> Final status: Passed
----> -------------------------------
",kceg-gl-hmm-qlt-principalityscore-01,kceg-gl-hmm-qlt-principalityscore-01-dp1mwNIXHzpn3LU,,Ego
TRUE,FALSE,,,,291b69fb51,,,,,
TRUE,FALSE,,,,28f34520a8,,,,,
TRUE,TRUE,t_l9ct_prod_assets_subs_co,4Q25,https://jira.globaldevtools.bbva.com/browse/DECSCLIENT-4380,292127dfd5,"########                          DATA QUALITY RESULTS                          ########
########################################################################################
--> DATASET
----> ObjectPath: Some(/data/master/l9ct/data/t_l9ct_prod_assets_subs_co)
----> PhysicalObject: t_l9ct_prod_assets_subs_co
----> UUAA: l9ct
----> Subset: Some(gf_cutoff_date='1997-01-01')
----> FrequencyRuleExecution: None
----> Dataset size: 8 rows
----> Data date: 1997-01-01
----> Execution date: 2025-12-23 11:21:27.809
--> RESULTS
----> Rule: 3.1 (com.datio.hammurabi.rules.validity.NotNullValidationRule)
----> Subset: None
----> Physical field: gf_asset_external_data_id
----> Is Critical: true
----> DrillDown: Some()->Some()
----> MinimumThreshold: None
----> TargetThreshold: None
----> Passed records: 8 
----> Total records affected: 8
----> Compliance percentage: 100.0
----> Acceptance Min: None
----> Final status: Passed
----> -------------------------------
----> Rule: 3.1 (com.datio.hammurabi.rules.validity.NotNullValidationRule)
----> Subset: None
----> Physical field: gf_external_data_company_id
----> Is Critical: true
----> DrillDown: Some()->Some()
----> MinimumThreshold: None
----> TargetThreshold: None
----> Passed records: 8 
----> Total records affected: 8
----> Compliance percentage: 100.0
----> Acceptance Min: None
----> Final status: Passed
----> -------------------------------
----> Rule: 3.1 (com.datio.hammurabi.rules.validity.NotNullValidationRule)
----> Subset: None
----> Physical field: gf_ext_data_sb_company_id
----> Is Critical: true
----> DrillDown: Some()->Some()
----> MinimumThreshold: None
----> TargetThreshold: None
----> Passed records: 8 
----> Total records affected: 8
----> Compliance percentage: 100.0
----> Acceptance Min: None
----> Final status: Passed
----> -------------------------------
----> Rule: 3.2 (com.datio.hammurabi.rules.validity.FormatValidationRule)
----> Subset: None
----> Physical field: gf_asset_external_data_id
----> Is Critical: true
----> DrillDown: Some()->Some()
----> MinimumThreshold: None
----> TargetThreshold: None
----> Passed records: 8 
----> Total records affected: 8
----> Compliance percentage: 100.0
----> Acceptance Min: None
----> Final status: Passed
----> -------------------------------
----> Rule: 3.2 (com.datio.hammurabi.rules.validity.FormatValidationRule)
----> Subset: None
----> Physical field: gf_external_data_company_id
----> Is Critical: true
----> DrillDown: Some()->Some()
----> MinimumThreshold: None
----> TargetThreshold: None
----> Passed records: 8 
----> Total records affected: 8
----> Compliance percentage: 100.0
----> Acceptance Min: None
----> Final status: Passed
----> -------------------------------
----> Rule: 3.2 (com.datio.hammurabi.rules.validity.FormatValidationRule)
----> Subset: None
----> Physical field: gf_ext_data_sb_company_id
----> Is Critical: true
----> DrillDown: Some()->Some()
----> MinimumThreshold: None
----> TargetThreshold: None
----> Passed records: 8 
----> Total records affected: 8
----> Compliance percentage: 100.0
----> Acceptance Min: None
----> Final status: Passed
----> -------------------------------
----> Rule: 4.2 (com.datio.hammurabi.rules.consistence.DuplicateRule)
----> Subset: None
----> Physical field: 
----> Is Critical: true
----> DrillDown: Some()->Some()
----> MinimumThreshold: None
----> TargetThreshold: None
----> Passed records: 8 
----> Total records affected: 8
----> Compliance percentage: 100.0
----> Acceptance Min: None
----> Final status: Passed
----> -------------------------------
########################################################################################
########                             END OF RESULTS                             ########
########################################################################################

Process finished with exit code 0",l9ct-gl-hmm-qlt-prodassetssubsco-01,l9ct-gl-hmm-qlt-prodassetssubsco-01-jjEeuojGLsmnwRh,,Marcos Leon
TRUE,TRUE,,,,292127e0ba,,,,,Marcos Leon
TRUE,TRUE,,,,292127e1a2,,,,,Marcos Leon
TRUE,TRUE,,,,292127e294,,,,,Marcos Leon
TRUE,TRUE,,,,292127e370,,,,,Marcos Leon
TRUE,TRUE,,,,292127e473,,,,,Marcos Leon
TRUE,TRUE,,,,292127e560,,,,,Marcos Leon
TRUE,TRUE,t_l9ct_subs_companies,4Q25,https://jira.globaldevtools.bbva.com/browse/DECSCLIENT-4382,292127e619,"########                          DATA QUALITY RESULTS                          ########
########################################################################################
--> DATASET
----> ObjectPath: Some(/data/master/l9ct/data/t_l9ct_subs_companies)
----> PhysicalObject: t_l9ct_subs_companies
----> UUAA: l9ct
----> Subset: Some(gf_cutoff_date='1997-01-01')
----> FrequencyRuleExecution: None
----> Dataset size: 8 rows
----> Data date: 1997-01-01
----> Execution date: 2025-12-23 13:52:49.872
--> RESULTS
----> Rule: 3.1 (com.datio.hammurabi.rules.validity.NotNullValidationRule)
----> Subset: None
----> Physical field: gf_ext_data_sb_company_id
----> Is Critical: true
----> DrillDown: Some()->Some()
----> MinimumThreshold: None
----> TargetThreshold: None
----> Passed records: 8 
----> Total records affected: 8
----> Compliance percentage: 100.0
----> Acceptance Min: None
----> Final status: Passed
----> -------------------------------
----> Rule: 3.2 (com.datio.hammurabi.rules.validity.FormatValidationRule)
----> Subset: None
----> Physical field: gf_ext_data_sb_company_id
----> Is Critical: true
----> DrillDown: Some()->Some()
----> MinimumThreshold: None
----> TargetThreshold: None
----> Passed records: 8 
----> Total records affected: 8
----> Compliance percentage: 100.0
----> Acceptance Min: None
----> Final status: Passed
----> -------------------------------
----> Rule: 4.2 (com.datio.hammurabi.rules.consistence.DuplicateRule)
----> Subset: None
----> Physical field: 
----> Is Critical: true
----> DrillDown: Some()->Some()
----> MinimumThreshold: None
----> TargetThreshold: None
----> Passed records: 8 
----> Total records affected: 8
----> Compliance percentage: 100.0
----> Acceptance Min: None
----> Final status: Passed
----> -------------------------------
########################################################################################
########                             END OF RESULTS                             ########
########################################################################################

Process finished with exit code 0
",l9ct-gl-hmm-qlt-subscompanies-01,l9ct-gl-hmm-qlt-subscompanies-01-ngtSQhFO665dEMU,,Marcos Leon
TRUE,TRUE,,,,292127e6f3,,,,,Marcos Leon
TRUE,TRUE,,,,292127e7cc,,,,,Marcos Leon
TRUE,TRUE,t_kpan_mobility_partner_oppy,1Q26,https://jira.globaldevtools.bbva.com/browse/DECSCLIENT-4422,2924b75272,"########################################################################################
########                          DATA QUALITY RESULTS                          ########
########################################################################################
--> DATASET
----> ObjectPath: Some(/data/master/kpan/data/t_kpan_mobility_partner_oppy)
----> PhysicalObject: t_kpan_mobility_partner_oppy
----> UUAA: g5m3
----> Subset: None
----> FrequencyRuleExecution: None
----> Dataset size: 8 rows
----> Data date: 1997-01-01
----> Execution date: 2025-12-30 15:32:50.271
--> RESULTS
----> Rule: 3.1 (com.datio.hammurabi.rules.validity.NotNullValidationRule)
----> Subset: None
----> Physical field: g_entific_id
----> Is Critical: true
----> DrillDown: Some()->Some()
----> MinimumThreshold: None
----> TargetThreshold: None
----> Passed records: 8 
----> Total records affected: 8
----> Compliance percentage: 100.0
----> Acceptance Min: None
----> Final status: Passed
----> -------------------------------
----> Rule: 3.1 (com.datio.hammurabi.rules.validity.NotNullValidationRule)
----> Subset: None
----> Physical field: g_data_source_origin_type
----> Is Critical: true
----> DrillDown: Some()->Some()
----> MinimumThreshold: None
----> TargetThreshold: None
----> Passed records: 8 
----> Total records affected: 8
----> Compliance percentage: 100.0
----> Acceptance Min: None
----> Final status: Passed
----> -------------------------------
----> Rule: 3.2 (com.datio.hammurabi.rules.validity.FormatValidationRule)
----> Subset: None
----> Physical field: g_entific_id
----> Is Critical: true
----> DrillDown: Some()->Some()
----> MinimumThreshold: None
----> TargetThreshold: None
----> Passed records: 8 
----> Total records affected: 8
----> Compliance percentage: 100.0
----> Acceptance Min: None
----> Final status: Passed
----> -------------------------------
----> Rule: 3.2 (com.datio.hammurabi.rules.validity.FormatValidationRule)
----> Subset: None
----> Physical field: g_data_source_origin_type
----> Is Critical: true
----> DrillDown: Some()->Some()
----> MinimumThreshold: None
----> TargetThreshold: None
----> Passed records: 8 
----> Total records affected: 8
----> Compliance percentage: 100.0
----> Acceptance Min: None
----> Final status: Passed
----> -------------------------------
########################################################################################
########                             END OF RESULTS                             ########
########################################################################################

Process finished with exit code 0
",kpan-gl-hmm-qlt-mobilitypartneroppy-01-0yoRA57mfXJkmwk,kpan-gl-hmm-qlt-mobilitypartneroppy-01-OsVSVuxv1tIaAkR,,Marcos Leon
TRUE,TRUE,,,,2924b75387,,,,,Marcos Leon
TRUE,TRUE,,,,2924b75482,,,,,Marcos Leon
TRUE,TRUE,,,,2924b7557d,,,,,Marcos Leon
TRUE,TRUE,t_kfcm_fdbk_saturation_rules,1Q26,https://jira.globaldevtools.bbva.com/browse/DECSCLIENT-4429,292633e355,"########################################################################################
########                          DATA QUALITY RESULTS                          ########
########################################################################################
--> DATASET
----> ObjectPath: Some(/data/master/kfcm/data/t_kfcm_fdbk_saturation_rules)
----> PhysicalObject: t_kfcm_fdbk_saturation_rules
----> UUAA: kfcm
----> Subset: None
----> FrequencyRuleExecution: None
----> Dataset size: 8 rows
----> Data date: 1997-01-01
----> Execution date: 2026-02-02 10:31:53.381
--> RESULTS
----> Rule: 3.1 (com.datio.hammurabi.rules.validity.NotNullValidationRule)
----> Subset: None
----> Physical field: g_data_source_origin_type
----> Is Critical: true
----> DrillDown: Some()->Some()
----> MinimumThreshold: None
----> TargetThreshold: None
----> Passed records: 8 
----> Total records affected: 8
----> Compliance percentage: 100.0
----> Acceptance Min: None
----> Final status: Passed
----> -------------------------------
----> Rule: 3.2 (com.datio.hammurabi.rules.validity.FormatValidationRule)
----> Subset: None
----> Physical field: g_data_source_origin_type
----> Is Critical: true
----> DrillDown: Some()->Some()
----> MinimumThreshold: None
----> TargetThreshold: None
----> Passed records: 8 
----> Total records affected: 8
----> Compliance percentage: 100.0
----> Acceptance Min: None
----> Final status: Passed
----> -------------------------------
########################################################################################
########                             END OF RESULTS                             ########
########################################################################################

Process finished with exit code 0
",kfcm-gl-hmm-qlt-fdbksaturationrules-01,kfcm-gl-hmm-qlt-fdbksaturationrules-01-3e8gETj25cOF4gQ,,Julen Montes
TRUE,TRUE,,,,292633e44c,,,,,Julen Montes
TRUE,TRUE,t_re4m_agent_worker_map,1Q26,https://jira.globaldevtools.bbva.com/browse/DECSCLIENT-4512,293015cd3d,"########                          DATA QUALITY RESULTS                          ########
########################################################################################
--> DATASET
----> ObjectPath: Some(/data/master/re4m/data/t_re4m_agent_worker_map)
----> PhysicalObject: t_re4m_agent_worker_map
----> UUAA: re4m
----> Subset: Some(gf_cutoff_date='1997-01-01')
----> FrequencyRuleExecution: None
----> Dataset size: 8 rows
----> Data date: 1997-01-01
----> Execution date: 2026-01-22 09:09:53.347
--> RESULTS
----> Rule: 3.1 (com.datio.hammurabi.rules.validity.NotNullValidationRule)
----> Subset: None
----> Physical field: g_country_id
----> Is Critical: true
----> DrillDown: Some()->Some()
----> MinimumThreshold: None
----> TargetThreshold: None
----> Passed records: 8 
----> Total records affected: 8
----> Compliance percentage: 100.0
----> Acceptance Min: None
----> Final status: Passed
----> -------------------------------
----> Rule: 3.1 (com.datio.hammurabi.rules.validity.NotNullValidationRule)
----> Subset: None
----> Physical field: gf_agent_user_id
----> Is Critical: true
----> DrillDown: Some()->Some()
----> MinimumThreshold: None
----> TargetThreshold: None
----> Passed records: 8 
----> Total records affected: 8
----> Compliance percentage: 100.0
----> Acceptance Min: None
----> Final status: Passed
----> -------------------------------
----> Rule: 3.2 (com.datio.hammurabi.rules.validity.FormatValidationRule)
----> Subset: None
----> Physical field: g_country_id
----> Is Critical: true
----> DrillDown: Some()->Some()
----> MinimumThreshold: None
----> TargetThreshold: None
----> Passed records: 8 
----> Total records affected: 8
----> Compliance percentage: 100.0
----> Acceptance Min: None
----> Final status: Passed
----> -------------------------------
----> Rule: 3.2 (com.datio.hammurabi.rules.validity.FormatValidationRule)
----> Subset: None
----> Physical field: gf_agent_user_id
----> Is Critical: true
----> DrillDown: Some()->Some()
----> MinimumThreshold: None
----> TargetThreshold: None
----> Passed records: 8 
----> Total records affected: 8
----> Compliance percentage: 100.0
----> Acceptance Min: None
----> Final status: Passed
----> -------------------------------
----> Rule: 4.2 (com.datio.hammurabi.rules.consistence.DuplicateRule)
----> Subset: None
----> Physical field: 
----> Is Critical: true
----> DrillDown: Some()->Some()
----> MinimumThreshold: None
----> TargetThreshold: None
----> Passed records: 8 
----> Total records affected: 8
----> Compliance percentage: 100.0
----> Acceptance Min: None
----> Final status: Passed
----> -------------------------------
########################################################################################
########                             END OF RESULTS                             ########
########################################################################################",re4m-gl-hmm-qlt-agentworkermap-01,re4m-gl-hmm-qlt-agentworkermap-01-JtedgLOsrjZk7gT,,Marcos Leon
TRUE,TRUE,,,,293015ce44,,,,,Marcos Leon
TRUE,TRUE,,,,293015cf37,,,,,Marcos Leon
TRUE,TRUE,,,,293015d08a,,,,,Marcos Leon
TRUE,TRUE,,,,293015d17e,,,,,Marcos Leon
TRUE,TRUE,t_l9ct_grp_cs_co_tx_align_sctr_r,1Q26,https://jira.globaldevtools.bbva.com/browse/DECSCLIENT-4531,28bd1439bc ,NA,l9ct-gl-hmm-qlt-grpcscotxalignsctrr-01,l9ct-gl-hmm-qlt-grpcscotxalignsctrr-01-ANYj97BgEtGTPW4,,Marcos Leon
TRUE,TRUE,,,,28bd1438a3 ,,,,,Marcos Leon
TRUE,TRUE,,,,28bd143674 ,,,,,Marcos Leon
TRUE,TRUE,t_g5m3_sust_mob_operations,1Q26,https://jira.globaldevtools.bbva.com/browse/DECSCLIENT-4573,2934a87d0a,"########################################################################################
########                          DATA QUALITY RESULTS                          ########
########################################################################################
--> DATASET
----> ObjectPath: Some(/data/master/g5m3/data/t_g5m3_sust_mob_operations)
----> PhysicalObject: t_g5m3_sust_mob_operations
----> UUAA: g5m3
----> Subset: None
----> FrequencyRuleExecution: None
----> Dataset size: 8 rows
----> Data date: 1997-01-01
----> Execution date: 2026-01-30 12:18:16.646
--> RESULTS
----> Rule: 3.1 (com.datio.hammurabi.rules.validity.NotNullValidationRule)
----> Subset: None
----> Physical field: g_entity_id
----> Is Critical: false
----> DrillDown: Some()->Some()
----> MinimumThreshold: None
----> TargetThreshold: None
----> Passed records: 8 
----> Total records affected: 8
----> Compliance percentage: 100.0
----> Acceptance Min: None
----> Final status: Passed
----> -------------------------------
----> Rule: 3.2 (com.datio.hammurabi.rules.validity.FormatValidationRule)
----> Subset: None
----> Physical field: g_entity_id
----> Is Critical: true
----> DrillDown: Some()->Some()
----> MinimumThreshold: None
----> TargetThreshold: None
----> Passed records: 8 
----> Total records affected: 8
----> Compliance percentage: 100.0
----> Acceptance Min: None
----> Final status: Passed
----> -------------------------------
----> Rule: 4.2 (com.datio.hammurabi.rules.consistence.DuplicateRule)
----> Subset: None
----> Physical field: 
----> Is Critical: true
----> DrillDown: Some()->Some()
----> MinimumThreshold: None
----> TargetThreshold: None
----> Passed records: 8 
----> Total records affected: 8
----> Compliance percentage: 100.0
----> Acceptance Min: None
----> Final status: Passed
----> -------------------------------
########################################################################################
########                             END OF RESULTS                             ########
########################################################################################",g5m3-gl-hmm-qlt-sustmoboperations-01,g5m3-gl-hmm-qlt-sustmoboperations-01-0lmBArwljJfFkB3,,Marcos Leon
TRUE,TRUE,,,,2934a87e06,,,,,Marcos Leon
TRUE,TRUE,,,,GL_STR_t_g5m3_sust_mob_operations_4.2_000,,,,,Marcos Leon
TRUE,TRUE,t_g5m3_sust_mob_operations_eod,1Q26,https://jira.globaldevtools.bbva.com/browse/DECSCLIENT-4575,2934a87f14,"########################################################################################
########                          DATA QUALITY RESULTS                          ########
########################################################################################
--> DATASET
----> ObjectPath: Some(/data/master/g5m3/data/t_g5m3_sust_mob_operations_eod)
----> PhysicalObject: t_g5m3_sust_mob_operations_eod
----> UUAA: g5m3
----> Subset: None
----> FrequencyRuleExecution: None
----> Dataset size: 8 rows
----> Data date: 1997-01-01
----> Execution date: 2026-01-30 12:28:43.054
--> RESULTS
----> Rule: 3.1 (com.datio.hammurabi.rules.validity.NotNullValidationRule)
----> Subset: None
----> Physical field: g_entity_id
----> Is Critical: false
----> DrillDown: Some()->Some()
----> MinimumThreshold: None
----> TargetThreshold: None
----> Passed records: 8 
----> Total records affected: 8
----> Compliance percentage: 100.0
----> Acceptance Min: None
----> Final status: Passed
----> -------------------------------
----> Rule: 3.2 (com.datio.hammurabi.rules.validity.FormatValidationRule)
----> Subset: None
----> Physical field: g_entity_id
----> Is Critical: true
----> DrillDown: Some()->Some()
----> MinimumThreshold: None
----> TargetThreshold: None
----> Passed records: 8 
----> Total records affected: 8
----> Compliance percentage: 100.0
----> Acceptance Min: None
----> Final status: Passed
----> -------------------------------
----> Rule: 4.2 (com.datio.hammurabi.rules.consistence.DuplicateRule)
----> Subset: None
----> Physical field: 
----> Is Critical: true
----> DrillDown: Some()->Some()
----> MinimumThreshold: None
----> TargetThreshold: None
----> Passed records: 8 
----> Total records affected: 8
----> Compliance percentage: 100.0
----> Acceptance Min: None
----> Final status: Passed
----> -------------------------------
########################################################################################
########                             END OF RESULTS                             ########
########################################################################################

Process finished with exit code 0
",g5m3-gl-hmm-qlt-sustmoboperationseod-01,g5m3-gl-hmm-qlt-sustmoboperationseod-01-MMchAe3YxIkqcag,,Marcos Leon
TRUE,TRUE,,,,2934a8802d,,,,,Marcos Leon
TRUE,TRUE,,,,277e947ac7,,,,,Marcos Leon
TRUE,TRUE,t_kstb_sust_operations_board,1Q26,https://jira.globaldevtools.bbva.com/browse/DECSCLIENT-4577,2936390de5,"########################################################################################
########                          DATA QUALITY RESULTS                          ########
########################################################################################
--> DATASET
----> ObjectPath: Some(/data/master/kstb/data/t_kstb_sust_operations_board)
----> PhysicalObject: t_kstb_sust_operations_board
----> UUAA: kstb
----> Subset: None
----> FrequencyRuleExecution: None
----> Dataset size: 8 rows
----> Data date: 1997-01-01
----> Execution date: 2026-02-03 10:48:43.054
--> RESULTS
----> Rule: 3.1 (com.datio.hammurabi.rules.validity.NotNullValidationRule)
----> Subset: None
----> Physical field: gf_source_system_sust_type
----> Is Critical: false
----> DrillDown: Some()->Some()
----> MinimumThreshold: None
----> TargetThreshold: None
----> Passed records: 8 
----> Total records affected: 8
----> Compliance percentage: 100.0
----> Acceptance Min: None
----> Final status: Passed
----> -------------------------------
----> Rule: 3.2 (com.datio.hammurabi.rules.validity.FormatValidationRule)
----> Subset: None
----> Physical field: gf_source_system_sust_type
----> Is Critical: true
----> DrillDown: Some()->Some()
----> MinimumThreshold: None
----> TargetThreshold: None
----> Passed records: 8 
----> Total records affected: 8
----> Compliance percentage: 100.0
----> Acceptance Min: None
----> Final status: Passed
----> -------------------------------
----> Rule: 4.2 (com.datio.hammurabi.rules.consistence.DuplicateRule)
----> Subset: None
----> Physical field: 
----> Is Critical: true
----> DrillDown: Some()->Some()
----> MinimumThreshold: None
----> TargetThreshold: None
----> Passed records: 8 
----> Total records affected: 8
----> Compliance percentage: 100.0
----> Acceptance Min: None
----> Final status: Passed
----> -------------------------------
########################################################################################
########                             END OF RESULTS                             ########
########################################################################################

Process finished with exit code 0
",kstb-gl-hmm-qlt-sustoperationsboard-01,kstb-gl-hmm-qlt-sustoperationsboard-01-Shu7ymSkmlzxfBR,,Marcos Leon
TRUE,TRUE,,,,2936390efb,,,,,Marcos Leon
TRUE,TRUE,,,,GL_STR_t_kstb_sust_operations_board_4.2_000,,,,,Marcos Leon
TRUE,TRUE,t_scat_sustainability_master,1Q26,https://jira.globaldevtools.bbva.com/browse/DECSCLIENT-4618,2841242c13 ,NA,scat-gl-hmm-qlt-sustainabilitymaster-01,scat-gl-hmm-qlt-sustainabilitymaster-01-VnkbfVmABY7fUJi,,Marcos Leon
TRUE,TRUE,,,,GL_DOM_t_scat_sustainability_master_3.4_000 ,,,,,Marcos Leon
TRUE,TRUE,,,,GL_DOM_t_scat_sustainability_master_3.4_001 ,,,,,Marcos Leon
TRUE,TRUE,t_kpan_opportunity,1Q26,https://jira.globaldevtools.bbva.com/browse/DECSCLIENT-4714,"KPAN_opportunity_NM7R_lead_MMRule.conf
",NA,kpan-gl-hmm-qlt-oppnm7r-01,kpan-gl-hmm-qlt-oppnm7r-01-pOv2iVd6WMk8rpk,,Marcos Leon
TRUE,TRUE,,,,KPAN_opportunity_MRObject.conf,,kpan-gl-hmm-qlt-opportunityobject-01,kpan-gl-hmm-qlt-opportunityobject-01-Sshoji6VVPDkfsm,,Marcos Leon
TRUE,TRUE,,,,KPAN_opportunity_KCOG_entity_MMRule.conf,,kpan-gl-hmm-qlt-oppkcog-01,kpan-gl-hmm-qlt-oppkcog-01-KOOf3zkUgjTnsTF,,Marcos Leon
TRUE,TRUE,,,,KPAN_opportunity_MRField,,kpan-gl-hmm-qlt-opportunity-01,kpan-gl-hmm-qlt-opportunity-01-qdXnex8aCia3qhu,,Marcos Leon
TRUE,TRUE,t_kctd_information_application,1Q26,https://jira.globaldevtools.bbva.com/browse/DECSCLIENT-4749,293bda2523,"########################################################################################
########                          DATA QUALITY RESULTS                          ########
########################################################################################
--> DATASET
----> ObjectPath: Some(/data/master/kctd/data/t_kctd_information_application)
----> PhysicalObject: t_kctd_information_application
----> UUAA: kctd
----> Subset: None
----> FrequencyRuleExecution: None
----> Dataset size: 8 rows
----> Data date: 1997-01-01
----> Execution date: 2026-02-16 13:17:07.951
--> RESULTS
----> Rule: 3.1 (com.datio.hammurabi.rules.validity.NotNullValidationRule)
----> Subset: None
----> Physical field: g_attributed_event_type
----> Is Critical: true
----> DrillDown: Some()->Some()
----> MinimumThreshold: None
----> TargetThreshold: None
----> Passed records: 8 
----> Total records affected: 8
----> Compliance percentage: 100.0
----> Acceptance Min: None
----> Final status: Passed
----> -------------------------------
----> Rule: 3.2 (com.datio.hammurabi.rules.validity.FormatValidationRule)
----> Subset: None
----> Physical field: g_attributed_event_type
----> Is Critical: true
----> DrillDown: Some()->Some()
----> MinimumThreshold: None
----> TargetThreshold: None
----> Passed records: 8 
----> Total records affected: 8
----> Compliance percentage: 100.0
----> Acceptance Min: None
----> Final status: Passed
----> -------------------------------
----> Rule: 4.2 (com.datio.hammurabi.rules.consistence.DuplicateRule)
----> Subset: None
----> Physical field: 
----> Is Critical: true
----> DrillDown: Some()->Some()
----> MinimumThreshold: None
----> TargetThreshold: None
----> Passed records: 8 
----> Total records affected: 8
----> Compliance percentage: 100.0
----> Acceptance Min: None
----> Final status: Passed
----> -------------------------------
########################################################################################
########                             END OF RESULTS                             ########
########################################################################################

Process finished with exit code 0
",kctd-gl-hmm-qlt-informapplication-01,kctd-gl-hmm-qlt-informapplication-01-WBdTGyME16B4i5V,,Marcos Leon
TRUE,TRUE,,,,293bda262e,,,,,Marcos Leon
TRUE,TRUE,,,,GL_STR_t_kctd_information_application_4.2_000,,,,,Marcos Leon
TRUE,TRUE,t_kctd_attributions,1Q26,https://jira.globaldevtools.bbva.com/browse/DECSCLIENT-4751,293bda273f,"########################################################################################
########                          DATA QUALITY RESULTS                          ########
########################################################################################
--> DATASET
----> ObjectPath: Some(/data/master/kctd/data/t_kctd_attributions)
----> PhysicalObject: t_kctd_attributions
----> UUAA: kctd
----> Subset: None
----> FrequencyRuleExecution: None
----> Dataset size: 8 rows
----> Data date: 1997-01-01
----> Execution date: 2026-02-16 13:32:01.421
--> RESULTS
----> Rule: 3.1 (com.datio.hammurabi.rules.validity.NotNullValidationRule)
----> Subset: None
----> Physical field: g_attributed_event_type
----> Is Critical: true
----> DrillDown: Some()->Some()
----> MinimumThreshold: None
----> TargetThreshold: None
----> Passed records: 8 
----> Total records affected: 8
----> Compliance percentage: 100.0
----> Acceptance Min: None
----> Final status: Passed
----> -------------------------------
----> Rule: 3.2 (com.datio.hammurabi.rules.validity.FormatValidationRule)
----> Subset: None
----> Physical field: g_attributed_event_type
----> Is Critical: true
----> DrillDown: Some()->Some()
----> MinimumThreshold: None
----> TargetThreshold: None
----> Passed records: 8 
----> Total records affected: 8
----> Compliance percentage: 100.0
----> Acceptance Min: None
----> Final status: Passed
----> -------------------------------
----> Rule: 4.2 (com.datio.hammurabi.rules.consistence.DuplicateRule)
----> Subset: None
----> Physical field: 
----> Is Critical: true
----> DrillDown: Some()->Some()
----> MinimumThreshold: None
----> TargetThreshold: None
----> Passed records: 8 
----> Total records affected: 8
----> Compliance percentage: 100.0
----> Acceptance Min: None
----> Final status: Passed
----> -------------------------------
########################################################################################
########                             END OF RESULTS                             ########
########################################################################################

Process finished with exit code 0


",kctd-gl-hmm-qlt-attributionss-01,kctd-gl-hmm-qlt-attributionss-01-ZrGWdgRJJLJjAcQ,,Marcos Leon
TRUE,TRUE,,,,293bda282e,,,,,Marcos Leon
TRUE,TRUE,,,,GL_STR_t_kctd_attributions_4.2_000,,,,,Marcos Leon
TRUE,TRUE,t_kctd_ip_device,1Q26,https://jira.globaldevtools.bbva.com/browse/DECSCLIENT-4753,293bda2d4b,"########################################################################################
########                          DATA QUALITY RESULTS                          ########
########################################################################################
--> DATASET
----> ObjectPath: Some(/data/master/kctd/data/t_kctd_ip_device)
----> PhysicalObject: t_kctd_ip_device
----> UUAA: kctd
----> Subset: None
----> FrequencyRuleExecution: None
----> Dataset size: 8 rows
----> Data date: 1997-01-01
----> Execution date: 2026-02-16 14:12:11.521
--> RESULTS
----> Rule: 3.1 (com.datio.hammurabi.rules.validity.NotNullValidationRule)
----> Subset: None
----> Physical field: g_attributed_event_type
----> Is Critical: true
----> DrillDown: Some()->Some()
----> MinimumThreshold: None
----> TargetThreshold: None
----> Passed records: 8 
----> Total records affected: 8
----> Compliance percentage: 100.0
----> Acceptance Min: None
----> Final status: Passed
----> -------------------------------
----> Rule: 3.2 (com.datio.hammurabi.rules.validity.FormatValidationRule)
----> Subset: None
----> Physical field: g_attributed_event_type
----> Is Critical: true
----> DrillDown: Some()->Some()
----> MinimumThreshold: None
----> TargetThreshold: None
----> Passed records: 8 
----> Total records affected: 8
----> Compliance percentage: 100.0
----> Acceptance Min: None
----> Final status: Passed
----> -------------------------------
----> Rule: 4.2 (com.datio.hammurabi.rules.consistence.DuplicateRule)
----> Subset: None
----> Physical field: 
----> Is Critical: true
----> DrillDown: Some()->Some()
----> MinimumThreshold: None
----> TargetThreshold: None
----> Passed records: 8 
----> Total records affected: 8
----> Compliance percentage: 100.0
----> Acceptance Min: None
----> Final status: Passed
----> -------------------------------
########################################################################################
########                             END OF RESULTS                             ########
########################################################################################

Process finished with exit code 0


",kctd-gl-hmm-qlt-ipdevice-01,kctd-gl-hmm-qlt-ipdevice-01-D79fpw62L9abUXQ,,Marcos Leon
TRUE,TRUE,,,,293bda2e4b,,,,,Marcos Leon
TRUE,TRUE,,,,GL_STR_t_kctd_ip_device_4.2_000,,,,,Marcos Leon
TRUE,TRUE,t_kctd_event_information,1Q26,https://jira.globaldevtools.bbva.com/browse/DECSCLIENT-4755,293bda2f3d,"########################################################################################
########                          DATA QUALITY RESULTS                          ########
########################################################################################
--> DATASET
----> ObjectPath: Some(/data/master/kctd/data/t_kctd_event_information)
----> PhysicalObject: t_kctd_event_information
----> UUAA: kctd
----> Subset: None
----> FrequencyRuleExecution: None
----> Dataset size: 8 rows
----> Data date: 1997-01-01
----> Execution date: 2026-02-16 14:22:54.325
--> RESULTS
----> Rule: 3.1 (com.datio.hammurabi.rules.validity.NotNullValidationRule)
----> Subset: None
----> Physical field: g_attributed_event_type
----> Is Critical: true
----> DrillDown: Some()->Some()
----> MinimumThreshold: None
----> TargetThreshold: None
----> Passed records: 8 
----> Total records affected: 8
----> Compliance percentage: 100.0
----> Acceptance Min: None
----> Final status: Passed
----> -------------------------------
----> Rule: 3.2 (com.datio.hammurabi.rules.validity.FormatValidationRule)
----> Subset: None
----> Physical field: g_attributed_event_type
----> Is Critical: true
----> DrillDown: Some()->Some()
----> MinimumThreshold: None
----> TargetThreshold: None
----> Passed records: 8 
----> Total records affected: 8
----> Compliance percentage: 100.0
----> Acceptance Min: None
----> Final status: Passed
----> -------------------------------
----> Rule: 4.2 (com.datio.hammurabi.rules.consistence.DuplicateRule)
----> Subset: None
----> Physical field: 
----> Is Critical: true
----> DrillDown: Some()->Some()
----> MinimumThreshold: None
----> TargetThreshold: None
----> Passed records: 8 
----> Total records affected: 8
----> Compliance percentage: 100.0
----> Acceptance Min: None
----> Final status: Passed
----> -------------------------------
########################################################################################
########                             END OF RESULTS                             ########
########################################################################################

Process finished with exit code 0

",kctd-gl-hmm-qlt-eventinformationn-01,kctd-gl-hmm-qlt-eventinformationn-01-2Qk9G74iqbtyT8I,,Marcos Leon
TRUE,TRUE,,,,293bda3037,,,,,Marcos Leon
TRUE,TRUE,,,,GL_STR_t_kctd_event_information_4.2_000,,,,,Marcos Leon
TRUE,TRUE,t_kctd_device_information,1Q26,https://jira.globaldevtools.bbva.com/browse/DECSCLIENT-4757,293bda3125,"########################################################################################
########                          DATA QUALITY RESULTS                          ########
########################################################################################
--> DATASET
----> ObjectPath: Some(/data/master/kctd/data/t_kctd_device_information)
----> PhysicalObject: t_kctd_device_information
----> UUAA: kctd
----> Subset: None
----> FrequencyRuleExecution: None
----> Dataset size: 8 rows
----> Data date: 1997-01-01
----> Execution date: 2026-02-16 14:26:27.447
--> RESULTS
----> Rule: 3.1 (com.datio.hammurabi.rules.validity.NotNullValidationRule)
----> Subset: None
----> Physical field: g_attributed_event_type
----> Is Critical: true
----> DrillDown: Some()->Some()
----> MinimumThreshold: None
----> TargetThreshold: None
----> Passed records: 8 
----> Total records affected: 8
----> Compliance percentage: 100.0
----> Acceptance Min: None
----> Final status: Passed
----> -------------------------------
----> Rule: 3.2 (com.datio.hammurabi.rules.validity.FormatValidationRule)
----> Subset: None
----> Physical field: g_attributed_event_type
----> Is Critical: true
----> DrillDown: Some()->Some()
----> MinimumThreshold: None
----> TargetThreshold: None
----> Passed records: 8 
----> Total records affected: 8
----> Compliance percentage: 100.0
----> Acceptance Min: None
----> Final status: Passed
----> -------------------------------
----> Rule: 4.2 (com.datio.hammurabi.rules.consistence.DuplicateRule)
----> Subset: None
----> Physical field: 
----> Is Critical: true
----> DrillDown: Some()->Some()
----> MinimumThreshold: None
----> TargetThreshold: None
----> Passed records: 8 
----> Total records affected: 8
----> Compliance percentage: 100.0
----> Acceptance Min: None
----> Final status: Passed
----> -------------------------------
########################################################################################
########                             END OF RESULTS                             ########
########################################################################################

Process finished with exit code 0

",kctd-gl-hmm-qlt-devicelocation-01,kctd-gl-hmm-qlt-devicelocation-01-3JdshHuT0vdzHwZ,,Marcos Leon
TRUE,TRUE,,,,293bda321a,,,,,Marcos Leon
TRUE,TRUE,,,,GL_STR_t_kctd_device_information_4.2_000,,,,,Marcos Leon
TRUE,TRUE,t_kctd_device_location,1Q26,https://jira.globaldevtools.bbva.com/browse/DECSCLIENT-4759,293bda3308,"########################################################################################
########                          DATA QUALITY RESULTS                          ########
########################################################################################
--> DATASET
----> ObjectPath: Some(/data/master/kctd/data/t_kctd_device_location)
----> PhysicalObject: t_kctd_device_location
----> UUAA: kctd
----> Subset: None
----> FrequencyRuleExecution: None
----> Dataset size: 8 rows
----> Data date: 1997-01-01
----> Execution date: 2026-02-16 14:46:17.877
--> RESULTS
----> Rule: 3.1 (com.datio.hammurabi.rules.validity.NotNullValidationRule)
----> Subset: None
----> Physical field: g_attributed_event_type
----> Is Critical: true
----> DrillDown: Some()->Some()
----> MinimumThreshold: None
----> TargetThreshold: None
----> Passed records: 8 
----> Total records affected: 8
----> Compliance percentage: 100.0
----> Acceptance Min: None
----> Final status: Passed
----> -------------------------------
----> Rule: 3.2 (com.datio.hammurabi.rules.validity.FormatValidationRule)
----> Subset: None
----> Physical field: g_attributed_event_type
----> Is Critical: true
----> DrillDown: Some()->Some()
----> MinimumThreshold: None
----> TargetThreshold: None
----> Passed records: 8 
----> Total records affected: 8
----> Compliance percentage: 100.0
----> Acceptance Min: None
----> Final status: Passed
----> -------------------------------
----> Rule: 4.2 (com.datio.hammurabi.rules.consistence.DuplicateRule)
----> Subset: None
----> Physical field: 
----> Is Critical: true
----> DrillDown: Some()->Some()
----> MinimumThreshold: None
----> TargetThreshold: None
----> Passed records: 8 
----> Total records affected: 8
----> Compliance percentage: 100.0
----> Acceptance Min: None
----> Final status: Passed
----> -------------------------------
########################################################################################
########                             END OF RESULTS                             ########
########################################################################################

Process finished with exit code 0


",kctd-gl-hmm-qlt-devicelocationn-01,kctd-gl-hmm-qlt-devicelocationn-01-F6l2miMCPk8ntwv,,Marcos Leon
TRUE,TRUE,,,,293bda3401,,,,,Marcos Leon
TRUE,TRUE,,,,GL_STR_t_kctd_device_location_4.2_000,,,,,Marcos Leon
TRUE,TRUE,t_katc_burned_collections,1Q26,https://jira.globaldevtools.bbva.com/browse/DECSCLIENT-4782,293e6fc0c1,"########                          DATA QUALITY RESULTS                          ########
########################################################################################
--> DATASET
----> ObjectPath: Some(/data/master/katc/data/t_katc_burned_collections)
----> PhysicalObject: t_katc_burned_collections
----> UUAA: katc
----> Subset: Some(gf_cutoff_date='1997-01-01')
----> FrequencyRuleExecution: None
----> Dataset size: 8 rows
----> Data date: 1997-01-01
----> Execution date: 2026-02-18 12:11:31.31
--> RESULTS
----> Rule: 3.1 (com.datio.hammurabi.rules.validity.NotNullValidationRule)
----> Subset: None
----> Physical field: g_data_source_origin_type
----> Is Critical: true
----> DrillDown: Some()->Some()
----> MinimumThreshold: None
----> TargetThreshold: None
----> Passed records: 8
----> Total records affected: 8
----> Compliance percentage: 100.0
----> Acceptance Min: None
----> Final status: Passed
----> -------------------------------
----> Rule: 3.1 (com.datio.hammurabi.rules.validity.NotNullValidationRule)
----> Subset: None
----> Physical field: g_entity_id
----> Is Critical: true
----> DrillDown: Some()->Some()
----> MinimumThreshold: None
----> TargetThreshold: None
----> Passed records: 8
----> Total records affected: 8
----> Compliance percentage: 100.0
----> Acceptance Min: None
----> Final status: Passed
----> -------------------------------
----> Rule: 3.1 (com.datio.hammurabi.rules.validity.NotNullValidationRule)
----> Subset: None
----> Physical field: g_customer_id
----> Is Critical: true
----> DrillDown: Some()->Some()
----> MinimumThreshold: None
----> TargetThreshold: None
----> Passed records: 8
----> Total records affected: 8
----> Compliance percentage: 100.0
----> Acceptance Min: None
----> Final status: Passed
----> -------------------------------
----> Rule: 3.1 (com.datio.hammurabi.rules.validity.NotNullValidationRule)
----> Subset: None
----> Physical field: g_collection_id
----> Is Critical: true
----> DrillDown: Some()->Some()
----> MinimumThreshold: None
----> TargetThreshold: None
----> Passed records: 8
----> Total records affected: 8
----> Compliance percentage: 100.0
----> Acceptance Min: None
----> Final status: Passed
----> -------------------------------
----> Rule: 3.1 (com.datio.hammurabi.rules.validity.NotNullValidationRule)
----> Subset: None
----> Physical field: g_space_id
----> Is Critical: true
----> DrillDown: Some()->Some()
----> MinimumThreshold: None
----> TargetThreshold: None
----> Passed records: 8
----> Total records affected: 8
----> Compliance percentage: 100.0
----> Acceptance Min: None
----> Final status: Passed
----> -------------------------------
----> Rule: 3.2 (com.datio.hammurabi.rules.validity.FormatValidationRule)
----> Subset: None
----> Physical field: g_data_source_origin_type
----> Is Critical: true
----> DrillDown: Some()->Some()
----> MinimumThreshold: None
----> TargetThreshold: None
----> Passed records: 8
----> Total records affected: 8
----> Compliance percentage: 100.0
----> Acceptance Min: None
----> Final status: Passed
----> -------------------------------
----> Rule: 3.2 (com.datio.hammurabi.rules.validity.FormatValidationRule)
----> Subset: None
----> Physical field: g_entity_id
----> Is Critical: true
----> DrillDown: Some()->Some()
----> MinimumThreshold: None
----> TargetThreshold: None
----> Passed records: 8
----> Total records affected: 8
----> Compliance percentage: 100.0
----> Acceptance Min: None
----> Final status: Passed
----> -------------------------------
----> Rule: 3.2 (com.datio.hammurabi.rules.validity.FormatValidationRule)
----> Subset: None
----> Physical field: g_customer_id
----> Is Critical: true
----> DrillDown: Some()->Some()
----> MinimumThreshold: None
----> TargetThreshold: None
----> Passed records: 8
----> Total records affected: 8
----> Compliance percentage: 100.0
----> Acceptance Min: None
----> Final status: Passed
----> -------------------------------
----> Rule: 3.2 (com.datio.hammurabi.rules.validity.FormatValidationRule)
----> Subset: None
----> Physical field: g_collection_id
----> Is Critical: true
----> DrillDown: Some()->Some()
----> MinimumThreshold: None
----> TargetThreshold: None
----> Passed records: 8
----> Total records affected: 8
----> Compliance percentage: 100.0
----> Acceptance Min: None
----> Final status: Passed
----> -------------------------------
----> Rule: 3.2 (com.datio.hammurabi.rules.validity.FormatValidationRule)
----> Subset: None
----> Physical field: g_space_id
----> Is Critical: true
----> DrillDown: Some()->Some()
----> MinimumThreshold: None
----> TargetThreshold: None
----> Passed records: 8
----> Total records affected: 8
----> Compliance percentage: 100.0
----> Acceptance Min: None
----> Final status: Passed
----> -------------------------------
----> Rule: 4.2 (com.datio.hammurabi.rules.consistence.DuplicateRule)
----> Subset: None
----> Physical field:
----> Is Critical: true
----> DrillDown: Some()->Some()
----> MinimumThreshold: None
----> TargetThreshold: None
----> Passed records: 8
----> Total records affected: 8
----> Compliance percentage: 100.0
----> Acceptance Min: None
----> Final status: Passed
----> -------------------------------
########################################################################################
########                             END OF RESULTS                             ########
########################################################################################",katc-gl-hmm-qlt-burnedcollections-01,katc-gl-hmm-qlt-burnedcollections-01-JqJ0TgC20BoX0r4,,Marcos Leon
TRUE,TRUE,,,,293e6fc144,,,,,Marcos Leon
TRUE,TRUE,,,,293e6fc1da,,,,,Marcos Leon
TRUE,TRUE,,,,293e6fc268,,,,,Marcos Leon
TRUE,TRUE,,,,293e6fc2ee,,,,,Marcos Leon
TRUE,TRUE,,,,293e6fc385,,,,,Marcos Leon
TRUE,TRUE,,,,293e6fc412,,,,,Marcos Leon
TRUE,TRUE,,,,293e6fc4a2,,,,,Marcos Leon
TRUE,TRUE,,,,293e6fc524,,,,,Marcos Leon
TRUE,TRUE,,,,293e6fc5b9,,,,,Marcos Leon
TRUE,TRUE,,,,293e6fc641,,,,,Marcos Leon
TRUE,TRUE,t_g5m3_agg_mlzed_amount,1Q26,https://jira.globaldevtools.bbva.com/browse/DECSCLIENT-4767,G5M3_agg-mlzed-amount_MRField.conf,NA,g5m3-gl-hmm-qlt-aggmzedamonunt-01,g5m3-gl-hmm-qlt-aggmzedamonunt-01-LuVEsQWrJ3gp8dP,,Julen Montes
TRUE,TRUE,,,https://jira.globaldevtools.bbva.com/browse/DECSCLIENT-4767,G5M3_agg-mlzed-amount_SCAT_sustainability-hierarch_MMRule.conf,NA,g5m3-gl-hmm-qlt-aggmlzedamount-02,g5m3-gl-hmm-qlt-aggmlzedamount-02-g0j4JUyReOxKNkm,,Julen Montes
TRUE,TRUE,t_kceg_group_principality_score,1Q26,https://jira.globaldevtools.bbva.com/browse/DECSCLIENT-4841,29418928af,"########################################################################################
########                          DATA QUALITY RESULTS                          ########
########################################################################################
--> DATASET
----> ObjectPath: Some(/data/master/kpan/data/t_kceg_group_principality_score)
----> PhysicalObject: t_kceg_group_principality_score
----> UUAA: kceg
----> Subset: None
----> FrequencyRuleExecution: None
----> Dataset size: 8 rows
----> Data date: 1997-01-01
----> Execution date: 2026-02-24 12:31:08.97
--> RESULTS
----> Rule: 3.1 (com.datio.hammurabi.rules.validity.NotNullValidationRule)
----> Subset: None
----> Physical field: g_entity_id
----> Is Critical: true
----> DrillDown: Some()->Some()
----> MinimumThreshold: None
----> TargetThreshold: None
----> Passed records: 8 
----> Total records affected: 8
----> Compliance percentage: 100.0
----> Acceptance Min: None
----> Final status: Passed
----> -------------------------------
----> Rule: 3.1 (com.datio.hammurabi.rules.validity.NotNullValidationRule)
----> Subset: None
----> Physical field: gf_model_version_id
----> Is Critical: true
----> DrillDown: Some()->Some()
----> MinimumThreshold: None
----> TargetThreshold: None
----> Passed records: 8 
----> Total records affected: 8
----> Compliance percentage: 100.0
----> Acceptance Min: None
----> Final status: Passed
----> -------------------------------
----> Rule: 3.1 (com.datio.hammurabi.rules.validity.NotNullValidationRule)
----> Subset: None
----> Physical field: g_business_entity_id
----> Is Critical: true
----> DrillDown: Some()->Some()
----> MinimumThreshold: None
----> TargetThreshold: None
----> Passed records: 8 
----> Total records affected: 8
----> Compliance percentage: 100.0
----> Acceptance Min: None
----> Final status: Passed
----> -------------------------------
----> Rule: 3.1 (com.datio.hammurabi.rules.validity.NotNullValidationRule)
----> Subset: None
----> Physical field: g_business_entity_ind_type
----> Is Critical: true
----> DrillDown: Some()->Some()
----> MinimumThreshold: None
----> TargetThreshold: None
----> Passed records: 8 
----> Total records affected: 8
----> Compliance percentage: 100.0
----> Acceptance Min: None
----> Final status: Passed
----> -------------------------------
----> Rule: 3.1 (com.datio.hammurabi.rules.validity.NotNullValidationRule)
----> Subset: None
----> Physical field: g_currency_id
----> Is Critical: true
----> DrillDown: Some()->Some()
----> MinimumThreshold: None
----> TargetThreshold: None
----> Passed records: 8 
----> Total records affected: 8
----> Compliance percentage: 100.0
----> Acceptance Min: None
----> Final status: Passed
----> -------------------------------
----> Rule: 3.2 (com.datio.hammurabi.rules.validity.FormatValidationRule)
----> Subset: None
----> Physical field: g_entity_id
----> Is Critical: true
----> DrillDown: Some()->Some()
----> MinimumThreshold: None
----> TargetThreshold: None
----> Passed records: 8 
----> Total records affected: 8
----> Compliance percentage: 100.0
----> Acceptance Min: None
----> Final status: Passed
----> -------------------------------
----> Rule: 3.2 (com.datio.hammurabi.rules.validity.FormatValidationRule)
----> Subset: None
----> Physical field: gf_model_version_id
----> Is Critical: true
----> DrillDown: Some()->Some()
----> MinimumThreshold: None
----> TargetThreshold: None
----> Passed records: 8 
----> Total records affected: 8
----> Compliance percentage: 100.0
----> Acceptance Min: None
----> Final status: Passed
----> -------------------------------
----> Rule: 3.2 (com.datio.hammurabi.rules.validity.FormatValidationRule)
----> Subset: None
----> Physical field: g_business_entity_id
----> Is Critical: true
----> DrillDown: Some()->Some()
----> MinimumThreshold: None
----> TargetThreshold: None
----> Passed records: 8 
----> Total records affected: 8
----> Compliance percentage: 100.0
----> Acceptance Min: None
----> Final status: Passed
----> -------------------------------
----> Rule: 3.2 (com.datio.hammurabi.rules.validity.FormatValidationRule)
----> Subset: None
----> Physical field: g_business_entity_ind_type
----> Is Critical: true
----> DrillDown: Some()->Some()
----> MinimumThreshold: None
----> TargetThreshold: None
----> Passed records: 8 
----> Total records affected: 8
----> Compliance percentage: 100.0
----> Acceptance Min: None
----> Final status: Passed
----> -------------------------------
----> Rule: 3.2 (com.datio.hammurabi.rules.validity.FormatValidationRule)
----> Subset: None
----> Physical field: g_currency_id
----> Is Critical: true
----> DrillDown: Some()->Some()
----> MinimumThreshold: None
----> TargetThreshold: None
----> Passed records: 8 
----> Total records affected: 8
----> Compliance percentage: 100.0
----> Acceptance Min: None
----> Final status: Passed
----> -------------------------------
----> Rule: 4.2 (com.datio.hammurabi.rules.consistence.DuplicateRule)
----> Subset: None
----> Physical field: 
----> Is Critical: true
----> DrillDown: Some()->Some()
----> MinimumThreshold: None
----> TargetThreshold: None
----> Passed records: 8 
----> Total records affected: 8
----> Compliance percentage: 100.0
----> Acceptance Min: None
----> Final status: Passed
----> -------------------------------
########################################################################################
########                             END OF RESULTS                             ########
########################################################################################

Process finished with exit code 0",kceg-gl-hmm-qlt-groupprincpscore-01,kceg-gl-hmm-qlt-groupprincpscore-01-LLeBy62gaeksbd5,,Marcos Leon
TRUE,TRUE,,,,2941892941,,,,,Marcos Leon
TRUE,TRUE,,,,29418929ca,,,,,Marcos Leon
TRUE,TRUE,,,,2941892a55,,,,,Marcos Leon
TRUE,TRUE,,,,2941892ae1,,,,,Marcos Leon
TRUE,TRUE,,,,2941892b6c,,,,,Marcos Leon
TRUE,TRUE,,,,2941892bf8,,,,,Marcos Leon
TRUE,TRUE,,,,2941892c7c,,,,,Marcos Leon
TRUE,TRUE,,,,2941892d0f,,,,,Marcos Leon
TRUE,TRUE,,,,2941892d98,,,,,Marcos Leon
TRUE,TRUE,,,,2941892e1a,,,,,Marcos Leon
TRUE,TRUE,t_kceg_principality_score,1Q26,https://jira.globaldevtools.bbva.com/browse/DECSCLIENT-4843,28f34520a8,"########################################################################################
########                          DATA QUALITY RESULTS                          ########
########################################################################################
--> DATASET
----> ObjectPath: Some(/data/master/kpan/data/t_kceg_principality_score)
----> PhysicalObject: t_kceg_principality_score
----> UUAA: kceg
----> Subset: None
----> FrequencyRuleExecution: None
----> Dataset size: 8 rows
----> Data date: 1997-01-01
----> Execution date: 2026-02-24 12:35:02.632
--> RESULTS
----> Rule: 4.2 (com.datio.hammurabi.rules.consistence.DuplicateRule)
----> Subset: None
----> Physical field: 
----> Is Critical: true
----> DrillDown: Some()->Some()
----> MinimumThreshold: None
----> TargetThreshold: None
----> Passed records: 8 
----> Total records affected: 8
----> Compliance percentage: 100.0
----> Acceptance Min: None
----> Final status: Passed
----> -------------------------------
########################################################################################
########                             END OF RESULTS                             ########
########################################################################################

Process finished with exit code 0
",kceg-gl-hmm-qlt-principalityscore-01,kceg-gl-hmm-qlt-principalityscore-01-7ruKM8LYylBlqv7,,Marcos Leon
TRUE,TRUE,t_kstb_sust_operations_board_cib,1Q26,https://jira.globaldevtools.bbva.com/browse/DECSCLIENT-4875,29420a1dbc,"########################################################################################
########                          DATA QUALITY RESULTS                          ########
########################################################################################
--> DATASET
----> ObjectPath: Some(/data/master/kstb/data/t_kstb_sust_operations_board_cib)
----> PhysicalObject: t_kstb_sust_operations_board_cib
----> UUAA: kstb
----> Subset: None
----> FrequencyRuleExecution: None
----> Dataset size: 8 rows
----> Data date: 1997-01-01
----> Execution date: 2026-02-25 10:46:18.357
--> RESULTS
----> Rule: 3.1 (com.datio.hammurabi.rules.validity.NotNullValidationRule)
----> Subset: None
----> Physical field: gf_source_system_sust_type
----> Is Critical: true
----> DrillDown: Some()->Some()
----> MinimumThreshold: None
----> TargetThreshold: None
----> Passed records: 8 
----> Total records affected: 8
----> Compliance percentage: 100.0
----> Acceptance Min: None
----> Final status: Passed
----> -------------------------------
----> Rule: 3.2 (com.datio.hammurabi.rules.validity.FormatValidationRule)
----> Subset: None
----> Physical field: gf_source_system_sust_type
----> Is Critical: true
----> DrillDown: Some()->Some()
----> MinimumThreshold: None
----> TargetThreshold: None
----> Passed records: 8 
----> Total records affected: 8
----> Compliance percentage: 100.0
----> Acceptance Min: None
----> Final status: Passed
----> -------------------------------
----> Rule: 4.2 (com.datio.hammurabi.rules.consistence.DuplicateRule)
----> Subset: None
----> Physical field: 
----> Is Critical: true
----> DrillDown: Some()->Some()
----> MinimumThreshold: None
----> TargetThreshold: None
----> Passed records: 8 
----> Total records affected: 8
----> Compliance percentage: 100.0
----> Acceptance Min: None
----> Final status: Passed
----> -------------------------------
########################################################################################
########                             END OF RESULTS                             ########
########################################################################################

Process finished with exit code 0",kstb-gl-hmm-qlt-sustoperationsboardcib-01,kstb-gl-hmm-qlt-sustoperationsboardcib-01-YGQiDAGCPUmsT7Z,,Marcos Leon
TRUE,TRUE,,,,29420a1e4b,,,,,Marcos Leon
TRUE,TRUE,,,,2889405ea4,,,,,Marcos Leon
TRUE,TRUE,t_g5m3_agg_mlzed_amount,1Q26,https://jira.globaldevtools.bbva.com/browse/DECSCLIENT-4886,2944a8da05,"########################################################################################
########                          DATA QUALITY RESULTS                          ########
########################################################################################
--> DATASET
----> ObjectPath: Some(/data/master/g5m3/data/t_g5m3_agg_mlzed_amount)
----> PhysicalObject: t_g5m3_agg_mlzed_amount
----> UUAA: g5m3
----> Subset: None
----> FrequencyRuleExecution: None
----> Dataset size: 8 rows
----> Data date: 1997-01-01
----> Execution date: 2026-03-02 15:21:48.458
--> RESULTS
----> Rule: 3.1 (com.datio.hammurabi.rules.validity.NotNullValidationRule)
----> Subset: None
----> Physical field: g_customer_id
----> Is Critical: true
----> DrillDown: Some()->Some()
----> MinimumThreshold: None
----> TargetThreshold: None
----> Passed records: 8 
----> Total records affected: 8
----> Compliance percentage: 100.0
----> Acceptance Min: None
----> Final status: Passed
----> -------------------------------
----> Rule: 3.2 (com.datio.hammurabi.rules.validity.FormatValidationRule)
----> Subset: None
----> Physical field: g_customer_id
----> Is Critical: true
----> DrillDown: Some()->Some()
----> MinimumThreshold: None
----> TargetThreshold: None
----> Passed records: 8 
----> Total records affected: 8
----> Compliance percentage: 100.0
----> Acceptance Min: None
----> Final status: Passed
----> -------------------------------
----> Rule: 4.2 (com.datio.hammurabi.rules.consistence.DuplicateRule)
----> Subset: None
----> Physical field: 
----> Is Critical: true
----> DrillDown: Some()->Some()
----> MinimumThreshold: None
----> TargetThreshold: None
----> Passed records: 8 
----> Total records affected: 8
----> Compliance percentage: 100.0
----> Acceptance Min: None
----> Final status: Passed
----> -------------------------------
########################################################################################
########                             END OF RESULTS                             ########
########################################################################################

Process finished with exit code 0",g5m3-gl-hmm-qlt-aggmzedamonunt-01,g5m3-gl-hmm-qlt-aggmzedamonunt-01-phkdBiBYSp5NxVJ,,Marcos Leon
TRUE,TRUE,,,,2944a8da97,,,,,Marcos Leon
TRUE,TRUE,,,,287b3bd19d,,,,,Marcos Leon
TRUE,TRUE,t_kszg_trnslty_by_channel,1Q26,https://jira.globaldevtools.bbva.com/browse/DECSCLIENT-4894,294537d1a2,"########################################################################################
########                          DATA QUALITY RESULTS                          ########
########################################################################################
--> DATASET
----> ObjectPath: Some(/data/master/kszg/data/t_kszg_trnslty_by_channel)
----> PhysicalObject: t_kszg_trnslty_by_channel
----> UUAA: kszg
----> Subset: None
----> FrequencyRuleExecution: None
----> Dataset size: 8 rows
----> Data date: 1997-01-01
----> Execution date: 2026-03-03 15:45:41.234
--> RESULTS
----> Rule: 3.1 (com.datio.hammurabi.rules.validity.NotNullValidationRule)
----> Subset: None
----> Physical field: gf_specific_trans_id
----> Is Critical: true
----> DrillDown: Some()->Some()
----> MinimumThreshold: None
----> TargetThreshold: None
----> Passed records: 8 
----> Total records affected: 8
----> Compliance percentage: 100.0
----> Acceptance Min: None
----> Final status: Passed
----> -------------------------------
----> Rule: 3.2 (com.datio.hammurabi.rules.validity.FormatValidationRule)
----> Subset: None
----> Physical field: gf_specific_trans_id
----> Is Critical: true
----> DrillDown: Some()->Some()
----> MinimumThreshold: None
----> TargetThreshold: None
----> Passed records: 8 
----> Total records affected: 8
----> Compliance percentage: 100.0
----> Acceptance Min: None
----> Final status: Passed
----> -------------------------------
----> Rule: 4.2 (com.datio.hammurabi.rules.consistence.DuplicateRule)
----> Subset: None
----> Physical field: 
----> Is Critical: true
----> DrillDown: Some()->Some()
----> MinimumThreshold: None
----> TargetThreshold: None
----> Passed records: 8 
----> Total records affected: 8
----> Compliance percentage: 100.0
----> Acceptance Min: None
----> Final status: Passed
----> -------------------------------
########################################################################################
########                             END OF RESULTS                             ########
########################################################################################

Process finished with exit code 0
",kszg-gl-hmm-qlt-trnsltybychannel-01,kszg-gl-hmm-qlt-trnsltybychannel-01-USuGa1W1GeUikuS,,Marcos Leon
TRUE,TRUE,,,,294537d29a,,,,,Marcos Leon
TRUE,TRUE,,,,GL_STR_t_kszg_trnslty_by_channel_4.2_000,,,,,Marcos Leon
TRUE,TRUE,,,,DEL-GL_MVP_t_kszg_trnslty_by_channel_3.1_012,,,,,Marcos Leon
TRUE,TRUE,,,,DEL-GL_MVP_t_kszg_trnslty_by_channel_3.2_012,,,,,Marcos Leon
TRUE,TRUE,t_tlhr_complaints_claims,1Q26,NA,TLHR_complaints-claims_MRObject.conf,NA,tlhr-gl-hmm-qlt-complaintsclaimsobjct-01,tlhr-gl-hmm-qlt-complaintsclaimsobjct-01-p11BYBzDLDUQ1PM,,
TRUE,TRUE,t_kszg_unavail_serv_cust,1Q26,https://jira.globaldevtools.bbva.com/browse/DECSCLIENT-4897,2945a6a5a5,"########################################################################################
########                          DATA QUALITY RESULTS                          ########
########################################################################################
--> DATASET
----> ObjectPath: Some(/data/master/kszg/data/t_kszg_unavail_serv_cust)
----> PhysicalObject: t_kszg_unavail_serv_cust
----> UUAA: kszg
----> Subset: None
----> FrequencyRuleExecution: None
----> Dataset size: 8 rows
----> Data date: 1997-01-01
----> Execution date: 2026-03-05 12:35:41.234
--> RESULTS
----> Rule: 3.1 (com.datio.hammurabi.rules.validity.NotNullValidationRule)
----> Subset: None
----> Physical field: g_country_id
----> Is Critical: true
----> DrillDown: Some()->Some()
----> MinimumThreshold: None
----> TargetThreshold: None
----> Passed records: 8 
----> Total records affected: 8
----> Compliance percentage: 100.0
----> Acceptance Min: None
----> Final status: Passed
----> -------------------------------
----> Rule: 3.1 (com.datio.hammurabi.rules.validity.NotNullValidationRule)
----> Subset: None
----> Physical field: gf_access_channel_id
----> Is Critical: true
----> DrillDown: Some()->Some()
----> MinimumThreshold: None
----> TargetThreshold: None
----> Passed records: 8 
----> Total records affected: 8
----> Compliance percentage: 100.0
----> Acceptance Min: None
----> Final status: Passed
----> -------------------------------
----> Rule: 3.1 (com.datio.hammurabi.rules.validity.NotNullValidationRule)
----> Subset: None
----> Physical field: gf_aap_id
----> Is Critical: true
----> DrillDown: Some()->Some()
----> MinimumThreshold: None
----> TargetThreshold: None
----> Passed records: 8 
----> Total records affected: 8
----> Compliance percentage: 100.0
----> Acceptance Min: None
----> Final status: Passed
----> -------------------------------
----> Rule: 3.1 (com.datio.hammurabi.rules.validity.NotNullValidationRule)
----> Subset: None
----> Physical field: g_customer_id
----> Is Critical: true
----> DrillDown: Some()->Some()
----> MinimumThreshold: None
----> TargetThreshold: None
----> Passed records: 8 
----> Total records affected: 8
----> Compliance percentage: 100.0
----> Acceptance Min: None
----> Final status: Passed
----> -------------------------------
----> Rule: 3.1 (com.datio.hammurabi.rules.validity.NotNullValidationRule)
----> Subset: None
----> Physical field: g_customer_id
----> Is Critical: true
----> DrillDown: Some()->Some()
----> MinimumThreshold: None
----> TargetThreshold: None
----> Passed records: 8 
----> Total records affected: 8
----> Compliance percentage: 100.0
----> Acceptance Min: None
----> Final status: Passed
----> -------------------------------
----> Rule: 3.2 (com.datio.hammurabi.rules.validity.FormatValidationRule)
----> Subset: None
----> Physical field: gf_affected_operation_id
----> Is Critical: true
----> DrillDown: Some()->Some()
----> MinimumThreshold: None
----> TargetThreshold: None
----> Passed records: 8 
----> Total records affected: 8
----> Compliance percentage: 100.0
----> Acceptance Min: None
----> Final status: Passed
----> -------------------------------
----> Rule: 3.2 (com.datio.hammurabi.rules.validity.FormatValidationRule)
----> Subset: None
----> Physical field: g_country_id
----> Is Critical: true
----> DrillDown: Some()->Some()
----> MinimumThreshold: None
----> TargetThreshold: None
----> Passed records: 8 
----> Total records affected: 8
----> Compliance percentage: 100.0
----> Acceptance Min: None
----> Final status: Passed
----> -------------------------------
----> Rule: 3.2 (com.datio.hammurabi.rules.validity.FormatValidationRule)
----> Subset: None
----> Physical field: gf_access_channel_id
----> Is Critical: true
----> DrillDown: Some()->Some()
----> MinimumThreshold: None
----> TargetThreshold: None
----> Passed records: 8 
----> Total records affected: 8
----> Compliance percentage: 100.0
----> Acceptance Min: None
----> Final status: Passed
----> -------------------------------
----> Rule: 3.2 (com.datio.hammurabi.rules.validity.FormatValidationRule)
----> Subset: None
----> Physical field: gf_aap_id
----> Is Critical: true
----> DrillDown: Some()->Some()
----> MinimumThreshold: None
----> TargetThreshold: None
----> Passed records: 8 
----> Total records affected: 8
----> Compliance percentage: 100.0
----> Acceptance Min: None
----> Final status: Passed
----> -------------------------------
----> Rule: 3.2 (com.datio.hammurabi.rules.validity.FormatValidationRule)
----> Subset: None
----> Physical field: g_customer_id
----> Is Critical: true
----> DrillDown: Some()->Some()
----> MinimumThreshold: None
----> TargetThreshold: None
----> Passed records: 8 
----> Total records affected: 8
----> Compliance percentage: 100.0
----> Acceptance Min: None
----> Final status: Passed
----> -------------------------------
----> Rule: 4.2 (com.datio.hammurabi.rules.consistence.DuplicateRule)
----> Subset: None
----> Physical field: 
----> Is Critical: true
----> DrillDown: Some()->Some()
----> MinimumThreshold: None
----> TargetThreshold: None
----> Passed records: 8 
----> Total records affected: 8
----> Compliance percentage: 100.0
----> Acceptance Min: None
----> Final status: Passed
----> -------------------------------
########################################################################################
########                             END OF RESULTS                             ########
########################################################################################

Process finished with exit code 0
",kszg-gl-hmm-qlt-unavailservcust-01,kszg-gl-hmm-qlt-unavailservcust-01-aUa4uhbLaaacizP,,Marcos Leon
TRUE,TRUE,,,,2945a6a63a,,,,,Marcos Leon
TRUE,TRUE,,,,2945a6a6c0,,,,,Marcos Leon
TRUE,TRUE,,,,2945a6a75b,,,,,Marcos Leon
TRUE,TRUE,,,,2945a6a855,,,,,Marcos Leon
TRUE,TRUE,,,,2945a6a932,,,,,Marcos Leon
TRUE,TRUE,,,,2945a6aa25,,,,,Marcos Leon
TRUE,TRUE,,,,2945a6aabe,,,,,Marcos Leon
TRUE,TRUE,,,,2945a6ab50,,,,,Marcos Leon
TRUE,TRUE,,,,2945a6abf2,,,,,Marcos Leon
TRUE,TRUE,,,,2945a6ac80,,,,,Marcos Leon
TRUE,TRUE,t_kszg_cust_digital_access,1Q26,https://jira.globaldevtools.bbva.com/browse/DECSCLIENT-4899,2945a6acf8,"########################################################################################
########                          DATA QUALITY RESULTS                          ########
########################################################################################
--> DATASET
----> ObjectPath: Some(/data/master/kszg/data/t_kszg_cust_digital_access)
----> PhysicalObject: t_kszg_cust_digital_access
----> UUAA: kszg
----> Subset: None
----> FrequencyRuleExecution: None
----> Dataset size: 8 rows
----> Data date: 1997-01-01
----> Execution date: 2026-03-05 12:37:44.125
--> RESULTS
----> Rule: 3.1 (com.datio.hammurabi.rules.validity.NotNullValidationRule)
----> Subset: None
----> Physical field: g_country_id
----> Is Critical: true
----> DrillDown: Some()->Some()
----> MinimumThreshold: None
----> TargetThreshold: None
----> Passed records: 8 
----> Total records affected: 8
----> Compliance percentage: 100.0
----> Acceptance Min: None
----> Final status: Passed
----> -------------------------------
----> Rule: 3.1 (com.datio.hammurabi.rules.validity.NotNullValidationRule)
----> Subset: None
----> Physical field: gf_access_channel_id
----> Is Critical: true
----> DrillDown: Some()->Some()
----> MinimumThreshold: None
----> TargetThreshold: None
----> Passed records: 8 
----> Total records affected: 8
----> Compliance percentage: 100.0
----> Acceptance Min: None
----> Final status: Passed
----> -------------------------------
----> Rule: 3.2 (com.datio.hammurabi.rules.validity.FormatValidationRule)
----> Subset: None
----> Physical field: gf_access_channel_id
----> Is Critical: true
----> DrillDown: Some()->Some()
----> MinimumThreshold: None
----> TargetThreshold: None
----> Passed records: 8 
----> Total records affected: 8
----> Compliance percentage: 100.0
----> Acceptance Min: None
----> Final status: Passed
----> -------------------------------
----> Rule: 3.2 (com.datio.hammurabi.rules.validity.FormatValidationRule)
----> Subset: None
----> Physical field: g_country_id
----> Is Critical: true
----> DrillDown: Some()->Some()
----> MinimumThreshold: None
----> TargetThreshold: None
----> Passed records: 8 
----> Total records affected: 8
----> Compliance percentage: 100.0
----> Acceptance Min: None
----> Final status: Passed
----> -------------------------------
----> Rule: 4.2 (com.datio.hammurabi.rules.consistence.DuplicateRule)
----> Subset: None
----> Physical field: 
----> Is Critical: true
----> DrillDown: Some()->Some()
----> MinimumThreshold: None
----> TargetThreshold: None
----> Passed records: 8 
----> Total records affected: 8
----> Compliance percentage: 100.0
----> Acceptance Min: None
----> Final status: Passed
----> -------------------------------
########################################################################################
########                             END OF RESULTS                             ########
########################################################################################

Process finished with exit code 0",kszg-gl-hmm-qlt-custdigacces-01,kszg-gl-hmm-qlt-custdigacces-01-D43kBNeI7wfMQCS,,Marcos Leon
TRUE,TRUE,,,,2945a6ad9e,,,,,Marcos Leon
TRUE,TRUE,,,,2945a6ae2a,,,,,Marcos Leon
TRUE,TRUE,,,,2945a6aebc,,,,,Marcos Leon
TRUE,TRUE,,,,2945a6afad,,,,,Marcos Leon
TRUE,TRUE,t_kceg_customer_products,1Q26,NA,GL_STR_t_kceg_customer_products_4.3_002,NA,kceg-gl-hmm-qlt-customerproductseom-01,NA,,Aitor Garcia
TRUE,TRUE,t_kcdg_graph_nodes,1Q26,https://jira.globaldevtools.bbva.com/browse/DECSCLIENT-5010,277e947aed,NA,kcdg-gl-hmm-qlt-graphnodes-02,kcdg-gl-hmm-qlt-graphnodes-02-C9fYq6p8QHhjj9d,,Marcos Leon
TRUE,TRUE,t_g5m3_agg_mlzed_amount,1Q26,https://jira.globaldevtools.bbva.com/browse/DECSCLIENT-4886,287b3bd0f4,NA,g5m3-gl-hmm-qlt-aggmzedamonunt-01,g5m3-gl-hmm-qlt-aggmzedamonunt-01-X7cBJZ50Sqfk8yQ,,Marcos Leon
TRUE,TRUE,t_j7il_notification_type,1Q26,https://jira.globaldevtools.bbva.com/browse/DECSCLIENT-5029,294bd38eef,"########################################################################################
########                          DATA QUALITY RESULTS                          ########
########################################################################################
--> DATASET
----> ObjectPath: Some(/data/master/j7il/data/t_j7il_notification_type)
----> PhysicalObject: t_j7il_notification_type
----> UUAA: j7il
----> Subset: None
----> FrequencyRuleExecution: None
----> Dataset size: 8 rows
----> Data date: 1997-01-01
----> Execution date: 2026-03-16 12:37:44.125
--> RESULTS
----> Rule: 3.1 (com.datio.hammurabi.rules.validity.NotNullValidationRule)
----> Subset: None
----> Physical field: g_notification_type_id
----> Is Critical: true
----> DrillDown: Some()->Some()
----> MinimumThreshold: None
----> TargetThreshold: None
----> Passed records: 8 
----> Total records affected: 8
----> Compliance percentage: 100.0
----> Acceptance Min: None
----> Final status: Passed
----> -------------------------------
----> Rule: 3.2 (com.datio.hammurabi.rules.validity.FormatValidationRule)
----> Subset: None
----> Physical field: g_notification_type_id
----> Is Critical: true
----> DrillDown: Some()->Some()
----> MinimumThreshold: None
----> TargetThreshold: None
----> Passed records: 8 
----> Total records affected: 8
----> Compliance percentage: 100.0
----> Acceptance Min: None
----> Final status: Passed
----> -------------------------------
----> Rule: 4.2 (com.datio.hammurabi.rules.consistence.DuplicateRule)
----> Subset: None
----> Physical field: 
----> Is Critical: true
----> DrillDown: Some()->Some()
----> MinimumThreshold: None
----> TargetThreshold: None
----> Passed records: 8 
----> Total records affected: 8
----> Compliance percentage: 100.0
----> Acceptance Min: None
----> Final status: Passed
----> -------------------------------
########################################################################################
########                             END OF RESULTS                             ########
########################################################################################

Process finished with exit code 0",j7il-gl-hmm-qlt-notificationtype-01,j7il-gl-hmm-qlt-notificationtype-01-4eWnucFRDHv3Np9,,Marcos Leon
TRUE,TRUE,,,,294bd38f86,,,,,Marcos Leon
TRUE,TRUE,,,,294bd39010,,,,,Marcos Leon
TRUE,TRUE,t_j7il_notifications,1Q26,https://jira.globaldevtools.bbva.com/browse/DECSCLIENT-5032,294bd3907c,"########################################################################################
########                          DATA QUALITY RESULTS                          ########
########################################################################################
--> DATASET
----> ObjectPath: Some(/data/master/j7il/data/t_j7il_notifications)
----> PhysicalObject: t_j7il_notifications
----> UUAA: j7il
----> Subset: None
----> FrequencyRuleExecution: None
----> Dataset size: 8 rows
----> Data date: 1997-01-01
----> Execution date: 2026-03-16 12:45:33.178
--> RESULTS
----> Rule: 3.1 (com.datio.hammurabi.rules.validity.NotNullValidationRule)
----> Subset: None
----> Physical field: g_notification_id
----> Is Critical: true
----> DrillDown: Some()->Some()
----> MinimumThreshold: None
----> TargetThreshold: None
----> Passed records: 8 
----> Total records affected: 8
----> Compliance percentage: 100.0
----> Acceptance Min: None
----> Final status: Passed
----> -------------------------------
----> Rule: 3.2 (com.datio.hammurabi.rules.validity.FormatValidationRule)
----> Subset: None
----> Physical field: g_notification_id
----> Is Critical: true
----> DrillDown: Some()->Some()
----> MinimumThreshold: None
----> TargetThreshold: None
----> Passed records: 8 
----> Total records affected: 8
----> Compliance percentage: 100.0
----> Acceptance Min: None
----> Final status: Passed
----> -------------------------------
----> Rule: 4.2 (com.datio.hammurabi.rules.consistence.DuplicateRule)
----> Subset: None
----> Physical field: 
----> Is Critical: true
----> DrillDown: Some()->Some()
----> MinimumThreshold: None
----> TargetThreshold: None
----> Passed records: 8 
----> Total records affected: 8
----> Compliance percentage: 100.0
----> Acceptance Min: None
----> Final status: Passed
----> -------------------------------
########################################################################################
########                             END OF RESULTS                             ########
########################################################################################

Process finished with exit code 0",j7il-gl-hmm-qlt-notifications-01,j7il-gl-hmm-qlt-notifications-01-HzFiixKwgxA9YIB,,Marcos Leon
TRUE,TRUE,,,,294bd39119,,,,,Marcos Leon
TRUE,TRUE,,,,294bd3919c,,,,,Marcos Leon
TRUE,TRUE,t_j7il_email_notifications,1Q26,https://jira.globaldevtools.bbva.com/browse/DECSCLIENT-5034,294bd3920b,"########################################################################################
########                          DATA QUALITY RESULTS                          ########
########################################################################################
--> DATASET
----> ObjectPath: Some(/data/master/j7il/data/t_j7il_email_notifications)
----> PhysicalObject: t_j7il_email_notifications
----> UUAA: j7il
----> Subset: None
----> FrequencyRuleExecution: None
----> Dataset size: 8 rows
----> Data date: 1997-01-01
----> Execution date: 2026-03-16 12:47:02.178
--> RESULTS
----> Rule: 3.1 (com.datio.hammurabi.rules.validity.NotNullValidationRule)
----> Subset: None
----> Physical field: g_notification_id
----> Is Critical: true
----> DrillDown: Some()->Some()
----> MinimumThreshold: None
----> TargetThreshold: None
----> Passed records: 8 
----> Total records affected: 8
----> Compliance percentage: 100.0
----> Acceptance Min: None
----> Final status: Passed
----> -------------------------------
----> Rule: 3.1 (com.datio.hammurabi.rules.validity.NotNullValidationRule)
----> Subset: None
----> Physical field: gf_notification_user_id
----> Is Critical: true
----> DrillDown: Some()->Some()
----> MinimumThreshold: None
----> TargetThreshold: None
----> Passed records: 8 
----> Total records affected: 8
----> Compliance percentage: 100.0
----> Acceptance Min: None
----> Final status: Passed
----> -------------------------------
----> Rule: 3.2 (com.datio.hammurabi.rules.validity.FormatValidationRule)
----> Subset: None
----> Physical field: g_notification_id
----> Is Critical: true
----> DrillDown: Some()->Some()
----> MinimumThreshold: None
----> TargetThreshold: None
----> Passed records: 8 
----> Total records affected: 8
----> Compliance percentage: 100.0
----> Acceptance Min: None
----> Final status: Passed
----> -------------------------------
----> Rule: 3.2 (com.datio.hammurabi.rules.validity.FormatValidationRule)
----> Subset: None
----> Physical field: gf_notification_user_id
----> Is Critical: true
----> DrillDown: Some()->Some()
----> MinimumThreshold: None
----> TargetThreshold: None
----> Passed records: 8 
----> Total records affected: 8
----> Compliance percentage: 100.0
----> Acceptance Min: None
----> Final status: Passed
----> -------------------------------
----> Rule: 4.2 (com.datio.hammurabi.rules.consistence.DuplicateRule)
----> Subset: None
----> Physical field: 
----> Is Critical: true
----> DrillDown: Some()->Some()
----> MinimumThreshold: None
----> TargetThreshold: None
----> Passed records: 8 
----> Total records affected: 8
----> Compliance percentage: 100.0
----> Acceptance Min: None
----> Final status: Passed
----> -------------------------------
########################################################################################
########                             END OF RESULTS                             ########
########################################################################################

Process finished with exit code 0",j7il-gl-hmm-qlt-emailnotifications-01,j7il-gl-hmm-qlt-emailnotifications-01-JvYrw5TlaOdJbhW,,Marcos Leon
TRUE,TRUE,,,,294bd392a6,,,,,Marcos Leon
TRUE,TRUE,,,,294bd3932f,,,,,Marcos Leon
TRUE,TRUE,,,,294bd393da,,,,,Marcos Leon
TRUE,TRUE,,,,294bd39467,,,,,Marcos Leon
TRUE,TRUE,t_j7il_push_notifications,1Q26,https://jira.globaldevtools.bbva.com/browse/DECSCLIENT-5036,294bd394de,"########################################################################################
########                          DATA QUALITY RESULTS                          ########
########################################################################################
--> DATASET
----> ObjectPath: Some(/data/master/j7il/data/t_j7il_push_notifications)
----> PhysicalObject: t_j7il_push_notifications
----> UUAA: j7il
----> Subset: None
----> FrequencyRuleExecution: None
----> Dataset size: 8 rows
----> Data date: 1997-01-01
----> Execution date: 2026-03-16 12:49:42.147
--> RESULTS
----> Rule: 3.1 (com.datio.hammurabi.rules.validity.NotNullValidationRule)
----> Subset: None
----> Physical field: g_notification_id
----> Is Critical: true
----> DrillDown: Some()->Some()
----> MinimumThreshold: None
----> TargetThreshold: None
----> Passed records: 8 
----> Total records affected: 8
----> Compliance percentage: 100.0
----> Acceptance Min: None
----> Final status: Passed
----> -------------------------------
----> Rule: 3.1 (com.datio.hammurabi.rules.validity.NotNullValidationRule)
----> Subset: None
----> Physical field: g_device_id
----> Is Critical: true
----> DrillDown: Some()->Some()
----> MinimumThreshold: None
----> TargetThreshold: None
----> Passed records: 8 
----> Total records affected: 8
----> Compliance percentage: 100.0
----> Acceptance Min: None
----> Final status: Passed
----> -------------------------------
----> Rule: 3.2 (com.datio.hammurabi.rules.validity.FormatValidationRule)
----> Subset: None
----> Physical field: g_notification_id
----> Is Critical: true
----> DrillDown: Some()->Some()
----> MinimumThreshold: None
----> TargetThreshold: None
----> Passed records: 8 
----> Total records affected: 8
----> Compliance percentage: 100.0
----> Acceptance Min: None
----> Final status: Passed
----> -------------------------------
----> Rule: 3.2 (com.datio.hammurabi.rules.validity.FormatValidationRule)
----> Subset: None
----> Physical field: g_device_id
----> Is Critical: true
----> DrillDown: Some()->Some()
----> MinimumThreshold: None
----> TargetThreshold: None
----> Passed records: 8 
----> Total records affected: 8
----> Compliance percentage: 100.0
----> Acceptance Min: None
----> Final status: Passed
----> -------------------------------
----> Rule: 4.2 (com.datio.hammurabi.rules.consistence.DuplicateRule)
----> Subset: None
----> Physical field: 
----> Is Critical: true
----> DrillDown: Some()->Some()
----> MinimumThreshold: None
----> TargetThreshold: None
----> Passed records: 8 
----> Total records affected: 8
----> Compliance percentage: 100.0
----> Acceptance Min: None
----> Final status: Passed
----> -------------------------------
########################################################################################
########                             END OF RESULTS                             ########
########################################################################################

Process finished with exit code 0",j7il-gl-hmm-qlt-pushnotifications-01,j7il-gl-hmm-qlt-pushnotifications-01-Ei28h9gpAlGAeMx,,Marcos Leon
TRUE,TRUE,,,,294bd3957d,,,,,Marcos Leon
TRUE,TRUE,,,,294bd39610,,,,,Marcos Leon
TRUE,TRUE,,,,294bd396bd,,,,,Marcos Leon
TRUE,TRUE,,,,294bd3973d,,,,,Marcos Leon
TRUE,TRUE,t_j7il_sms_notifications,1Q26,https://jira.globaldevtools.bbva.com/browse/DECSCLIENT-5039,294bd397a9,"########################################################################################
########                          DATA QUALITY RESULTS                          ########
########################################################################################
--> DATASET
----> ObjectPath: Some(/data/master/j7il/data/t_j7il_sms_notifications)
----> PhysicalObject: t_j7il_sms_notifications
----> UUAA: j7il
----> Subset: None
----> FrequencyRuleExecution: None
----> Dataset size: 8 rows
----> Data date: 1997-01-01
----> Execution date: 2026-03-16 12:52:44.527
--> RESULTS
----> Rule: 3.1 (com.datio.hammurabi.rules.validity.NotNullValidationRule)
----> Subset: None
----> Physical field: g_notification_id
----> Is Critical: true
----> DrillDown: Some()->Some()
----> MinimumThreshold: None
----> TargetThreshold: None
----> Passed records: 8 
----> Total records affected: 8
----> Compliance percentage: 100.0
----> Acceptance Min: None
----> Final status: Passed
----> -------------------------------
----> Rule: 3.1 (com.datio.hammurabi.rules.validity.NotNullValidationRule)
----> Subset: None
----> Physical field: gf_notification_user_id
----> Is Critical: true
----> DrillDown: Some()->Some()
----> MinimumThreshold: None
----> TargetThreshold: None
----> Passed records: 8 
----> Total records affected: 8
----> Compliance percentage: 100.0
----> Acceptance Min: None
----> Final status: Passed
----> -------------------------------
----> Rule: 3.2 (com.datio.hammurabi.rules.validity.FormatValidationRule)
----> Subset: None
----> Physical field: g_notification_id
----> Is Critical: true
----> DrillDown: Some()->Some()
----> MinimumThreshold: None
----> TargetThreshold: None
----> Passed records: 8 
----> Total records affected: 8
----> Compliance percentage: 100.0
----> Acceptance Min: None
----> Final status: Passed
----> -------------------------------
----> Rule: 3.2 (com.datio.hammurabi.rules.validity.FormatValidationRule)
----> Subset: None
----> Physical field: gf_notification_user_id
----> Is Critical: true
----> DrillDown: Some()->Some()
----> MinimumThreshold: None
----> TargetThreshold: None
----> Passed records: 8 
----> Total records affected: 8
----> Compliance percentage: 100.0
----> Acceptance Min: None
----> Final status: Passed
----> -------------------------------
----> Rule: 4.2 (com.datio.hammurabi.rules.consistence.DuplicateRule)
----> Subset: None
----> Physical field: 
----> Is Critical: true
----> DrillDown: Some()->Some()
----> MinimumThreshold: None
----> TargetThreshold: None
----> Passed records: 8 
----> Total records affected: 8
----> Compliance percentage: 100.0
----> Acceptance Min: None
----> Final status: Passed
----> -------------------------------
########################################################################################
########                             END OF RESULTS                             ########
########################################################################################

Process finished with exit code 0
",j7il-gl-hmm-qlt-smsnotifications-01,j7il-gl-hmm-qlt-smsnotifications-01-bzef6P9hRMeFtdh,,Marcos Leon
TRUE,TRUE,,,,294bd39832,,,,,Marcos Leon
TRUE,TRUE,,,,294bd398ba,,,,,Marcos Leon
TRUE,TRUE,,,,294bd3993f,,,,,Marcos Leon
TRUE,TRUE,,,,294bd399c3,,,,,Marcos Leon
TRUE,TRUE,t_j7il_webpush_notifications,1Q26,https://jira.globaldevtools.bbva.com/browse/DECSCLIENT-5041,294bd39a2e,"########################################################################################
########                          DATA QUALITY RESULTS                          ########
########################################################################################
--> DATASET
----> ObjectPath: Some(/data/master/j7il/data/t_j7il_webpush_notifications)
----> PhysicalObject: t_j7il_webpush_notifications
----> UUAA: j7il
----> Subset: None
----> FrequencyRuleExecution: None
----> Dataset size: 8 rows
----> Data date: 1997-01-01
----> Execution date: 2026-03-16 12:53:44.527
--> RESULTS
----> Rule: 3.1 (com.datio.hammurabi.rules.validity.NotNullValidationRule)
----> Subset: None
----> Physical field: g_notification_id
----> Is Critical: true
----> DrillDown: Some()->Some()
----> MinimumThreshold: None
----> TargetThreshold: None
----> Passed records: 8 
----> Total records affected: 8
----> Compliance percentage: 100.0
----> Acceptance Min: None
----> Final status: Passed
----> -------------------------------
----> Rule: 3.1 (com.datio.hammurabi.rules.validity.NotNullValidationRule)
----> Subset: None
----> Physical field: gf_web_app_id
----> Is Critical: true
----> DrillDown: Some()->Some()
----> MinimumThreshold: None
----> TargetThreshold: None
----> Passed records: 8 
----> Total records affected: 8
----> Compliance percentage: 100.0
----> Acceptance Min: None
----> Final status: Passed
----> -------------------------------
----> Rule: 3.2 (com.datio.hammurabi.rules.validity.FormatValidationRule)
----> Subset: None
----> Physical field: g_notification_id
----> Is Critical: true
----> DrillDown: Some()->Some()
----> MinimumThreshold: None
----> TargetThreshold: None
----> Passed records: 8 
----> Total records affected: 8
----> Compliance percentage: 100.0
----> Acceptance Min: None
----> Final status: Passed
----> -------------------------------
----> Rule: 3.2 (com.datio.hammurabi.rules.validity.FormatValidationRule)
----> Subset: None
----> Physical field: gf_web_app_id
----> Is Critical: true
----> DrillDown: Some()->Some()
----> MinimumThreshold: None
----> TargetThreshold: None
----> Passed records: 8 
----> Total records affected: 8
----> Compliance percentage: 100.0
----> Acceptance Min: None
----> Final status: Passed
----> -------------------------------
----> Rule: 4.2 (com.datio.hammurabi.rules.consistence.DuplicateRule)
----> Subset: None
----> Physical field: 
----> Is Critical: true
----> DrillDown: Some()->Some()
----> MinimumThreshold: None
----> TargetThreshold: None
----> Passed records: 8 
----> Total records affected: 8
----> Compliance percentage: 100.0
----> Acceptance Min: None
----> Final status: Passed
----> -------------------------------
########################################################################################
########                             END OF RESULTS                             ########
########################################################################################

Process finished with exit code 0

",j7il-gl-hmm-qlt-webpushnotifications-01,j7il-gl-hmm-qlt-webpushnotifications-01-yyxeug75Ndv7DM0,,Marcos Leon
TRUE,TRUE,,,,294bd39abc,,,,,Marcos Leon
TRUE,TRUE,,,,294bd39b41,,,,,Marcos Leon
TRUE,TRUE,,,,294bd39bc9,,,,,Marcos Leon
TRUE,TRUE,,,,294bd39c4f,,,,,Marcos Leon
TRUE,FALSE,t_kszg_trnslty_by_channel,1Q26,https://jira.globaldevtools.bbva.com/browse/DECSCLIENT-5149,KSZG_trnslty-by-channel_MRField.conf,NA,kszg-gl-hmm-qlt-trnsltybychannel-01,kszg-gl-hmm-qlt-trnsltybychannel-01-g2woPTwTPEdwdB5,,Marcos Leon
TRUE,FALSE,,,,KSZG_trnslty-by-channel_MRObject.conf,NA,kszg-gl-hmm-qlt-trnsltybychannelobject-01,kszg-gl-hmm-qlt-trnsltybychannelobject-01-xUsoBKuLrdYXvIo,,Marcos Leon
TRUE,FALSE,,,,KSZG_trnslty-by-channel_KCOG_entity_MMRule.conf,NA,kszg-gl-hmm-qlt-trnsltybychannelkcog-01,kszg-gl-hmm-qlt-trnsltybychannelkcog-01-K7JNT66T9SRG78b,,Marcos Leon
TRUE,FALSE,,,,DEL-KSZG_trnslty-by-channel_KCOG_country_MMRule.conf,NA,NA,NA,,Marcos Leon
TRUE,FALSE,,,,DEL-KSZG_trnslty-by-channel_YH2J_gbl-product-hier-master_MMRule.conf,NA,NA,NA,,Marcos Leon
TRUE,TRUE,t_b0hn_toolkit_esg_strategy,2Q26,https://jira.globaldevtools.bbva.com/browse/DECSCLIENT-5169,295ac04247,"########################################################################################
########                          DATA QUALITY RESULTS                          ########
########################################################################################
--> DATASET
----> ObjectPath: Some(/data/master/b0hn/data/t_b0hn_toolkit_esg_strategy)
----> PhysicalObject: t_b0hn_toolkit_esg_strategy
----> UUAA: b0hn
----> Subset: None
----> FrequencyRuleExecution: None
----> Dataset size: 8 rows
----> Data date: 1997-01-01
----> Execution date: 2026-04-15 10:53:44.527
--> RESULTS
----> Rule: 3.1 (com.datio.hammurabi.rules.validity.NotNullValidationRule)
----> Subset: None
----> Physical field: g_holding_group_id
----> Is Critical: true
----> DrillDown: Some()->Some()
----> MinimumThreshold: None
----> TargetThreshold: None
----> Passed records: 8 
----> Total records affected: 8
----> Compliance percentage: 100.0
----> Acceptance Min: None
----> Final status: Passed
----> -------------------------------
----> Rule: 3.2 (com.datio.hammurabi.rules.validity.FormatValidationRule)
----> Subset: None
----> Physical field: g_holding_group_id
----> Is Critical: true
----> DrillDown: Some()->Some()
----> MinimumThreshold: None
----> TargetThreshold: None
----> Passed records: 8 
----> Total records affected: 8
----> Compliance percentage: 100.0
----> Acceptance Min: None
----> Final status: Passed
----> -------------------------------
----> Rule: 4.2 (com.datio.hammurabi.rules.consistence.DuplicateRule)
----> Subset: None
----> Physical field: 
----> Is Critical: true
----> DrillDown: Some()->Some()
----> MinimumThreshold: None
----> TargetThreshold: None
----> Passed records: 8 
----> Total records affected: 8
----> Compliance percentage: 100.0
----> Acceptance Min: None
----> Final status: Passed
----> -------------------------------
########################################################################################
########                             END OF RESULTS                             ########
########################################################################################

Process finished with exit code 0",b0hn-gl-hmm-qlt-toolkitesgstratgy-01,b0hn-gl-hmm-qlt-toolkitesgstratgy-01-QZ2NR59yMFbhp6S,,Marcos Leon
TRUE,TRUE,,,,295ac042eb,,,,,Marcos Leon
TRUE,TRUE,,,,295ac04387,,,,,Marcos Leon
TRUE,TRUE,t_b0hn_toolkit_ems_metric_target,2Q26,https://jira.globaldevtools.bbva.com/browse/DECSCLIENT-5171,295ac043f8,"########################################################################################
########                          DATA QUALITY RESULTS                          ########
########################################################################################
--> DATASET
----> ObjectPath: Some(/data/master/b0hn/data/t_b0hn_toolkit_ems_metric_target)
----> PhysicalObject: t_b0hn_toolkit_ems_metric_target
----> UUAA: b0hn
----> Subset: None
----> FrequencyRuleExecution: None
----> Dataset size: 8 rows
----> Data date: 1997-01-01
----> Execution date: 2026-04-15 10:56:47.127
--> RESULTS
----> Rule: 3.1 (com.datio.hammurabi.rules.validity.NotNullValidationRule)
----> Subset: None
----> Physical field: g_holding_group_id
----> Is Critical: true
----> DrillDown: Some()->Some()
----> MinimumThreshold: None
----> TargetThreshold: None
----> Passed records: 8 
----> Total records affected: 8
----> Compliance percentage: 100.0
----> Acceptance Min: None
----> Final status: Passed
----> -------------------------------
----> Rule: 3.1 (com.datio.hammurabi.rules.validity.NotNullValidationRule)
----> Subset: None
----> Physical field: gf_info_origin_source_id
----> Is Critical: true
----> DrillDown: Some()->Some()
----> MinimumThreshold: None
----> TargetThreshold: None
----> Passed records: 8 
----> Total records affected: 8
----> Compliance percentage: 100.0
----> Acceptance Min: None
----> Final status: Passed
----> -------------------------------
----> Rule: 3.2 (com.datio.hammurabi.rules.validity.FormatValidationRule)
----> Subset: None
----> Physical field: g_holding_group_id
----> Is Critical: true
----> DrillDown: Some()->Some()
----> MinimumThreshold: None
----> TargetThreshold: None
----> Passed records: 8 
----> Total records affected: 8
----> Compliance percentage: 100.0
----> Acceptance Min: None
----> Final status: Passed
----> -------------------------------
----> Rule: 3.2 (com.datio.hammurabi.rules.validity.FormatValidationRule)
----> Subset: None
----> Physical field: gf_info_origin_source_id
----> Is Critical: true
----> DrillDown: Some()->Some()
----> MinimumThreshold: None
----> TargetThreshold: None
----> Passed records: 8 
----> Total records affected: 8
----> Compliance percentage: 100.0
----> Acceptance Min: None
----> Final status: Passed
----> -------------------------------
----> Rule: 4.2 (com.datio.hammurabi.rules.consistence.DuplicateRule)
----> Subset: None
----> Physical field: 
----> Is Critical: true
----> DrillDown: Some()->Some()
----> MinimumThreshold: None
----> TargetThreshold: None
----> Passed records: 8 
----> Total records affected: 8
----> Compliance percentage: 100.0
----> Acceptance Min: None
----> Final status: Passed
----> -------------------------------
########################################################################################
########                             END OF RESULTS                             ########
########################################################################################

Process finished with exit code 0",b0hn-gl-hmm-qlt-emsmetrictarget-01,b0hn-gl-hmm-qlt-emsmetrictarget-01-scsSglJpL4zfdLh,,Marcos Leon
TRUE,TRUE,,,,295ac04494,,,,,Marcos Leon
TRUE,TRUE,,,,295ac0452c,,,,,Marcos Leon
TRUE,TRUE,,,,295ac045bd,,,,,Marcos Leon
TRUE,TRUE,,,,295ac04648,,,,,Marcos Leon
TRUE,TRUE,t_b0hn_toolkit_esg_top_5_geo,2Q26,https://jira.globaldevtools.bbva.com/browse/DECSCLIENT-5177,295ac046b3,"########################################################################################
########                          DATA QUALITY RESULTS                          ########
########################################################################################
--> DATASET
----> ObjectPath: Some(/data/master/b0hn/data/t_b0hn_toolkit_esg_top_5_geo)
----> PhysicalObject: t_b0hn_toolkit_esg_top_5_geo
----> UUAA: b0hn
----> Subset: None
----> FrequencyRuleExecution: None
----> Dataset size: 8 rows
----> Data date: 1997-01-01
----> Execution date: 2026-04-15 10:58:14.548
--> RESULTS
----> Rule: 3.1 (com.datio.hammurabi.rules.validity.NotNullValidationRule)
----> Subset: None
----> Physical field: g_holding_group_id
----> Is Critical: true
----> DrillDown: Some()->Some()
----> MinimumThreshold: None
----> TargetThreshold: None
----> Passed records: 8 
----> Total records affected: 8
----> Compliance percentage: 100.0
----> Acceptance Min: None
----> Final status: Passed
----> -------------------------------
----> Rule: 3.1 (com.datio.hammurabi.rules.validity.NotNullValidationRule)
----> Subset: None
----> Physical field: g_country_id
----> Is Critical: true
----> DrillDown: Some()->Some()
----> MinimumThreshold: None
----> TargetThreshold: None
----> Passed records: 8 
----> Total records affected: 8
----> Compliance percentage: 100.0
----> Acceptance Min: None
----> Final status: Passed
----> -------------------------------
----> Rule: 3.1 (com.datio.hammurabi.rules.validity.NotNullValidationRule)
----> Subset: None
----> Physical field: g_activity_per_parameter_type
----> Is Critical: true
----> DrillDown: Some()->Some()
----> MinimumThreshold: None
----> TargetThreshold: None
----> Passed records: 8 
----> Total records affected: 8
----> Compliance percentage: 100.0
----> Acceptance Min: None
----> Final status: Passed
----> -------------------------------
----> Rule: 3.2 (com.datio.hammurabi.rules.validity.FormatValidationRule)
----> Subset: None
----> Physical field: g_holding_group_id
----> Is Critical: true
----> DrillDown: Some()->Some()
----> MinimumThreshold: None
----> TargetThreshold: None
----> Passed records: 8 
----> Total records affected: 8
----> Compliance percentage: 100.0
----> Acceptance Min: None
----> Final status: Passed
----> -------------------------------
----> Rule: 3.2 (com.datio.hammurabi.rules.validity.FormatValidationRule)
----> Subset: None
----> Physical field: g_country_id
----> Is Critical: true
----> DrillDown: Some()->Some()
----> MinimumThreshold: None
----> TargetThreshold: None
----> Passed records: 8 
----> Total records affected: 8
----> Compliance percentage: 100.0
----> Acceptance Min: None
----> Final status: Passed
----> -------------------------------
----> Rule: 3.2 (com.datio.hammurabi.rules.validity.FormatValidationRule)
----> Subset: None
----> Physical field: g_activity_per_parameter_type
----> Is Critical: true
----> DrillDown: Some()->Some()
----> MinimumThreshold: None
----> TargetThreshold: None
----> Passed records: 8 
----> Total records affected: 8
----> Compliance percentage: 100.0
----> Acceptance Min: None
----> Final status: Passed
----> -------------------------------
----> Rule: 4.2 (com.datio.hammurabi.rules.consistence.DuplicateRule)
----> Subset: None
----> Physical field: 
----> Is Critical: true
----> DrillDown: Some()->Some()
----> MinimumThreshold: None
----> TargetThreshold: None
----> Passed records: 8 
----> Total records affected: 8
----> Compliance percentage: 100.0
----> Acceptance Min: None
----> Final status: Passed
----> -------------------------------
########################################################################################
########                             END OF RESULTS                             ########
########################################################################################

Process finished with exit code 0",b0hn-gl-hmm-qlt-esgtop5geo-01,b0hn-gl-hmm-qlt-esgtop5geo-01-GnFFSJDZD5STf22,,Marcos Leon
TRUE,TRUE,,,,295ac0474a,,,,,Marcos Leon
TRUE,TRUE,,,,295ac047e2,,,,,Marcos Leon
TRUE,TRUE,,,,295ac04871,,,,,Marcos Leon
TRUE,TRUE,,,,295ac04904,,,,,Marcos Leon
TRUE,TRUE,,,,295ac0499c,,,,,Marcos Leon
TRUE,TRUE,,,,295ac04a24,,,,,Marcos Leon
TRUE,TRUE,t_b0hn_toolkit_esg_general_data,2Q26,https://jira.globaldevtools.bbva.com/browse/DECSCLIENT-5173,295ac04a97,"########################################################################################
########                          DATA QUALITY RESULTS                          ########
########################################################################################
--> DATASET
----> ObjectPath: Some(/data/master/b0hn/data/t_b0hn_toolkit_esg_general_data)
----> PhysicalObject: t_b0hn_toolkit_esg_general_data
----> UUAA: b0hn
----> Subset: None
----> FrequencyRuleExecution: None
----> Dataset size: 8 rows
----> Data date: 1997-01-01
----> Execution date: 2026-04-15 11:02:14.214
--> RESULTS
----> Rule: 3.1 (com.datio.hammurabi.rules.validity.NotNullValidationRule)
----> Subset: None
----> Physical field: g_holding_group_id
----> Is Critical: true
----> DrillDown: Some()->Some()
----> MinimumThreshold: None
----> TargetThreshold: None
----> Passed records: 8 
----> Total records affected: 8
----> Compliance percentage: 100.0
----> Acceptance Min: None
----> Final status: Passed
----> -------------------------------
----> Rule: 3.2 (com.datio.hammurabi.rules.validity.FormatValidationRule)
----> Subset: None
----> Physical field: g_holding_group_id
----> Is Critical: true
----> DrillDown: Some()->Some()
----> MinimumThreshold: None
----> TargetThreshold: None
----> Passed records: 8 
----> Total records affected: 8
----> Compliance percentage: 100.0
----> Acceptance Min: None
----> Final status: Passed
----> -------------------------------
----> Rule: 4.2 (com.datio.hammurabi.rules.consistence.DuplicateRule)
----> Subset: None
----> Physical field: 
----> Is Critical: true
----> DrillDown: Some()->Some()
----> MinimumThreshold: None
----> TargetThreshold: None
----> Passed records: 8 
----> Total records affected: 8
----> Compliance percentage: 100.0
----> Acceptance Min: None
----> Final status: Passed
----> -------------------------------
########################################################################################
########                             END OF RESULTS                             ########
########################################################################################

Process finished with exit code 0",b0hn-gl-hmm-qlt-esggeneraldata-01,b0hn-gl-hmm-qlt-esggeneraldata-01-J0kenk9NadEwyuM,,Marcos Leon
TRUE,TRUE,,,,295ac04b20,,,,,Marcos Leon
TRUE,TRUE,,,,295ac04bac,,,,,Marcos Leon
TRUE,TRUE,t_b0hn_toolkit_esg_rating,2Q26,https://jira.globaldevtools.bbva.com/browse/DECSCLIENT-5167,295ac04c16,"########################################################################################
########                          DATA QUALITY RESULTS                          ########
########################################################################################
--> DATASET
----> ObjectPath: Some(/data/master/b0hn/data/t_b0hn_toolkit_esg_rating)
----> PhysicalObject: t_b0hn_toolkit_esg_rating
----> UUAA: b0hn
----> Subset: None
----> FrequencyRuleExecution: None
----> Dataset size: 8 rows
----> Data date: 1997-01-01
----> Execution date: 2026-04-15 10:59:24.384
--> RESULTS
----> Rule: 3.1 (com.datio.hammurabi.rules.validity.NotNullValidationRule)
----> Subset: None
----> Physical field: g_holding_group_id
----> Is Critical: true
----> DrillDown: Some()->Some()
----> MinimumThreshold: None
----> TargetThreshold: None
----> Passed records: 8 
----> Total records affected: 8
----> Compliance percentage: 100.0
----> Acceptance Min: None
----> Final status: Passed
----> -------------------------------
----> Rule: 3.1 (com.datio.hammurabi.rules.validity.NotNullValidationRule)
----> Subset: None
----> Physical field: g_information_source_type
----> Is Critical: true
----> DrillDown: Some()->Some()
----> MinimumThreshold: None
----> TargetThreshold: None
----> Passed records: 8 
----> Total records affected: 8
----> Compliance percentage: 100.0
----> Acceptance Min: None
----> Final status: Passed
----> -------------------------------
----> Rule: 3.1 (com.datio.hammurabi.rules.validity.NotNullValidationRule)
----> Subset: None
----> Physical field: g_rating_dimension_type
----> Is Critical: true
----> DrillDown: Some()->Some()
----> MinimumThreshold: None
----> TargetThreshold: None
----> Passed records: 8 
----> Total records affected: 8
----> Compliance percentage: 100.0
----> Acceptance Min: None
----> Final status: Passed
----> -------------------------------
----> Rule: 3.2 (com.datio.hammurabi.rules.validity.FormatValidationRule)
----> Subset: None
----> Physical field: g_holding_group_id
----> Is Critical: true
----> DrillDown: Some()->Some()
----> MinimumThreshold: None
----> TargetThreshold: None
----> Passed records: 8 
----> Total records affected: 8
----> Compliance percentage: 100.0
----> Acceptance Min: None
----> Final status: Passed
----> -------------------------------
----> Rule: 3.2 (com.datio.hammurabi.rules.validity.FormatValidationRule)
----> Subset: None
----> Physical field: g_holding_group_id
----> Is Critical: true
----> DrillDown: Some()->Some()
----> MinimumThreshold: None
----> TargetThreshold: None
----> Passed records: 8 
----> Total records affected: 8
----> Compliance percentage: 100.0
----> Acceptance Min: None
----> Final status: Passed
----> -------------------------------
----> Rule: 3.2 (com.datio.hammurabi.rules.validity.FormatValidationRule)
----> Subset: None
----> Physical field: g_rating_dimension_type
----> Is Critical: true
----> DrillDown: Some()->Some()
----> MinimumThreshold: None
----> TargetThreshold: None
----> Passed records: 8 
----> Total records affected: 8
----> Compliance percentage: 100.0
----> Acceptance Min: None
----> Final status: Passed
----> -------------------------------
----> Rule: 4.2 (com.datio.hammurabi.rules.consistence.DuplicateRule)
----> Subset: None
----> Physical field: 
----> Is Critical: true
----> DrillDown: Some()->Some()
----> MinimumThreshold: None
----> TargetThreshold: None
----> Passed records: 8 
----> Total records affected: 8
----> Compliance percentage: 100.0
----> Acceptance Min: None
----> Final status: Passed
----> -------------------------------
########################################################################################
########                             END OF RESULTS                             ########
########################################################################################

Process finished with exit code 0",b0hn-gl-hmm-qlt-toolkitesgrating-01,b0hn-gl-hmm-qlt-toolkitesgrating-01-xMuMZXH7snByHqd,,Marcos Leon
TRUE,TRUE,,,,295ac04ca3,,,,,Marcos Leon
TRUE,TRUE,,,,295ac04d30,,,,,Marcos Leon
TRUE,TRUE,,,,295ac04dba,,,,,Marcos Leon
TRUE,TRUE,,,,295ac04e61,,,,,Marcos Leon
TRUE,TRUE,,,,295ac04f04,,,,,Marcos Leon
TRUE,TRUE,,,,295ac04f9f,,,,,Marcos Leon
TRUE,TRUE,t_b0hn_toolkit_esg_sector,2Q26,https://jira.globaldevtools.bbva.com/browse/DECSCLIENT-5175,295ac0500b,"########################################################################################
########                          DATA QUALITY RESULTS                          ########
########################################################################################
--> DATASET
----> ObjectPath: Some(/data/master/b0hn/data/t_b0hn_toolkit_esg_sector)
----> PhysicalObject: t_b0hn_toolkit_esg_sector
----> UUAA: b0hn
----> Subset: None
----> FrequencyRuleExecution: None
----> Dataset size: 8 rows
----> Data date: 1997-01-01
----> Execution date: 2026-04-15 10:59:24.384
--> RESULTS
----> Rule: 3.1 (com.datio.hammurabi.rules.validity.NotNullValidationRule)
----> Subset: None
----> Physical field: g_holding_group_id
----> Is Critical: true
----> DrillDown: Some()->Some()
----> MinimumThreshold: None
----> TargetThreshold: None
----> Passed records: 8 
----> Total records affected: 8
----> Compliance percentage: 100.0
----> Acceptance Min: None
----> Final status: Passed
----> -------------------------------
----> Rule: 3.1 (com.datio.hammurabi.rules.validity.NotNullValidationRule)
----> Subset: None
----> Physical field: g_economic_actvy_sector_type
----> Is Critical: true
----> DrillDown: Some()->Some()
----> MinimumThreshold: None
----> TargetThreshold: None
----> Passed records: 8 
----> Total records affected: 8
----> Compliance percentage: 100.0
----> Acceptance Min: None
----> Final status: Passed
----> -------------------------------
----> Rule: 3.1 (com.datio.hammurabi.rules.validity.NotNullValidationRule)
----> Subset: None
----> Physical field: g_economic_activity_type
----> Is Critical: true
----> DrillDown: Some()->Some()
----> MinimumThreshold: None
----> TargetThreshold: None
----> Passed records: 8 
----> Total records affected: 8
----> Compliance percentage: 100.0
----> Acceptance Min: None
----> Final status: Passed
----> -------------------------------
----> Rule: 3.1 (com.datio.hammurabi.rules.validity.NotNullValidationRule)
----> Subset: None
----> Physical field: gf_sustainability_metric_id
----> Is Critical: true
----> DrillDown: Some()->Some()
----> MinimumThreshold: None
----> TargetThreshold: None
----> Passed records: 8 
----> Total records affected: 8
----> Compliance percentage: 100.0
----> Acceptance Min: None
----> Final status: Passed
----> -------------------------------
----> Rule: 3.2 (com.datio.hammurabi.rules.validity.FormatValidationRule)
----> Subset: None
----> Physical field: g_holding_group_id
----> Is Critical: true
----> DrillDown: Some()->Some()
----> MinimumThreshold: None
----> TargetThreshold: None
----> Passed records: 8 
----> Total records affected: 8
----> Compliance percentage: 100.0
----> Acceptance Min: None
----> Final status: Passed
----> -------------------------------
----> Rule: 3.2 (com.datio.hammurabi.rules.validity.FormatValidationRule)
----> Subset: None
----> Physical field: g_economic_actvy_sector_type
----> Is Critical: true
----> DrillDown: Some()->Some()
----> MinimumThreshold: None
----> TargetThreshold: None
----> Passed records: 8 
----> Total records affected: 8
----> Compliance percentage: 100.0
----> Acceptance Min: None
----> Final status: Passed
----> -------------------------------
----> Rule: 3.2 (com.datio.hammurabi.rules.validity.FormatValidationRule)
----> Subset: None
----> Physical field: g_economic_activity_type
----> Is Critical: true
----> DrillDown: Some()->Some()
----> MinimumThreshold: None
----> TargetThreshold: None
----> Passed records: 8 
----> Total records affected: 8
----> Compliance percentage: 100.0
----> Acceptance Min: None
----> Final status: Passed
----> -------------------------------
----> Rule: 3.2 (com.datio.hammurabi.rules.validity.FormatValidationRule)
----> Subset: None
----> Physical field: gf_sustainability_metric_id
----> Is Critical: true
----> DrillDown: Some()->Some()
----> MinimumThreshold: None
----> TargetThreshold: None
----> Passed records: 8 
----> Total records affected: 8
----> Compliance percentage: 100.0
----> Acceptance Min: None
----> Final status: Passed
----> -------------------------------
----> Rule: 4.2 (com.datio.hammurabi.rules.consistence.DuplicateRule)
----> Subset: None
----> Physical field: 
----> Is Critical: true
----> DrillDown: Some()->Some()
----> MinimumThreshold: None
----> TargetThreshold: None
----> Passed records: 8 
----> Total records affected: 8
----> Compliance percentage: 100.0
----> Acceptance Min: None
----> Final status: Passed
----> -------------------------------
########################################################################################
########                             END OF RESULTS                             ########
########################################################################################

Process finished with exit code 0
",b0hn-gl-hmm-qlt-toolkitesgsector-01,b0hn-gl-hmm-qlt-toolkitesgsector-01-8u1sLLDqrabxYxT,,Marcos Leon
TRUE,TRUE,,,,295ac05099,,,,,Marcos Leon
TRUE,TRUE,,,,295ac0512b,,,,,Marcos Leon
TRUE,TRUE,,,,295ac051f0,,,,,Marcos Leon
TRUE,TRUE,,,,295ac05278,,,,,Marcos Leon
TRUE,TRUE,,,,295ac0530a,,,,,Marcos Leon
TRUE,TRUE,,,,295ac0538e,,,,,Marcos Leon
TRUE,TRUE,,,,295ac0541b,,,,,Marcos Leon
TRUE,TRUE,,,,295ac054a5,,,,,Marcos Leon
TRUE,TRUE,t_l9ct_asset_detail_annual,2Q26,https://jira.globaldevtools.bbva.com/browse/DECSCLIENT-5221,295e6e5b84,"""########################################################################################
########                          DATA QUALITY RESULTS                          ########
########################################################################################
--> DATASET
----> ObjectPath: Some(/data/master/l9ct/data/t_l9ct_asset_detail_annual)
----> PhysicalObject: t_l9ct_asset_detail_annual
----> UUAA: l9ct
----> Subset: None
----> FrequencyRuleExecution: None
----> Dataset size: 8 rows
----> Data date: 1997-01-01
----> Execution date: 2026-04-22 11:42:11.214
--> RESULTS
----> Rule: 3.1 (com.datio.hammurabi.rules.validity.NotNullValidationRule)
----> Subset: None
----> Physical field: gf_asset_external_data_id
----> Is Critical: true
----> DrillDown: Some()->Some()
----> MinimumThreshold: None
----> TargetThreshold: None
----> Passed records: 8 
----> Total records affected: 8
----> Compliance percentage: 100.0
----> Acceptance Min: None
----> Final status: Passed
----> -------------------------------
----> Rule: 3.1 (com.datio.hammurabi.rules.validity.NotNullValidationRule)
----> Subset: None
----> Physical field: gf_asset_detail_level_id
----> Is Critical: true
----> DrillDown: Some()->Some()
----> MinimumThreshold: None
----> TargetThreshold: None
----> Passed records: 8 
----> Total records affected: 8
----> Compliance percentage: 100.0
----> Acceptance Min: None
----> Final status: Passed
----> -------------------------------
----> Rule: 3.2 (com.datio.hammurabi.rules.validity.FormatValidationRule)
----> Subset: None
----> Physical field: gf_asset_external_data_id
----> Is Critical: true
----> DrillDown: Some()->Some()
----> MinimumThreshold: None
----> TargetThreshold: None
----> Passed records: 8 
----> Total records affected: 8
----> Compliance percentage: 100.0
----> Acceptance Min: None
----> Final status: Passed
----> -------------------------------
----> Rule: 3.2 (com.datio.hammurabi.rules.validity.FormatValidationRule)
----> Subset: None
----> Physical field: gf_asset_detail_level_id
----> Is Critical: true
----> DrillDown: Some()->Some()
----> MinimumThreshold: None
----> TargetThreshold: None
----> Passed records: 8 
----> Total records affected: 8
----> Compliance percentage: 100.0
----> Acceptance Min: None
----> Final status: Passed
----> -------------------------------
----> Rule: 4.2 (com.datio.hammurabi.rules.consistence.DuplicateRule)
----> Subset: None
----> Physical field: 
----> Is Critical: true
----> DrillDown: Some()->Some()
----> MinimumThreshold: None
----> TargetThreshold: None
----> Passed records: 8 
----> Total records affected: 8
----> Compliance percentage: 100.0
----> Acceptance Min: None
----> Final status: Passed
----> -------------------------------
########################################################################################
########                             END OF RESULTS                             ########
########################################################################################

Process finished with exit code 0""



",l9ct-gl-hmm-qlt-assetdetailannual-01,l9ct-gl-hmm-qlt-assetdetailannual-01-CIwmChtbLsxYQK6,,Marcos Leon
TRUE,TRUE,,,,295e6e5c1d,,,,,Marcos Leon
TRUE,TRUE,,,,295e6e5cb1,,,,,Marcos Leon
TRUE,TRUE,,,,295e6e5d42,,,,,Marcos Leon
TRUE,TRUE,,,,295e6e5dd3,,,,,Marcos Leon
TRUE,TRUE,t_l9ct_asset_emissions,2Q26,https://jira.globaldevtools.bbva.com/browse/DECSCLIENT-5223,295e6e5e4e,"########################################################################################
########                          DATA QUALITY RESULTS                          ########
########################################################################################
--> DATASET
----> ObjectPath: Some(/data/master/l9ct/data/t_l9ct_asset_emissions)
----> PhysicalObject: t_l9ct_asset_emissions
----> UUAA: l9ct
----> Subset: None
----> FrequencyRuleExecution: None
----> Dataset size: 8 rows
----> Data date: 1997-01-01
----> Execution date: 2026-04-22 11:44:54.214
--> RESULTS
----> Rule: 3.1 (com.datio.hammurabi.rules.validity.NotNullValidationRule)
----> Subset: None
----> Physical field: gf_asset_external_data_id
----> Is Critical: true
----> DrillDown: Some()->Some()
----> MinimumThreshold: None
----> TargetThreshold: None
----> Passed records: 8 
----> Total records affected: 8
----> Compliance percentage: 100.0
----> Acceptance Min: None
----> Final status: Passed
----> -------------------------------
----> Rule: 3.2 (com.datio.hammurabi.rules.validity.FormatValidationRule)
----> Subset: None
----> Physical field: gf_asset_external_data_id
----> Is Critical: true
----> DrillDown: Some()->Some()
----> MinimumThreshold: None
----> TargetThreshold: None
----> Passed records: 8 
----> Total records affected: 8
----> Compliance percentage: 100.0
----> Acceptance Min: None
----> Final status: Passed
----> -------------------------------
----> Rule: 4.2 (com.datio.hammurabi.rules.consistence.DuplicateRule)
----> Subset: None
----> Physical field: 
----> Is Critical: true
----> DrillDown: Some()->Some()
----> MinimumThreshold: None
----> TargetThreshold: None
----> Passed records: 8 
----> Total records affected: 8
----> Compliance percentage: 100.0
----> Acceptance Min: None
----> Final status: Passed
----> -------------------------------
########################################################################################
########                             END OF RESULTS                             ########
########################################################################################

Process finished with exit code 0

",l9ct-gl-hmm-qlt-assetemissions-01,l9ct-gl-hmm-qlt-assetemissions-01-DxJQa3wzIa2pG7B,,Marcos Leon
TRUE,TRUE,,,,295e6e5ee4,,,,,Marcos Leon
TRUE,TRUE,,,,295e6e5f78,,,,,Marcos Leon
TRUE,TRUE,t_kpan_credit_fclty_proposals,2Q26,https://jira.globaldevtools.bbva.com/browse/DECSCLIENT-5257,New INPUT,- ,hmm-qlt-creditfcltypropolsmrobject-01,kpan-gl-hmm-qlt-creditfcltypropolsmrobject-01-q9ZSfgwEanuf2Nn,,Marcos Leon
TRUE,TRUE,t_kceg_customer_registers,2Q26,https://jira.globaldevtools.bbva.com/browse/DECSCLIENT-5273,295fe5fe5c,"########################################################################################
########                          DATA QUALITY RESULTS                          ########
########################################################################################
--> DATASET
----> ObjectPath: Some(/data/master/l9ct/data/t_kceg_customer_registers)
----> PhysicalObject: t_kceg_customer_registers
----> UUAA: kceg
----> Subset: None
----> FrequencyRuleExecution: None
----> Dataset size: 8 rows
----> Data date: 1997-01-01
----> Execution date: 2026-04-24 12:20:34.214
--> RESULTS
----> Rule: 3.1 (com.datio.hammurabi.rules.validity.NotNullValidationRule)
----> Subset: None
----> Physical field: g_entity_id
----> Is Critical: true
----> DrillDown: Some()->Some()
----> MinimumThreshold: None
----> TargetThreshold: None
----> Passed records: 8 
----> Total records affected: 8
----> Compliance percentage: 100.0
----> Acceptance Min: None
----> Final status: Passed
----> -------------------------------
----> Rule: 3.2 (com.datio.hammurabi.rules.validity.FormatValidationRule)
----> Subset: None
----> Physical field: g_entity_id
----> Is Critical: true
----> DrillDown: Some()->Some()
----> MinimumThreshold: None
----> TargetThreshold: None
----> Passed records: 8 
----> Total records affected: 8
----> Compliance percentage: 100.0
----> Acceptance Min: None
----> Final status: Passed
----> -------------------------------
########################################################################################
########                             END OF RESULTS                             ########
########################################################################################

Process finished with exit code 0",kceg-gl-hmm-qlt-cutomerregisters-01,kceg-gl-hmm-qlt-cutomerregisters-01-kBl4HBfiGQemxPa,,Marcos Leon
TRUE,TRUE,,,,295fe5ff1b,,,,,Marcos Leon
FALSE,FALSE,,,,,,,,,
FALSE,FALSE,,,,,,,,,
FALSE,FALSE,,,,,,,,,
FALSE,FALSE,,,,,,,,,