,archivos,tablas,ids,namings,criticals,type_rules,datavaluescolumn,datavaluessubset,datavaluespath,values,subset,drilldown,acceptanceMin,rule
0,C:/Users/O005820/Documents/repositorios/GDH_c360_hammurabi_UUAAs/b0hn/glgldh360gloqlt/hammurabi/confs/master/b0hn/B0HN_agg-output-ems-hgl_KSAG_holding-business-group_MMRule.conf,t_b0hn_agg_output_ems_hgl,277e947aac,g_holding_group_id,True,com.datio.hammurabi.rules.consistence.ValueConciliationRule,,1==1,['/data/master/ksag/data/t_ksag_holding_business_group/'],,,,ACCEPTANCE_MIN_KSAG_00,4.3
10,C:/Users/O005820/Documents/repositorios/GDH_c360_hammurabi_UUAAs/b0hn/glgldh360gloqlt/hammurabi/confs/master/b0hn/B0HN_sust-group-mark_KSAG_holding-business-group_MMRule.conf,t_b0hn_sust_group_mark,GL_STR_t_b0hn_sust_group_mark_4.3_000,g_holding_group_id,True,com.datio.hammurabi.rules.consistence.ValueConciliationRule,,1==1,['/data/master/ksag/data/t_ksag_holding_business_group/'],,,,ACCEPTANCE_MIN_KSAG_00,4.3
52,C:/Users/O005820/Documents/repositorios/GDH_c360_hammurabi_UUAAs/b0hn/glgldh360gloqlt/hammurabi/confs/master/b0hn/B0HN_sust-groups-fdbk-detail_B0HN_sust-groups-fdbk_MMRule.conf,t_b0hn_sust_groups_fdbk_detail,GL_STR_t_b0hn_sust_groups_fdbk_detail_4.3_000,gf_sust_int_supplier_id,True,com.datio.hammurabi.rules.consistence.ValueConciliationRule,,gf_cutoff_date='CUTOFF_DATE',['/data/master/b0hn/data/t_b0hn_sust_groups_fdbk/'],,,,ACCEPTANCE_MIN_B0HN_00,4.3
53,C:/Users/O005820/Documents/repositorios/GDH_c360_hammurabi_UUAAs/b0hn/glgldh360gloqlt/hammurabi/confs/master/b0hn/B0HN_sust-groups-fdbk-detail_B0HN_sust-groups-fdbk_MMRule.conf,t_b0hn_sust_groups_fdbk_detail,GL_STR_t_b0hn_sust_groups_fdbk_detail_4.3_001,gf_confirming_cust_int_id,True,com.datio.hammurabi.rules.consistence.ValueConciliationRule,,gf_cutoff_date='CUTOFF_DATE',['/data/master/b0hn/data/t_b0hn_sust_groups_fdbk/'],,,,ACCEPTANCE_MIN_B0HN_01,4.3
82,C:/Users/O005820/Documents/repositorios/GDH_c360_hammurabi_UUAAs/b0hn/glgldh360gloqlt/hammurabi/confs/master/b0hn/B0HN_sust-groups-fdbk_B0HN_sust-groups-fdbk-detail_MMRule.conf,t_b0hn_sust_groups_fdbk,GL_STR_t_b0hn_sust_groups_fdbk_4.3_002,gf_sust_int_supplier_id,True,com.datio.hammurabi.rules.consistence.ValueConciliationRule,,gf_cutoff_date='CUTOFF_DATE',['/data/master/b0hn/data/t_b0hn_sust_groups_fdbk_detail/'],,,,ACCEPTANCE_MIN_B0HN_00,4.3
83,C:/Users/O005820/Documents/repositorios/GDH_c360_hammurabi_UUAAs/b0hn/glgldh360gloqlt/hammurabi/confs/master/b0hn/B0HN_sust-groups-fdbk_B0HN_sust-groups-fdbk-detail_MMRule.conf,t_b0hn_sust_groups_fdbk,GL_STR_t_b0hn_sust_groups_fdbk_4.3_003,gf_confirming_cust_int_id,True,com.datio.hammurabi.rules.consistence.ValueConciliationRule,,gf_cutoff_date='CUTOFF_DATE',['/data/master/b0hn/data/t_b0hn_sust_groups_fdbk_detail/'],,,,ACCEPTANCE_MIN_B0HN_01,4.3
85,C:/Users/O005820/Documents/repositorios/GDH_c360_hammurabi_UUAAs/b0hn/glgldh360gloqlt/hammurabi/confs/master/b0hn/B0HN_sust-groups-fdbk_KCOG_country_MMRule.conf,t_b0hn_sust_groups_fdbk,GL_STR_t_b0hn_sust_groups_fdbk_4.3_000,g_country_id,True,com.datio.hammurabi.rules.consistence.ValueConciliationRule,,1==1,['/data/master/kcog/data/t_kcog_country/'],,,,ACCEPTANCE_MIN_KCOG_00,4.3
86,C:/Users/O005820/Documents/repositorios/GDH_c360_hammurabi_UUAAs/b0hn/glgldh360gloqlt/hammurabi/confs/master/b0hn/B0HN_sust-groups-fdbk_KCOG_currency_MMRule.conf,t_b0hn_sust_groups_fdbk,28fea7bbc5,g_currency_id,False,com.datio.hammurabi.rules.consistence.ValueConciliationRule,,1=1,['MASTERSCHEMA.t_kcog_currency'],,g_currency_id != '' AND g_currency_id IS NOT NULL,,ACCEPTANCE_MIN_KCOG_00,4.3
87,C:/Users/O005820/Documents/repositorios/GDH_c360_hammurabi_UUAAs/b0hn/glgldh360gloqlt/hammurabi/confs/master/b0hn/B0HN_sust-groups-fdbk_KCOG_entity_MMRule.conf,t_b0hn_sust_groups_fdbk,GL_STR_t_b0hn_sust_groups_fdbk_4.3_001,g_entity_id,True,com.datio.hammurabi.rules.consistence.ValueConciliationRule,,1==1,['/data/master/kcog/data/t_kcog_entity/'],,,,ACCEPTANCE_MIN_KCOG_00,4.3
156,C:/Users/O005820/Documents/repositorios/GDH_c360_hammurabi_UUAAs/cgj7/glgldh360gloqlt/hammurabi/confs/master/cgj7/CGJ7_customer-carbon-footprint_KBTQ_customer-info_MMRule.conf,t_cgj7_customer_carbon_footprint,GL_STR_t_cgj7_customer_carbon_footprint_4.3_000,g_customer_id,True,com.datio.hammurabi.rules.consistence.ValueConciliationRule,,1==1,['/data/master/kbtq/data/t_kbtq_customer_info/'],,,,ACCEPTANCE_MIN_KBTQ_00,4.3
157,C:/Users/O005820/Documents/repositorios/GDH_c360_hammurabi_UUAAs/cgj7/glgldh360gloqlt/hammurabi/confs/master/cgj7/CGJ7_customer-carbon-footprint_KCOG_country_MMRule.conf,t_cgj7_customer_carbon_footprint,GL_STR_t_cgj7_customer_carbon_footprint_4.3_001,g_country_id,True,com.datio.hammurabi.rules.consistence.ValueConciliationRule,,1==1,['/data/master/kcog/data/t_kcog_country/'],,,,ACCEPTANCE_MIN_KCOG_00,4.3
158,C:/Users/O005820/Documents/repositorios/GDH_c360_hammurabi_UUAAs/cgj7/glgldh360gloqlt/hammurabi/confs/master/cgj7/CGJ7_customer-carbon-footprint_KCOG_country_MMRule.conf,t_cgj7_customer_carbon_footprint,290019a1f1,g_country_id,False,com.datio.hammurabi.rules.consistence.ValueConciliationRule,,1=1,['MASTERSCHEMA.t_kcog_country'],,1=1,,ACCEPTANCE_MIN_KCOG_00,4.3
159,C:/Users/O005820/Documents/repositorios/GDH_c360_hammurabi_UUAAs/cgj7/glgldh360gloqlt/hammurabi/confs/master/cgj7/CGJ7_customer-carbon-footprint_KCOG_entity_MMRule.conf,t_cgj7_customer_carbon_footprint,GL_STR_t_cgj7_customer_carbon_footprint_4.3_002,g_entity_id,True,com.datio.hammurabi.rules.consistence.ValueConciliationRule,,1==1,['/data/master/kcog/data/t_kcog_entity/'],,,,ACCEPTANCE_MIN_KCOG_00,4.3
207,C:/Users/O005820/Documents/repositorios/GDH_c360_hammurabi_UUAAs/cmov/glgldh360gloqlt/hammurabi/confs/master/cmov/CMOV_bbva-categorized-mov_KMOL_account-movements_MMRule.conf,t_cmov_bbva_categorized_mov,GL_STR_t_cmov_bbva_categorized_mov_4.3_000,g_movement_id,True,com.datio.hammurabi.rules.consistence.ValueConciliationRule,,1==1,['MASTERSCHEMA.t_kmol_account_movements'],,g_movement_type = 'accounts',,ACCEPTANCE_MIN_KMOL_00,4.3
208,C:/Users/O005820/Documents/repositorios/GDH_c360_hammurabi_UUAAs/cmov/glgldh360gloqlt/hammurabi/confs/master/cmov/CMOV_bbva-categorized-mov_KMOL_card-movements_MMRule.conf,t_cmov_bbva_categorized_mov,GL_STR_t_cmov_bbva_categorized_mov_4.3_001,g_movement_id,True,com.datio.hammurabi.rules.consistence.ValueConciliationRule,,1==1,['MASTERSCHEMA.t_kmol_card_movements'],,g_movement_type = 'cards',,ACCEPTANCE_MIN_KMOL_00,4.3
237,C:/Users/O005820/Documents/repositorios/GDH_c360_hammurabi_UUAAs/cmov/glgldh360gloqlt/hammurabi/confs/master/cmov/CMOV_nobbva-categorized-mov_KMOL_account-nobbva-move_MMRule.conf,t_cmov_nobbva_categorized_mov,GL_STR_t_cmov_nobbva_categorized_mov_4.3_000,g_movement_non_bbva_id,True,com.datio.hammurabi.rules.consistence.ValueConciliationRule,,1==1,['MASTERSCHEMA.t_kmol_account_nobbva_move'],,g_movement_type = 'accounts',,ACCEPTANCE_MIN_KMOL_00,4.3
238,C:/Users/O005820/Documents/repositorios/GDH_c360_hammurabi_UUAAs/cmov/glgldh360gloqlt/hammurabi/confs/master/cmov/CMOV_nobbva-categorized-mov_KMOL_card-nobbva-move_MMRule.conf,t_cmov_nobbva_categorized_mov,GL_STR_t_cmov_nobbva_categorized_mov_4.3_001,g_movement_non_bbva_id,True,com.datio.hammurabi.rules.consistence.ValueConciliationRule,,1==1,['/data/master/kmol/data/t_kmol_card_nobbva_move/'],,g_movement_type = 'cards',,ACCEPTANCE_MIN_KMOL_00,4.3
279,C:/Users/O005820/Documents/repositorios/GDH_c360_hammurabi_UUAAs/ctar/glgldh360gloqlt/hammurabi/confs/master/ctar/CTAR_sign-proc-participant_KBTQ_role-person_MMRule.conf,t_ctar_sign_proc_participant,GL_STR_t_ctar_sign_proc_participant_4.3_000,g_role_person_id,True,com.datio.hammurabi.rules.consistence.ValueConciliationRule,,1==1,['/data/master/kbtq/data/t_kbtq_role_person/'],,,,ACCEPTANCE_MIN_KBTQ_00,4.3
389,C:/Users/O005820/Documents/repositorios/GDH_c360_hammurabi_UUAAs/ejb6/glgldh360gloqlt/hammurabi/confs/master/ejb6/EJB6_contract-calculations-dp_KSAN_contract-global-local_MMRule.conf,t_ejb6_contract_calculations_dp,GL_STR_t_ejb6_contract_calculations_dp_4.3_000,g_contract_id,True,com.datio.hammurabi.rules.consistence.ValueConciliationRule,,1==1,['/data/master/ksan/data/t_ksan_contract_global_local/'],,,,ACCEPTANCE_MIN_KSAN_00,4.3
408,C:/Users/O005820/Documents/repositorios/GDH_c360_hammurabi_UUAAs/ejb6/glgldh360gloqlt/hammurabi/confs/master/ejb6/EJB6_contract-calculations_KCOG_country_MMRule.conf,t_ejb6_contract_calculations,GL_STR_t_ejb6_contract_calculations_4.3_000,g_country_id,True,com.datio.hammurabi.rules.consistence.ValueConciliationRule,,1==1,['/data/master/kcog/data/t_kcog_country/'],,,,ACCEPTANCE_MIN_KCOG_00,4.3
409,C:/Users/O005820/Documents/repositorios/GDH_c360_hammurabi_UUAAs/ejb6/glgldh360gloqlt/hammurabi/confs/master/ejb6/EJB6_contract-calculations_KCOG_entity_MMRule.conf,t_ejb6_contract_calculations,GL_STR_t_ejb6_contract_calculations_4.3_001,g_entity_id,True,com.datio.hammurabi.rules.consistence.ValueConciliationRule,,1==1,['/data/master/kcog/data/t_kcog_entity/'],,,,ACCEPTANCE_MIN_KCOG_00,4.3
410,C:/Users/O005820/Documents/repositorios/GDH_c360_hammurabi_UUAAs/ejb6/glgldh360gloqlt/hammurabi/confs/master/ejb6/EJB6_contract-calculations_KSAN_contract-global-local_MMRule.conf,t_ejb6_contract_calculations,GL_STR_t_ejb6_contract_calculations_4.3_002,g_contract_id,True,com.datio.hammurabi.rules.consistence.ValueConciliationRule,,1==1,['/data/master/ksan/data/t_ksan_contract_global_local/'],,,,ACCEPTANCE_MIN_KSAN_00,4.3
429,C:/Users/O005820/Documents/repositorios/GDH_c360_hammurabi_UUAAs/ejb6/glgldh360gloqlt/hammurabi/confs/master/ejb6/EJB6_digital-sales-op-ctr_KAOC_eom-operation_MMRule.conf,t_ejb6_digital_sales_op_ctr,28a3e0ecfe,g_operation_number_id,True,com.datio.hammurabi.rules.consistence.ValueConciliationRule,,1==1,['MASTERSCHEMA.t_kaoc_eom_operation'],,,,ACCEPTANCE_MIN_KAOC_00,4.3
447,C:/Users/O005820/Documents/repositorios/GDH_c360_hammurabi_UUAAs/ejb6/glgldh360gloqlt/hammurabi/confs/master/ejb6/EJB6_digital-sales_KCOG_country_MMRule.conf,t_ejb6_digital_sales,GL_STR_t_ejb6_digital_sales_4.3_000,g_country_id,True,com.datio.hammurabi.rules.consistence.ValueConciliationRule,,1==1,['/data/master/kcog/data/t_kcog_country/'],,,,ACCEPTANCE_MIN_KCOG_00,4.3
448,C:/Users/O005820/Documents/repositorios/GDH_c360_hammurabi_UUAAs/ejb6/glgldh360gloqlt/hammurabi/confs/master/ejb6/EJB6_digital-sales_KCOG_entity_MMRule.conf,t_ejb6_digital_sales,GL_STR_t_ejb6_digital_sales_4.3_001,g_entity_id,True,com.datio.hammurabi.rules.consistence.ValueConciliationRule,,1==1,['/data/master/kcog/data/t_kcog_entity/'],,,,ACCEPTANCE_MIN_KCOG_00,4.3
449,C:/Users/O005820/Documents/repositorios/GDH_c360_hammurabi_UUAAs/ejb6/glgldh360gloqlt/hammurabi/confs/master/ejb6/EJB6_digital-sales_KSAN_contract-global-local_MMRule.conf,t_ejb6_digital_sales,GL_STR_t_ejb6_digital_sales_4.3_002,g_contract_id,True,com.datio.hammurabi.rules.consistence.ValueConciliationRule,,1==1,['/data/master/ksan/data/t_ksan_contract_global_local/'],,,,ACCEPTANCE_MIN_KSAN_00,4.3
486,C:/Users/O005820/Documents/repositorios/GDH_c360_hammurabi_UUAAs/ejb6/glgldh360gloqlt/hammurabi/confs/master/ejb6/EJB6_operation-calculations_KAOC_eom-operation_MMRule.conf,t_ejb6_operation_calculations,GL_STR_t_ejb6_operation_calculations_4.3_000,g_operation_number_id,True,com.datio.hammurabi.rules.consistence.ValueConciliationRule,,gf_cutoff_date='CUTOFF_DATE',['/data/master/kaoc/data/t_kaoc_eom_operation/'],,,,ACCEPTANCE_MIN_KAOC_00,4.3
555,C:/Users/O005820/Documents/repositorios/GDH_c360_hammurabi_UUAAs/g5m3/glgldh360gloqlt/hammurabi/confs/master/g5m3/G5M3_agg-mlzed-amount_SCAT_sustainability-hierarch_MMRule.conf,t_g5m3_agg_mlzed_amount,289154b62a,g_sustnbl_subcategory_id,True,com.datio.hammurabi.rules.consistence.ValueConciliationRule,,gf_cutoff_date='CUTOFF_DATE',['MASTERSCHEMA.t_scat_sustainability_hierarch'],,g_sustnbl_subcategory_id != 'N/A',,ACCEPTANCE_MIN_SCAT_00,4.3
556,C:/Users/O005820/Documents/repositorios/GDH_c360_hammurabi_UUAAs/g5m3/glgldh360gloqlt/hammurabi/confs/master/g5m3/G5M3_movement-carbon-footprint_KCOG_country_MMRule.conf,t_g5m3_movement_carbon_footprint,GL_STR_t_g5m3_movement_carbon_footprint_4.3_000,g_country_id,True,com.datio.hammurabi.rules.consistence.ValueConciliationRule,,1==1,['/data/master/kcog/data/t_kcog_country/'],,,,ACCEPTANCE_MIN_KCOG_00,4.3
557,C:/Users/O005820/Documents/repositorios/GDH_c360_hammurabi_UUAAs/g5m3/glgldh360gloqlt/hammurabi/confs/master/g5m3/G5M3_movement-carbon-footprint_KCOG_entity_MMRule.conf,t_g5m3_movement_carbon_footprint,GL_STR_t_g5m3_movement_carbon_footprint_4.3_001,g_entity_id,True,com.datio.hammurabi.rules.consistence.ValueConciliationRule,,1==1,['/data/master/kcog/data/t_kcog_entity/'],,,,ACCEPTANCE_MIN_KCOG_00,4.3
558,C:/Users/O005820/Documents/repositorios/GDH_c360_hammurabi_UUAAs/g5m3/glgldh360gloqlt/hammurabi/confs/master/g5m3/G5M3_movement-carbon-footprint_KMOL_account-movements_MMRule.conf,t_g5m3_movement_carbon_footprint,GL_STR_t_g5m3_movement_carbon_footprint_4.3_002,g_movement_id,True,com.datio.hammurabi.rules.consistence.ValueConciliationRule,,gf_cutoff_date='CUTOFF_DATE',['/data/master/kmol/data/t_kmol_account_movements/'],,,,ACCEPTANCE_MIN_KMOL_00,4.3
592,C:/Users/O005820/Documents/repositorios/GDH_c360_hammurabi_UUAAs/g5m3/glgldh360gloqlt/hammurabi/confs/master/g5m3/G5M3_sust-mob-operations-eod_KSAN_contract-global-local_MMRule.conf,t_g5m3_sust_mob_operations_eod,277e947abc,g_contract_id,True,com.datio.hammurabi.rules.consistence.ValueConciliationRule,,1==1,['/data/master/ksan/data/t_ksan_contract_global_local/'],,,,ACCEPTANCE_MIN_KSAN_00,4.3
607,C:/Users/O005820/Documents/repositorios/GDH_c360_hammurabi_UUAAs/g5m3/glgldh360gloqlt/hammurabi/confs/master/g5m3/G5M3_sust-mob-operations_KSAN_contract-global-local_MMRule.conf,t_g5m3_sust_mob_operations,GL_STR_t_g5m3_sust_mob_operations_4.3_000,g_contract_id,True,com.datio.hammurabi.rules.consistence.ValueConciliationRule,,1==1,['/data/master/ksan/data/t_ksan_contract_global_local/'],,,,ACCEPTANCE_MIN_KSAN_00,4.3
643,C:/Users/O005820/Documents/repositorios/GDH_c360_hammurabi_UUAAs/j7il/glgldh360gloqlt/hammurabi/confs/master/j7il/J7IL_customer-personalization_KBTQ_role-person_MMRule.conf,t_j7il_customer_personalization,GL_STR_t_j7il_customer_personalization_4.3_002,g_role_person_id,True,com.datio.hammurabi.rules.consistence.ValueConciliationRule,,1==1,['/data/master/kbtq/data/t_kbtq_role_person/'],,,,ACCEPTANCE_MIN_KBTQ_00,4.3
644,C:/Users/O005820/Documents/repositorios/GDH_c360_hammurabi_UUAAs/j7il/glgldh360gloqlt/hammurabi/confs/master/j7il/J7IL_customer-personalization_KBTQ_role-person_MMRule.conf,t_j7il_customer_personalization,GL_STR_t_j7il_customer_personalization_4.3_003,g_person_role_type,True,com.datio.hammurabi.rules.consistence.ValueConciliationRule,,1==1,['/data/master/kbtq/data/t_kbtq_role_person/'],,,,ACCEPTANCE_MIN_KBTQ_01,4.3
645,C:/Users/O005820/Documents/repositorios/GDH_c360_hammurabi_UUAAs/j7il/glgldh360gloqlt/hammurabi/confs/master/j7il/J7IL_customer-personalization_KCOG_country_MMRule.conf,t_j7il_customer_personalization,GL_STR_t_j7il_customer_personalization_4.3_000,g_country_id,True,com.datio.hammurabi.rules.consistence.ValueConciliationRule,,1==1,['/data/master/kcog/data/t_kcog_country/'],,,,ACCEPTANCE_MIN_KCOG_00,4.3
646,C:/Users/O005820/Documents/repositorios/GDH_c360_hammurabi_UUAAs/j7il/glgldh360gloqlt/hammurabi/confs/master/j7il/J7IL_customer-personalization_KCOG_entity_MMRule.conf,t_j7il_customer_personalization,GL_STR_t_j7il_customer_personalization_4.3_001,g_entity_id,True,com.datio.hammurabi.rules.consistence.ValueConciliationRule,,1==1,['/data/master/kcog/data/t_kcog_entity/'],,,,ACCEPTANCE_MIN_KCOG_00,4.3
670,C:/Users/O005820/Documents/repositorios/GDH_c360_hammurabi_UUAAs/j7il/glgldh360gloqlt/hammurabi/confs/master/j7il/J7IL_customer-refusals_KBTQ_role-person_MMRule.conf,t_j7il_customer_refusals,GL_STR_t_j7il_customer_refusals_4.3_002,g_role_person_id,True,com.datio.hammurabi.rules.consistence.ValueConciliationRule,,1==1,['/data/master/kbtq/data/t_kbtq_role_person/'],,,,ACCEPTANCE_MIN_KBTQ_00,4.3
671,C:/Users/O005820/Documents/repositorios/GDH_c360_hammurabi_UUAAs/j7il/glgldh360gloqlt/hammurabi/confs/master/j7il/J7IL_customer-refusals_KBTQ_role-person_MMRule.conf,t_j7il_customer_refusals,GL_STR_t_j7il_customer_refusals_4.3_003,g_person_role_type,True,com.datio.hammurabi.rules.consistence.ValueConciliationRule,,1==1,['/data/master/kbtq/data/t_kbtq_role_person/'],,,,ACCEPTANCE_MIN_KBTQ_01,4.3
672,C:/Users/O005820/Documents/repositorios/GDH_c360_hammurabi_UUAAs/j7il/glgldh360gloqlt/hammurabi/confs/master/j7il/J7IL_customer-refusals_KCOG_country_MMRule.conf,t_j7il_customer_refusals,GL_STR_t_j7il_customer_refusals_4.3_000,g_country_id,True,com.datio.hammurabi.rules.consistence.ValueConciliationRule,,1==1,['/data/master/kcog/data/t_kcog_country/'],,,,ACCEPTANCE_MIN_KCOG_00,4.3
673,C:/Users/O005820/Documents/repositorios/GDH_c360_hammurabi_UUAAs/j7il/glgldh360gloqlt/hammurabi/confs/master/j7il/J7IL_customer-refusals_KCOG_entity_MMRule.conf,t_j7il_customer_refusals,GL_STR_t_j7il_customer_refusals_4.3_001,g_entity_id,True,com.datio.hammurabi.rules.consistence.ValueConciliationRule,,1==1,['/data/master/kcog/data/t_kcog_entity/'],,,,ACCEPTANCE_MIN_KCOG_00,4.3
693,C:/Users/O005820/Documents/repositorios/GDH_c360_hammurabi_UUAAs/j7il/glgldh360gloqlt/hammurabi/confs/master/j7il/J7IL_notification-management_KBTQ_role-person_MMRule.conf,t_j7il_notification_management,GL_STR_t_j7il_notification_management_4.3_003,g_role_person_id,True,com.datio.hammurabi.rules.consistence.ValueConciliationRule,,1==1,['/data/master/kbtq/data/t_kbtq_role_person/'],,,,ACCEPTANCE_MIN_KBTQ_00,4.3
694,C:/Users/O005820/Documents/repositorios/GDH_c360_hammurabi_UUAAs/j7il/glgldh360gloqlt/hammurabi/confs/master/j7il/J7IL_notification-management_KBTQ_role-person_MMRule.conf,t_j7il_notification_management,GL_STR_t_j7il_notification_management_4.3_004,g_person_role_type,True,com.datio.hammurabi.rules.consistence.ValueConciliationRule,,1==1,['/data/master/kbtq/data/t_kbtq_role_person/'],,,,ACCEPTANCE_MIN_KBTQ_01,4.3
695,C:/Users/O005820/Documents/repositorios/GDH_c360_hammurabi_UUAAs/j7il/glgldh360gloqlt/hammurabi/confs/master/j7il/J7IL_notification-management_KCOG_country_MMRule.conf,t_j7il_notification_management,GL_STR_t_j7il_notification_management_4.3_000,g_country_id,True,com.datio.hammurabi.rules.consistence.ValueConciliationRule,,1==1,['/data/master/kcog/data/t_kcog_country/'],,,,ACCEPTANCE_MIN_KCOG_00,4.3
696,C:/Users/O005820/Documents/repositorios/GDH_c360_hammurabi_UUAAs/j7il/glgldh360gloqlt/hammurabi/confs/master/j7il/J7IL_notification-management_KCOG_entity_MMRule.conf,t_j7il_notification_management,GL_STR_t_j7il_notification_management_4.3_001,g_entity_id,True,com.datio.hammurabi.rules.consistence.ValueConciliationRule,,1==1,['/data/master/kcog/data/t_kcog_entity/'],,,,ACCEPTANCE_MIN_KCOG_00,4.3
728,C:/Users/O005820/Documents/repositorios/GDH_c360_hammurabi_UUAAs/katc/glgldh360gloqlt/hammurabi/confs/master/katc/KATC_attributes-contract-mp_KBTQ_customer-info_MMRule.conf,t_katc_attributes_contract_mp,GL_STR_t_katc_attributes_contract_mp_4.3_000,g_customer_id,True,com.datio.hammurabi.rules.consistence.ValueConciliationRule,,1==1,['/data/master/kbtq/data/t_kbtq_customer_info/'],,,,ACCEPTANCE_MIN_KBTQ_00,4.3
729,C:/Users/O005820/Documents/repositorios/GDH_c360_hammurabi_UUAAs/katc/glgldh360gloqlt/hammurabi/confs/master/katc/KATC_attributes-contract-mp_KCOG_country_MMRule.conf,t_katc_attributes_contract_mp,GL_STR_t_katc_attributes_contract_mp_4.3_001,g_country_id,True,com.datio.hammurabi.rules.consistence.ValueConciliationRule,,1==1,['/data/master/kcog/data/t_kcog_country/'],,,,ACCEPTANCE_MIN_KCOG_00,4.3
730,C:/Users/O005820/Documents/repositorios/GDH_c360_hammurabi_UUAAs/katc/glgldh360gloqlt/hammurabi/confs/master/katc/KATC_attributes-contract-mp_KCOG_currency_MMRule.conf,t_katc_attributes_contract_mp,GL_STR_t_katc_attributes_contract_mp_4.3_002,g_currency_id,True,com.datio.hammurabi.rules.consistence.ValueConciliationRule,,1==1,['/data/master/kcog/data/t_kcog_currency/'],,,,ACCEPTANCE_MIN_KCOG_00,4.3
731,C:/Users/O005820/Documents/repositorios/GDH_c360_hammurabi_UUAAs/katc/glgldh360gloqlt/hammurabi/confs/master/katc/KATC_attributes-contract-mp_KCOG_entity_MMRule.conf,t_katc_attributes_contract_mp,GL_STR_t_katc_attributes_contract_mp_4.3_003,g_entity_id,True,com.datio.hammurabi.rules.consistence.ValueConciliationRule,,1==1,['/data/master/kcog/data/t_kcog_entity/'],,,,ACCEPTANCE_MIN_KCOG_00,4.3
732,C:/Users/O005820/Documents/repositorios/GDH_c360_hammurabi_UUAAs/katc/glgldh360gloqlt/hammurabi/confs/master/katc/KATC_attributes-contract-mp_KSAN_contract-global-local_MMRule.conf,t_katc_attributes_contract_mp,GL_STR_t_katc_attributes_contract_mp_4.3_004,g_contract_id,True,com.datio.hammurabi.rules.consistence.ValueConciliationRule,,1==1,['/data/master/ksan/data/t_ksan_contract_global_local/'],,,,ACCEPTANCE_MIN_KSAN_00,4.3
760,C:/Users/O005820/Documents/repositorios/GDH_c360_hammurabi_UUAAs/katc/glgldh360gloqlt/hammurabi/confs/master/katc/KATC_attributes-dp_KBTQ_customer-info_MMRule.conf,t_katc_attributes_dp,GL_STR_t_katc_attributes_dp_4.3_002,g_customer_id,True,com.datio.hammurabi.rules.consistence.ValueConciliationRule,,1==1,['/data/master/kbtq/data/t_kbtq_customer_info/'],,,,ACCEPTANCE_MIN_KBTQ_00,4.3
761,C:/Users/O005820/Documents/repositorios/GDH_c360_hammurabi_UUAAs/katc/glgldh360gloqlt/hammurabi/confs/master/katc/KATC_attributes-dp_KCOG_country_MMRule.conf,t_katc_attributes_dp,GL_STR_t_katc_attributes_dp_4.3_000,g_country_id,True,com.datio.hammurabi.rules.consistence.ValueConciliationRule,,1==1,['/data/master/kcog/data/t_kcog_country/'],,,,ACCEPTANCE_MIN_KCOG_00,4.3
762,C:/Users/O005820/Documents/repositorios/GDH_c360_hammurabi_UUAAs/katc/glgldh360gloqlt/hammurabi/confs/master/katc/KATC_attributes-dp_KCOG_currency_MMRule.conf,t_katc_attributes_dp,GL_STR_t_katc_attributes_dp_4.3_003,g_currency_id,True,com.datio.hammurabi.rules.consistence.ValueConciliationRule,,1==1,['/data/master/kcog/data/t_kcog_currency/'],,,,ACCEPTANCE_MIN_KCOG_00,4.3
763,C:/Users/O005820/Documents/repositorios/GDH_c360_hammurabi_UUAAs/katc/glgldh360gloqlt/hammurabi/confs/master/katc/KATC_attributes-dp_KCOG_entity_MMRule.conf,t_katc_attributes_dp,GL_STR_t_katc_attributes_dp_4.3_001,g_entity_id,True,com.datio.hammurabi.rules.consistence.ValueConciliationRule,,1==1,['/data/master/kcog/data/t_kcog_entity/'],,,,ACCEPTANCE_MIN_KCOG_00,4.3
782,C:/Users/O005820/Documents/repositorios/GDH_c360_hammurabi_UUAAs/katc/glgldh360gloqlt/hammurabi/confs/master/katc/KATC_attributes-mp_KBTQ_customer-info_MMRule.conf,t_katc_attributes_mp,GL_STR_t_katc_attributes_mp_4.3_002,g_customer_id,True,com.datio.hammurabi.rules.consistence.ValueConciliationRule,,1==1,['MASTERSCHEMA.t_kbtq_customer_info'],,,,ACCEPTANCE_MIN_KBTQ_00,4.3
783,C:/Users/O005820/Documents/repositorios/GDH_c360_hammurabi_UUAAs/katc/glgldh360gloqlt/hammurabi/confs/master/katc/KATC_attributes-mp_KCOG_country_MMRule.conf,t_katc_attributes_mp,GL_STR_t_katc_attributes_mp_4.3_000,g_country_id,True,com.datio.hammurabi.rules.consistence.ValueConciliationRule,,1==1,['MASTERSCHEMA.t_kcog_country'],,,,ACCEPTANCE_MIN_KCOG_00,4.3
784,C:/Users/O005820/Documents/repositorios/GDH_c360_hammurabi_UUAAs/katc/glgldh360gloqlt/hammurabi/confs/master/katc/KATC_attributes-mp_KCOG_currency_MMRule.conf,t_katc_attributes_mp,GL_STR_t_katc_attributes_mp_4.3_003,g_currency_id,True,com.datio.hammurabi.rules.consistence.ValueConciliationRule,,1==1,['MASTERSCHEMA.t_kcog_currency'],,,,ACCEPTANCE_MIN_KCOG_00,4.3
785,C:/Users/O005820/Documents/repositorios/GDH_c360_hammurabi_UUAAs/katc/glgldh360gloqlt/hammurabi/confs/master/katc/KATC_attributes-mp_KCOG_entity_MMRule.conf,t_katc_attributes_mp,GL_STR_t_katc_attributes_mp_4.3_001,g_entity_id,True,com.datio.hammurabi.rules.consistence.ValueConciliationRule,,1==1,['MASTERSCHEMA.t_kcog_entity'],,,,ACCEPTANCE_MIN_KCOG_00,4.3
820,C:/Users/O005820/Documents/repositorios/GDH_c360_hammurabi_UUAAs/katc/glgldh360gloqlt/hammurabi/confs/master/katc/KATC_balance-forecast_KBTQ_customer-info_MMRule.conf,t_katc_balance_forecast,GL_STR_t_katc_balance_forecast_4.3_002,g_customer_id,True,com.datio.hammurabi.rules.consistence.ValueConciliationRule,,1==1,['/data/master/kbtq/data/t_kbtq_customer_info/'],,,,ACCEPTANCE_MIN_KBTQ_00,4.3
821,C:/Users/O005820/Documents/repositorios/GDH_c360_hammurabi_UUAAs/katc/glgldh360gloqlt/hammurabi/confs/master/katc/KATC_balance-forecast_KCOG_country_MMRule.conf,t_katc_balance_forecast,GL_STR_t_katc_balance_forecast_4.3_000,g_country_id,True,com.datio.hammurabi.rules.consistence.ValueConciliationRule,,1==1,['/data/master/kcog/data/t_kcog_country/'],,,,ACCEPTANCE_MIN_KCOG_00,4.3
822,C:/Users/O005820/Documents/repositorios/GDH_c360_hammurabi_UUAAs/katc/glgldh360gloqlt/hammurabi/confs/master/katc/KATC_balance-forecast_KCOG_entity_MMRule.conf,t_katc_balance_forecast,GL_STR_t_katc_balance_forecast_4.3_001,g_entity_id,True,com.datio.hammurabi.rules.consistence.ValueConciliationRule,,1==1,['/data/master/kcog/data/t_kcog_entity/'],,,,ACCEPTANCE_MIN_KCOG_00,4.3
823,C:/Users/O005820/Documents/repositorios/GDH_c360_hammurabi_UUAAs/katc/glgldh360gloqlt/hammurabi/confs/master/katc/KATC_balance-forecast_KSAN_contract-global-local_MMRule.conf,t_katc_balance_forecast,GL_STR_t_katc_balance_forecast_4.3_003,g_contract_id,True,com.datio.hammurabi.rules.consistence.ValueConciliationRule,,1==1,['/data/master/ksan/data/t_ksan_contract_global_local/'],,,,ACCEPTANCE_MIN_KSAN_00,4.3
855,C:/Users/O005820/Documents/repositorios/GDH_c360_hammurabi_UUAAs/katc/glgldh360gloqlt/hammurabi/confs/master/katc/KATC_recurrence-forecast_KBTQ_customer-info_MMRule.conf,t_katc_recurrence_forecast,GL_STR_t_katc_recurrence_forecast_4.3_002,g_customer_id,True,com.datio.hammurabi.rules.consistence.ValueConciliationRule,,1==1,['/data/master/kbtq/data/t_kbtq_customer_info/'],,,,ACCEPTANCE_MIN_KBTQ_00,4.3
856,C:/Users/O005820/Documents/repositorios/GDH_c360_hammurabi_UUAAs/katc/glgldh360gloqlt/hammurabi/confs/master/katc/KATC_recurrence-forecast_KCOG_country_MMRule.conf,t_katc_recurrence_forecast,GL_STR_t_katc_recurrence_forecast_4.3_000,g_country_id,True,com.datio.hammurabi.rules.consistence.ValueConciliationRule,,1==1,['/data/master/kcog/data/t_kcog_country/'],,,,ACCEPTANCE_MIN_KCOG_00,4.3
857,C:/Users/O005820/Documents/repositorios/GDH_c360_hammurabi_UUAAs/katc/glgldh360gloqlt/hammurabi/confs/master/katc/KATC_recurrence-forecast_KCOG_entity_MMRule.conf,t_katc_recurrence_forecast,GL_STR_t_katc_recurrence_forecast_4.3_001,g_entity_id,True,com.datio.hammurabi.rules.consistence.ValueConciliationRule,,1==1,['/data/master/kcog/data/t_kcog_entity/'],,,,ACCEPTANCE_MIN_KCOG_00,4.3
858,C:/Users/O005820/Documents/repositorios/GDH_c360_hammurabi_UUAAs/katc/glgldh360gloqlt/hammurabi/confs/master/katc/KATC_recurrence-forecast_KSAN_contract-global-local_MMRule.conf,t_katc_recurrence_forecast,GL_STR_t_katc_recurrence_forecast_4.3_003,g_contract_id,True,com.datio.hammurabi.rules.consistence.ValueConciliationRule,,1==1,['/data/master/ksan/data/t_ksan_contract_global_local/'],,,,ACCEPTANCE_MIN_KSAN_00,4.3
894,C:/Users/O005820/Documents/repositorios/GDH_c360_hammurabi_UUAAs/katc/glgldh360gloqlt/hammurabi/confs/master/katc/KATC_relevant-facts_KBTQ_customer-info_MMRule.conf,t_katc_relevant_facts,GL_STR_t_katc_relevant_facts_4.3_002,g_customer_id,True,com.datio.hammurabi.rules.consistence.ValueConciliationRule,,1==1,['/data/master/kbtq/data/t_kbtq_customer_info/'],,,,ACCEPTANCE_MIN_KBTQ_00,4.3
895,C:/Users/O005820/Documents/repositorios/GDH_c360_hammurabi_UUAAs/katc/glgldh360gloqlt/hammurabi/confs/master/katc/KATC_relevant-facts_KCOG_country_MMRule.conf,t_katc_relevant_facts,GL_STR_t_katc_relevant_facts_4.3_000,g_country_id,True,com.datio.hammurabi.rules.consistence.ValueConciliationRule,,1==1,['/data/master/kcog/data/t_kcog_country/'],,,,ACCEPTANCE_MIN_KCOG_00,4.3
896,C:/Users/O005820/Documents/repositorios/GDH_c360_hammurabi_UUAAs/katc/glgldh360gloqlt/hammurabi/confs/master/katc/KATC_relevant-facts_KCOG_entity_MMRule.conf,t_katc_relevant_facts,GL_STR_t_katc_relevant_facts_4.3_001,g_entity_id,True,com.datio.hammurabi.rules.consistence.ValueConciliationRule,,1==1,['/data/master/kcog/data/t_kcog_entity/'],,,,ACCEPTANCE_MIN_KCOG_00,4.3
922,C:/Users/O005820/Documents/repositorios/GDH_c360_hammurabi_UUAAs/kcdg/glgldh360gloqlt/hammurabi/confs/master/kcdg/KCDG_graph-edges_KCDG_graph-nodes_MMRule.conf,t_kcdg_graph_edges,277e947ac9,gf_graph_name,True,com.datio.hammurabi.rules.consistence.ValueConciliationRule,,gf_cutoff_date='CUTOFF_DATE',['MASTERSCHEMA.t_kcdg_graph_nodes'],,,,ACCEPTANCE_MIN_KCDG_00,4.3
923,C:/Users/O005820/Documents/repositorios/GDH_c360_hammurabi_UUAAs/kcdg/glgldh360gloqlt/hammurabi/confs/master/kcdg/KCDG_graph-edges_KCDG_graph-nodes_MMRule.conf,t_kcdg_graph_edges,277e947aca,gf_subgraph_name,True,com.datio.hammurabi.rules.consistence.ValueConciliationRule,,gf_cutoff_date='CUTOFF_DATE',['MASTERSCHEMA.t_kcdg_graph_nodes'],,,,ACCEPTANCE_MIN_KCDG_01,4.3
984,C:/Users/O005820/Documents/repositorios/GDH_c360_hammurabi_UUAAs/kceg/glgldh360gloqlt/hammurabi/confs/master/kceg/KCEG_agg-balances-main-holder_KBTQ_customer-info_MMRule.conf,t_kceg_agg_balances_main_holder,277e947aab,g_customer_id,True,com.datio.hammurabi.rules.consistence.ValueConciliationRule,,1==1,['/data/master/kbtq/data/t_kbtq_customer_info/'],,,,ACCEPTANCE_MIN_KBTQ_00,4.3
1002,C:/Users/O005820/Documents/repositorios/GDH_c360_hammurabi_UUAAs/kceg/glgldh360gloqlt/hammurabi/confs/master/kceg/KCEG_agg-balances-main-holder_YH2J_global-product-hierarchy_MMRule.conf,t_kceg_agg_balances_main_holder,277e947b0b,g_global_product_hier_elem_id,True,com.datio.hammurabi.rules.consistence.ValueConciliationRule,,gf_cutoff_date='CUTOFF_DATE',['/data/master/yh2j/data/t_yh2j_global_product_hierarchy/'],,,,ACCEPTANCE_MIN_YH2J_00,4.3
1003,C:/Users/O005820/Documents/repositorios/GDH_c360_hammurabi_UUAAs/kceg/glgldh360gloqlt/hammurabi/confs/master/kceg/KCEG_agg-balances_KBTQ_customer-info_MMRule.conf,t_kceg_agg_balances,GL_STR_t_kceg_agg_balances_4.3_002,g_customer_id,True,com.datio.hammurabi.rules.consistence.ValueConciliationRule,,1==1,['/data/master/kbtq/data/t_kbtq_customer_info/'],,,,ACCEPTANCE_MIN_KBTQ_00,4.3
1004,C:/Users/O005820/Documents/repositorios/GDH_c360_hammurabi_UUAAs/kceg/glgldh360gloqlt/hammurabi/confs/master/kceg/KCEG_agg-balances_KCOG_country_MMRule.conf,t_kceg_agg_balances,GL_STR_t_kceg_agg_balances_4.3_000,g_country_id,True,com.datio.hammurabi.rules.consistence.ValueConciliationRule,,1==1,['/data/master/kcog/data/t_kcog_country/'],,,,ACCEPTANCE_MIN_KCOG_00,4.3
1005,C:/Users/O005820/Documents/repositorios/GDH_c360_hammurabi_UUAAs/kceg/glgldh360gloqlt/hammurabi/confs/master/kceg/KCEG_agg-balances_KCOG_entity_MMRule.conf,t_kceg_agg_balances,GL_STR_t_kceg_agg_balances_4.3_001,g_entity_id,True,com.datio.hammurabi.rules.consistence.ValueConciliationRule,,1==1,['/data/master/kcog/data/t_kcog_entity/'],,,,ACCEPTANCE_MIN_KCOG_00,4.3
1046,C:/Users/O005820/Documents/repositorios/GDH_c360_hammurabi_UUAAs/kceg/glgldh360gloqlt/hammurabi/confs/master/kceg/KCEG_agg-services_KBTQ_customer-info_MMRule.conf,t_kceg_agg_services,GL_STR_t_kceg_agg_services_4.3_002,g_customer_id,True,com.datio.hammurabi.rules.consistence.ValueConciliationRule,,1==1,['/data/master/kbtq/data/t_kbtq_customer_info/'],,,,ACCEPTANCE_MIN_KBTQ_00,4.3
1047,C:/Users/O005820/Documents/repositorios/GDH_c360_hammurabi_UUAAs/kceg/glgldh360gloqlt/hammurabi/confs/master/kceg/KCEG_agg-services_KCOG_country_MMRule.conf,t_kceg_agg_services,GL_STR_t_kceg_agg_services_4.3_000,g_country_id,True,com.datio.hammurabi.rules.consistence.ValueConciliationRule,,1==1,['/data/master/kcog/data/t_kcog_country/'],,,,ACCEPTANCE_MIN_KCOG_00,4.3
1048,C:/Users/O005820/Documents/repositorios/GDH_c360_hammurabi_UUAAs/kceg/glgldh360gloqlt/hammurabi/confs/master/kceg/KCEG_agg-services_KCOG_entity_MMRule.conf,t_kceg_agg_services,GL_STR_t_kceg_agg_services_4.3_001,g_entity_id,True,com.datio.hammurabi.rules.consistence.ValueConciliationRule,,1==1,['/data/master/kcog/data/t_kcog_entity/'],,,,ACCEPTANCE_MIN_KCOG_00,4.3
1086,C:/Users/O005820/Documents/repositorios/GDH_c360_hammurabi_UUAAs/kceg/glgldh360gloqlt/hammurabi/confs/master/kceg/KCEG_cust-agg-recurring-income_KBTQ_eom-customer_MMRule.conf,t_kceg_cust_agg_recurring_income,2900aa7059,g_customer_id,True,com.datio.hammurabi.rules.consistence.ValueConciliationRule,,1==1,['MASTERSCHEMA.t_kbtq_eom_customer'],,,,ACCEPTANCE_MIN_KBTQ_00,4.3
1128,C:/Users/O005820/Documents/repositorios/GDH_c360_hammurabi_UUAAs/kceg/glgldh360gloqlt/hammurabi/confs/master/kceg/KCEG_cust-prod-main-holder_KBTQ_customer-info_MMRule.conf,t_kceg_cust_prod_main_holder,277e947b1f,g_customer_id,True,com.datio.hammurabi.rules.consistence.ValueConciliationRule,,1==1,['/data/master/kbtq/data/t_kbtq_customer_info/'],,,,ACCEPTANCE_MIN_KBTQ_00,4.3
1151,C:/Users/O005820/Documents/repositorios/GDH_c360_hammurabi_UUAAs/kceg/glgldh360gloqlt/hammurabi/confs/master/kceg/KCEG_cust-prod-main-holder_YH2J_global-product-hierarchy_MMRule.conf,t_kceg_cust_prod_main_holder,277e947b32,g_global_product_hier_elem_id,True,com.datio.hammurabi.rules.consistence.ValueConciliationRule,,gf_cutoff_date='CUTOFF_DATE',['/data/master/yh2j/data/t_yh2j_global_product_hierarchy/'],,,,ACCEPTANCE_MIN_YH2J_00,4.3
1152,C:/Users/O005820/Documents/repositorios/GDH_c360_hammurabi_UUAAs/kceg/glgldh360gloqlt/hammurabi/confs/master/kceg/KCEG_customer-app-expertise_KBTQ_customer-info_MMRule.conf,t_kceg_customer_app_expertise,GL_STR_t_kceg_customer_app_expertise_4.3_000,g_customer_id,True,com.datio.hammurabi.rules.consistence.ValueConciliationRule,,1==1,['MASTERSCHEMA.t_kbtq_customer_info'],,,,ACCEPTANCE_MIN_KBTQ_00,4.3
1164,C:/Users/O005820/Documents/repositorios/GDH_c360_hammurabi_UUAAs/kceg/glgldh360gloqlt/hammurabi/confs/master/kceg/KCEG_customer-cancellations_KBTQ_customer-info_MMRule.conf,t_kceg_customer_cancellations,GL_STR_t_kceg_customer_cancellations_4.3_002,g_customer_id,True,com.datio.hammurabi.rules.consistence.ValueConciliationRule,,1==1,['/data/master/kbtq/data/t_kbtq_customer_info/'],,,,ACCEPTANCE_MIN_KBTQ_00,4.3
1165,C:/Users/O005820/Documents/repositorios/GDH_c360_hammurabi_UUAAs/kceg/glgldh360gloqlt/hammurabi/confs/master/kceg/KCEG_customer-cancellations_KCOG_branch_MMRule.conf,t_kceg_customer_cancellations,GL_STR_t_kceg_customer_cancellations_4.3_003,g_branch_id,True,com.datio.hammurabi.rules.consistence.ValueConciliationRule,,1==1,['/data/master/kcog/data/t_kcog_branch/'],,,,ACCEPTANCE_MIN_KCOG_00,4.3
1166,C:/Users/O005820/Documents/repositorios/GDH_c360_hammurabi_UUAAs/kceg/glgldh360gloqlt/hammurabi/confs/master/kceg/KCEG_customer-cancellations_KCOG_country_MMRule.conf,t_kceg_customer_cancellations,GL_STR_t_kceg_customer_cancellations_4.3_000,g_country_id,True,com.datio.hammurabi.rules.consistence.ValueConciliationRule,,1==1,['/data/master/kcog/data/t_kcog_country/'],,,,ACCEPTANCE_MIN_KCOG_00,4.3
1167,C:/Users/O005820/Documents/repositorios/GDH_c360_hammurabi_UUAAs/kceg/glgldh360gloqlt/hammurabi/confs/master/kceg/KCEG_customer-cancellations_KCOG_entity_MMRule.conf,t_kceg_customer_cancellations,GL_STR_t_kceg_customer_cancellations_4.3_001,g_entity_id,True,com.datio.hammurabi.rules.consistence.ValueConciliationRule,,1==1,['/data/master/kcog/data/t_kcog_entity/'],,,,ACCEPTANCE_MIN_KCOG_00,4.3
1206,C:/Users/O005820/Documents/repositorios/GDH_c360_hammurabi_UUAAs/kceg/glgldh360gloqlt/hammurabi/confs/master/kceg/KCEG_customer-engagement_KBTQ_eom-customer_MMRule.conf,t_kceg_customer_engagement,2900aa717a,g_customer_id,True,com.datio.hammurabi.rules.consistence.ValueConciliationRule,,1==1,['MASTERSCHEMA.t_kbtq_eom_customer'],,,,ACCEPTANCE_MIN_KBTQ_00,4.3
1220,C:/Users/O005820/Documents/repositorios/GDH_c360_hammurabi_UUAAs/kceg/glgldh360gloqlt/hammurabi/confs/master/kceg/KCEG_customer-products-dp_KBTQ_customer-info_MMRule.conf,t_kceg_customer_products_dp,GL_STR_t_kceg_customer_products_dp_4.3_000,g_customer_id,True,com.datio.hammurabi.rules.consistence.ValueConciliationRule,,1==1,['/data/master/kbtq/data/t_kbtq_customer_info/'],,,,ACCEPTANCE_MIN_KBTQ_00,4.3
1249,C:/Users/O005820/Documents/repositorios/GDH_c360_hammurabi_UUAAs/kceg/glgldh360gloqlt/hammurabi/confs/master/kceg/KCEG_customer-products_KBTQ_customer-info_MMRule.conf,t_kceg_customer_products,GL_STR_t_kceg_customer_products_4.3_002,g_customer_id,True,com.datio.hammurabi.rules.consistence.ValueConciliationRule,,1==1,['/data/master/kbtq/data/t_kbtq_customer_info/'],,,,ACCEPTANCE_MIN_KBTQ_00,4.3
1250,C:/Users/O005820/Documents/repositorios/GDH_c360_hammurabi_UUAAs/kceg/glgldh360gloqlt/hammurabi/confs/master/kceg/KCEG_customer-products_KCOG_country_MMRule.conf,t_kceg_customer_products,GL_STR_t_kceg_customer_products_4.3_000,g_country_id,True,com.datio.hammurabi.rules.consistence.ValueConciliationRule,,1==1,['/data/master/kcog/data/t_kcog_country/'],,,,ACCEPTANCE_MIN_KCOG_00,4.3
1251,C:/Users/O005820/Documents/repositorios/GDH_c360_hammurabi_UUAAs/kceg/glgldh360gloqlt/hammurabi/confs/master/kceg/KCEG_customer-products_KCOG_entity_MMRule.conf,t_kceg_customer_products,GL_STR_t_kceg_customer_products_4.3_001,g_entity_id,True,com.datio.hammurabi.rules.consistence.ValueConciliationRule,,1==1,['/data/master/kcog/data/t_kcog_entity/'],,,,ACCEPTANCE_MIN_KCOG_00,4.3
1287,C:/Users/O005820/Documents/repositorios/GDH_c360_hammurabi_UUAAs/kceg/glgldh360gloqlt/hammurabi/confs/master/kceg/KCEG_customer-registers_KBTQ_customer-info_MMRule.conf,t_kceg_customer_registers,GL_STR_t_kceg_customer_registers_4.3_002,g_customer_id,True,com.datio.hammurabi.rules.consistence.ValueConciliationRule,,1==1,['/data/master/kbtq/data/t_kbtq_customer_info/'],,,,ACCEPTANCE_MIN_KBTQ_00,4.3
1289,C:/Users/O005820/Documents/repositorios/GDH_c360_hammurabi_UUAAs/kceg/glgldh360gloqlt/hammurabi/confs/master/kceg/KCEG_customer-registers_KCOG_branch_MMRule.conf,t_kceg_customer_registers,GL_STR_t_kceg_customer_registers_4.3_003,g_branch_id,True,com.datio.hammurabi.rules.consistence.ValueConciliationRule,,1==1,['/data/master/kcog/data/t_kcog_branch/'],,,,ACCEPTANCE_MIN_KCOG_00,4.3
1290,C:/Users/O005820/Documents/repositorios/GDH_c360_hammurabi_UUAAs/kceg/glgldh360gloqlt/hammurabi/confs/master/kceg/KCEG_customer-registers_KCOG_country_MMRule.conf,t_kceg_customer_registers,GL_STR_t_kceg_customer_registers_4.3_000,g_country_id,True,com.datio.hammurabi.rules.consistence.ValueConciliationRule,,1==1,['/data/master/kcog/data/t_kcog_country/'],,,,ACCEPTANCE_MIN_KCOG_00,4.3
1291,C:/Users/O005820/Documents/repositorios/GDH_c360_hammurabi_UUAAs/kceg/glgldh360gloqlt/hammurabi/confs/master/kceg/KCEG_customer-registers_KCOG_entity_MMRule.conf,t_kceg_customer_registers,GL_STR_t_kceg_customer_registers_4.3_001,g_entity_id,True,com.datio.hammurabi.rules.consistence.ValueConciliationRule,,1==1,['/data/master/kcog/data/t_kcog_entity/'],,,,ACCEPTANCE_MIN_KCOG_00,4.3
1312,C:/Users/O005820/Documents/repositorios/GDH_c360_hammurabi_UUAAs/kceg/glgldh360gloqlt/hammurabi/confs/master/kceg/KCEG_fx-cust-channel-activity_KBTQ_customer-info_MMRule.conf,t_kceg_fx_cust_channel_activity,289154b57d,g_customer_id,True,com.datio.hammurabi.rules.consistence.ValueConciliationRule,,1==1,['MASTERSCHEMA.t_kbtq_customer_info'],,,,ACCEPTANCE_MIN_KBTQ_00,4.3
1313,C:/Users/O005820/Documents/repositorios/GDH_c360_hammurabi_UUAAs/kceg/glgldh360gloqlt/hammurabi/confs/master/kceg/KCEG_fx-cust-channel-activity_KCEG_fx-cust-gnrl-feat_MMRule.conf,t_kceg_fx_cust_channel_activity,28910d7355,g_customer_id,True,com.datio.hammurabi.rules.consistence.ValueConciliationRule,,,['MASTERSCHEMA.t_kceg_fx_cust_gnrl_feat'],,,,ACCEPTANCE_MIN_KCEG_00,4.3
1331,C:/Users/O005820/Documents/repositorios/GDH_c360_hammurabi_UUAAs/kceg/glgldh360gloqlt/hammurabi/confs/master/kceg/KCEG_fx-cust-gnrl-feat_KBTQ_customer-info_MMRule.conf,t_kceg_fx_cust_gnrl_feat,28910d7429,g_customer_id,True,com.datio.hammurabi.rules.consistence.ValueConciliationRule,,1==1,['MASTERSCHEMA.t_kbtq_customer_info'],,,,ACCEPTANCE_MIN_KBTQ_00,4.3
1364,C:/Users/O005820/Documents/repositorios/GDH_c360_hammurabi_UUAAs/kceg/glgldh360gloqlt/hammurabi/confs/master/kceg/KCEG_fx-cust-qtry-activity_KCEG_fx-cust-gnrl-feat_MMRule.conf,t_kceg_fx_cust_qtry_activity,28910d74da,g_customer_id,True,com.datio.hammurabi.rules.consistence.ValueConciliationRule,,,['MASTERSCHEMA.t_kceg_fx_cust_gnrl_feat'],,,,ACCEPTANCE_MIN_KCEG_00,4.3
1392,C:/Users/O005820/Documents/repositorios/GDH_c360_hammurabi_UUAAs/kceg/glgldh360gloqlt/hammurabi/confs/master/kceg/KCEG_identity-graph_KCOG_entity_MMRule.conf,t_kceg_identity_graph,GL_STR_t_kceg_identity_graph_4.3_000,g_entity_id,True,com.datio.hammurabi.rules.consistence.ValueConciliationRule,,1==1,['/data/master/kcog/data/t_kcog_entity/'],,,,ACCEPTANCE_MIN_KCOG_00,4.3
1413,C:/Users/O005820/Documents/repositorios/GDH_c360_hammurabi_UUAAs/kceg/glgldh360gloqlt/hammurabi/confs/master/kceg/KCEG_recurring-income-detail_KBTQ_role-person_MMRule.conf,t_kceg_recurring_income_detail,28b2749141,g_role_person_id,True,com.datio.hammurabi.rules.consistence.ValueConciliationRule,,,['MASTERSCHEMA.t_kbtq_role_person'],,,,ACCEPTANCE_MIN_KBTQ_00,4.3
1437,C:/Users/O005820/Documents/repositorios/GDH_c360_hammurabi_UUAAs/kceg/glgldh360gloqlt/hammurabi/confs/master/kceg/KCEG_trans-recommendation_KBTQ_role-person_MMRule.conf,t_kceg_trans_recommendation,287b3bd23b,g_role_person_id,True,com.datio.hammurabi.rules.consistence.ValueConciliationRule,,1==1,['MASTERSCHEMA.t_kbtq_role_person'],,,,ACCEPTANCE_MIN_KBTQ_00,4.3
1446,C:/Users/O005820/Documents/repositorios/GDH_c360_hammurabi_UUAAs/kceg/glgldh360gloqlt/hammurabi/confs/master/kceg/KCEG_transaction-evaluation_KBTQ_role-person_MMRule.conf,t_kceg_transaction_evaluation,287b3bd810,g_role_person_id,True,com.datio.hammurabi.rules.consistence.ValueConciliationRule,,1==1,['MASTERSCHEMA.t_kbtq_role_person'],,,,ACCEPTANCE_MIN_KBTQ_00,4.3
1455,C:/Users/O005820/Documents/repositorios/GDH_c360_hammurabi_UUAAs/kcpg/glgldh360gloqlt/hammurabi/confs/master/kcpg/KCPG_appl-cust-contract-perst_KBTQ_customer-info_MMRule.conf,t_kcpg_appl_cust_contract_perst,277e947b33,g_customer_id,True,com.datio.hammurabi.rules.consistence.ValueConciliationRule,,1==1,['/data/master/kbtq/data/t_kbtq_customer_info/'],,,,ACCEPTANCE_MIN_KBTQ_00,4.3
1456,C:/Users/O005820/Documents/repositorios/GDH_c360_hammurabi_UUAAs/kcpg/glgldh360gloqlt/hammurabi/confs/master/kcpg/KCPG_appl-cust-contract-perst_KSAN_contract-global-local_MMRule.conf,t_kcpg_appl_cust_contract_perst,277e947b34,g_contract_id,True,com.datio.hammurabi.rules.consistence.ValueConciliationRule,,1==1,['/data/master/ksan/data/t_ksan_contract_global_local/'],,,,ACCEPTANCE_MIN_KSAN_00,4.3
1486,C:/Users/O005820/Documents/repositorios/GDH_c360_hammurabi_UUAAs/kcpg/glgldh360gloqlt/hammurabi/confs/master/kcpg/KCPG_budget-contract-trip_KSAN_contract-global-local_MMRule.conf,t_kcpg_budget_contract_trip,GL_STR_t_kcpg_budget_contract_trip_4.3_000,g_contract_id,True,com.datio.hammurabi.rules.consistence.ValueConciliationRule,,1==1,['/data/master/ksan/data/t_ksan_contract_global_local/'],,,,ACCEPTANCE_MIN_KSAN_00,4.3
1515,C:/Users/O005820/Documents/repositorios/GDH_c360_hammurabi_UUAAs/kcpg/glgldh360gloqlt/hammurabi/confs/master/kcpg/KCPG_customer-cust-prod-mp_KCOG_country_MMRule.conf,t_kcpg_customer_cust_prod_mp,29001a2b20,g_country_id,False,com.datio.hammurabi.rules.consistence.ValueConciliationRule,,1=1,['MASTERSCHEMA.t_kcog_country'],,1=1,,ACCEPTANCE_MIN_KCOG_00,4.3
1516,C:/Users/O005820/Documents/repositorios/GDH_c360_hammurabi_UUAAs/kcpg/glgldh360gloqlt/hammurabi/confs/master/kcpg/KCPG_customer-cust-prod-mp_KCOG_currency_MMRule.conf,t_kcpg_customer_cust_prod_mp,29001a2c10,g_currency_id,False,com.datio.hammurabi.rules.consistence.ValueConciliationRule,,1=1,['MASTERSCHEMA.t_kcog_currency'],,g_currency_id != '' AND g_currency_id IS NOT NULL,,ACCEPTANCE_MIN_KCOG_01,4.3
1543,C:/Users/O005820/Documents/repositorios/GDH_c360_hammurabi_UUAAs/kcpg/glgldh360gloqlt/hammurabi/confs/master/kcpg/KCPG_customer-cust-prod_KBTQ_customer-info_MMRule.conf,t_kcpg_customer_cust_prod,277e947b35,g_customer_id,True,com.datio.hammurabi.rules.consistence.ValueConciliationRule,,1==1,['/data/master/kbtq/data/t_kbtq_customer_info/'],,,,ACCEPTANCE_MIN_KBTQ_00,4.3
1544,C:/Users/O005820/Documents/repositorios/GDH_c360_hammurabi_UUAAs/kcpg/glgldh360gloqlt/hammurabi/confs/master/kcpg/KCPG_customer-cust-prod_KSAN_contract-global-local_MMRule.conf,t_kcpg_customer_cust_prod,277e947b36,g_contract_id,True,com.datio.hammurabi.rules.consistence.ValueConciliationRule,,1==1,['/data/master/ksan/data/t_ksan_contract_global_local/'],,,,ACCEPTANCE_MIN_KSAN_00,4.3
1563,C:/Users/O005820/Documents/repositorios/GDH_c360_hammurabi_UUAAs/kcpg/glgldh360gloqlt/hammurabi/confs/master/kcpg/KCPG_customer-invest-goals_KBTQ_customer-info_MMRule.conf,t_kcpg_customer_invest_goals,277e947b37,g_customer_id,True,com.datio.hammurabi.rules.consistence.ValueConciliationRule,,1==1,['/data/master/kbtq/data/t_kbtq_customer_info/'],,,,ACCEPTANCE_MIN_KBTQ_00,4.3
1595,C:/Users/O005820/Documents/repositorios/GDH_c360_hammurabi_UUAAs/kcpg/glgldh360gloqlt/hammurabi/confs/master/kcpg/KCPG_customer-rules_KBTQ_customer-info_MMRule.conf,t_kcpg_customer_rules,GL_STR_t_kcpg_customer_rules_4.3_003,g_customer_id,True,com.datio.hammurabi.rules.consistence.ValueConciliationRule,,1==1,['/data/master/kbtq/data/t_kbtq_customer_info/'],,,,ACCEPTANCE_MIN_KBTQ_00,4.3
1596,C:/Users/O005820/Documents/repositorios/GDH_c360_hammurabi_UUAAs/kcpg/glgldh360gloqlt/hammurabi/confs/master/kcpg/KCPG_customer-rules_KCOG_country_MMRule.conf,t_kcpg_customer_rules,GL_STR_t_kcpg_customer_rules_4.3_000,g_country_id,True,com.datio.hammurabi.rules.consistence.ValueConciliationRule,,1==1,['/data/master/kcog/data/t_kcog_country/'],,,,ACCEPTANCE_MIN_KCOG_00,4.3
1597,C:/Users/O005820/Documents/repositorios/GDH_c360_hammurabi_UUAAs/kcpg/glgldh360gloqlt/hammurabi/confs/master/kcpg/KCPG_customer-rules_KCOG_currency_MMRule.conf,t_kcpg_customer_rules,GL_STR_t_kcpg_customer_rules_4.3_001,g_currency_id,True,com.datio.hammurabi.rules.consistence.ValueConciliationRule,,1==1,['/data/master/kcog/data/t_kcog_currency/'],,,,ACCEPTANCE_MIN_KCOG_00,4.3
1598,C:/Users/O005820/Documents/repositorios/GDH_c360_hammurabi_UUAAs/kcpg/glgldh360gloqlt/hammurabi/confs/master/kcpg/KCPG_customer-rules_KCOG_entity_MMRule.conf,t_kcpg_customer_rules,GL_STR_t_kcpg_customer_rules_4.3_002,g_entity_id,True,com.datio.hammurabi.rules.consistence.ValueConciliationRule,,1==1,['/data/master/kcog/data/t_kcog_entity/'],,,,ACCEPTANCE_MIN_KCOG_00,4.3
1639,C:/Users/O005820/Documents/repositorios/GDH_c360_hammurabi_UUAAs/kcpg/glgldh360gloqlt/hammurabi/confs/master/kcpg/KCPG_expense-group-member_KCOG_entity_MMRule.conf,t_kcpg_expense_group_member,28e0b427fe,g_entity_id,True,com.datio.hammurabi.rules.consistence.ValueConciliationRule,,1==1,['MASTERSCHEMA.t_kcog_entity'],,,,ACCEPTANCE_MIN_KCOG_00,4.3
1640,C:/Users/O005820/Documents/repositorios/GDH_c360_hammurabi_UUAAs/kcpg/glgldh360gloqlt/hammurabi/confs/master/kcpg/KCPG_expense-group-member_KCPG_expense-group_MMRule.conf,t_kcpg_expense_group_member,28e0b42903,gf_expenses_group_id,True,com.datio.hammurabi.rules.consistence.ValueConciliationRule,,gf_cutoff_date='CUTOFF_DATE',['MASTERSCHEMA.t_kcpg_expense_group'],,,,ACCEPTANCE_MIN_KCPG_00,4.3
1650,C:/Users/O005820/Documents/repositorios/GDH_c360_hammurabi_UUAAs/kcpg/glgldh360gloqlt/hammurabi/confs/master/kcpg/KCPG_expense-group-participant_KBTQ_role-person_MMRule.conf,t_kcpg_expense_group_participant,28e0b42bb4,g_role_person_id,True,com.datio.hammurabi.rules.consistence.ValueConciliationRule,,1==1,['MASTERSCHEMA.t_kbtq_role_person'],,,,ACCEPTANCE_MIN_KBTQ_00,4.3
1651,C:/Users/O005820/Documents/repositorios/GDH_c360_hammurabi_UUAAs/kcpg/glgldh360gloqlt/hammurabi/confs/master/kcpg/KCPG_expense-group-participant_KCOG_entity_MMRule.conf,t_kcpg_expense_group_participant,28e0b42abc,g_entity_id,True,com.datio.hammurabi.rules.consistence.ValueConciliationRule,,1==1,['MASTERSCHEMA.t_kcog_entity'],,,,ACCEPTANCE_MIN_KCOG_00,4.3
1659,C:/Users/O005820/Documents/repositorios/GDH_c360_hammurabi_UUAAs/kcpg/glgldh360gloqlt/hammurabi/confs/master/kcpg/KCPG_expense-group_KCOG_entity_MMRule.conf,t_kcpg_expense_group,28e1399f4c,g_entity_id,True,com.datio.hammurabi.rules.consistence.ValueConciliationRule,,1==1,['MASTERSCHEMA.t_kcog_entity'],,,,ACCEPTANCE_MIN_KCOG_00,4.3
1666,C:/Users/O005820/Documents/repositorios/GDH_c360_hammurabi_UUAAs/kcpg/glgldh360gloqlt/hammurabi/confs/master/kcpg/KCPG_general-budgets_KBTQ_role-person_MMRule.conf,t_kcpg_general_budgets,GL_STR_t_kcpg_general_budgets_4.3_002,g_role_person_id,True,com.datio.hammurabi.rules.consistence.ValueConciliationRule,,1==1,['/data/master/kbtq/data/t_kbtq_role_person/'],,,,ACCEPTANCE_MIN_KBTQ_00,4.3
1667,C:/Users/O005820/Documents/repositorios/GDH_c360_hammurabi_UUAAs/kcpg/glgldh360gloqlt/hammurabi/confs/master/kcpg/KCPG_general-budgets_KBTQ_role-person_MMRule.conf,t_kcpg_general_budgets,GL_STR_t_kcpg_general_budgets_4.3_003,g_person_role_type,True,com.datio.hammurabi.rules.consistence.ValueConciliationRule,,1==1,['/data/master/kbtq/data/t_kbtq_role_person/'],,,,ACCEPTANCE_MIN_KBTQ_01,4.3
1668,C:/Users/O005820/Documents/repositorios/GDH_c360_hammurabi_UUAAs/kcpg/glgldh360gloqlt/hammurabi/confs/master/kcpg/KCPG_general-budgets_KCOG_country_MMRule.conf,t_kcpg_general_budgets,GL_STR_t_kcpg_general_budgets_4.3_000,g_country_id,True,com.datio.hammurabi.rules.consistence.ValueConciliationRule,,1==1,['/data/master/kcog/data/t_kcog_country/'],,,,ACCEPTANCE_MIN_KCOG_00,4.3
1669,C:/Users/O005820/Documents/repositorios/GDH_c360_hammurabi_UUAAs/kcpg/glgldh360gloqlt/hammurabi/confs/master/kcpg/KCPG_general-budgets_KCOG_currency_MMRule.conf,t_kcpg_general_budgets,GL_STR_t_kcpg_general_budgets_4.3_001,g_currency_id,True,com.datio.hammurabi.rules.consistence.ValueConciliationRule,,1==1,['/data/master/kcog/data/t_kcog_currency/'],,,,ACCEPTANCE_MIN_KCOG_00,4.3
1700,C:/Users/O005820/Documents/repositorios/GDH_c360_hammurabi_UUAAs/kcpg/glgldh360gloqlt/hammurabi/confs/master/kcpg/KCPG_general-goals_KCOG_country_MMRule.conf,t_kcpg_general_goals,GL_STR_t_kcpg_general_goals_4.3_000,g_country_id,True,com.datio.hammurabi.rules.consistence.ValueConciliationRule,,1==1,['/data/master/kcog/data/t_kcog_country/'],,,,ACCEPTANCE_MIN_KCOG_00,4.3
1736,C:/Users/O005820/Documents/repositorios/GDH_c360_hammurabi_UUAAs/kcpg/glgldh360gloqlt/hammurabi/confs/master/kcpg/KCPG_goal-contributions_KCOG_country_MMRule.conf,t_kcpg_goal_contributions,GL_STR_t_kcpg_goal_contributions_4.3_000,g_country_id,True,com.datio.hammurabi.rules.consistence.ValueConciliationRule,,1==1,['/data/master/kcog/data/t_kcog_country/'],,,,ACCEPTANCE_MIN_KCOG_00,4.3
1737,C:/Users/O005820/Documents/repositorios/GDH_c360_hammurabi_UUAAs/kcpg/glgldh360gloqlt/hammurabi/confs/master/kcpg/KCPG_goal-contributions_KCPG_general-goals_MMRule.conf,t_kcpg_goal_contributions,GL_STR_t_kcpg_goal_contributions_4.3_001,gf_goal_id,True,com.datio.hammurabi.rules.consistence.ValueConciliationRule,,gf_cutoff_date='CUTOFF_DATE',['/data/master/kcpg/data/t_kcpg_general_goals/'],,,,ACCEPTANCE_MIN_KCPG_00,4.3
1738,C:/Users/O005820/Documents/repositorios/GDH_c360_hammurabi_UUAAs/kcpg/glgldh360gloqlt/hammurabi/confs/master/kcpg/KCPG_goal-contributions_KCPG_general-goals_MMRule.conf,t_kcpg_goal_contributions,GL_STR_t_kcpg_goal_contributions_4.3_002,gf_contract_id,True,com.datio.hammurabi.rules.consistence.ValueConciliationRule,,gf_cutoff_date='CUTOFF_DATE',['/data/master/kcpg/data/t_kcpg_general_goals/'],,,,ACCEPTANCE_MIN_KCPG_01,4.3
1756,C:/Users/O005820/Documents/repositorios/GDH_c360_hammurabi_UUAAs/kcpg/glgldh360gloqlt/hammurabi/confs/master/kcpg/KCPG_goal-rules_KCOG_country_MMRule.conf,t_kcpg_goal_rules,GL_STR_t_kcpg_goal_rules_4.3_000,g_country_id,True,com.datio.hammurabi.rules.consistence.ValueConciliationRule,,1==1,['/data/master/kcog/data/t_kcog_country/'],,,,ACCEPTANCE_MIN_KCOG_00,4.3
1757,C:/Users/O005820/Documents/repositorios/GDH_c360_hammurabi_UUAAs/kcpg/glgldh360gloqlt/hammurabi/confs/master/kcpg/KCPG_goal-rules_KCOG_entity_MMRule.conf,t_kcpg_goal_rules,GL_STR_t_kcpg_goal_rules_4.3_001,g_entity_id,True,com.datio.hammurabi.rules.consistence.ValueConciliationRule,,1==1,['/data/master/kcog/data/t_kcog_entity/'],,,,ACCEPTANCE_MIN_KCOG_00,4.3
1758,C:/Users/O005820/Documents/repositorios/GDH_c360_hammurabi_UUAAs/kcpg/glgldh360gloqlt/hammurabi/confs/master/kcpg/KCPG_goal-rules_KCPG_general-goals_MMRule.conf,t_kcpg_goal_rules,GL_STR_t_kcpg_goal_rules_4.3_002,gf_goal_id,True,com.datio.hammurabi.rules.consistence.ValueConciliationRule,,gf_cutoff_date='CUTOFF_DATE',['/data/master/kcpg/data/t_kcpg_general_goals/'],,,,ACCEPTANCE_MIN_KCPG_00,4.3
1773,C:/Users/O005820/Documents/repositorios/GDH_c360_hammurabi_UUAAs/kcpg/glgldh360gloqlt/hammurabi/confs/master/kcpg/KCPG_invest-goal-answers_KBTQ_customer-info_MMRule.conf,t_kcpg_invest_goal_answers,277e947b38,g_customer_id,True,com.datio.hammurabi.rules.consistence.ValueConciliationRule,,1==1,['/data/master/kbtq/data/t_kbtq_customer_info/'],,,,ACCEPTANCE_MIN_KBTQ_00,4.3
1815,C:/Users/O005820/Documents/repositorios/GDH_c360_hammurabi_UUAAs/kcpg/glgldh360gloqlt/hammurabi/confs/master/kcpg/KCPG_net-worth-cust-perst-dp_KBTQ_role-person_MMRule.conf,t_kcpg_net_worth_cust_perst_dp,GL_STR_t_kcpg_net_worth_cust_perst_dp_4.3_000,g_role_person_id,True,com.datio.hammurabi.rules.consistence.ValueConciliationRule,,1==1,['/data/master/kbtq/data/t_kbtq_role_person/'],,,,ACCEPTANCE_MIN_KBTQ_00,4.3
1832,C:/Users/O005820/Documents/repositorios/GDH_c360_hammurabi_UUAAs/kcpg/glgldh360gloqlt/hammurabi/confs/master/kcpg/KCPG_pfm-cust-contract-perst_KBTQ_role-person_MMRule.conf,t_kcpg_pfm_cust_contract_perst,GL_STR_t_kcpg_pfm_cust_contract_perst_4.3_000,g_role_person_id,True,com.datio.hammurabi.rules.consistence.ValueConciliationRule,,1==1,['/data/master/kbtq/data/t_kbtq_role_person/'],,,,ACCEPTANCE_MIN_KBTQ_00,4.3
1851,C:/Users/O005820/Documents/repositorios/GDH_c360_hammurabi_UUAAs/kcpg/glgldh360gloqlt/hammurabi/confs/master/kcpg/KCPG_pfm-cust-date-perst_KBTQ_role-person_MMRule.conf,t_kcpg_pfm_cust_date_perst,GL_STR_t_kcpg_pfm_cust_date_perst_4.3_000,g_role_person_id,True,com.datio.hammurabi.rules.consistence.ValueConciliationRule,,1==1,['/data/master/kbtq/data/t_kbtq_role_person/'],,,,ACCEPTANCE_MIN_KBTQ_00,4.3
1901,C:/Users/O005820/Documents/repositorios/GDH_c360_hammurabi_UUAAs/kcpg/glgldh360gloqlt/hammurabi/confs/master/kcpg/KCPG_rules-budgets_KCOG_country_MMRule.conf,t_kcpg_rules_budgets,GL_STR_t_kcpg_rules_budgets_4.3_000,g_country_id,True,com.datio.hammurabi.rules.consistence.ValueConciliationRule,,1==1,['/data/master/kcog/data/t_kcog_country/'],,,,ACCEPTANCE_MIN_KCOG_00,4.3
1902,C:/Users/O005820/Documents/repositorios/GDH_c360_hammurabi_UUAAs/kcpg/glgldh360gloqlt/hammurabi/confs/master/kcpg/KCPG_rules-budgets_KCOG_entity_MMRule.conf,t_kcpg_rules_budgets,GL_STR_t_kcpg_rules_budgets_4.3_001,g_entity_id,True,com.datio.hammurabi.rules.consistence.ValueConciliationRule,,1==1,['/data/master/kcog/data/t_kcog_entity/'],,,,ACCEPTANCE_MIN_KCOG_00,4.3
1903,C:/Users/O005820/Documents/repositorios/GDH_c360_hammurabi_UUAAs/kcpg/glgldh360gloqlt/hammurabi/confs/master/kcpg/KCPG_rules-budgets_KCPG_customer-rules_MMRule.conf,t_kcpg_rules_budgets,GL_STR_t_kcpg_rules_budgets_4.3_003,gf_customer_rule_id,True,com.datio.hammurabi.rules.consistence.ValueConciliationRule,,gf_cutoff_date='CUTOFF_DATE',['/data/master/kcpg/data/t_kcpg_customer_rules/'],,,,ACCEPTANCE_MIN_KCPG_00,4.3
1904,C:/Users/O005820/Documents/repositorios/GDH_c360_hammurabi_UUAAs/kcpg/glgldh360gloqlt/hammurabi/confs/master/kcpg/KCPG_rules-budgets_KCPG_general-budgets_MMRule.conf,t_kcpg_rules_budgets,GL_STR_t_kcpg_rules_budgets_4.3_002,gf_budget_id,True,com.datio.hammurabi.rules.consistence.ValueConciliationRule,,gf_cutoff_date='CUTOFF_DATE',['/data/master/kcpg/data/t_kcpg_general_budgets/'],,,,ACCEPTANCE_MIN_KCPG_00,4.3
1920,C:/Users/O005820/Documents/repositorios/GDH_c360_hammurabi_UUAAs/kcpg/glgldh360gloqlt/hammurabi/confs/master/kcpg/KCPG_rules-category_KBTQ_customer-info_MMRule.conf,t_kcpg_rules_category,GL_STR_t_kcpg_rules_category_4.3_002,g_customer_id,True,com.datio.hammurabi.rules.consistence.ValueConciliationRule,,1==1,['/data/master/kbtq/data/t_kbtq_customer_info/'],,,,ACCEPTANCE_MIN_KBTQ_00,4.3
1921,C:/Users/O005820/Documents/repositorios/GDH_c360_hammurabi_UUAAs/kcpg/glgldh360gloqlt/hammurabi/confs/master/kcpg/KCPG_rules-category_KCOG_country_MMRule.conf,t_kcpg_rules_category,GL_STR_t_kcpg_rules_category_4.3_000,g_country_id,True,com.datio.hammurabi.rules.consistence.ValueConciliationRule,,1==1,['/data/master/kcog/data/t_kcog_country/'],,,,ACCEPTANCE_MIN_KCOG_00,4.3
1922,C:/Users/O005820/Documents/repositorios/GDH_c360_hammurabi_UUAAs/kcpg/glgldh360gloqlt/hammurabi/confs/master/kcpg/KCPG_rules-category_KCOG_entity_MMRule.conf,t_kcpg_rules_category,GL_STR_t_kcpg_rules_category_4.3_001,g_entity_id,True,com.datio.hammurabi.rules.consistence.ValueConciliationRule,,1==1,['/data/master/kcog/data/t_kcog_entity/'],,,,ACCEPTANCE_MIN_KCOG_00,4.3
1923,C:/Users/O005820/Documents/repositorios/GDH_c360_hammurabi_UUAAs/kcpg/glgldh360gloqlt/hammurabi/confs/master/kcpg/KCPG_rules-category_KCPG_customer-rules_MMRule.conf,t_kcpg_rules_category,GL_STR_t_kcpg_rules_category_4.3_003,gf_customer_rule_id,True,com.datio.hammurabi.rules.consistence.ValueConciliationRule,,gf_cutoff_date='CUTOFF_DATE',['/data/master/kcpg/data/t_kcpg_customer_rules/'],,,,ACCEPTANCE_MIN_KCPG_00,4.3
1943,C:/Users/O005820/Documents/repositorios/GDH_c360_hammurabi_UUAAs/kcpg/glgldh360gloqlt/hammurabi/confs/master/kcpg/KCPG_rules-movements_KBTQ_customer-info_MMRule.conf,t_kcpg_rules_movements,GL_STR_t_kcpg_rules_movements_4.3_002,g_customer_id,True,com.datio.hammurabi.rules.consistence.ValueConciliationRule,,1==1,['/data/master/kbtq/data/t_kbtq_customer_info/'],,,,ACCEPTANCE_MIN_KBTQ_00,4.3
1944,C:/Users/O005820/Documents/repositorios/GDH_c360_hammurabi_UUAAs/kcpg/glgldh360gloqlt/hammurabi/confs/master/kcpg/KCPG_rules-movements_KCOG_country_MMRule.conf,t_kcpg_rules_movements,GL_STR_t_kcpg_rules_movements_4.3_000,g_country_id,True,com.datio.hammurabi.rules.consistence.ValueConciliationRule,,1==1,['/data/master/kcog/data/t_kcog_country/'],,,,ACCEPTANCE_MIN_KCOG_00,4.3
1945,C:/Users/O005820/Documents/repositorios/GDH_c360_hammurabi_UUAAs/kcpg/glgldh360gloqlt/hammurabi/confs/master/kcpg/KCPG_rules-movements_KCOG_entity_MMRule.conf,t_kcpg_rules_movements,GL_STR_t_kcpg_rules_movements_4.3_001,g_entity_id,True,com.datio.hammurabi.rules.consistence.ValueConciliationRule,,1==1,['/data/master/kcog/data/t_kcog_entity/'],,,,ACCEPTANCE_MIN_KCOG_00,4.3
1946,C:/Users/O005820/Documents/repositorios/GDH_c360_hammurabi_UUAAs/kcpg/glgldh360gloqlt/hammurabi/confs/master/kcpg/KCPG_rules-movements_KCPG_customer-rules_MMRule.conf,t_kcpg_rules_movements,GL_STR_t_kcpg_rules_movements_4.3_003,gf_customer_rule_id,True,com.datio.hammurabi.rules.consistence.ValueConciliationRule,,gf_cutoff_date='CUTOFF_DATE',['/data/master/kcpg/data/t_kcpg_customer_rules/'],,,,ACCEPTANCE_MIN_KCPG_00,4.3
1968,C:/Users/O005820/Documents/repositorios/GDH_c360_hammurabi_UUAAs/kcpg/glgldh360gloqlt/hammurabi/confs/master/kcpg/KCPG_time-execution-day_KBTQ_customer-info_MMRule.conf,t_kcpg_time_execution_day,GL_STR_t_kcpg_time_execution_day_4.3_000,g_customer_id,True,com.datio.hammurabi.rules.consistence.ValueConciliationRule,,1==1,['/data/master/kbtq/data/t_kbtq_customer_info/'],,,,ACCEPTANCE_MIN_KBTQ_00,4.3
1969,C:/Users/O005820/Documents/repositorios/GDH_c360_hammurabi_UUAAs/kcpg/glgldh360gloqlt/hammurabi/confs/master/kcpg/KCPG_time-execution-day_KCPG_customer-rules_MMRule.conf,t_kcpg_time_execution_day,GL_STR_t_kcpg_time_execution_day_4.3_001,gf_customer_rule_id,True,com.datio.hammurabi.rules.consistence.ValueConciliationRule,,gf_cutoff_date='CUTOFF_DATE',['/data/master/kcpg/data/t_kcpg_customer_rules/'],,,,ACCEPTANCE_MIN_KCPG_00,4.3
2081,C:/Users/O005820/Documents/repositorios/GDH_c360_hammurabi_UUAAs/kctd/glgldh360gloqlt/hammurabi/confs/master/kctd/KCTD_interaction-activity_KCOG_country_MMRule.conf,t_kctd_interaction_activity,29001a0665,gf_cnv_persist_country_name,False,com.datio.hammurabi.rules.integrity.ValueComparisonRule,,1=1,['MASTERSCHEMA.t_kcog_country'],,gf_cnv_persist_country_name != '' AND gf_cnv_persist_country_name IS NOT NULL,,ACCEPTANCE_MIN_KCOG_02,5.2
2082,C:/Users/O005820/Documents/repositorios/GDH_c360_hammurabi_UUAAs/kctd/glgldh360gloqlt/hammurabi/confs/master/kctd/KCTD_interaction-activity_KCOG_currency_MMRule.conf,t_kctd_interaction_activity,29001a057d,v48_application_currency_id,False,com.datio.hammurabi.rules.integrity.ValueComparisonRule,,1=1,['MASTERSCHEMA.t_kcog_currency'],,v48_application_currency_id != '' AND v48_application_currency_id IS NOT NULL,,ACCEPTANCE_MIN_KCOG_01,5.2
2083,C:/Users/O005820/Documents/repositorios/GDH_c360_hammurabi_UUAAs/kctd/glgldh360gloqlt/hammurabi/confs/master/kctd/KCTD_interaction-activity_KCOG_language_MMRule.conf,t_kctd_interaction_activity,29001a0493,adobe_language_id,False,com.datio.hammurabi.rules.integrity.ValueComparisonRule,,1=1,['MASTERSCHEMA.t_kcog_language'],,adobe_language_id != '' AND adobe_language_id IS NOT NULL,,ACCEPTANCE_MIN_KCOG_00,5.2
2215,C:/Users/O005820/Documents/repositorios/GDH_c360_hammurabi_UUAAs/kfcm/glgldh360gloqlt/hammurabi/confs/master/kfcm/KFCM_cust-fdbk-detail_KFCM_cust-fdbk_MMRule.conf,t_kfcm_cust_fdbk_detail,GL_STR_t_kfcm_cust_fdbk_detail_4.3_000,gf_cust_survey_opinion_id,True,com.datio.hammurabi.rules.consistence.ValueConciliationRule,,gf_cutoff_date='CUTOFF_DATE',['/data/master/kfcm/data/t_kfcm_cust_fdbk/'],,,,ACCEPTANCE_MIN_KFCM_00,4.3
2287,C:/Users/O005820/Documents/repositorios/GDH_c360_hammurabi_UUAAs/kfcm/glgldh360gloqlt/hammurabi/confs/master/kfcm/KFCM_feedback-config_KBTQ_customer-info_MMRule.conf,t_kfcm_feedback_config,GL_STR_t_kfcm_feedback_config_4.3_002,g_customer_id,True,com.datio.hammurabi.rules.consistence.ValueConciliationRule,,1==1,['/data/master/kbtq/data/t_kbtq_customer_info/'],,,,ACCEPTANCE_MIN_KBTQ_00,4.3
2288,C:/Users/O005820/Documents/repositorios/GDH_c360_hammurabi_UUAAs/kfcm/glgldh360gloqlt/hammurabi/confs/master/kfcm/KFCM_feedback-config_KCOG_country_MMRule.conf,t_kfcm_feedback_config,GL_STR_t_kfcm_feedback_config_4.3_000,g_country_id,True,com.datio.hammurabi.rules.consistence.ValueConciliationRule,,1==1,['/data/master/kcog/data/t_kcog_country/'],,,,ACCEPTANCE_MIN_KCOG_00,4.3
2289,C:/Users/O005820/Documents/repositorios/GDH_c360_hammurabi_UUAAs/kfcm/glgldh360gloqlt/hammurabi/confs/master/kfcm/KFCM_feedback-config_KCOG_entity_MMRule.conf,t_kfcm_feedback_config,GL_STR_t_kfcm_feedback_config_4.3_001,g_entity_id,True,com.datio.hammurabi.rules.consistence.ValueConciliationRule,,1==1,['/data/master/kcog/data/t_kcog_entity/'],,,,ACCEPTANCE_MIN_KCOG_00,4.3
2367,C:/Users/O005820/Documents/repositorios/GDH_c360_hammurabi_UUAAs/kfcm/glgldh360gloqlt/hammurabi/confs/master/kfcm/KFCM_feedback-rlvnt-facts_KATC_relevant-facts_MMRule.conf,t_kfcm_feedback_rlvnt_facts,GL_STR_t_kfcm_feedback_rlvnt_facts_4.3_000,gf_relevant_fact_id,True,com.datio.hammurabi.rules.consistence.ValueConciliationRule,,gf_cutoff_date='CUTOFF_DATE',['/data/master/katc/data/t_katc_relevant_facts/'],,,,ACCEPTANCE_MIN_KATC_00,4.3
2368,C:/Users/O005820/Documents/repositorios/GDH_c360_hammurabi_UUAAs/kfcm/glgldh360gloqlt/hammurabi/confs/master/kfcm/KFCM_feedback-rlvnt-facts_KBTQ_customer-info_MMRule.conf,t_kfcm_feedback_rlvnt_facts,GL_STR_t_kfcm_feedback_rlvnt_facts_4.3_001,g_customer_id,True,com.datio.hammurabi.rules.consistence.ValueConciliationRule,,1==1,['/data/master/kbtq/data/t_kbtq_customer_info/'],,,,ACCEPTANCE_MIN_KBTQ_00,4.3
2369,C:/Users/O005820/Documents/repositorios/GDH_c360_hammurabi_UUAAs/kfcm/glgldh360gloqlt/hammurabi/confs/master/kfcm/KFCM_feedback-rlvnt-facts_KCOG_country_MMRule.conf,t_kfcm_feedback_rlvnt_facts,GL_STR_t_kfcm_feedback_rlvnt_facts_4.3_002,g_country_id,True,com.datio.hammurabi.rules.consistence.ValueConciliationRule,,1==1,['/data/master/kcog/data/t_kcog_country/'],,,,ACCEPTANCE_MIN_KCOG_00,4.3
2370,C:/Users/O005820/Documents/repositorios/GDH_c360_hammurabi_UUAAs/kfcm/glgldh360gloqlt/hammurabi/confs/master/kfcm/KFCM_feedback-rlvnt-facts_KCOG_entity_MMRule.conf,t_kfcm_feedback_rlvnt_facts,GL_STR_t_kfcm_feedback_rlvnt_facts_4.3_003,g_entity_id,True,com.datio.hammurabi.rules.consistence.ValueConciliationRule,,1==1,['/data/master/kcog/data/t_kcog_entity/'],,,,ACCEPTANCE_MIN_KCOG_00,4.3
2403,C:/Users/O005820/Documents/repositorios/GDH_c360_hammurabi_UUAAs/kfcm/glgldh360gloqlt/hammurabi/confs/master/kfcm/KFCM_nps-detail_KCOG_country_MMRule.conf,t_kfcm_nps_detail,GL_STR_t_kfcm_nps_detail_4.3_000,g_country_id,True,com.datio.hammurabi.rules.consistence.ValueConciliationRule,,1==1,['/data/master/kcog/data/t_kcog_country/'],,,,ACCEPTANCE_MIN_KCOG_00,4.3
2404,C:/Users/O005820/Documents/repositorios/GDH_c360_hammurabi_UUAAs/kfcm/glgldh360gloqlt/hammurabi/confs/master/kfcm/KFCM_nps-detail_KCOG_entity_MMRule.conf,t_kfcm_nps_detail,GL_STR_t_kfcm_nps_detail_4.3_001,g_entity_id,True,com.datio.hammurabi.rules.consistence.ValueConciliationRule,,1==1,['/data/master/kcog/data/t_kcog_entity/'],,,,ACCEPTANCE_MIN_KCOG_00,4.3
2428,C:/Users/O005820/Documents/repositorios/GDH_c360_hammurabi_UUAAs/kfcm/glgldh360gloqlt/hammurabi/confs/master/kfcm/KFCM_nps-sv-respondent-retail_KCOG_country_MMRule.conf,t_kfcm_nps_sv_respondent_retail,GL_STR_t_kfcm_nps_sv_respondent_retail_4.3_000,g_country_id,True,com.datio.hammurabi.rules.consistence.ValueConciliationRule,,1==1,['/data/master/kcog/data/t_kcog_country/'],,,,ACCEPTANCE_MIN_KCOG_00,4.3
2429,C:/Users/O005820/Documents/repositorios/GDH_c360_hammurabi_UUAAs/kfcm/glgldh360gloqlt/hammurabi/confs/master/kfcm/KFCM_nps-sv-respondent-retail_KCOG_entity_MMRule.conf,t_kfcm_nps_sv_respondent_retail,GL_STR_t_kfcm_nps_sv_respondent_retail_4.3_001,g_entity_id,True,com.datio.hammurabi.rules.consistence.ValueConciliationRule,,1==1,['/data/master/kcog/data/t_kcog_entity/'],,,,ACCEPTANCE_MIN_KCOG_00,4.3
2449,C:/Users/O005820/Documents/repositorios/GDH_c360_hammurabi_UUAAs/kfcm/glgldh360gloqlt/hammurabi/confs/master/kfcm/KFCM_nps-sv-respondent-smes_KCOG_country_MMRule.conf,t_kfcm_nps_sv_respondent_smes,GL_STR_t_kfcm_nps_sv_respondent_smes_4.3_000,g_country_id,True,com.datio.hammurabi.rules.consistence.ValueConciliationRule,,1==1,['/data/master/kcog/data/t_kcog_country/'],,,,ACCEPTANCE_MIN_KCOG_00,4.3
2450,C:/Users/O005820/Documents/repositorios/GDH_c360_hammurabi_UUAAs/kfcm/glgldh360gloqlt/hammurabi/confs/master/kfcm/KFCM_nps-sv-respondent-smes_KCOG_entity_MMRule.conf,t_kfcm_nps_sv_respondent_smes,GL_STR_t_kfcm_nps_sv_respondent_smes_4.3_001,g_entity_id,True,com.datio.hammurabi.rules.consistence.ValueConciliationRule,,1==1,['/data/master/kcog/data/t_kcog_entity/'],,,,ACCEPTANCE_MIN_KCOG_00,4.3
2471,C:/Users/O005820/Documents/repositorios/GDH_c360_hammurabi_UUAAs/kmig/glgldh360gloqlt/hammurabi/confs/master/kmig/KMIG_customer-allocation_KBTQ_role-person_MMRule.conf,t_kmig_customer_allocation,GL_STR_t_kmig_customer_allocation_4.3_003,g_role_person_id,True,com.datio.hammurabi.rules.consistence.ValueConciliationRule,,1==1,['/data/master/kbtq/data/t_kbtq_role_person/'],,,,ACCEPTANCE_MIN_KBTQ_00,4.3
2472,C:/Users/O005820/Documents/repositorios/GDH_c360_hammurabi_UUAAs/kmig/glgldh360gloqlt/hammurabi/confs/master/kmig/KMIG_customer-allocation_KBTQ_role-person_MMRule.conf,t_kmig_customer_allocation,GL_STR_t_kmig_customer_allocation_4.3_004,g_person_role_type,True,com.datio.hammurabi.rules.consistence.ValueConciliationRule,,1==1,['/data/master/kbtq/data/t_kbtq_role_person/'],,,,ACCEPTANCE_MIN_KBTQ_01,4.3
2474,C:/Users/O005820/Documents/repositorios/GDH_c360_hammurabi_UUAAs/kmig/glgldh360gloqlt/hammurabi/confs/master/kmig/KMIG_customer-allocation_KCOG_country_MMRule.conf,t_kmig_customer_allocation,GL_STR_t_kmig_customer_allocation_4.3_002,g_country_id,True,com.datio.hammurabi.rules.consistence.ValueConciliationRule,,1==1,['/data/master/kcog/data/t_kcog_country/'],,,,ACCEPTANCE_MIN_KCOG_00,4.3
2475,C:/Users/O005820/Documents/repositorios/GDH_c360_hammurabi_UUAAs/kmig/glgldh360gloqlt/hammurabi/confs/master/kmig/KMIG_customer-allocation_KCOG_entity_MMRule.conf,t_kmig_customer_allocation,GL_STR_t_kmig_customer_allocation_4.3_001,g_entity_id,True,com.datio.hammurabi.rules.consistence.ValueConciliationRule,,1==1,['/data/master/kcog/data/t_kcog_entity/'],,,,ACCEPTANCE_MIN_KCOG_00,4.3
2505,C:/Users/O005820/Documents/repositorios/GDH_c360_hammurabi_UUAAs/knfa/glgldh360gloqlt/hammurabi/confs/master/knfa/KNFA_energy-certifications_KCOG_country_MMRule.conf,t_knfa_energy_certifications,290019db6d,g_country_id,False,com.datio.hammurabi.rules.consistence.ValueConciliationRule,,1=1,['MASTERSCHEMA.t_kcog_country'],,1=1,,ACCEPTANCE_MIN_KCOG_00,4.3
2538,C:/Users/O005820/Documents/repositorios/GDH_c360_hammurabi_UUAAs/knfa/glgldh360gloqlt/hammurabi/confs/master/knfa/KNFA_home-center_KNFA_non-financial-assets_MMRule.conf,t_knfa_home_center,GL_STR_t_knfa_home_center_4.3_000,gf_asset_id,True,com.datio.hammurabi.rules.consistence.ValueConciliationRule,,gf_cutoff_date='CUTOFF_DATE',['/data/master/knfa/data/t_knfa_non_financial_assets/'],,,,ACCEPTANCE_MIN_KNFA_00,4.3
2559,C:/Users/O005820/Documents/repositorios/GDH_c360_hammurabi_UUAAs/knfa/glgldh360gloqlt/hammurabi/confs/master/knfa/KNFA_market-value_KNFA_non-financial-assets_MMRule.conf,t_knfa_market_value,GL_STR_t_knfa_market_value_4.3_000,gf_asset_id,True,com.datio.hammurabi.rules.consistence.ValueConciliationRule,,gf_cutoff_date='CUTOFF_DATE',['/data/master/knfa/data/t_knfa_non_financial_assets/'],,,,ACCEPTANCE_MIN_KNFA_00,4.3
2578,C:/Users/O005820/Documents/repositorios/GDH_c360_hammurabi_UUAAs/knfa/glgldh360gloqlt/hammurabi/confs/master/knfa/KNFA_non-financial-assets_KBTQ_role-person_MMRule.conf,t_knfa_non_financial_assets,GL_STR_t_knfa_non_financial_assets_4.3_002,g_role_person_id,True,com.datio.hammurabi.rules.consistence.ValueConciliationRule,,1==1,['/data/master/kbtq/data/t_kbtq_role_person/'],,,,ACCEPTANCE_MIN_KBTQ_00,4.3
2579,C:/Users/O005820/Documents/repositorios/GDH_c360_hammurabi_UUAAs/knfa/glgldh360gloqlt/hammurabi/confs/master/knfa/KNFA_non-financial-assets_KBTQ_role-person_MMRule.conf,t_knfa_non_financial_assets,GL_STR_t_knfa_non_financial_assets_4.3_003,g_person_role_type,True,com.datio.hammurabi.rules.consistence.ValueConciliationRule,,1==1,['/data/master/kbtq/data/t_kbtq_role_person/'],,,,ACCEPTANCE_MIN_KBTQ_01,4.3
2580,C:/Users/O005820/Documents/repositorios/GDH_c360_hammurabi_UUAAs/knfa/glgldh360gloqlt/hammurabi/confs/master/knfa/KNFA_non-financial-assets_KCOG_country_MMRule.conf,t_knfa_non_financial_assets,GL_STR_t_knfa_non_financial_assets_4.3_000,g_country_id,True,com.datio.hammurabi.rules.consistence.ValueConciliationRule,,1==1,['/data/master/kcog/data/t_kcog_country/'],,,,ACCEPTANCE_MIN_KCOG_00,4.3
2581,C:/Users/O005820/Documents/repositorios/GDH_c360_hammurabi_UUAAs/knfa/glgldh360gloqlt/hammurabi/confs/master/knfa/KNFA_non-financial-assets_KCOG_entity_MMRule.conf,t_knfa_non_financial_assets,GL_STR_t_knfa_non_financial_assets_4.3_001,g_entity_id,True,com.datio.hammurabi.rules.consistence.ValueConciliationRule,,1==1,['/data/master/kcog/data/t_kcog_entity/'],,,,ACCEPTANCE_MIN_KCOG_00,4.3
2605,C:/Users/O005820/Documents/repositorios/GDH_c360_hammurabi_UUAAs/knfa/glgldh360gloqlt/hammurabi/confs/master/knfa/KNFA_personalized-expenses_KNFA_non-financial-assets_MMRule.conf,t_knfa_personalized_expenses,GL_STR_t_knfa_personalized_expenses_4.3_000,gf_asset_id,True,com.datio.hammurabi.rules.consistence.ValueConciliationRule,,gf_cutoff_date='CUTOFF_DATE',['/data/master/knfa/data/t_knfa_non_financial_assets/'],,,,ACCEPTANCE_MIN_KNFA_00,4.3
2629,C:/Users/O005820/Documents/repositorios/GDH_c360_hammurabi_UUAAs/knfa/glgldh360gloqlt/hammurabi/confs/master/knfa/KNFA_products-detail_KNFA_non-financial-assets_MMRule.conf,t_knfa_products_detail,GL_STR_t_knfa_products_detail_4.3_000,gf_asset_id,True,com.datio.hammurabi.rules.consistence.ValueConciliationRule,,gf_cutoff_date='CUTOFF_DATE',['/data/master/knfa/data/t_knfa_non_financial_assets/'],,,,ACCEPTANCE_MIN_KNFA_00,4.3
2650,C:/Users/O005820/Documents/repositorios/GDH_c360_hammurabi_UUAAs/knfa/glgldh360gloqlt/hammurabi/confs/master/knfa/KNFA_real-estate-favourites_KBTQ_role-person_MMRule.conf,t_knfa_real_estate_favourites,GL_STR_t_knfa_real_estate_favourites_4.3_000,g_role_person_id,True,com.datio.hammurabi.rules.consistence.ValueConciliationRule,,1==1,['/data/master/kbtq/data/t_kbtq_role_person/'],,,,ACCEPTANCE_MIN_KBTQ_00,4.3
2651,C:/Users/O005820/Documents/repositorios/GDH_c360_hammurabi_UUAAs/knfa/glgldh360gloqlt/hammurabi/confs/master/knfa/KNFA_real-estate-favourites_KBTQ_role-person_MMRule.conf,t_knfa_real_estate_favourites,GL_STR_t_knfa_real_estate_favourites_4.3_001,g_person_role_type,True,com.datio.hammurabi.rules.consistence.ValueConciliationRule,,1==1,['/data/master/kbtq/data/t_kbtq_role_person/'],,,,ACCEPTANCE_MIN_KBTQ_01,4.3
2704,C:/Users/O005820/Documents/repositorios/GDH_c360_hammurabi_UUAAs/knfa/glgldh360gloqlt/hammurabi/confs/master/knfa/KNFA_vehicles-favourites_KBTQ_role-person_MMRule.conf,t_knfa_vehicles_favourites,GL_STR_t_knfa_vehicles_favourites_4.3_000,g_role_person_id,True,com.datio.hammurabi.rules.consistence.ValueConciliationRule,,1==1,['/data/master/kbtq/data/t_kbtq_role_person/'],,,,ACCEPTANCE_MIN_KBTQ_00,4.3
2705,C:/Users/O005820/Documents/repositorios/GDH_c360_hammurabi_UUAAs/knfa/glgldh360gloqlt/hammurabi/confs/master/knfa/KNFA_vehicles-favourites_KBTQ_role-person_MMRule.conf,t_knfa_vehicles_favourites,GL_STR_t_knfa_vehicles_favourites_4.3_001,g_person_role_type,True,com.datio.hammurabi.rules.consistence.ValueConciliationRule,,1==1,['/data/master/kbtq/data/t_kbtq_role_person/'],,,,ACCEPTANCE_MIN_KBTQ_01,4.3
2706,C:/Users/O005820/Documents/repositorios/GDH_c360_hammurabi_UUAAs/knfa/glgldh360gloqlt/hammurabi/confs/master/knfa/KNFA_vehicles-favourites_KCOG_country_MMRule.conf,t_knfa_vehicles_favourites,GL_STR_t_knfa_vehicles_favourites_4.3_003,g_country_id,True,com.datio.hammurabi.rules.consistence.ValueConciliationRule,,1==1,['/data/master/kcog/data/t_kcog_country/'],,,,ACCEPTANCE_MIN_KCOG_00,4.3
2707,C:/Users/O005820/Documents/repositorios/GDH_c360_hammurabi_UUAAs/knfa/glgldh360gloqlt/hammurabi/confs/master/knfa/KNFA_vehicles-favourites_KCOG_entity_MMRule.conf,t_knfa_vehicles_favourites,GL_STR_t_knfa_vehicles_favourites_4.3_002,g_entity_id,True,com.datio.hammurabi.rules.consistence.ValueConciliationRule,,1==1,['/data/master/kcog/data/t_kcog_entity/'],,,,ACCEPTANCE_MIN_KCOG_00,4.3
2741,C:/Users/O005820/Documents/repositorios/GDH_c360_hammurabi_UUAAs/kpan/glgldh360gloqlt/hammurabi/confs/master/kpan/KPAN_credit-fclty-proposals-dp_KCOG_country_MMRule.conf,t_kpan_credit_fclty_proposals_dp,29001a61af,g_country_id,False,com.datio.hammurabi.rules.consistence.ValueConciliationRule,,1=1,['MASTERSCHEMA.t_kcog_country'],,g_country_id != '' AND g_country_id IS NOT NULL,,ACCEPTANCE_MIN_KCOG_00,4.3
2742,C:/Users/O005820/Documents/repositorios/GDH_c360_hammurabi_UUAAs/kpan/glgldh360gloqlt/hammurabi/confs/master/kpan/KPAN_credit-fclty-proposals-dp_KCOG_currency_MMRule.conf,t_kpan_credit_fclty_proposals_dp,29001a62a0,g_psl_limit_currency_id,False,com.datio.hammurabi.rules.integrity.ValueComparisonRule,,1=1,['MASTERSCHEMA.t_kcog_currency'],,1=1,,ACCEPTANCE_MIN_KCOG_01,5.2
2765,C:/Users/O005820/Documents/repositorios/GDH_c360_hammurabi_UUAAs/kpan/glgldh360gloqlt/hammurabi/confs/master/kpan/KPAN_credit-fclty-proposals-dp_YH2J_gbl-channel-hier-master_MMRule.conf,t_kpan_credit_fclty_proposals_dp,29001a64ab,g_channel_id,False,com.datio.hammurabi.rules.consistence.ValueConciliationRule,,1=1,['MASTERSCHEMA.t_yh2j_gbl_channel_hier_master'],,g_channel_id != '' AND g_channel_id IS NOT NULL,,ACCEPTANCE_MIN_YH2J_03,4.3
2766,C:/Users/O005820/Documents/repositorios/GDH_c360_hammurabi_UUAAs/kpan/glgldh360gloqlt/hammurabi/confs/master/kpan/KPAN_credit-fclty-proposals-dp_YH2J_gbl-product-hier-master_MMRule.conf,t_kpan_credit_fclty_proposals_dp,29001a63b0,g_global_product_id,False,com.datio.hammurabi.rules.integrity.ValueComparisonRule,,1=1,['MASTERSCHEMA.t_yh2j_gbl_product_hier_master'],,g_global_product_id != '' AND g_global_product_id IS NOT NULL,,ACCEPTANCE_MIN_YH2J_02,5.2
2767,C:/Users/O005820/Documents/repositorios/GDH_c360_hammurabi_UUAAs/kpan/glgldh360gloqlt/hammurabi/confs/master/kpan/KPAN_credit-fclty-proposals_KCOG_country_MMRule.conf,t_kpan_credit_fclty_proposals,29001a5cdb,g_country_id,False,com.datio.hammurabi.rules.consistence.ValueConciliationRule,,1=1,['MASTERSCHEMA.t_kcog_country'],,g_country_id != '' AND g_country_id IS NOT NULL,,ACCEPTANCE_MIN_KCOG_00,4.3
2768,C:/Users/O005820/Documents/repositorios/GDH_c360_hammurabi_UUAAs/kpan/glgldh360gloqlt/hammurabi/confs/master/kpan/KPAN_credit-fclty-proposals_KCOG_currency_MMRule.conf,t_kpan_credit_fclty_proposals,29001a5dc5,g_psl_limit_currency_id,False,com.datio.hammurabi.rules.integrity.ValueComparisonRule,,1=1,['MASTERSCHEMA.t_kcog_currency'],,1=1,,ACCEPTANCE_MIN_KCOG_01,5.2
2786,C:/Users/O005820/Documents/repositorios/GDH_c360_hammurabi_UUAAs/kpan/glgldh360gloqlt/hammurabi/confs/master/kpan/KPAN_credit-fclty-proposals_YH2J_gbl-channel-hier-master_MMRule.conf,t_kpan_credit_fclty_proposals,29001a5f9d,g_channel_id,False,com.datio.hammurabi.rules.consistence.ValueConciliationRule,,1=1,['MASTERSCHEMA.t_yh2j_gbl_channel_hier_master'],,g_channel_id != '' AND g_channel_id IS NOT NULL,,ACCEPTANCE_MIN_YH2J_03,4.3
2787,C:/Users/O005820/Documents/repositorios/GDH_c360_hammurabi_UUAAs/kpan/glgldh360gloqlt/hammurabi/confs/master/kpan/KPAN_credit-fclty-proposals_YH2J_gbl-product-hier-master_MMRule.conf,t_kpan_credit_fclty_proposals,29001a5eaf,g_global_product_id,False,com.datio.hammurabi.rules.integrity.ValueComparisonRule,,1=1,['MASTERSCHEMA.t_yh2j_gbl_product_hier_master'],,g_global_product_id != '' AND g_global_product_id IS NOT NULL,,ACCEPTANCE_MIN_YH2J_02,5.2
2815,C:/Users/O005820/Documents/repositorios/GDH_c360_hammurabi_UUAAs/kpan/glgldh360gloqlt/hammurabi/confs/master/kpan/KPAN_home-partner-oppy_KPAN_opportunity_MMRule.conf,t_kpan_home_partner_oppy,GL_STR_t_kpan_home_partner_oppy_4.3_000,gf_opportunity_id,True,com.datio.hammurabi.rules.consistence.ValueConciliationRule,,gf_cutoff_date='CUTOFF_DATE',['/data/master/kpan/data/t_kpan_opportunity/'],,,,ACCEPTANCE_MIN_KPAN_00,4.3
2863,C:/Users/O005820/Documents/repositorios/GDH_c360_hammurabi_UUAAs/kpan/glgldh360gloqlt/hammurabi/confs/master/kpan/KPAN_mobility-partner-oppy_KPAN_opportunity_MMRule.conf,t_kpan_mobility_partner_oppy,GL_STR_t_kpan_mobility_partner_oppy_4.3_000,gf_opportunity_id,True,com.datio.hammurabi.rules.consistence.ValueConciliationRule,,gf_cutoff_date='CUTOFF_DATE',['/data/master/kpan/data/t_kpan_opportunity/'],,,,ACCEPTANCE_MIN_KPAN_00,4.3
2896,C:/Users/O005820/Documents/repositorios/GDH_c360_hammurabi_UUAAs/kpan/glgldh360gloqlt/hammurabi/confs/master/kpan/KPAN_opportunity_KCOG_entity_MMRule.conf,t_kpan_opportunity,GL_STR_t_kpan_opportunity_4.3_001,g_entity_id,True,com.datio.hammurabi.rules.consistence.ValueConciliationRule,,1==1,['/data/master/kcog/data/t_kcog_entity/'],,,,ACCEPTANCE_MIN_KCOG_00,4.3
2920,C:/Users/O005820/Documents/repositorios/GDH_c360_hammurabi_UUAAs/kpan/glgldh360gloqlt/hammurabi/confs/master/kpan/KPAN_opportunity_YH2J_gbl-channel-hier-master_MMRule.conf,t_kpan_opportunity,29001a65a6,g_channel_id,False,com.datio.hammurabi.rules.consistence.ValueConciliationRule,,1=1,['MASTERSCHEMA.t_yh2j_gbl_channel_hier_master'],,g_channel_id != '' AND g_channel_id IS NOT NULL,,ACCEPTANCE_MIN_YH2J_00,4.3
2954,C:/Users/O005820/Documents/repositorios/GDH_c360_hammurabi_UUAAs/kpan/glgldh360gloqlt/hammurabi/confs/master/kpan/KPAN_person-cred-fclty-psl-dp_KBTQ_role-person_MMRule.conf,t_kpan_person_cred_fclty_psl_dp,28c807736d,g_role_person_id,True,com.datio.hammurabi.rules.consistence.ValueConciliationRule,,1==1,['MASTERSCHEMA.t_kbtq_role_person'],,,,ACCEPTANCE_MIN_KBTQ_00,4.3
2955,C:/Users/O005820/Documents/repositorios/GDH_c360_hammurabi_UUAAs/kpan/glgldh360gloqlt/hammurabi/confs/master/kpan/KPAN_person-cred-fclty-psl-dp_KCOG_country_MMRule.conf,t_kpan_person_cred_fclty_psl_dp,29001a691f,g_country_id,False,com.datio.hammurabi.rules.consistence.ValueConciliationRule,,1=1,['MASTERSCHEMA.t_kcog_country'],,g_country_id != '' AND g_country_id IS NOT NULL,,ACCEPTANCE_MIN_KCOG_00,4.3
2956,C:/Users/O005820/Documents/repositorios/GDH_c360_hammurabi_UUAAs/kpan/glgldh360gloqlt/hammurabi/confs/master/kpan/KPAN_person-cred-fclty-psl-dp_KCOG_currency_MMRule.conf,t_kpan_person_cred_fclty_psl_dp,29001a6a1b,g_co_psl_econ_data_currency_id,False,com.datio.hammurabi.rules.integrity.ValueComparisonRule,,1=1,['MASTERSCHEMA.t_kcog_currency'],,g_co_psl_econ_data_currency_id != '' AND g_co_psl_econ_data_currency_id IS NOT NULL,,ACCEPTANCE_MIN_KCOG_01,5.2
2957,C:/Users/O005820/Documents/repositorios/GDH_c360_hammurabi_UUAAs/kpan/glgldh360gloqlt/hammurabi/confs/master/kpan/KPAN_person-cred-fclty-psl-dp_KPAN_credit-fclty-proposals_MMRule.conf,t_kpan_person_cred_fclty_psl_dp,28c8077485,g_credit_facility_proposal_id,True,com.datio.hammurabi.rules.consistence.ValueConciliationRule,,gf_cutoff_date='CUTOFF_DATE',['MASTERSCHEMA.t_kpan_credit_fclty_proposals'],,,,ACCEPTANCE_MIN_KPAN_00,4.3
2973,C:/Users/O005820/Documents/repositorios/GDH_c360_hammurabi_UUAAs/kpan/glgldh360gloqlt/hammurabi/confs/master/kpan/KPAN_person-credit-fclty-psl_KBTQ_role-person_MMRule.conf,t_kpan_person_credit_fclty_psl,287b3be67a,g_role_person_id,True,com.datio.hammurabi.rules.consistence.ValueConciliationRule,,1==1,['MASTERSCHEMA.t_kbtq_role_person'],,,,ACCEPTANCE_MIN_KBTQ_00,4.3
2974,C:/Users/O005820/Documents/repositorios/GDH_c360_hammurabi_UUAAs/kpan/glgldh360gloqlt/hammurabi/confs/master/kpan/KPAN_person-credit-fclty-psl_KCOG_country_MMRule.conf,t_kpan_person_credit_fclty_psl,29001a716e,g_country_id,False,com.datio.hammurabi.rules.consistence.ValueConciliationRule,,1=1,['MASTERSCHEMA.t_kcog_country'],,g_country_id != '' AND g_country_id IS NOT NULL,,ACCEPTANCE_MIN_KCOG_00,4.3
2975,C:/Users/O005820/Documents/repositorios/GDH_c360_hammurabi_UUAAs/kpan/glgldh360gloqlt/hammurabi/confs/master/kpan/KPAN_person-credit-fclty-psl_KCOG_currency_MMRule.conf,t_kpan_person_credit_fclty_psl,29001a725f,g_co_psl_econ_data_currency_id,False,com.datio.hammurabi.rules.integrity.ValueComparisonRule,,1=1,['MASTERSCHEMA.t_kcog_currency'],,g_co_psl_econ_data_currency_id != '' AND g_co_psl_econ_data_currency_id IS NOT NULL,,ACCEPTANCE_MIN_KCOG_01,5.2
2976,C:/Users/O005820/Documents/repositorios/GDH_c360_hammurabi_UUAAs/kpan/glgldh360gloqlt/hammurabi/confs/master/kpan/KPAN_person-credit-fclty-psl_KPAN_credit-fclty-proposals_MMRule.conf,t_kpan_person_credit_fclty_psl,287b3be718,g_credit_facility_proposal_id,True,com.datio.hammurabi.rules.consistence.ValueConciliationRule,,gf_cutoff_date='CUTOFF_DATE',['/data/master/kpan/data/t_kpan_credit_fclty_proposals/'],,,,ACCEPTANCE_MIN_KPAN_00,4.3
2990,C:/Users/O005820/Documents/repositorios/GDH_c360_hammurabi_UUAAs/ksrr/glgldh360gloqlt/hammurabi/confs/master/ksrr/KSRR_new-production-subcat_KCOG_currency_MMRule.conf,t_ksrr_new_production_subcat,290019c9d2,g_currency_id,False,com.datio.hammurabi.rules.consistence.ValueConciliationRule,,1=1,['MASTERSCHEMA.t_kcog_currency'],,g_currency_id != '' AND g_currency_id IS NOT NULL,,ACCEPTANCE_MIN_KCOG_00,4.3
2991,C:/Users/O005820/Documents/repositorios/GDH_c360_hammurabi_UUAAs/ksrr/glgldh360gloqlt/hammurabi/confs/master/ksrr/KSRR_new-production-subcat_KMFI_prftbly-metric-out-cl_MMRule.conf,t_ksrr_new_production_subcat,GL_STR_t_ksrr_new_production_subcat_4.3_000,gf_local_contract_number_id,True,com.datio.hammurabi.rules.consistence.ValueConciliationRule,,1==1,['MASTERSCHEMA.t_kmfi_prftbly_metric_out_cl'],,,,ACCEPTANCE_MIN_KMFI_00,4.3
2992,C:/Users/O005820/Documents/repositorios/GDH_c360_hammurabi_UUAAs/ksrr/glgldh360gloqlt/hammurabi/confs/master/ksrr/KSRR_new-production-subcat_KMFI_prftbly-metric-out-cl_MMRule.conf,t_ksrr_new_production_subcat,GL_STR_t_ksrr_new_production_subcat_4.3_001,g_management_breakdown_type,True,com.datio.hammurabi.rules.consistence.ValueConciliationRule,,1==1,['MASTERSCHEMA.t_kmfi_prftbly_metric_out_cl'],,,,ACCEPTANCE_MIN_KMFI_01,4.3
3004,C:/Users/O005820/Documents/repositorios/GDH_c360_hammurabi_UUAAs/ksrr/glgldh360gloqlt/hammurabi/confs/master/ksrr/KSRR_new-production_KCOG_currency_MMRule.conf,t_ksrr_new_production,290019c2a2,g_currency_id,False,com.datio.hammurabi.rules.consistence.ValueConciliationRule,,1=1,['MASTERSCHEMA.t_kcog_currency'],,g_currency_id != '' AND g_currency_id IS NOT NULL,,ACCEPTANCE_MIN_KCOG_00,4.3
3005,C:/Users/O005820/Documents/repositorios/GDH_c360_hammurabi_UUAAs/ksrr/glgldh360gloqlt/hammurabi/confs/master/ksrr/KSRR_new-production_KMFI_prftbly-metric-out-cl_MMRule.conf,t_ksrr_new_production,277e947b5a,gf_local_contract_number_id,True,com.datio.hammurabi.rules.consistence.ValueConciliationRule,,gf_cutoff_date='CUTOFF_DATE',['/data/master/kmfi/data/t_kmfi_prftbly_metric_out_cl/'],,,,ACCEPTANCE_MIN_KMFI_00,4.3
3006,C:/Users/O005820/Documents/repositorios/GDH_c360_hammurabi_UUAAs/ksrr/glgldh360gloqlt/hammurabi/confs/master/ksrr/KSRR_new-production_KMFI_prftbly-metric-out-cl_MMRule.conf,t_ksrr_new_production,277e947b5b,g_management_breakdown_type,True,com.datio.hammurabi.rules.consistence.ValueConciliationRule,,gf_cutoff_date='CUTOFF_DATE',['/data/master/kmfi/data/t_kmfi_prftbly_metric_out_cl/'],,,,ACCEPTANCE_MIN_KMFI_01,4.3
3016,C:/Users/O005820/Documents/repositorios/GDH_c360_hammurabi_UUAAs/ksrr/glgldh360gloqlt/hammurabi/confs/master/ksrr/KSRR_stock-subcat_KCOG_currency_MMRule.conf,t_ksrr_stock_subcat,290019c7b2,g_currency_id,False,com.datio.hammurabi.rules.consistence.ValueConciliationRule,,1=1,['MASTERSCHEMA.t_kcog_currency'],,g_currency_id != '' AND g_currency_id IS NOT NULL,,ACCEPTANCE_MIN_KCOG_00,4.3
3017,C:/Users/O005820/Documents/repositorios/GDH_c360_hammurabi_UUAAs/ksrr/glgldh360gloqlt/hammurabi/confs/master/ksrr/KSRR_stock-subcat_KMFI_prftbly-metric-out-cl_MMRule.conf,t_ksrr_stock_subcat,GL_STR_t_ksrr_stock_subcat_4.3_000,gf_local_contract_number_id,True,com.datio.hammurabi.rules.consistence.ValueConciliationRule,,1==1,['MASTERSCHEMA.t_kmfi_prftbly_metric_out_cl'],,,,ACCEPTANCE_MIN_KMFI_00,4.3
3018,C:/Users/O005820/Documents/repositorios/GDH_c360_hammurabi_UUAAs/ksrr/glgldh360gloqlt/hammurabi/confs/master/ksrr/KSRR_stock-subcat_KMFI_prftbly-metric-out-cl_MMRule.conf,t_ksrr_stock_subcat,GL_STR_t_ksrr_stock_subcat_4.3_001,g_management_breakdown_type,True,com.datio.hammurabi.rules.consistence.ValueConciliationRule,,1==1,['MASTERSCHEMA.t_kmfi_prftbly_metric_out_cl'],,,,ACCEPTANCE_MIN_KMFI_01,4.3
3030,C:/Users/O005820/Documents/repositorios/GDH_c360_hammurabi_UUAAs/ksrr/glgldh360gloqlt/hammurabi/confs/master/ksrr/KSRR_stock_KCOG_currency_MMRule.conf,t_ksrr_stock,290019c571,g_currency_id,False,com.datio.hammurabi.rules.consistence.ValueConciliationRule,,1=1,['MASTERSCHEMA.t_kcog_currency'],,g_currency_id != '' AND g_currency_id IS NOT NULL,,ACCEPTANCE_MIN_KCOG_00,4.3
3031,C:/Users/O005820/Documents/repositorios/GDH_c360_hammurabi_UUAAs/ksrr/glgldh360gloqlt/hammurabi/confs/master/ksrr/KSRR_stock_KMFI_prftbly-metric-out-cl_MMRule.conf,t_ksrr_stock,277e947b5c,gf_local_contract_number_id,True,com.datio.hammurabi.rules.consistence.ValueConciliationRule,,gf_cutoff_date='CUTOFF_DATE',['/data/master/kmfi/data/t_kmfi_prftbly_metric_out_cl/'],,,,ACCEPTANCE_MIN_KMFI_00,4.3
3032,C:/Users/O005820/Documents/repositorios/GDH_c360_hammurabi_UUAAs/ksrr/glgldh360gloqlt/hammurabi/confs/master/ksrr/KSRR_stock_KMFI_prftbly-metric-out-cl_MMRule.conf,t_ksrr_stock,277e947b5d,g_management_breakdown_type,True,com.datio.hammurabi.rules.consistence.ValueConciliationRule,,gf_cutoff_date='CUTOFF_DATE',['/data/master/kmfi/data/t_kmfi_prftbly_metric_out_cl/'],,,,ACCEPTANCE_MIN_KMFI_01,4.3
3042,C:/Users/O005820/Documents/repositorios/GDH_c360_hammurabi_UUAAs/kstb/glgldh360gloqlt/hammurabi/confs/master/kstb/KSTB_sust-operations-board-cib_KCOG_country_MMRule.conf,t_kstb_sust_operations_board_cib,28fea7aa6c,g_country_id,False,com.datio.hammurabi.rules.consistence.ValueConciliationRule,,1=1,['MASTERSCHEMA.t_kcog_country'],,g_country_id != '' AND g_country_id IS NOT NULL,,ACCEPTANCE_MIN_KCOG_00,4.3
3043,C:/Users/O005820/Documents/repositorios/GDH_c360_hammurabi_UUAAs/kstb/glgldh360gloqlt/hammurabi/confs/master/kstb/KSTB_sust-operations-board-cib_KCOG_currency_MMRule.conf,t_kstb_sust_operations_board_cib,28feafcf07,g_local_currency_id,False,com.datio.hammurabi.rules.integrity.ValueComparisonRule,,1=1,['MASTERSCHEMA.t_kcog_currency'],,g_local_currency_id != '' AND g_local_currency_id IS NOT NULL,,ACCEPTANCE_MIN_KCOG_01,5.2
3059,C:/Users/O005820/Documents/repositorios/GDH_c360_hammurabi_UUAAs/kstb/glgldh360gloqlt/hammurabi/confs/master/kstb/KSTB_sust-operations-board-cib_YH2J_gbl-product-hier-master_MMRule.conf,t_kstb_sust_operations_board_cib,28feafcfe5,g_global_product_id,False,com.datio.hammurabi.rules.integrity.ValueComparisonRule,,1=1,['MASTERSCHEMA.t_yh2j_gbl_product_hier_master'],,g_global_product_id != '' AND g_global_product_id IS NOT NULL,,ACCEPTANCE_MIN_YH2J_02,5.2
3060,C:/Users/O005820/Documents/repositorios/GDH_c360_hammurabi_UUAAs/kstb/glgldh360gloqlt/hammurabi/confs/master/kstb/KSTB_sust-operations-board-cib_YH2J_gbl-product-hier-master_MMRule.conf,t_kstb_sust_operations_board_cib,28feafd0db,g_global_product_category_id,False,com.datio.hammurabi.rules.integrity.ValueComparisonRule,,1=1,['MASTERSCHEMA.t_yh2j_gbl_product_hier_master'],,g_global_product_category_id != '' AND g_global_product_category_id IS NOT NULL,,ACCEPTANCE_MIN_YH2J_03,5.2
3075,C:/Users/O005820/Documents/repositorios/GDH_c360_hammurabi_UUAAs/kstb/glgldh360gloqlt/hammurabi/confs/master/kstb/KSTB_sust-operations-board_KCOG_country_MMRule.conf,t_kstb_sust_operations_board,290019bda9,g_country_id,False,com.datio.hammurabi.rules.consistence.ValueConciliationRule,,1=1,['MASTERSCHEMA.t_kcog_country'],,g_country_id != '' AND g_country_id IS NOT NULL,,ACCEPTANCE_MIN_KCOG_00,4.3
3076,C:/Users/O005820/Documents/repositorios/GDH_c360_hammurabi_UUAAs/kstb/glgldh360gloqlt/hammurabi/confs/master/kstb/KSTB_sust-operations-board_KCOG_currency_MMRule.conf,t_kstb_sust_operations_board,290019be95,g_local_currency_id,False,com.datio.hammurabi.rules.integrity.ValueComparisonRule,,1=1,['MASTERSCHEMA.t_kcog_currency'],,g_local_currency_id != '' AND g_local_currency_id IS NOT NULL,,ACCEPTANCE_MIN_KCOG_01,5.2
3087,C:/Users/O005820/Documents/repositorios/GDH_c360_hammurabi_UUAAs/kstb/glgldh360gloqlt/hammurabi/confs/master/kstb/KSTB_sust-operations-board_YH2J_gbl-product-hier-master_MMRule.conf,t_kstb_sust_operations_board,290019bf91,g_global_product_id,False,com.datio.hammurabi.rules.integrity.ValueComparisonRule,,1=1,['MASTERSCHEMA.t_yh2j_gbl_product_hier_master'],,g_global_product_id != '' AND g_global_product_id IS NOT NULL,,ACCEPTANCE_MIN_YH2J_02,5.2
3088,C:/Users/O005820/Documents/repositorios/GDH_c360_hammurabi_UUAAs/kstb/glgldh360gloqlt/hammurabi/confs/master/kstb/KSTB_sust-operations-board_YH2J_gbl-product-hier-master_MMRule.conf,t_kstb_sust_operations_board,290019c073,g_global_product_category_id,False,com.datio.hammurabi.rules.integrity.ValueComparisonRule,,1=1,['MASTERSCHEMA.t_yh2j_gbl_product_hier_master'],,g_global_product_category_id != '' AND g_global_product_category_id IS NOT NULL,,ACCEPTANCE_MIN_YH2J_03,5.2
3104,C:/Users/O005820/Documents/repositorios/GDH_c360_hammurabi_UUAAs/kszg/glgldh360gloqlt/hammurabi/confs/master/kszg/KSZG_queue-controller_KBTQ_role-person_MMRule.conf,t_kszg_queue_controller,GL_STR_t_kszg_queue_controller_4.3_003,g_role_person_id,True,com.datio.hammurabi.rules.consistence.ValueConciliationRule,,1==1,['/data/master/kbtq/data/t_kbtq_role_person/'],,,,ACCEPTANCE_MIN_KBTQ_00,4.3
3105,C:/Users/O005820/Documents/repositorios/GDH_c360_hammurabi_UUAAs/kszg/glgldh360gloqlt/hammurabi/confs/master/kszg/KSZG_queue-controller_KBTQ_role-person_MMRule.conf,t_kszg_queue_controller,GL_STR_t_kszg_queue_controller_4.3_004,g_person_role_type,True,com.datio.hammurabi.rules.consistence.ValueConciliationRule,,1==1,['/data/master/kbtq/data/t_kbtq_role_person/'],,,,ACCEPTANCE_MIN_KBTQ_01,4.3
3106,C:/Users/O005820/Documents/repositorios/GDH_c360_hammurabi_UUAAs/kszg/glgldh360gloqlt/hammurabi/confs/master/kszg/KSZG_queue-controller_KCOG_branch_MMRule.conf,t_kszg_queue_controller,GL_STR_t_kszg_queue_controller_4.3_002,g_branch_id,True,com.datio.hammurabi.rules.consistence.ValueConciliationRule,,1==1,['/data/master/kcog/data/t_kcog_branch/'],,,,ACCEPTANCE_MIN_KCOG_00,4.3
3107,C:/Users/O005820/Documents/repositorios/GDH_c360_hammurabi_UUAAs/kszg/glgldh360gloqlt/hammurabi/confs/master/kszg/KSZG_queue-controller_KCOG_country_MMRule.conf,t_kszg_queue_controller,GL_STR_t_kszg_queue_controller_4.3_000,g_country_id,True,com.datio.hammurabi.rules.consistence.ValueConciliationRule,,1==1,['/data/master/kcog/data/t_kcog_country/'],,,,ACCEPTANCE_MIN_KCOG_00,4.3
3108,C:/Users/O005820/Documents/repositorios/GDH_c360_hammurabi_UUAAs/kszg/glgldh360gloqlt/hammurabi/confs/master/kszg/KSZG_queue-controller_KCOG_entity_MMRule.conf,t_kszg_queue_controller,GL_STR_t_kszg_queue_controller_4.3_001,g_entity_id,True,com.datio.hammurabi.rules.consistence.ValueConciliationRule,,1==1,['/data/master/kcog/data/t_kcog_entity/'],,,,ACCEPTANCE_MIN_KCOG_00,4.3
3142,C:/Users/O005820/Documents/repositorios/GDH_c360_hammurabi_UUAAs/kszg/glgldh360gloqlt/hammurabi/confs/master/kszg/KSZG_trnslty-by-channel_KCOG_country_MMRule.conf,t_kszg_trnslty_by_channel,GL_STR_t_kszg_trnslty_by_channel_4.3_000,g_country_id,True,com.datio.hammurabi.rules.consistence.ValueConciliationRule,,1==1,['/data/master/kcog/data/t_kcog_country/'],,,,ACCEPTANCE_MIN_KCOG_00,4.3
3143,C:/Users/O005820/Documents/repositorios/GDH_c360_hammurabi_UUAAs/kszg/glgldh360gloqlt/hammurabi/confs/master/kszg/KSZG_trnslty-by-channel_KCOG_entity_MMRule.conf,t_kszg_trnslty_by_channel,GL_STR_t_kszg_trnslty_by_channel_4.3_001,g_entity_id,True,com.datio.hammurabi.rules.consistence.ValueConciliationRule,,1==1,['/data/master/kcog/data/t_kcog_entity/'],,,,ACCEPTANCE_MIN_KCOG_00,4.3
3184,C:/Users/O005820/Documents/repositorios/GDH_c360_hammurabi_UUAAs/kszg/glgldh360gloqlt/hammurabi/confs/master/kszg/KSZG_trnslty-by-channel_YH2J_gbl-product-hier-master_MMRule.conf,t_kszg_trnslty_by_channel,29001a31fe,g_product_id,False,com.datio.hammurabi.rules.integrity.ValueComparisonRule,,1=1,['MASTERSCHEMA.t_yh2j_gbl_product_hier_master'],,1=1,,ACCEPTANCE_MIN_YH2J_00,5.2
3185,C:/Users/O005820/Documents/repositorios/GDH_c360_hammurabi_UUAAs/kusu/glgldh360gloqlt/hammurabi/confs/master/kusu/KUSU_cust-user-prof-channl-his_KUSU_cust-user-profile-his_MMRule.conf,t_kusu_cust_user_prof_channl_his,GL_STR_t_kusu_cust_user_prof_channl_his_4.3_000,g_user_account_id,True,com.datio.hammurabi.rules.consistence.ValueConciliationRule,,gf_cutoff_date='CUTOFF_DATE',['MASTERSCHEMA.t_kusu_cust_user_profile_his'],,,,ACCEPTANCE_MIN_KUSU_00,4.3
3196,C:/Users/O005820/Documents/repositorios/GDH_c360_hammurabi_UUAAs/kusu/glgldh360gloqlt/hammurabi/confs/master/kusu/KUSU_cust-user-prof-device-his_KUSU_cust-user-profile-his_MMRule.conf,t_kusu_cust_user_prof_device_his,GL_STR_t_kusu_cust_user_prof_device_his_4.3_000,g_user_account_id,True,com.datio.hammurabi.rules.consistence.ValueConciliationRule,,gf_cutoff_date='CUTOFF_DATE',['MASTERSCHEMA.t_kusu_cust_user_profile_his'],,,,ACCEPTANCE_MIN_KUSU_00,4.3
3197,C:/Users/O005820/Documents/repositorios/GDH_c360_hammurabi_UUAAs/kusu/glgldh360gloqlt/hammurabi/confs/master/kusu/KUSU_cust-user-prof-device-his_KUSU_device-his_MMRule.conf,t_kusu_cust_user_prof_device_his,GL_STR_t_kusu_cust_user_prof_device_his_4.3_001,g_device_id,True,com.datio.hammurabi.rules.consistence.ValueConciliationRule,,gf_cutoff_date='CUTOFF_DATE',['MASTERSCHEMA.t_kusu_device_his'],,,,ACCEPTANCE_MIN_KUSU_00,4.3
3232,C:/Users/O005820/Documents/repositorios/GDH_c360_hammurabi_UUAAs/kusu/glgldh360gloqlt/hammurabi/confs/master/kusu/KUSU_prof-auth-attributes-his_KUSU_cust-user-profile-his_MMRule.conf,t_kusu_prof_auth_attributes_his,GL_STR_t_kusu_prof_auth_attributes_his_4.3_000,g_user_account_id,True,com.datio.hammurabi.rules.consistence.ValueConciliationRule,,gf_cutoff_date='CUTOFF_DATE',['MASTERSCHEMA.t_kusu_cust_user_profile_his'],,,,ACCEPTANCE_MIN_KUSU_00,4.3
3257,C:/Users/O005820/Documents/repositorios/GDH_c360_hammurabi_UUAAs/kwth/glgldh360gloqlt/hammurabi/confs/master/kwth/KWTH_energy-emis-factor_KCOG_country_MMRule.conf,t_kwth_energy_emis_factor,GL_STR_t_kwth_energy_emis_factor_4.3_000,g_country_id,True,com.datio.hammurabi.rules.consistence.ValueConciliationRule,,1==1,['/data/master/kcog/data/t_kcog_country/'],,,,ACCEPTANCE_MIN_KCOG_00,4.3
3258,C:/Users/O005820/Documents/repositorios/GDH_c360_hammurabi_UUAAs/kwth/glgldh360gloqlt/hammurabi/confs/master/kwth/KWTH_energy-emis-factor_KCOG_entity_MMRule.conf,t_kwth_energy_emis_factor,GL_STR_t_kwth_energy_emis_factor_4.3_001,g_entity_id,True,com.datio.hammurabi.rules.consistence.ValueConciliationRule,,1==1,['/data/master/kcog/data/t_kcog_entity/'],,,,ACCEPTANCE_MIN_KCOG_00,4.3
3273,C:/Users/O005820/Documents/repositorios/GDH_c360_hammurabi_UUAAs/kwth/glgldh360gloqlt/hammurabi/confs/master/kwth/KWTH_energy-price-emis-factor_KCOG_currency_MMRule.conf,t_kwth_energy_price_emis_factor,29001a3e19,g_currency_id,False,com.datio.hammurabi.rules.consistence.ValueConciliationRule,,1=1,['MASTERSCHEMA.t_kcog_currency'],,g_currency_id != '' AND g_currency_id IS NOT NULL,,ACCEPTANCE_MIN_KCOG_00,4.3
3281,C:/Users/O005820/Documents/repositorios/GDH_c360_hammurabi_UUAAs/kwth/glgldh360gloqlt/hammurabi/confs/master/kwth/KWTH_light-price_KBTQ_province_MMRule.conf,t_kwth_light_price,GL_STR_t_kwth_light_price_4.3_001,gf_province_id,True,com.datio.hammurabi.rules.consistence.ValueConciliationRule,,1==1,['/data/master/kbtq/data/t_kbtq_province/'],,,,ACCEPTANCE_MIN_KBTQ_00,4.3
3282,C:/Users/O005820/Documents/repositorios/GDH_c360_hammurabi_UUAAs/kwth/glgldh360gloqlt/hammurabi/confs/master/kwth/KWTH_light-price_KCOG_currency_MMRule.conf,t_kwth_light_price,29001a3f3b,g_currency_id,False,com.datio.hammurabi.rules.consistence.ValueConciliationRule,,1=1,['MASTERSCHEMA.t_kcog_currency'],,g_currency_id != '' AND g_currency_id IS NOT NULL,,ACCEPTANCE_MIN_KCOG_00,4.3
3292,C:/Users/O005820/Documents/repositorios/GDH_c360_hammurabi_UUAAs/kwth/glgldh360gloqlt/hammurabi/confs/master/kwth/KWTH_market-emis-factor_KCOG_country_MMRule.conf,t_kwth_market_emis_factor,GL_STR_t_kwth_market_emis_factor_4.3_000,g_country_id,True,com.datio.hammurabi.rules.consistence.ValueConciliationRule,,1==1,['/data/master/kcog/data/t_kcog_country/'],,,,ACCEPTANCE_MIN_KCOG_00,4.3
3293,C:/Users/O005820/Documents/repositorios/GDH_c360_hammurabi_UUAAs/kwth/glgldh360gloqlt/hammurabi/confs/master/kwth/KWTH_market-emis-factor_KCOG_entity_MMRule.conf,t_kwth_market_emis_factor,GL_STR_t_kwth_market_emis_factor_4.3_001,g_entity_id,True,com.datio.hammurabi.rules.consistence.ValueConciliationRule,,1==1,['/data/master/kcog/data/t_kcog_entity/'],,,,ACCEPTANCE_MIN_KCOG_00,4.3
3310,C:/Users/O005820/Documents/repositorios/GDH_c360_hammurabi_UUAAs/kwth/glgldh360gloqlt/hammurabi/confs/master/kwth/KWTH_price-factor_KCOG_country_MMRule.conf,t_kwth_price_factor,GL_STR_t_kwth_price_factor_4.3_001,g_country_id,True,com.datio.hammurabi.rules.consistence.ValueConciliationRule,,1==1,['/data/master/kcog/data/t_kcog_country/'],,,,ACCEPTANCE_MIN_KCOG_00,4.3
3311,C:/Users/O005820/Documents/repositorios/GDH_c360_hammurabi_UUAAs/kwth/glgldh360gloqlt/hammurabi/confs/master/kwth/KWTH_price-factor_KCOG_currency_MMRule.conf,t_kwth_price_factor,29001a4c2e,g_currency_id,False,com.datio.hammurabi.rules.consistence.ValueConciliationRule,,1=1,['MASTERSCHEMA.t_kcog_currency'],,1=1,,ACCEPTANCE_MIN_KCOG_00,4.3
3312,C:/Users/O005820/Documents/repositorios/GDH_c360_hammurabi_UUAAs/kwth/glgldh360gloqlt/hammurabi/confs/master/kwth/KWTH_price-factor_KCOG_entity_MMRule.conf,t_kwth_price_factor,GL_STR_t_kwth_price_factor_4.3_002,g_entity_id,True,com.datio.hammurabi.rules.consistence.ValueConciliationRule,,1==1,['/data/master/kcog/data/t_kcog_entity/'],,,,ACCEPTANCE_MIN_KCOG_00,4.3
3341,C:/Users/O005820/Documents/repositorios/GDH_c360_hammurabi_UUAAs/kwth/glgldh360gloqlt/hammurabi/confs/master/kwth/KWTH_taxi-fares-calculation_KCOG_country_MMRule.conf,t_kwth_taxi_fares_calculation,GL_STR_t_kwth_taxi_fares_calculation_4.3_001,g_country_id,True,com.datio.hammurabi.rules.consistence.ValueConciliationRule,,1==1,['/data/master/kcog/data/t_kcog_country/'],,,,ACCEPTANCE_MIN_KCOG_00,4.3
3342,C:/Users/O005820/Documents/repositorios/GDH_c360_hammurabi_UUAAs/kwth/glgldh360gloqlt/hammurabi/confs/master/kwth/KWTH_taxi-fares-calculation_KCOG_currency_MMRule.conf,t_kwth_taxi_fares_calculation,29001a4747,g_currency_id,False,com.datio.hammurabi.rules.consistence.ValueConciliationRule,,1=1,['MASTERSCHEMA.t_kcog_currency'],,1=1,,ACCEPTANCE_MIN_KCOG_00,4.3
3343,C:/Users/O005820/Documents/repositorios/GDH_c360_hammurabi_UUAAs/kwth/glgldh360gloqlt/hammurabi/confs/master/kwth/KWTH_taxi-fares-calculation_KCOG_entity_MMRule.conf,t_kwth_taxi_fares_calculation,GL_STR_t_kwth_taxi_fares_calculation_4.3_002,g_entity_id,True,com.datio.hammurabi.rules.consistence.ValueConciliationRule,,1==1,['/data/master/kcog/data/t_kcog_entity/'],,,,ACCEPTANCE_MIN_KCOG_00,4.3
3367,C:/Users/O005820/Documents/repositorios/GDH_c360_hammurabi_UUAAs/kwth/glgldh360gloqlt/hammurabi/confs/master/kwth/KWTH_transport-sustnbl-factor_KCMC_commerce_MMRule.conf,t_kwth_transport_sustnbl_factor,GL_STR_t_kwth_transport_sustnbl_factor_4.3_002,gf_commerce_id,True,com.datio.hammurabi.rules.consistence.ValueConciliationRule,,1==1,['/data/master/kcmc/data/t_kcmc_commerce/'],,,,ACCEPTANCE_MIN_KCMC_00,4.3
3368,C:/Users/O005820/Documents/repositorios/GDH_c360_hammurabi_UUAAs/kwth/glgldh360gloqlt/hammurabi/confs/master/kwth/KWTH_transport-sustnbl-factor_KCOG_country_MMRule.conf,t_kwth_transport_sustnbl_factor,GL_STR_t_kwth_transport_sustnbl_factor_4.3_000,g_country_id,True,com.datio.hammurabi.rules.consistence.ValueConciliationRule,,1==1,['/data/master/kcog/data/t_kcog_country/'],,,,ACCEPTANCE_MIN_KCOG_00,4.3
3369,C:/Users/O005820/Documents/repositorios/GDH_c360_hammurabi_UUAAs/kwth/glgldh360gloqlt/hammurabi/confs/master/kwth/KWTH_transport-sustnbl-factor_KCOG_currency_MMRule.conf,t_kwth_transport_sustnbl_factor,29001a418f,g_currency_id,False,com.datio.hammurabi.rules.consistence.ValueConciliationRule,,1=1,['MASTERSCHEMA.t_kcog_currency'],,g_currency_id != '' AND g_currency_id IS NOT NULL,,ACCEPTANCE_MIN_KCOG_00,4.3
3385,C:/Users/O005820/Documents/repositorios/GDH_c360_hammurabi_UUAAs/kwth/glgldh360gloqlt/hammurabi/confs/master/kwth/KWTH_transport-trip-distance_KCOG_country_MMRule.conf,t_kwth_transport_trip_distance,GL_STR_t_kwth_transport_trip_distance_4.3_001,g_country_id,True,com.datio.hammurabi.rules.consistence.ValueConciliationRule,,1==1,['/data/master/kcog/data/t_kcog_country/'],,,,ACCEPTANCE_MIN_KCOG_00,4.3
3386,C:/Users/O005820/Documents/repositorios/GDH_c360_hammurabi_UUAAs/kwth/glgldh360gloqlt/hammurabi/confs/master/kwth/KWTH_transport-trip-distance_KCOG_entity_MMRule.conf,t_kwth_transport_trip_distance,GL_STR_t_kwth_transport_trip_distance_4.3_002,g_entity_id,True,com.datio.hammurabi.rules.consistence.ValueConciliationRule,,1==1,['/data/master/kcog/data/t_kcog_entity/'],,,,ACCEPTANCE_MIN_KCOG_00,4.3
3403,C:/Users/O005820/Documents/repositorios/GDH_c360_hammurabi_UUAAs/kwth/glgldh360gloqlt/hammurabi/confs/master/kwth/KWTH_transport-trip-estimation_KCOG_country_MMRule.conf,t_kwth_transport_trip_estimation,GL_STR_t_kwth_transport_trip_estimation_4.3_000,g_country_id,True,com.datio.hammurabi.rules.consistence.ValueConciliationRule,,1==1,['/data/master/kcog/data/t_kcog_country/'],,,,ACCEPTANCE_MIN_KCOG_00,4.3
3404,C:/Users/O005820/Documents/repositorios/GDH_c360_hammurabi_UUAAs/kwth/glgldh360gloqlt/hammurabi/confs/master/kwth/KWTH_transport-trip-estimation_KCOG_currency_MMRule.conf,t_kwth_transport_trip_estimation,29001a451f,g_currency_id,False,com.datio.hammurabi.rules.consistence.ValueConciliationRule,,1=1,['MASTERSCHEMA.t_kcog_currency'],,1=1,,ACCEPTANCE_MIN_KCOG_00,4.3
3405,C:/Users/O005820/Documents/repositorios/GDH_c360_hammurabi_UUAAs/kwth/glgldh360gloqlt/hammurabi/confs/master/kwth/KWTH_transport-trip-estimation_KCOG_entity_MMRule.conf,t_kwth_transport_trip_estimation,GL_STR_t_kwth_transport_trip_estimation_4.3_001,g_entity_id,True,com.datio.hammurabi.rules.consistence.ValueConciliationRule,,1==1,['/data/master/kcog/data/t_kcog_entity/'],,,,ACCEPTANCE_MIN_KCOG_00,4.3
3422,C:/Users/O005820/Documents/repositorios/GDH_c360_hammurabi_UUAAs/l9ct/glgldh360gloqlt/hammurabi/confs/master/l9ct/L9CT_bank-fl-enrg-ac-scp-3-ems_KCOG_country_MMRule.conf,t_l9ct_bank_fl_enrg_ac_scp_3_ems,28f5c36c92,g_country_id,False,com.datio.hammurabi.rules.consistence.ValueConciliationRule,,1=1,['MASTERSCHEMA.t_kcog_country'],,1=1,,ACCEPTANCE_MIN_KCOG_00,4.3
3468,C:/Users/O005820/Documents/repositorios/GDH_c360_hammurabi_UUAAs/l9ct/glgldh360gloqlt/hammurabi/confs/master/l9ct/L9CT_bank-scope-1-emissions_KCOG_country_MMRule.conf,t_l9ct_bank_scope_1_emissions,28f5c325a6,g_country_id,False,com.datio.hammurabi.rules.consistence.ValueConciliationRule,,1=1,['MASTERSCHEMA.t_kcog_country'],,1=1,,ACCEPTANCE_MIN_KCOG_00,4.3
3534,C:/Users/O005820/Documents/repositorios/GDH_c360_hammurabi_UUAAs/l9ct/glgldh360gloqlt/hammurabi/confs/master/l9ct/L9CT_bank-supp-cap-g-scp-3-ems_PROC_supplier-information_MMRule.conf,t_l9ct_bank_supp_cap_g_scp_3_ems,GL_STR_t_l9ct_bank_supp_cap_g_scp_3_ems_4.3_000,g_supplier_id,True,com.datio.hammurabi.rules.consistence.ValueConciliationRule,,1==1,['/data/master/proc/data/t_proc_supplier_information/'],,,,ACCEPTANCE_MIN_PROC_00,4.3
3535,C:/Users/O005820/Documents/repositorios/GDH_c360_hammurabi_UUAAs/l9ct/glgldh360gloqlt/hammurabi/confs/master/l9ct/L9CT_bk-supp-prch-g-svc-s3-ems_KCOG_country_MMRule.conf,t_l9ct_bk_supp_prch_g_svc_s3_ems,28f5c39227,g_country_id,False,com.datio.hammurabi.rules.consistence.ValueConciliationRule,,1=1,['MASTERSCHEMA.t_kcog_country'],,1=1,,ACCEPTANCE_MIN_KCOG_00,4.3
3557,C:/Users/O005820/Documents/repositorios/GDH_c360_hammurabi_UUAAs/l9ct/glgldh360gloqlt/hammurabi/confs/master/l9ct/L9CT_bk-supp-prch-g-svc-s3-ems_PROC_supplier-information_MMRule.conf,t_l9ct_bk_supp_prch_g_svc_s3_ems,GL_STR_t_l9ct_bk_supp_prch_g_svc_s3_ems_4.3_000,g_supplier_id,True,com.datio.hammurabi.rules.consistence.ValueConciliationRule,,1==1,['/data/master/proc/data/t_proc_supplier_information/'],,,,ACCEPTANCE_MIN_PROC_00,4.3
3599,C:/Users/O005820/Documents/repositorios/GDH_c360_hammurabi_UUAAs/l9ct/glgldh360gloqlt/hammurabi/confs/master/l9ct/L9CT_co-asset-rel-activity_L9CT_esg-ext-data-companies_MMRule.conf,t_l9ct_co_asset_rel_activity,GL_STR_t_l9ct_co_asset_rel_activity_4.3_000,gf_external_data_company_id,True,com.datio.hammurabi.rules.consistence.ValueConciliationRule,,gf_cutoff_date='CUTOFF_DATE',['/data/master/l9ct/data/t_l9ct_esg_ext_data_companies/'],,,,ACCEPTANCE_MIN_L9CT_00,4.3
3622,C:/Users/O005820/Documents/repositorios/GDH_c360_hammurabi_UUAAs/l9ct/glgldh360gloqlt/hammurabi/confs/master/l9ct/L9CT_co-asset-rel-emissions_L9CT_esg-ext-data-companies_MMRule.conf,t_l9ct_co_asset_rel_emissions,277e947b60,gf_external_data_company_id,True,com.datio.hammurabi.rules.consistence.ValueConciliationRule,,gf_cutoff_date='CUTOFF_DATE' and gf_information_source_id='SOURCE',['/data/master/l9ct/data/t_l9ct_esg_ext_data_companies/'],,,,ACCEPTANCE_MIN_L9CT_00,4.3
3656,C:/Users/O005820/Documents/repositorios/GDH_c360_hammurabi_UUAAs/l9ct/glgldh360gloqlt/hammurabi/confs/master/l9ct/L9CT_company-metric-year-cntry_L9CT_esg-ext-data-companies_MMRule.conf,t_l9ct_company_metric_year_cntry,28ada4e4f9,gf_external_data_company_id,True,com.datio.hammurabi.rules.consistence.ValueConciliationRule,,gf_cutoff_date='CUTOFF_DATE',['MASTERSCHEMA.t_l9ct_esg_ext_data_companies'],,,,ACCEPTANCE_MIN_L9CT_00,4.3
3657,C:/Users/O005820/Documents/repositorios/GDH_c360_hammurabi_UUAAs/l9ct/glgldh360gloqlt/hammurabi/confs/master/l9ct/L9CT_company-metric-year-cntry_L9CT_esg-ext-data-companies_MMRule.conf,t_l9ct_company_metric_year_cntry,28ada4e5c2,g_data_source_origin_ex1_type,True,com.datio.hammurabi.rules.integrity.ValueComparisonRule,,gf_information_source_id,['MASTERSCHEMA.t_l9ct_esg_ext_data_companies'],,,,ACCEPTANCE_MIN_L9CT_01,5.2
3668,C:/Users/O005820/Documents/repositorios/GDH_c360_hammurabi_UUAAs/l9ct/glgldh360gloqlt/hammurabi/confs/master/l9ct/L9CT_company-metric-year_L9CT_esg-ext-data-companies_MMRule.conf,t_l9ct_company_metric_year,28805f7977,gf_external_data_company_id,True,com.datio.hammurabi.rules.consistence.ValueConciliationRule,,gf_cutoff_date='CUTOFF_DATE',['MASTERSCHEMA.t_l9ct_esg_ext_data_companies'],,,,ACCEPTANCE_MIN_L9CT_00,4.3
3686,C:/Users/O005820/Documents/repositorios/GDH_c360_hammurabi_UUAAs/l9ct/glgldh360gloqlt/hammurabi/confs/master/l9ct/L9CT_company-production-unit_L9CT_esg-ext-data-companies_MMRule.conf,t_l9ct_company_production_unit,28805f7a1b,gf_external_data_company_id,True,com.datio.hammurabi.rules.consistence.ValueConciliationRule,,gf_cutoff_date='CUTOFF_DATE',['MASTERSCHEMA.t_l9ct_esg_ext_data_companies'],,,,ACCEPTANCE_MIN_L9CT_00,4.3
3743,C:/Users/O005820/Documents/repositorios/GDH_c360_hammurabi_UUAAs/l9ct/glgldh360gloqlt/hammurabi/confs/master/l9ct/L9CT_cs-ncs-co-tx-alig-sctr-r_KSAG_global-customer_rel_MMRule.conf,t_l9ct_cs_ncs_co_tx_alig_sctr_r,GL_STR_t_l9ct_cs_ncs_co_tx_alig_sctr_r_4.3_001,g_customer_id,True,com.datio.hammurabi.rules.consistence.ValueConciliationRule,,1==1,['MASTERSCHEMA.t_ksag_global_customer_rel'],,g_customer_id != 'NA',,ACCEPTANCE_MIN_KSAG_00,4.3
3816,C:/Users/O005820/Documents/repositorios/GDH_c360_hammurabi_UUAAs/l9ct/glgldh360gloqlt/hammurabi/confs/master/l9ct/L9CT_em-factors-buildings_KCOG_country_MMRule.conf,t_l9ct_em_factors_buildings,28f5c38037,g_country_id,False,com.datio.hammurabi.rules.consistence.ValueConciliationRule,,1=1,['MASTERSCHEMA.t_kcog_country'],,g_country_id != '' AND g_country_id IS NOT NULL,,ACCEPTANCE_MIN_KCOG_00,4.3
3850,C:/Users/O005820/Documents/repositorios/GDH_c360_hammurabi_UUAAs/l9ct/glgldh360gloqlt/hammurabi/confs/master/l9ct/L9CT_em-factors-by-sector_KCOG_country_MMRule.conf,t_l9ct_em_factors_by_sector,28f5c35552,g_country_id,False,com.datio.hammurabi.rules.consistence.ValueConciliationRule,,1=1,['MASTERSCHEMA.t_kcog_country'],,g_country_id != '' AND g_country_id IS NOT NULL,,ACCEPTANCE_MIN_KCOG_00,4.3
3884,C:/Users/O005820/Documents/repositorios/GDH_c360_hammurabi_UUAAs/l9ct/glgldh360gloqlt/hammurabi/confs/master/l9ct/L9CT_em-factors-eur-buildings_KCOG_country_MMRule.conf,t_l9ct_em_factors_eur_buildings,28f5c39d8e,g_country_id,False,com.datio.hammurabi.rules.consistence.ValueConciliationRule,,1=1,['MASTERSCHEMA.t_kcog_country'],,g_country_id != '' AND g_country_id IS NOT NULL,,ACCEPTANCE_MIN_KCOG_00,4.3
3900,C:/Users/O005820/Documents/repositorios/GDH_c360_hammurabi_UUAAs/l9ct/glgldh360gloqlt/hammurabi/confs/master/l9ct/L9CT_em-factors-motor-ve_KCOG_country_MMRule.conf,t_l9ct_em_factors_motor_ve,28f5c363e3,g_country_id,False,com.datio.hammurabi.rules.consistence.ValueConciliationRule,,1=1,['MASTERSCHEMA.t_kcog_country'],,g_country_id != '' AND g_country_id IS NOT NULL,,ACCEPTANCE_MIN_KCOG_00,4.3
3947,C:/Users/O005820/Documents/repositorios/GDH_c360_hammurabi_UUAAs/l9ct/glgldh360gloqlt/hammurabi/confs/master/l9ct/L9CT_esg-ext-data-companies_KCOG_country_MMRule.conf,t_l9ct_esg_ext_data_companies,28f5c38201,gf_address_country_id,False,com.datio.hammurabi.rules.integrity.ValueComparisonRule,,1=1,['MASTERSCHEMA.t_kcog_country'],,gf_address_country_id != '' AND gf_address_country_id IS NOT NULL,,ACCEPTANCE_MIN_KCOG_00,5.2
3967,C:/Users/O005820/Documents/repositorios/GDH_c360_hammurabi_UUAAs/l9ct/glgldh360gloqlt/hammurabi/confs/master/l9ct/L9CT_gp-cust-ext-data-comp_L9CT_esg-ext-data-companies_MMRule.conf,t_l9ct_gp_cust_ext_data_comp,277e947b65,gf_external_data_company_id,True,com.datio.hammurabi.rules.consistence.ValueConciliationRule,,gf_cutoff_date='CUTOFF_DATE' and gf_information_source_id ='SOURCE',['/data/master/l9ct/data/t_l9ct_esg_ext_data_companies/'],,,,ACCEPTANCE_MIN_L9CT_00,4.3
3990,C:/Users/O005820/Documents/repositorios/GDH_c360_hammurabi_UUAAs/l9ct/glgldh360gloqlt/hammurabi/confs/master/l9ct/L9CT_grp-clnt-cmpny-crbn-data_KSAG_holding-business-group_MMRule.conf,t_l9ct_grp_clnt_cmpny_crbn_data,GL_STR_t_l9ct_grp_clnt_cmpny_crbn_data_4.3_000,g_holding_group_id,True,com.datio.hammurabi.rules.consistence.ValueConciliationRule,,gf_cutoff_date='CUTOFF_DATE',['/data/master/ksag/data/t_ksag_holding_business_group/'],,,,ACCEPTANCE_MIN_KSAG_00,4.3
4025,C:/Users/O005820/Documents/repositorios/GDH_c360_hammurabi_UUAAs/l9ct/glgldh360gloqlt/hammurabi/confs/master/l9ct/L9CT_grp-clnt-crbn-data-scp3_KSAG_holding-business-group_MMRule.conf,t_l9ct_grp_clnt_crbn_data_scp3,GL_STR_t_l9ct_grp_clnt_crbn_data_scp3_4.3_000,g_holding_group_id,True,com.datio.hammurabi.rules.consistence.ValueConciliationRule,,gf_cutoff_date='CUTOFF_DATE',['/data/master/ksag/data/t_ksag_holding_business_group/'],,,,ACCEPTANCE_MIN_KSAG_00,4.3
4052,C:/Users/O005820/Documents/repositorios/GDH_c360_hammurabi_UUAAs/l9ct/glgldh360gloqlt/hammurabi/confs/master/l9ct/L9CT_grp-cs-co-tx-align-sctr-r_KSAG_holding-business-group_MMRule.conf,t_l9ct_grp_cs_co_tx_align_sctr_r,GL_STR_t_l9ct_grp_cs_co_tx_align_sctr_r_4.3_000,g_holding_group_id,True,com.datio.hammurabi.rules.consistence.ValueConciliationRule,,gf_cutoff_date='CUTOFF_DATE',['/data/master/ksag/data/t_ksag_holding_business_group/'],,,,ACCEPTANCE_MIN_KSAG_00,4.3
4223,C:/Users/O005820/Documents/repositorios/GDH_c360_hammurabi_UUAAs/l9ct/glgldh360gloqlt/hammurabi/confs/master/l9ct/L9CT_institutions-esg_L9CT_insts-esg-scores-general_MMRule.conf,t_l9ct_institutions_esg,28a3de79bc,g_esg_ases_institution_id,True,com.datio.hammurabi.rules.consistence.ValueConciliationRule,,gf_cutoff_date='CUTOFF_DATE',['MASTERSCHEMA.t_l9ct_insts_esg_scores_general'],,,,ACCEPTANCE_MIN_L9CT_00,4.3
4259,C:/Users/O005820/Documents/repositorios/GDH_c360_hammurabi_UUAAs/l9ct/glgldh360gloqlt/hammurabi/confs/master/l9ct/L9CT_insts-esg-scores-criteria_L9CT_inst-esg-scores-dimension_MMRule.conf,t_l9ct_insts_esg_scores_criteria,277e947b67,g_esg_ases_institution_id,True,com.datio.hammurabi.rules.consistence.ValueConciliationRule,,gf_cutoff_date='CUTOFF_DATE',['/data/master/l9ct/data/t_l9ct_inst_esg_scores_dimension/'],,,,ACCEPTANCE_MIN_L9CT_00,4.3
4308,C:/Users/O005820/Documents/repositorios/GDH_c360_hammurabi_UUAAs/l9ct/glgldh360gloqlt/hammurabi/confs/master/l9ct/L9CT_prod-assets-annual_L9CT_production-assets_MMRule.conf,t_l9ct_prod_assets_annual,GL_STR_t_l9ct_prod_assets_annual_4.3_000,gf_information_source_id,True,com.datio.hammurabi.rules.consistence.ValueConciliationRule,,gf_cutoff_date='CUTOFF_DATE' and gf_information_source_id ='SOURCE',['/data/master/l9ct/data/t_l9ct_production_assets/'],,,,ACCEPTANCE_MIN_L9CT_00,4.3
4309,C:/Users/O005820/Documents/repositorios/GDH_c360_hammurabi_UUAAs/l9ct/glgldh360gloqlt/hammurabi/confs/master/l9ct/L9CT_prod-assets-annual_L9CT_production-assets_MMRule.conf,t_l9ct_prod_assets_annual,GL_STR_t_l9ct_prod_assets_annual_4.3_001,gf_asset_external_data_id,True,com.datio.hammurabi.rules.consistence.ValueConciliationRule,,gf_cutoff_date='CUTOFF_DATE' and gf_information_source_id ='SOURCE',['/data/master/l9ct/data/t_l9ct_production_assets/'],,,,ACCEPTANCE_MIN_L9CT_01,4.3
4369,C:/Users/O005820/Documents/repositorios/GDH_c360_hammurabi_UUAAs/l9ct/glgldh360gloqlt/hammurabi/confs/master/l9ct/L9CT_reglty-metric-kpi-taxo-ue_L9CT_esg-ext-data-companies_MMRule.conf,t_l9ct_reglty_metric_kpi_taxo_ue,28805f7c66,gf_external_data_company_id,True,com.datio.hammurabi.rules.consistence.ValueConciliationRule,,gf_cutoff_date='CUTOFF_DATE',['MASTERSCHEMA.t_l9ct_esg_ext_data_companies'],,,,ACCEPTANCE_MIN_L9CT_00,4.3
4395,C:/Users/O005820/Documents/repositorios/GDH_c360_hammurabi_UUAAs/l9ct/glgldh360gloqlt/hammurabi/confs/master/l9ct/L9CT_regulatory-metric-year_L9CT_esg-ext-data-companies_MMRule.conf,t_l9ct_regulatory_metric_year,28805f7f0c,gf_external_data_company_id,True,com.datio.hammurabi.rules.consistence.ValueConciliationRule,,gf_cutoff_date='CUTOFF_DATE',['MASTERSCHEMA.t_l9ct_esg_ext_data_companies'],,,,ACCEPTANCE_MIN_L9CT_00,4.3
4405,C:/Users/O005820/Documents/repositorios/GDH_c360_hammurabi_UUAAs/l9ct/glgldh360gloqlt/hammurabi/confs/master/l9ct/L9CT_regulatory-metric_L9CT_esg-ext-data-companies_MMRule.conf,t_l9ct_regulatory_metric,28805f7daf,gf_external_data_company_id,True,com.datio.hammurabi.rules.consistence.ValueConciliationRule,,gf_cutoff_date='CUTOFF_DATE',['MASTERSCHEMA.t_l9ct_esg_ext_data_companies'],,,,ACCEPTANCE_MIN_L9CT_00,4.3
4529,C:/Users/O005820/Documents/repositorios/GDH_c360_hammurabi_UUAAs/msx9/glgldh360gloqlt/hammurabi/confs/master/msx9/MSX9_loans-calc-balances_KCOG_country_MMRule.conf,t_msx9_loans_calc_balances,GL_STR_t_msx9_loans_calc_balances_4.3_000,g_country_id,True,com.datio.hammurabi.rules.consistence.ValueConciliationRule,,1==1,['/data/master/kcog/data/t_kcog_country/'],,,,ACCEPTANCE_MIN_KCOG_00,4.3
4530,C:/Users/O005820/Documents/repositorios/GDH_c360_hammurabi_UUAAs/msx9/glgldh360gloqlt/hammurabi/confs/master/msx9/MSX9_loans-calc-balances_KCOG_currency_MMRule.conf,t_msx9_loans_calc_balances,29001a3d26,g_currency_id,False,com.datio.hammurabi.rules.consistence.ValueConciliationRule,,1=1,['MASTERSCHEMA.t_kcog_currency'],,1=1,,ACCEPTANCE_MIN_KCOG_00,4.3
4531,C:/Users/O005820/Documents/repositorios/GDH_c360_hammurabi_UUAAs/msx9/glgldh360gloqlt/hammurabi/confs/master/msx9/MSX9_loans-calc-balances_KCOG_entity_MMRule.conf,t_msx9_loans_calc_balances,GL_STR_t_msx9_loans_calc_balances_4.3_001,g_entity_id,True,com.datio.hammurabi.rules.consistence.ValueConciliationRule,,1==1,['/data/master/kcog/data/t_kcog_entity/'],,,,ACCEPTANCE_MIN_KCOG_00,4.3
4532,C:/Users/O005820/Documents/repositorios/GDH_c360_hammurabi_UUAAs/msx9/glgldh360gloqlt/hammurabi/confs/master/msx9/MSX9_loans-calc-balances_KSAN_contract-global-local_MMRule.conf,t_msx9_loans_calc_balances,GL_STR_t_msx9_loans_calc_balances_4.3_002,g_contract_id,True,com.datio.hammurabi.rules.consistence.ValueConciliationRule,,1==1,['/data/master/ksan/data/t_ksan_contract_global_local/'],,,,ACCEPTANCE_MIN_KSAN_00,4.3
4551,C:/Users/O005820/Documents/repositorios/GDH_c360_hammurabi_UUAAs/nm7r/glgldh360gloqlt/hammurabi/confs/master/nm7r/NM7R_lead_KCOG_country_MMRule.conf,t_nm7r_lead,GL_STR_t_nm7r_lead_4.3_000,g_country_id,True,com.datio.hammurabi.rules.consistence.ValueConciliationRule,,1==1,['/data/master/kcog/data/t_kcog_country'],,,,ACCEPTANCE_MIN_KCOG_00,4.3
4552,C:/Users/O005820/Documents/repositorios/GDH_c360_hammurabi_UUAAs/nm7r/glgldh360gloqlt/hammurabi/confs/master/nm7r/NM7R_lead_KCOG_entity_MMRule.conf,t_nm7r_lead,GL_STR_t_nm7r_lead_4.3_001,g_entity_id,True,com.datio.hammurabi.rules.consistence.ValueConciliationRule,,1==1,['/data/master/kcog/data/t_kcog_entity'],,,,ACCEPTANCE_MIN_KCOG_00,4.3
4612,C:/Users/O005820/Documents/repositorios/GDH_c360_hammurabi_UUAAs/nols/glgldh360gloqlt/hammurabi/confs/master/nols/NOLS_commerc-external-funds_NOLS_external-funds_MMRule.conf,t_nols_commerc_external_funds,28a9ab4aeb,gf_isin_ext_fund_class_id,True,com.datio.hammurabi.rules.consistence.ValueConciliationRule,,gf_cutoff_date='CUTOFF_DATE',['MASTERSCHEMA.t_nols_external_funds'],,,,ACCEPTANCE_MIN_NOLS_00,4.3
4620,C:/Users/O005820/Documents/repositorios/GDH_c360_hammurabi_UUAAs/nols/glgldh360gloqlt/hammurabi/confs/master/nols/NOLS_external-funds-equity_NOLS_external-funds_MMRule.conf,t_nols_external_funds_equity,GL_STR_t_nols_external_funds_equity_4.3_000,gf_isin_ext_fund_class_id,True,com.datio.hammurabi.rules.consistence.ValueConciliationRule,,gf_cutoff_date='CUTOFF_DATE',['/data/master/nols/data/t_nols_external_funds/'],,,,ACCEPTANCE_MIN_NOLS_00,4.3
4664,C:/Users/O005820/Documents/repositorios/GDH_c360_hammurabi_UUAAs/nols/glgldh360gloqlt/hammurabi/confs/master/nols/NOLS_internal-funds-equity_NOLS_internal-funds_MMRule.conf,t_nols_internal_funds_equity,GL_STR_t_nols_internal_funds_equity_4.3_000,gf_applicative_class_id,True,com.datio.hammurabi.rules.consistence.ValueConciliationRule,,gf_cutoff_date='CUTOFF_DATE',['/data/master/nols/data/t_nols_internal_funds/'],,,,ACCEPTANCE_MIN_NOLS_00,4.3
4792,C:/Users/O005820/Documents/repositorios/GDH_c360_hammurabi_UUAAs/p6r1/glgldh360gloqlt/hammurabi/confs/master/p6r1/P6R1_customer-socio-demo-board_KCOG_country_MMRule.conf,t_p6r1_customer_socio_demo_board,2900287355,g_country_id,False,com.datio.hammurabi.rules.consistence.ValueConciliationRule,,1=1,['MASTERSCHEMA.t_kcog_country'],,g_country_id != '' AND g_country_id IS NOT NULL,,ACCEPTANCE_MIN_KCOG_00,4.3
4801,C:/Users/O005820/Documents/repositorios/GDH_c360_hammurabi_UUAAs/p6r1/glgldh360gloqlt/hammurabi/confs/master/p6r1/P6R1_interaction-by-channel_KCOG_country_MMRule.conf,t_p6r1_interaction_by_channel,29001a3968,g_country_id,False,com.datio.hammurabi.rules.consistence.ValueConciliationRule,,1=1,['MASTERSCHEMA.t_kcog_country'],,g_country_id != '' AND g_country_id IS NOT NULL,,ACCEPTANCE_MIN_KCOG_00,4.3
4802,C:/Users/O005820/Documents/repositorios/GDH_c360_hammurabi_UUAAs/p6r1/glgldh360gloqlt/hammurabi/confs/master/p6r1/P6R1_interaction-by-channel_KCOG_currency_MMRule.conf,t_p6r1_interaction_by_channel,29001a3c2b,g_currency_id,False,com.datio.hammurabi.rules.consistence.ValueConciliationRule,,1=1,['MASTERSCHEMA.t_kcog_currency'],,g_currency_id != '' AND g_currency_id IS NOT NULL,,ACCEPTANCE_MIN_KCOG_03,4.3
4810,C:/Users/O005820/Documents/repositorios/GDH_c360_hammurabi_UUAAs/p6r1/glgldh360gloqlt/hammurabi/confs/master/p6r1/P6R1_interaction-by-channel_YH2J_gbl-channel-hier-master_MMRule.conf,t_p6r1_interaction_by_channel,29001a3a57,g_supra_channel_id,False,com.datio.hammurabi.rules.consistence.ValueConciliationRule,,1=1,['MASTERSCHEMA.t_yh2j_gbl_channel_hier_master'],,g_supra_channel_id != '' AND g_supra_channel_id IS NOT NULL,,ACCEPTANCE_MIN_YH2J_01,4.3
4811,C:/Users/O005820/Documents/repositorios/GDH_c360_hammurabi_UUAAs/p6r1/glgldh360gloqlt/hammurabi/confs/master/p6r1/P6R1_interaction-by-channel_YH2J_gbl-channel-hier-master_MMRule.conf,t_p6r1_interaction_by_channel,29001a3b4c,g_channel_id,False,com.datio.hammurabi.rules.consistence.ValueConciliationRule,,1=1,['MASTERSCHEMA.t_yh2j_gbl_channel_hier_master'],,g_channel_id != '' AND g_channel_id IS NOT NULL,,ACCEPTANCE_MIN_YH2J_02,4.3
4821,C:/Users/O005820/Documents/repositorios/GDH_c360_hammurabi_UUAAs/p6r1/glgldh360gloqlt/hammurabi/confs/master/p6r1/P6R1_prt-cont-prdt-bal-board_KCOG_country_MMRule.conf,t_p6r1_prt_cont_prdt_bal_board,29001a379d,g_country_id,False,com.datio.hammurabi.rules.consistence.ValueConciliationRule,,1=1,['MASTERSCHEMA.t_kcog_country'],,1=1,,ACCEPTANCE_MIN_KCOG_00,4.3
4846,C:/Users/O005820/Documents/repositorios/GDH_c360_hammurabi_UUAAs/p6r1/glgldh360gloqlt/hammurabi/confs/master/p6r1/P6R1_prt-cont-prdt-bal-board_YH2J_gbl-product-hier-master_MMRule.conf,t_p6r1_prt_cont_prdt_bal_board,29001a3881,g_global_product_category_id,False,com.datio.hammurabi.rules.integrity.ValueComparisonRule,,1=1,['MASTERSCHEMA.t_yh2j_gbl_product_hier_master'],,g_global_product_category_id != '' AND g_global_product_category_id IS NOT NULL,,ACCEPTANCE_MIN_YH2J_01,5.2
4847,C:/Users/O005820/Documents/repositorios/GDH_c360_hammurabi_UUAAs/r4fu/glgldh360gloqlt/hammurabi/confs/master/r4fu/R4FU_deposits-calc-balances_KCOG_country_MMRule.conf,t_r4fu_deposits_calc_balances,GL_STR_t_r4fu_deposits_calc_balances_4.3_000,g_country_id,True,com.datio.hammurabi.rules.consistence.ValueConciliationRule,,1==1,['/data/master/kcog/data/t_kcog_country/'],,,,ACCEPTANCE_MIN_KCOG_00,4.3
4848,C:/Users/O005820/Documents/repositorios/GDH_c360_hammurabi_UUAAs/r4fu/glgldh360gloqlt/hammurabi/confs/master/r4fu/R4FU_deposits-calc-balances_KCOG_currency_MMRule.conf,t_r4fu_deposits_calc_balances,2901269246,g_currency_id,False,com.datio.hammurabi.rules.consistence.ValueConciliationRule,,1=1,['MASTERSCHEMA.t_kcog_currency'],,1=1,,ACCEPTANCE_MIN_KCOG_00,4.3
4849,C:/Users/O005820/Documents/repositorios/GDH_c360_hammurabi_UUAAs/r4fu/glgldh360gloqlt/hammurabi/confs/master/r4fu/R4FU_deposits-calc-balances_KCOG_entity_MMRule.conf,t_r4fu_deposits_calc_balances,GL_STR_t_r4fu_deposits_calc_balances_4.3_001,g_entity_id,True,com.datio.hammurabi.rules.consistence.ValueConciliationRule,,1==1,['/data/master/kcog/data/t_kcog_entity/'],,,,ACCEPTANCE_MIN_KCOG_00,4.3
4850,C:/Users/O005820/Documents/repositorios/GDH_c360_hammurabi_UUAAs/r4fu/glgldh360gloqlt/hammurabi/confs/master/r4fu/R4FU_deposits-calc-balances_KSAN_contract-global-local_MMRule.conf,t_r4fu_deposits_calc_balances,GL_STR_t_r4fu_deposits_calc_balances_4.3_002,g_contract_id,True,com.datio.hammurabi.rules.consistence.ValueConciliationRule,,1==1,['/data/master/ksan/data/t_ksan_contract_global_local/'],,,,ACCEPTANCE_MIN_KSAN_00,4.3
4878,C:/Users/O005820/Documents/repositorios/GDH_c360_hammurabi_UUAAs/re4m/glgldh360gloqlt/hammurabi/confs/master/re4m/RE4M_assistance-manager_RE4M_physical-interaction_MMRule.conf,t_re4m_assistance_manager,28dd32e57e,gf_interaction_id,True,com.datio.hammurabi.rules.consistence.ValueConciliationRule,,gf_cutoff_date='CUTOFF_DATE',['MASTERSCHEMA.t_re4m_physical_interaction'],,,,ACCEPTANCE_MIN_RE4M_00,4.3
4879,C:/Users/O005820/Documents/repositorios/GDH_c360_hammurabi_UUAAs/re4m/glgldh360gloqlt/hammurabi/confs/master/re4m/RE4M_autom-resolution_KBTQ_role-person_MMRule.conf,t_re4m_autom_resolution,GL_STR_t_re4m_autom_resolution_4.3_002,g_role_person_id,True,com.datio.hammurabi.rules.consistence.ValueConciliationRule,,1==1,['/data/master/kbtq/data/t_kbtq_role_person/'],,,,ACCEPTANCE_MIN_KBTQ_00,4.3
4880,C:/Users/O005820/Documents/repositorios/GDH_c360_hammurabi_UUAAs/re4m/glgldh360gloqlt/hammurabi/confs/master/re4m/RE4M_autom-resolution_KBTQ_role-person_MMRule.conf,t_re4m_autom_resolution,GL_STR_t_re4m_autom_resolution_4.3_003,g_person_role_type,True,com.datio.hammurabi.rules.consistence.ValueConciliationRule,,1==1,['/data/master/kbtq/data/t_kbtq_role_person/'],,,,ACCEPTANCE_MIN_KBTQ_01,4.3
4881,C:/Users/O005820/Documents/repositorios/GDH_c360_hammurabi_UUAAs/re4m/glgldh360gloqlt/hammurabi/confs/master/re4m/RE4M_autom-resolution_KCOG_entity_MMRule.conf,t_re4m_autom_resolution,GL_STR_t_re4m_autom_resolution_4.3_001,g_entity_id,True,com.datio.hammurabi.rules.consistence.ValueConciliationRule,,1==1,['/data/master/kcog/data/t_kcog_entity/'],,,,ACCEPTANCE_MIN_KCOG_00,4.3
4882,C:/Users/O005820/Documents/repositorios/GDH_c360_hammurabi_UUAAs/re4m/glgldh360gloqlt/hammurabi/confs/master/re4m/RE4M_autom-resolution_KCOG_language_MMRule.conf,t_re4m_autom_resolution,290019f617,g_language_id,False,com.datio.hammurabi.rules.consistence.ValueConciliationRule,,1=1,['MASTERSCHEMA.t_kcog_language'],,g_language_id != '' AND g_language_id IS NOT NULL,,ACCEPTANCE_MIN_KCOG_00,4.3
4922,C:/Users/O005820/Documents/repositorios/GDH_c360_hammurabi_UUAAs/re4m/glgldh360gloqlt/hammurabi/confs/master/re4m/RE4M_candidate-response_RE4M_assistance-manager_MMRule.conf,t_re4m_candidate_response,28dd32f780,gf_interaction_id,True,com.datio.hammurabi.rules.consistence.ValueConciliationRule,,gf_cutoff_date='CUTOFF_DATE',['MASTERSCHEMA.t_re4m_assistance_manager'],,,,ACCEPTANCE_MIN_RE4M_00,4.3
4932,C:/Users/O005820/Documents/repositorios/GDH_c360_hammurabi_UUAAs/re4m/glgldh360gloqlt/hammurabi/confs/master/re4m/RE4M_conversation-transfer_RE4M_physical-interaction_MMRule.conf,t_re4m_conversation_transfer,GL_STR_t_re4m_conversation_transfer_4.3_000,gf_interaction_id,True,com.datio.hammurabi.rules.consistence.ValueConciliationRule,,gf_cutoff_date='CUTOFF_DATE',['/data/master/re4m/data/t_re4m_physical_interaction/'],,,,ACCEPTANCE_MIN_RE4M_00,4.3
4933,C:/Users/O005820/Documents/repositorios/GDH_c360_hammurabi_UUAAs/re4m/glgldh360gloqlt/hammurabi/confs/master/re4m/RE4M_conversations-insights_KBTQ_role-person_MMRule.conf,t_re4m_conversations_insights,GL_STR_t_re4m_conversations_insights_4.3_002,g_role_person_id,True,com.datio.hammurabi.rules.consistence.ValueConciliationRule,,1==1,['/data/master/kbtq/data/t_kbtq_role_person/'],,,,ACCEPTANCE_MIN_KBTQ_00,4.3
4934,C:/Users/O005820/Documents/repositorios/GDH_c360_hammurabi_UUAAs/re4m/glgldh360gloqlt/hammurabi/confs/master/re4m/RE4M_conversations-insights_KBTQ_role-person_MMRule.conf,t_re4m_conversations_insights,GL_STR_t_re4m_conversations_insights_4.3_003,g_person_role_type,True,com.datio.hammurabi.rules.consistence.ValueConciliationRule,,1==1,['/data/master/kbtq/data/t_kbtq_role_person/'],,,,ACCEPTANCE_MIN_KBTQ_01,4.3
4935,C:/Users/O005820/Documents/repositorios/GDH_c360_hammurabi_UUAAs/re4m/glgldh360gloqlt/hammurabi/confs/master/re4m/RE4M_conversations-insights_KCOG_entity_MMRule.conf,t_re4m_conversations_insights,GL_STR_t_re4m_conversations_insights_4.3_001,g_entity_id,True,com.datio.hammurabi.rules.consistence.ValueConciliationRule,,1==1,['/data/master/kcog/data/t_kcog_entity/'],,,,ACCEPTANCE_MIN_KCOG_00,4.3
5011,C:/Users/O005820/Documents/repositorios/GDH_c360_hammurabi_UUAAs/re4m/glgldh360gloqlt/hammurabi/confs/master/re4m/RE4M_interaction-call_RE4M_physical-interaction_MMRule.conf,t_re4m_interaction_call,GL_STR_t_re4m_interaction_call_4.3_000,gf_interaction_id,True,com.datio.hammurabi.rules.consistence.ValueConciliationRule,,gf_cutoff_date='CUTOFF_DATE',['/data/master/re4m/data/t_re4m_physical_interaction/'],,,,ACCEPTANCE_MIN_RE4M_00,4.3
5012,C:/Users/O005820/Documents/repositorios/GDH_c360_hammurabi_UUAAs/re4m/glgldh360gloqlt/hammurabi/confs/master/re4m/RE4M_junction-interaction_KCOG_country_MMRule.conf,t_re4m_junction_interaction,GL_STR_t_re4m_junction_interaction_4.3_000,g_country_id,True,com.datio.hammurabi.rules.consistence.ValueConciliationRule,,1==1,['/data/master/kcog/data/t_kcog_country/'],,,,ACCEPTANCE_MIN_KCOG_00,4.3
5013,C:/Users/O005820/Documents/repositorios/GDH_c360_hammurabi_UUAAs/re4m/glgldh360gloqlt/hammurabi/confs/master/re4m/RE4M_junction-interaction_KCOG_entity_MMRule.conf,t_re4m_junction_interaction,GL_STR_t_re4m_junction_interaction_4.3_001,g_entity_id,True,com.datio.hammurabi.rules.consistence.ValueConciliationRule,,1==1,['/data/master/kcog/data/t_kcog_entity/'],,,,ACCEPTANCE_MIN_KCOG_00,4.3
5044,C:/Users/O005820/Documents/repositorios/GDH_c360_hammurabi_UUAAs/re4m/glgldh360gloqlt/hammurabi/confs/master/re4m/RE4M_messages-insights_KCOG_country_MMRule.conf,t_re4m_messages_insights,GL_STR_t_re4m_messages_insights_4.3_000,g_country_id,True,com.datio.hammurabi.rules.consistence.ValueConciliationRule,,1==1,['/data/master/kcog/data/t_kcog_country/'],,,,ACCEPTANCE_MIN_KCOG_00,4.3
5045,C:/Users/O005820/Documents/repositorios/GDH_c360_hammurabi_UUAAs/re4m/glgldh360gloqlt/hammurabi/confs/master/re4m/RE4M_messages-insights_KCOG_entity_MMRule.conf,t_re4m_messages_insights,GL_STR_t_re4m_messages_insights_4.3_001,g_entity_id,True,com.datio.hammurabi.rules.consistence.ValueConciliationRule,,1==1,['/data/master/kcog/data/t_kcog_entity/'],,,,ACCEPTANCE_MIN_KCOG_00,4.3
5087,C:/Users/O005820/Documents/repositorios/GDH_c360_hammurabi_UUAAs/re4m/glgldh360gloqlt/hammurabi/confs/master/re4m/RE4M_phone-convers-transcrip_KCOG_language_MMRule.conf,t_re4m_phone_convers_transcrip,290019fc0e,g_language_id,False,com.datio.hammurabi.rules.consistence.ValueConciliationRule,,1=1,['MASTERSCHEMA.t_kcog_language'],,g_language_id != '' AND g_language_id IS NOT NULL,,ACCEPTANCE_MIN_KCOG_00,4.3
5130,C:/Users/O005820/Documents/repositorios/GDH_c360_hammurabi_UUAAs/re4m/glgldh360gloqlt/hammurabi/confs/master/re4m/RE4M_phrase-transcr-obfsc_RE4M_phrase-transcription_MMRule.conf,t_re4m_phrase_transcr_obfsc,28c2e7b758,gf_transcription_id,True,com.datio.hammurabi.rules.consistence.ValueConciliationRule,,gf_cutoff_date='CUTOFF_DATE',['MASTERSCHEMA.t_re4m_phrase_transcription'],,,,ACCEPTANCE_MIN_RE4M_00,4.3
5147,C:/Users/O005820/Documents/repositorios/GDH_c360_hammurabi_UUAAs/re4m/glgldh360gloqlt/hammurabi/confs/master/re4m/RE4M_phys-interaction-actvy-l3_KCOG_country_MMRule.conf,t_re4m_phys_interaction_actvy_l3,29001a0062,g_country_id,False,com.datio.hammurabi.rules.consistence.ValueConciliationRule,,1=1,['MASTERSCHEMA.t_kcog_country'],,1=1,,ACCEPTANCE_MIN_KCOG_00,4.3
5148,C:/Users/O005820/Documents/repositorios/GDH_c360_hammurabi_UUAAs/re4m/glgldh360gloqlt/hammurabi/confs/master/re4m/RE4M_phys-interaction-actvy-l3_KCOG_language_MMRule.conf,t_re4m_phys_interaction_actvy_l3,29001a0153,gf_content_message_language_id,False,com.datio.hammurabi.rules.integrity.ValueComparisonRule,,1=1,['MASTERSCHEMA.t_kcog_language'],,gf_content_message_language_id != '' AND gf_content_message_language_id IS NOT NULL,,ACCEPTANCE_MIN_KCOG_01,5.2
5161,C:/Users/O005820/Documents/repositorios/GDH_c360_hammurabi_UUAAs/re4m/glgldh360gloqlt/hammurabi/confs/master/re4m/RE4M_physical-interaction-acti_KCOG_country_MMRule.conf,t_re4m_physical_interaction_acti,28b5e0e6a6,g_country_id,True,com.datio.hammurabi.rules.consistence.ValueConciliationRule,,1==1,['MASTERSCHEMA.t_kcog_country'],,,,ACCEPTANCE_MIN_KCOG_00,4.3
5162,C:/Users/O005820/Documents/repositorios/GDH_c360_hammurabi_UUAAs/re4m/glgldh360gloqlt/hammurabi/confs/master/re4m/RE4M_physical-interaction-acti_KCOG_entity_MMRule.conf,t_re4m_physical_interaction_acti,GL_STR_t_re4m_physical_interaction_acti_4.3_001,g_entity_id,True,com.datio.hammurabi.rules.consistence.ValueConciliationRule,,1==1,['MASTERSCHEMA.t_kcog_entity'],,,,ACCEPTANCE_MIN_KCOG_00,4.3
5164,C:/Users/O005820/Documents/repositorios/GDH_c360_hammurabi_UUAAs/re4m/glgldh360gloqlt/hammurabi/confs/master/re4m/RE4M_physical-interaction-acti_KCOG_language_MMRule.conf,t_re4m_physical_interaction_acti,290019fe4b,gf_content_message_language_id,False,com.datio.hammurabi.rules.integrity.ValueComparisonRule,,1=1,['MASTERSCHEMA.t_kcog_language'],,gf_content_message_language_id != '' AND gf_content_message_language_id IS NOT NULL,,ACCEPTANCE_MIN_KCOG_00,5.2
5194,C:/Users/O005820/Documents/repositorios/GDH_c360_hammurabi_UUAAs/re4m/glgldh360gloqlt/hammurabi/confs/master/re4m/RE4M_physical-interaction-acti_RE4M_physical-interaction_MMRule.conf,t_re4m_physical_interaction_acti,GL_STR_t_re4m_physical_interaction_acti_4.3_002,gf_interaction_id,True,com.datio.hammurabi.rules.consistence.ValueConciliationRule,,gf_cutoff_date='CUTOFF_DATE',['MASTERSCHEMA.t_re4m_physical_interaction'],,,,ACCEPTANCE_MIN_RE4M_00,4.3
5195,C:/Users/O005820/Documents/repositorios/GDH_c360_hammurabi_UUAAs/re4m/glgldh360gloqlt/hammurabi/confs/master/re4m/RE4M_physical-interaction_KCOG_entity_MMRule.conf,t_re4m_physical_interaction,GL_STR_t_re4m_physical_interaction_4.3_000,g_entity_id,True,com.datio.hammurabi.rules.consistence.ValueConciliationRule,,1==1,['MASTERSCHEMA.t_kcog_entity'],,,,ACCEPTANCE_MIN_KCOG_00,4.3
5259,C:/Users/O005820/Documents/repositorios/GDH_c360_hammurabi_UUAAs/re4m/glgldh360gloqlt/hammurabi/confs/master/re4m/RE4M_typification-interaction_RE4M_physical-interaction_MMRule.conf,t_re4m_typification_interaction,GL_STR_t_re4m_typification_interaction_4.3_000,gf_interaction_id,True,com.datio.hammurabi.rules.consistence.ValueConciliationRule,,gf_cutoff_date='CUTOFF_DATE',['/data/master/re4m/data/t_re4m_physical_interaction/'],,,,ACCEPTANCE_MIN_RE4M_00,4.3
5302,C:/Users/O005820/Documents/repositorios/GDH_c360_hammurabi_UUAAs/re4m/glgldh360gloqlt/hammurabi/confs/master/re4m/RE4M_virtual-assistant-message_RE4M_physical-interaction_MMRule.conf,t_re4m_virtual_assistant_message,28d5ed04a2,gf_interaction_id,True,com.datio.hammurabi.rules.consistence.ValueConciliationRule,,gf_cutoff_date='CUTOFF_DATE',['MASTERSCHEMA.t_re4m_physical_interaction'],,,,ACCEPTANCE_MIN_RE4M_00,4.3
5329,C:/Users/O005820/Documents/repositorios/GDH_c360_hammurabi_UUAAs/rzua/glgldh360gloqlt/hammurabi/confs/master/rzua/RZUA_ctrct-goods-emiss-intst_KCOG_country_MMRule.conf,t_rzua_ctrct_goods_emiss_intst,290019b5e0,g_country_id,False,com.datio.hammurabi.rules.consistence.ValueConciliationRule,,1=1,['MASTERSCHEMA.t_kcog_country'],,1=1,,ACCEPTANCE_MIN_KCOG_00,4.3
5330,C:/Users/O005820/Documents/repositorios/GDH_c360_hammurabi_UUAAs/rzua/glgldh360gloqlt/hammurabi/confs/master/rzua/RZUA_ctrct-goods-emiss-intst_KCOG_entity_MMRule.conf,t_rzua_ctrct_goods_emiss_intst,GL_STR_t_rzua_ctrct_goods_emiss_intst_4.3_002,g_entity_id,True,com.datio.hammurabi.rules.consistence.ValueConciliationRule,,1==1,['/data/master/kcog/data/t_kcog_entity/'],,,,ACCEPTANCE_MIN_KCOG_00,4.3
5331,C:/Users/O005820/Documents/repositorios/GDH_c360_hammurabi_UUAAs/rzua/glgldh360gloqlt/hammurabi/confs/master/rzua/RZUA_ctrct-goods-emiss-intst_KSAN_contract-global-local_MMRule.conf,t_rzua_ctrct_goods_emiss_intst,GL_STR_t_rzua_ctrct_goods_emiss_intst_4.3_000,g_contract_id,True,com.datio.hammurabi.rules.consistence.ValueConciliationRule,,1==1,['/data/master/ksan/data/t_ksan_contract_global_local/'],,,,ACCEPTANCE_MIN_KSAN_00,4.3
5349,C:/Users/O005820/Documents/repositorios/GDH_c360_hammurabi_UUAAs/rzua/glgldh360gloqlt/hammurabi/confs/master/rzua/RZUA_operations-cust-scope-cib_KBTQ_eom-customer_MMRule.conf,t_rzua_operations_cust_scope_cib,27bfd5d173,g_customer_id,False,com.datio.hammurabi.rules.consistence.ValueConciliationRule,,gf_cutoff_date='CUTOFF_DATE',['/data/master/kbtq/data/t_kbtq_eom_customer/gf_cutoff_date=CUTOFF_DATE'],,g_customer_id is not null and g_customer_id != '',,ACCEPTANCE_MIN_KBTQ_00,4.3
5350,C:/Users/O005820/Documents/repositorios/GDH_c360_hammurabi_UUAAs/rzua/glgldh360gloqlt/hammurabi/confs/master/rzua/RZUA_operations-cust-scope-cib_KCOG_entity_MMRule.conf,t_rzua_operations_cust_scope_cib,27bfe894df,g_entity_id,False,com.datio.hammurabi.rules.consistence.ValueConciliationRule,,1==1,['/data/master/kcog/data/t_kcog_entity/'],,,,ACCEPTANCE_MIN_KCOG_00,4.3
5351,C:/Users/O005820/Documents/repositorios/GDH_c360_hammurabi_UUAAs/rzua/glgldh360gloqlt/hammurabi/confs/master/rzua/RZUA_operations-cust-scope-cib_KSAG_holding-business-group_MMRule.conf,t_rzua_operations_cust_scope_cib,27bfd5d0dd,g_holding_group_id,False,com.datio.hammurabi.rules.consistence.ValueConciliationRule,,1==1,['/data/master/ksag/data/t_ksag_holding_business_group/'],,g_holding_group_id is not null and g_holding_group_id != '',,ACCEPTANCE_MIN_KSAG_00,4.3
5443,C:/Users/O005820/Documents/repositorios/GDH_c360_hammurabi_UUAAs/rzua/glgldh360gloqlt/hammurabi/confs/master/rzua/RZUA_sust-kpi-link-oper-checkp_RZUA_sust-kpi-link-oper-condit_MMRule.conf,t_rzua_sust_kpi_link_oper_checkp,277e947b7c,gf_operation_condition_id,True,com.datio.hammurabi.rules.consistence.ValueConciliationRule,,1==1,['/data/master/rzua/data/t_rzua_sust_kpi_link_oper_condit/'],,,,ACCEPTANCE_MIN_RZUA_00,4.3
5503,C:/Users/O005820/Documents/repositorios/GDH_c360_hammurabi_UUAAs/rzua/glgldh360gloqlt/hammurabi/confs/master/rzua/RZUA_sust-operations-eod_KCOG_country_MMRule.conf,t_rzua_sust_operations_eod,290019b934,g_country_id,False,com.datio.hammurabi.rules.consistence.ValueConciliationRule,,1=1,['MASTERSCHEMA.t_kcog_country'],,1=1,,ACCEPTANCE_MIN_KCOG_00,4.3
5614,C:/Users/O005820/Documents/repositorios/GDH_c360_hammurabi_UUAAs/tdi3/glgldh360gloqlt/hammurabi/confs/master/tdi3/TDI3_campaign_KCOG_country_MMRule.conf,t_tdi3_campaign,GL_STR_t_tdi3_campaign_4.3_000,g_country_id,True,com.datio.hammurabi.rules.consistence.ValueConciliationRule,,1==1,['/data/master/kcog/data/t_kcog_country/'],,,,ACCEPTANCE_MIN_KCOG_00,4.3
5615,C:/Users/O005820/Documents/repositorios/GDH_c360_hammurabi_UUAAs/tdi3/glgldh360gloqlt/hammurabi/confs/master/tdi3/TDI3_campaign_KCOG_entity_MMRule.conf,t_tdi3_campaign,GL_STR_t_tdi3_campaign_4.3_001,g_entity_id,True,com.datio.hammurabi.rules.consistence.ValueConciliationRule,,1==1,['/data/master/kcog/data/t_kcog_entity/'],,,,ACCEPTANCE_MIN_KCOG_00,4.3
5642,C:/Users/O005820/Documents/repositorios/GDH_c360_hammurabi_UUAAs/tdi3/glgldh360gloqlt/hammurabi/confs/master/tdi3/TDI3_communication_KCOG_country_MMRule.conf,t_tdi3_communication,GL_STR_t_tdi3_communication_4.3_000,g_country_id,True,com.datio.hammurabi.rules.consistence.ValueConciliationRule,,1==1,['/data/master/kcog/data/t_kcog_country/'],,,,ACCEPTANCE_MIN_KCOG_00,4.3
5643,C:/Users/O005820/Documents/repositorios/GDH_c360_hammurabi_UUAAs/tdi3/glgldh360gloqlt/hammurabi/confs/master/tdi3/TDI3_communication_KCOG_entity_MMRule.conf,t_tdi3_communication,GL_STR_t_tdi3_communication_4.3_001,g_entity_id,True,com.datio.hammurabi.rules.consistence.ValueConciliationRule,,1==1,['/data/master/kcog/data/t_kcog_entity/'],,,,ACCEPTANCE_MIN_KCOG_00,4.3
5685,C:/Users/O005820/Documents/repositorios/GDH_c360_hammurabi_UUAAs/tdi3/glgldh360gloqlt/hammurabi/confs/master/tdi3/TDI3_cust-promo-adhesion-dp_KBTQ_customer-info_MMRule.conf,t_tdi3_cust_promo_adhesion_dp,GL_STR_t_tdi3_cust_promo_adhesion_dp_4.3_000,g_customer_id,True,com.datio.hammurabi.rules.consistence.ValueConciliationRule,,1==1,['/data/master/kbtq/data/t_kbtq_customer_info/'],,,,ACCEPTANCE_MIN_KBTQ_00,4.3
5705,C:/Users/O005820/Documents/repositorios/GDH_c360_hammurabi_UUAAs/tdi3/glgldh360gloqlt/hammurabi/confs/master/tdi3/TDI3_cust-promotions_TDI3_cust-promo-adhesion-dp_MMRule.conf,t_tdi3_cust_promotions,GL_STR_t_tdi3_cust_promotions_4.3_000,gf_generic_promotion_id,True,com.datio.hammurabi.rules.consistence.ValueConciliationRule,,gf_cutoff_date='CUTOFF_DATE',['/data/master/tdi3/data/t_tdi3_cust_promo_adhesion_dp/'],,,,ACCEPTANCE_MIN_TDI3_00,4.3
5753,C:/Users/O005820/Documents/repositorios/GDH_c360_hammurabi_UUAAs/yfvh/glgldh360gloqlt/hammurabi/confs/master/yfvh/YFVH_cards-calc-balances_KCOG_country_MMRule.conf,t_yfvh_cards_calc_balances,GL_STR_t_yfvh_cards_calc_balances_4.3_000,g_country_id,True,com.datio.hammurabi.rules.consistence.ValueConciliationRule,,1==1,['/data/master/kcog/data/t_kcog_country/'],,,,ACCEPTANCE_MIN_KCOG_00,4.3
5754,C:/Users/O005820/Documents/repositorios/GDH_c360_hammurabi_UUAAs/yfvh/glgldh360gloqlt/hammurabi/confs/master/yfvh/YFVH_cards-calc-balances_KCOG_currency_MMRule.conf,t_yfvh_cards_calc_balances,GL_STR_t_yfvh_cards_calc_balances_4.3_002,g_currency_id,True,com.datio.hammurabi.rules.consistence.ValueConciliationRule,,1==1,['/data/master/kcog/data/t_kcog_currency/'],,,,ACCEPTANCE_MIN_KCOG_00,4.3
5755,C:/Users/O005820/Documents/repositorios/GDH_c360_hammurabi_UUAAs/yfvh/glgldh360gloqlt/hammurabi/confs/master/yfvh/YFVH_cards-calc-balances_KCOG_entity_MMRule.conf,t_yfvh_cards_calc_balances,GL_STR_t_yfvh_cards_calc_balances_4.3_001,g_entity_id,True,com.datio.hammurabi.rules.consistence.ValueConciliationRule,,1==1,['/data/master/kcog/data/t_kcog_entity/'],,,,ACCEPTANCE_MIN_KCOG_00,4.3
5756,C:/Users/O005820/Documents/repositorios/GDH_c360_hammurabi_UUAAs/yfvh/glgldh360gloqlt/hammurabi/confs/master/yfvh/YFVH_cards-calc-balances_KSAN_contract-global-local_MMRule.conf,t_yfvh_cards_calc_balances,GL_STR_t_yfvh_cards_calc_balances_4.3_003,g_contract_id,True,com.datio.hammurabi.rules.consistence.ValueConciliationRule,,1==1,['/data/master/ksan/data/t_ksan_contract_global_local/'],,,,ACCEPTANCE_MIN_KSAN_00,4.3
