tabla,conf,STATUS IMPLANTATION,version,uuaa,unique parameters,params,,,,unique parameters,params
t_b0hn_agg_output_ems_hgl,B0HN_agg-output-ems-hgl_KSAG_holding-business-group_MMRule.conf,DELIVERED,18.3.0,B0HN,CUTOFF_DATE: Date of the data,CUTOFF_DATE,,,,CUTOFF_DATE: Date of the data,CUTOFF_DATE
t_b0hn_agg_output_ems_hgl,B0HN_agg-output-ems-hgl_MRField.conf,DELIVERED,15.1.0,B0HN,CUTOFF_DATE: Date of the data,CUTOFF_DATE,,,,"CUTOFF_DATE: Date of the data
FECHA_VOLUMETRIC: Date of values to compare with
LOWER_BOUND: Lower percentage bound
UPPER_BOUND: Upper percentage bound","CUTOFF_DATE, FECHA_VOLUMETRIC, LOWER_BOUND, UPPER_BOUND"
t_b0hn_agg_output_ems_hgl,B0HN_agg-output-ems-hgl_MRField.conf,DELIVERED,18.3.3,B0HN,CUTOFF_DATE: Date of the data,CUTOFF_DATE,,,,"RUNNING JOB PARAMS:
     CUTOFF_DATE: Date of the data

JOB EXTRALIBS:
     extralibs: Link to custom repository","CUTOFF_DATE, extralibs"
t_b0hn_agg_output_ems_hgl,B0HN_agg-output-ems-hgl_MRObject.conf,DELIVERED,15.1.0,B0HN,"CUTOFF_DATE: Date of the data
FECHA_VOLUMETRIC: Date of values to compare with
LOWER_BOUND: Lower percentage bound
UPPER_BOUND: Upper percentage bound","CUTOFF_DATE, FECHA_VOLUMETRIC, LOWER_BOUND, UPPER_BOUND",,,,"RUNNING JOB PARAMS:
     CUTOFF_DATE: Date of the data
     PREVIOUS_CUTOFF_DATE: Previous date to be compared

JOB EXTRALIBS:
     extralibs: Link to custom repository","CUTOFF_DATE, PREVIOUS_CUTOFF_DATE, extralibs"
t_b0hn_sust_group_mark,B0HN_sust-group-mark_KSAG_holding-business-group_MMRule.conf,DELIVERED,18.3.3,B0HN,"CUTOFF_DATE: Date of the data
SOURCE_LIST: Origin of data (gf_information_source_type): Example: 'SOURCE_LIST': "" 'A', 'B' ""","CUTOFF_DATE, SOURCE_LIST",,,,"CUTOFF_DATE: Date of the data
CATALOG_COLUMN_0: Columna del catálogo local 
CATALOG_CODE_0: Filtrado del catálogo local
CATALOG_SCHEMA_0: Esquema de la tabla local","CUTOFF_DATE, CATALOG_COLUMN_0, CATALOG_CODE_0, CATALOG_PATH_0, CATALOG_SCHEMA_0"
t_b0hn_sust_group_mark,B0HN_sust-group-mark_MRField.conf,DELIVERED,18.3.3,B0HN,"CUTOFF_DATE: Date of the data
SOURCE_LIST: Origin of data (gf_information_source_type): Example: 'SOURCE_LIST': "" 'A', 'B' ""","CUTOFF_DATE, SOURCE_LIST",,,,"CUTOFF_DATE: Date of the data
CATALOG_COLUMN_1: Columna del catálogo local 
CATALOG_CODE_1: Filtrado del catálogo local
CATALOG_PATH_1: Ruta del catálogo local
CATALOG_SCHEMA_1: Esquema de la tabla local",", CATALOG_COLUMN_1, CATALOG_CODE_1, CATALOG_PATH_1, CATALOG_SCHEMA_1"
t_b0hn_sust_group_mark,B0HN_sust-group-mark_MRObject.conf,DELIVERED,18.3.3,B0HN,"CUTOFF_DATE: Date of the data
FECHA_VOLUMETRIC: Date of values to compare with
LOWER_BOUND: Lower percentage bound
UPPER_BOUND: Upper percentage bound
SOURCE_LIST: Origin of data (gf_information_source_type): Example: 'SOURCE_LIST': "" 'A', 'B' ""","CUTOFF_DATE, FECHA_VOLUMETRIC, LOWER_BOUND, UPPER_BOUND, SOURCE_LIST",,,,"CUTOFF_DATE: Date of the data
CATALOG_COLUMN_2: Columna del catálogo local 
CATALOG_CODE_2: Filtrado del catálogo local
CATALOG_PATH_2: Ruta del catálogo local
CATALOG_SCHEMA_2: Esquema de la tabla local",", CATALOG_COLUMN_2, CATALOG_CODE_2, CATALOG_PATH_2, CATALOG_SCHEMA_2"
t_b0hn_sust_groups_fdbk,B0HN_sust-groups-fdbk_B0HN_sust-groups-fdbk-detail_MMRule.conf,DELIVERED,15.1.0,B0HN,"RUNNING JOB PARAMS:
     CUTOFF_DATE: Date of the data

JOB EXTRALIBS:
     extralibs: Link to custom repository","CUTOFF_DATE, extralibs",,,,"CUTOFF_DATE: Date of the data
CATALOG_COLUMN_3: Columna del catálogo local 
CATALOG_CODE_3: Filtrado del catálogo local
CATALOG_PATH_3: Ruta del catálogo local
CATALOG_SCHEMA_3: Esquema de la tabla local",", CATALOG_COLUMN_3, CATALOG_CODE_3, CATALOG_PATH_3, CATALOG_SCHEMA_3"
t_b0hn_sust_groups_fdbk,B0HN_sust-groups-fdbk_B0HN_sust-groups-fdbk-detail_MMRule.conf,DELIVERED,18.3.0,B0HN,CUTOFF_DATE: Date of the data,CUTOFF_DATE,,,,"CUTOFF_DATE: Date of the data
CATALOG_COLUMN_4: Columna del catálogo local 
CATALOG_CODE_4: Filtrado del catálogo local
CATALOG_PATH_4: Ruta del catálogo local
CATALOG_SCHEMA_4: Esquema de la tabla local",", CATALOG_COLUMN_4, CATALOG_CODE_4, CATALOG_PATH_4, CATALOG_SCHEMA_4"
t_b0hn_sust_groups_fdbk,B0HN_sust-groups-fdbk_KCOG_country_MMRule.conf,DELIVERED,18.3.0,B0HN,CUTOFF_DATE: Date of the data,CUTOFF_DATE,,,,"CUTOFF_DATE: Date of the data
CATALOG_COLUMN_5: Columna del catálogo local 
CATALOG_CODE_5: Filtrado del catálogo local
CATALOG_PATH_5: Ruta del catálogo local
CATALOG_SCHEMA_5: Esquema de la tabla local",", CATALOG_COLUMN_5, CATALOG_CODE_5, CATALOG_PATH_5, CATALOG_SCHEMA_5"
t_b0hn_sust_groups_fdbk,B0HN_sust-groups-fdbk_KCOG_currency_MMRule.conf,DELIVERED,18.3.3,B0HN,CUTOFF_DATE: Date of the data,CUTOFF_DATE,,,,"CUTOFF_DATE: Date of the data
CATALOG_COLUMN_6: Columna del catálogo local 
CATALOG_CODE_6: Filtrado del catálogo local
CATALOG_PATH_6: Ruta del catálogo local
CATALOG_SCHEMA_6: Esquema de la tabla local",", CATALOG_COLUMN_6, CATALOG_CODE_6, CATALOG_PATH_6, CATALOG_SCHEMA_6"
t_b0hn_sust_groups_fdbk,B0HN_sust-groups-fdbk_KCOG_entity_MMRule.conf,DELIVERED,18.3.0,B0HN,CUTOFF_DATE: Date of the data,CUTOFF_DATE,,,,"CUTOFF_DATE: Date of the data
CATALOG_COLUMN_7: Columna del catálogo local 
CATALOG_CODE_7: Filtrado del catálogo local
CATALOG_PATH_7: Ruta del catálogo local
CATALOG_SCHEMA_7: Esquema de la tabla local",", CATALOG_COLUMN_7, CATALOG_CODE_7, CATALOG_PATH_7, CATALOG_SCHEMA_7"
t_b0hn_sust_groups_fdbk,B0HN_sust-groups-fdbk_MRField.conf,DELIVERED,15.1.0,B0HN,CUTOFF_DATE: Date of the data,CUTOFF_DATE,,,,"CUTOFF_DATE: Date of the data
CATALOG_COLUMN_8: Columna del catálogo local 
CATALOG_CODE_8: Filtrado del catálogo local
CATALOG_PATH_8: Ruta del catálogo local
CATALOG_SCHEMA_8: Esquema de la tabla local",", CATALOG_COLUMN_8, CATALOG_CODE_8, CATALOG_PATH_8, CATALOG_SCHEMA_8"
t_b0hn_sust_groups_fdbk,B0HN_sust-groups-fdbk_MRField.conf,DELIVERED,18.3.3,B0HN,CUTOFF_DATE: Date of the data,CUTOFF_DATE,,,,"CUTOFF_DATE: Date of the data
CATALOG_COLUMN_9: Columna del catálogo local 
CATALOG_CODE_9: Filtrado del catálogo local
CATALOG_PATH_9: Ruta del catálogo local
CATALOG_SCHEMA_9: Esquema de la tabla local",", CATALOG_COLUMN_9, CATALOG_CODE_9, CATALOG_PATH_9, CATALOG_SCHEMA_9"
t_b0hn_sust_groups_fdbk,B0HN_sust-groups-fdbk_MRObject.conf,DELIVERED,15.1.0,B0HN,"CUTOFF_DATE: Date of the data
FECHA_VOLUMETRIC: Date of values to compare with
LOWER_BOUND: Lower percentage bound
UPPER_BOUND: Upper percentage bound","CUTOFF_DATE, FECHA_VOLUMETRIC, LOWER_BOUND, UPPER_BOUND",,,,"CUTOFF_DATE: Date of the data
CATALOG_COLUMN_10: Columna del catálogo local 
CATALOG_CODE_10: Filtrado del catálogo local
CATALOG_PATH_10: Ruta del catálogo local
CATALOG_SCHEMA_10: Esquema de la tabla local",", CATALOG_COLUMN_10, CATALOG_CODE_10, CATALOG_PATH_10, CATALOG_SCHEMA_10"
t_b0hn_sust_groups_fdbk_detail,B0HN_sust-groups-fdbk-detail_B0HN_sust-groups-fdbk_MMRule.conf,DELIVERED,18.3.0,B0HN,CUTOFF_DATE: Date of the data,CUTOFF_DATE,,,,"CUTOFF_DATE: Date of the data
CATALOG_COLUMN_11: Columna del catálogo local 
CATALOG_CODE_11: Filtrado del catálogo local
CATALOG_PATH_11: Ruta del catálogo local
CATALOG_SCHEMA_11: Esquema de la tabla local",", CATALOG_COLUMN_11, CATALOG_CODE_11, CATALOG_PATH_11, CATALOG_SCHEMA_11"
t_b0hn_sust_groups_fdbk_detail,B0HN_sust-groups-fdbk-detail_MRField.conf,DELIVERED,15.1.0,B0HN,CUTOFF_DATE: Date of the data,CUTOFF_DATE,,,,"CUTOFF_DATE: Date of the data 
FECHA_VOLUMETRIC: Date of values to compare with 
LOWER_BOUND: Lower percentage bound 
UPPER_BOUND: Upper percentage bound","CUTOFF_DATE, FECHA_VOLUMETRIC, LOWER_BOUND, UPPER_BOUND"
t_b0hn_sust_groups_fdbk_detail,B0HN_sust-groups-fdbk-detail_MRField.conf,DELIVERED,18.3.3,B0HN,CUTOFF_DATE: Date of the data,CUTOFF_DATE,,,,"CUTOFF_DATE: Date of the data 
FECHA_VOLUMETRIC: Date of values to compare with 
LOWER_BOUND: Lower percentage bound 
UPPER_BOUND: Upper percentage bound 
6.9IS_CRITICAL: Optional parameter to disable the criticality of the 6.9 rule","CUTOFF_DATE, FECHA_VOLUMETRIC, LOWER_BOUND, UPPER_BOUND, 6.9IS_CRITICAL"
t_b0hn_sust_groups_fdbk_detail,B0HN_sust-groups-fdbk-detail_MRObject.conf,DELIVERED,15.1.0,B0HN,"CUTOFF_DATE: Date of the data
FECHA_VOLUMETRIC: Date of values to compare with
LOWER_BOUND: Lower percentage bound
UPPER_BOUND: Upper percentage bound","CUTOFF_DATE, FECHA_VOLUMETRIC, LOWER_BOUND, UPPER_BOUND",,,,"CUTOFF_DATE: Date of the data
OPERATION_DATE: Date of the data without hyphen","CUTOFF_DATE, OPERATION_DATE"
t_b0hn_toolkit_esg_group_output,B0HN_toolkit-esg-group-output_MRField.conf,DELIVERED,15.1.0,B0HN,CUTOFF_DATE: Date of the data,CUTOFF_DATE,,,,"CUTOFF_DATE: Date of the data
OPERATION_DATE: Date of the data without hyphen
PREVIOUS_CUTOFF_DATE: Previous date to be compared","CUTOFF_DATE, OPERATION_DATE, PREVIOUS_CUTOFF_DATE"
t_b0hn_toolkit_esg_group_output,B0HN_toolkit-esg-group-output_MRField.conf,DELIVERED,15.1.0,B0HN,"RUNNING JOB PARAMS:
     CUTOFF_DATE: Date of the data

JOB EXTRALIBS:
     extralibs: Link to custom repository","CUTOFF_DATE, extralibs",,,,"CUTOFF_DATE: Date of the data
CATALOG_COLUMN_0: Columna del catálogo local 
CATALOG_CODE_0: Filtrado del catálogo local
CATALOG_PATH_0: Ruta del catálogo local
CATALOG_SCHEMA_0:  Esquema de la tabla local","CUTOFF_DATE, CATALOG_COLUMN_0, CATALOG_CODE_0, CATALOG_PATH_0, CATALOG_SCHEMA_0"
t_cgj7_customer_carbon_footprint,CGJ7_customer-carbon-footprint_KBTQ_customer-info_MMRule.conf,DELIVERED,18.3.0,CGJ7,CUTOFF_DATE: Date of the data,CUTOFF_DATE,,,,"CUTOFF_DATE: Date of the data
CATALOG_COLUMN_1: Columna del catálogo local 
CATALOG_CODE_1: Filtrado del catálogo local
CATALOG_PATH_1: Ruta del catálogo local
CATALOG_SCHEMA_1: Esquema de la tabla local",", CATALOG_COLUMN_1, CATALOG_CODE_1, CATALOG_PATH_1, CATALOG_SCHEMA_1"
t_cgj7_customer_carbon_footprint,CGJ7_customer-carbon-footprint_KCOG_country_MMRule.conf,DELIVERED,18.3.3,CGJ7,CUTOFF_DATE: Date of the data,CUTOFF_DATE,,,,"CUTOFF_DATE: Date of the data
PREVIOUS_CUTOFF_DATE: Previous date to be compared","CUTOFF_DATE, PREVIOUS_CUTOFF_DATE"
t_cgj7_customer_carbon_footprint,CGJ7_customer-carbon-footprint_KCOG_country_MMRule.conf,DELIVERED,18.3.0,CGJ7,CUTOFF_DATE: Date of the data,CUTOFF_DATE,,,,"CUTOFF_DATE: Date of the data
CATALOG_COLUMN_1: Columna del catálogo local 
CATALOG_CODE_1: Filtrado del catálogo local
CATALOG_PATH_1: Ruta del catálogo local
CATALOG_SCHEMA_1:  Esquema de la tabla local",", CATALOG_COLUMN_1, CATALOG_CODE_1, CATALOG_PATH_1, CATALOG_SCHEMA_1"
t_cgj7_customer_carbon_footprint,CGJ7_customer-carbon-footprint_KCOG_entity_MMRule.conf,DELIVERED,18.3.0,CGJ7,CUTOFF_DATE: Date of the data,CUTOFF_DATE,,,,"CUTOFF_DATE: Date of the data
CATALOG_COLUMN_0: Columna del catálogo local 
CATALOG_CODE_0: Filtrado del catálogo local
CATALOG_PATH_0: Ruta del catálogo local
CATALOG_SCHEMA_0: Esquema de la tabla local","CUTOFF_DATE, CATALOG_COLUMN_0, CATALOG_CODE_0, CATALOG_PATH_0, CATALOG_SCHEMA_0"
t_cgj7_customer_carbon_footprint,CGJ7_customer-carbon-footprint_MRField.conf,DELIVERED,15.1.0,CGJ7,"RUNNING JOB PARAMS:
     CUTOFF_DATE: Date of the data
     PREVIOUS_CUTOFF_DATE: Previous date to be compared

JOB EXTRALIBS:
     extralibs: Link to custom repository","CUTOFF_DATE, PREVIOUS_CUTOFF_DATE, extralibs",,,,"RUNNING JOB PARAMS:
     CUTOFF_DATE: Date of the data
     CATALOG_COLUMN_0: Columna del catálogo local 
     CATALOG_CODE_0: Filtrado del catálogo local
     CATALOG_SCHEMA_0:  Esquema de la tabla local

JOB EXTRALIBS:
     extralibs: Link to custom repository","CUTOFF_DATE, CATALOG_COLUMN_0, CATALOG_CODE_0, CATALOG_PATH_0, CATALOG_SCHEMA_0, extralibs"
t_cgj7_customer_carbon_footprint,CGJ7_customer-carbon-footprint_MRField.conf,DELIVERED,18.3.3,CGJ7,CUTOFF_DATE: Date of the data,CUTOFF_DATE,,,,"RUNNING JOB PARAMS:
     CUTOFF_DATE: Date of the data
     CATALOG_COLUMN_1: Columna del catálogo local 
     CATALOG_CODE_1: Filtrado del catálogo local
     CATALOG_SCHEMA_1:  Esquema de la tabla local

JOB EXTRALIBS:
     extralibs: Link to custom repository",", CATALOG_COLUMN_1, CATALOG_CODE_1, CATALOG_PATH_1, CATALOG_SCHEMA_1, extralibs"
t_cgj7_customer_carbon_footprint,CGJ7_customer-carbon-footprint_MRObject.conf,DELIVERED,15.1.0,CGJ7,"CUTOFF_DATE: Date of the data
FECHA_VOLUMETRIC: Date of values to compare with
LOWER_BOUND: Lower percentage bound
UPPER_BOUND: Upper percentage bound","CUTOFF_DATE, FECHA_VOLUMETRIC, LOWER_BOUND, UPPER_BOUND",,,,"RUNNING JOB PARAMS:
     CUTOFF_DATE: Date of the data
     CATALOG_COLUMN_2: Columna del catálogo local 
     CATALOG_CODE_2: Filtrado del catálogo local
     CATALOG_SCHEMA_2:  Esquema de la tabla local

JOB EXTRALIBS:
     extralibs: Link to custom repository",", CATALOG_COLUMN_2, CATALOG_CODE_2, CATALOG_PATH_2, CATALOG_SCHEMA_2, extralibs"
t_cgj7_sust_customer_mark,CGJ7_sust-customer-mark_MRField.conf,DELIVERED,18.3.3,CGJ7,"CUTOFF_DATE: Date of the data
SOURCE_LIST: Origin of data (gf_information_source_type): Example: 'SOURCE_LIST': "" 'A', 'B' ""","CUTOFF_DATE, SOURCE_LIST",,,,"RUNNING JOB PARAMS:
     CUTOFF_DATE: Date of the data
     CATALOG_COLUMN_3: Columna del catálogo local 
     CATALOG_CODE_3: Filtrado del catálogo local
     CATALOG_SCHEMA_3:  Esquema de la tabla local

JOB EXTRALIBS:
     extralibs: Link to custom repository",", CATALOG_COLUMN_3, CATALOG_CODE_3, CATALOG_PATH_3, CATALOG_SCHEMA_3, extralibs"
t_cgj7_sust_customer_mark,CGJ7_sust-customer-mark_MRField.conf,DELIVERED,18.4.0,CGJ7,"CUTOFF_DATE: Date of the data
SOURCE_LIST: Origin of data (gf_information_source_type): Example: 'SOURCE_LIST': "" 'A', 'B' ""","CUTOFF_DATE, SOURCE_LIST",,,,"RUNNING JOB PARAMS:
     CUTOFF_DATE: Date of the data
     CATALOG_COLUMN_4: Columna del catálogo local 
     CATALOG_CODE_4: Filtrado del catálogo local
     CATALOG_SCHEMA_4:  Esquema de la tabla local

JOB EXTRALIBS:
     extralibs: Link to custom repository",", CATALOG_COLUMN_4, CATALOG_CODE_4, CATALOG_PATH_4, CATALOG_SCHEMA_4, extralibs"
t_cgj7_sust_customer_mark,CGJ7_sust-customer-mark_MRField.conf,DELIVERED,18.3.7,CGJ7,"CUTOFF_DATE: Date of the data
SOURCE_LIST: Origin of data (gf_information_source_type): Example: 'SOURCE_LIST': "" 'A', 'B' ""","CUTOFF_DATE, SOURCE_LIST",,,,"RUNNING JOB PARAMS:
     CUTOFF_DATE: Date of the data
     CATALOG_COLUMN_5: Columna del catálogo local 
     CATALOG_CODE_5: Filtrado del catálogo local
     CATALOG_SCHEMA_5:  Esquema de la tabla local

JOB EXTRALIBS:
     extralibs: Link to custom repository",", CATALOG_COLUMN_5, CATALOG_CODE_5, CATALOG_PATH_5, CATALOG_SCHEMA_5, extralibs"
t_cgj7_sust_customer_mark,CGJ7_sust-customer-mark_MRObject.conf,DELIVERED,18.3.3,CGJ7,"CUTOFF_DATE: Date of the data
FECHA_VOLUMETRIC: Date of values to compare with
LOWER_BOUND: Lower percentage bound
UPPER_BOUND: Upper percentage bound
SOURCE_LIST: Origin of data (gf_information_source_type): Example: 'SOURCE_LIST': "" 'A', 'B' ""","CUTOFF_DATE, FECHA_VOLUMETRIC, LOWER_BOUND, UPPER_BOUND, SOURCE_LIST",,,,"CUTOFF_DATE: Date of the data
FECHA_VOLUMETRIC: Date of values to compare with
LOWER_BOUND: Lower percentage bound
UPPER_BOUND: Upper percentage bound","CUTOFF_DATE, FECHA_VOLUMETRIC, LOWER_BOUND, UPPER_BOUND"
t_cmov_bbva_categorized_mov,CMOV_bbva-categorized-mov_KMOL_account-movements_MMRule.conf,DELIVERED,18.3.0,CMOV,CUTOFF_DATE: Date of the data,CUTOFF_DATE,,,,"CUTOFF_DATE: Date of the data
PREVIOUS_CUTOFF_DATE: Previous date to be compared","CUTOFF_DATE, PREVIOUS_CUTOFF_DATE"
t_cmov_bbva_categorized_mov,CMOV_bbva-categorized-mov_KMOL_card-movements_MMRule.conf,DELIVERED,18.3.0,CMOV,CUTOFF_DATE: Date of the data,CUTOFF_DATE,,,,"CLOSING_DATE: Closing date of the data
ADOBE_REPORT_SUITE_NAME: The report suite name for the adobe.","CLOSING_DATE, ADOBE_REPORT_SUITE_NAME"
t_cmov_bbva_categorized_mov,CMOV_bbva-categorized-mov_MRField.conf,DELIVERED,15.1.0,CMOV,CUTOFF_DATE: Date of the data,CUTOFF_DATE,,,,"CLOSING_DATE: Closing date of the data 
DATE_VOLUMETRIC: Closing date of values to compare with
ADOBE_REPORT_SUITE_NAME: The report suite name for the adobe. 
LOWER_BOUND: Lower percentage bound 
UPPER_BOUND: Upper percentage bound","CLOSING_DATE, DATE_VOLUMETRIC, ADOBE_REPORT_SUITE_NAME, LOWER_BOUND, UPPER_BOUND"
t_cmov_bbva_categorized_mov,CMOV_bbva-categorized-mov_MRField.conf,DELIVERED,18.4.4,CMOV,CUTOFF_DATE: Date of the data,CUTOFF_DATE,,,,"CUTOFF_DATE: Date of the data
ADOBE_REPORT_SUITE_NAME: The report suite name for the adobe.","CUTOFF_DATE, ADOBE_REPORT_SUITE_NAME"
t_cmov_bbva_categorized_mov,CMOV_bbva-categorized-mov_MRField.conf,DELIVERED,15.1.0,CMOV,"CUTOFF_DATE: Date of the data
CATALOG_COLUMN_0: Columna del catálogo local 
CATALOG_CODE_0: Filtrado del catálogo local
CATALOG_TABLE_0: Nombre de tabla local",", CATALOG_COLUMN_0, CATALOG_CODE_0, CATALOG_TABLE_0",,,,"CUTOFF_DATE: Date of the data 
FECHA_VOLUMETRIC: Closing date of values to compare with
ADOBE_REPORT_SUITE_NAME: The report suite name for the adobe. 
LOWER_BOUND: Lower percentage bound 
UPPER_BOUND: Upper percentage bound","CLOSING_DATE, FECHA_VOLUMETRIC, ADOBE_REPORT_SUITE_NAME, LOWER_BOUND, UPPER_BOUND"
t_cmov_bbva_categorized_mov,CMOV_bbva-categorized-mov_MRField.conf,DELIVERED,15.1.0,CMOV,"CUTOFF_DATE: Date of the data
CATALOG_COLUMN_1: Columna del catálogo local 
CATALOG_CODE_1: Filtrado del catálogo local
CATALOG_TABLE_1: Nombre de tabla local",", CATALOG_COLUMN_1, CATALOG_CODE_1, CATALOG_TABLE_1",,,,"CUTOFF_DATE: Date of the data
CATALOG_COLUMN_2: Columna del catálogo local 
CATALOG_CODE_2: Filtrado del catálogo local
CATALOG_PATH_2: Ruta del catálogo local
CATALOG_SCHEMA_2:  Esquema de la tabla local",", CATALOG_COLUMN_2, CATALOG_CODE_2, CATALOG_PATH_2, CATALOG_SCHEMA_2"
t_cmov_bbva_categorized_mov,CMOV_bbva-categorized-mov_MRField.conf,DELIVERED,15.1.0,CMOV,"CUTOFF_DATE: Date of the data
CATALOG_COLUMN_2: Columna del catálogo local 
CATALOG_CODE_2: Filtrado del catálogo local
CATALOG_TABLE_2: Nombre de tabla local",", CATALOG_COLUMN_2, CATALOG_CODE_2, CATALOG_TABLE_2",,,,"CUTOFF_DATE: Date of the data
CATALOG_COLUMN_3: Columna del catálogo local 
CATALOG_CODE_3: Filtrado del catálogo local
CATALOG_PATH_3: Ruta del catálogo local
CATALOG_SCHEMA_3:  Esquema de la tabla local",", CATALOG_COLUMN_3, CATALOG_CODE_3, CATALOG_PATH_3, CATALOG_SCHEMA_3"
t_cmov_bbva_categorized_mov,CMOV_bbva-categorized-mov_MRField.conf,DELIVERED,15.1.0,CMOV,"CUTOFF_DATE: Date of the data
CATALOG_COLUMN_3: Columna del catálogo local 
CATALOG_CODE_3: Filtrado del catálogo local
CATALOG_TABLE_3: Nombre de tabla local",", CATALOG_COLUMN_3, CATALOG_CODE_3, CATALOG_TABLE_3",,,,"CUTOFF_DATE: Date of the data
SOURCE: Origin of data (g_data_source_origin_type)","CUTOFF_DATE, SOURCE"
t_cmov_bbva_categorized_mov,CMOV_bbva-categorized-mov_MRField.conf,DELIVERED,15.1.0,CMOV,"CUTOFF_DATE: Date of the data
CATALOG_COLUMN_4: Columna del catálogo local 
CATALOG_CODE_4: Filtrado del catálogo local
CATALOG_TABLE_4: Nombre de tabla local",", CATALOG_COLUMN_4, CATALOG_CODE_4, CATALOG_TABLE_4",,,,"CUTOFF_DATE: Date of the data
CATALOG_COLUMN_2: Columna del catálogo local 
CATALOG_CODE_2: Filtrado del catálogo local
CATALOG_PATH_2: Ruta del catálogo local
CATALOG_SCHEMA_2: Esquema de la tabla local",", CATALOG_COLUMN_2, CATALOG_CODE_2, CATALOG_PATH_2, CATALOG_SCHEMA_2"
t_cmov_bbva_categorized_mov,CMOV_bbva-categorized-mov_MRField.conf,DELIVERED,15.1.0,CMOV,"CUTOFF_DATE: Date of the data
CATALOG_COLUMN_5: Columna del catálogo local 
CATALOG_CODE_5: Filtrado del catálogo local
CATALOG_TABLE_5: Nombre de tabla local",", CATALOG_COLUMN_5, CATALOG_CODE_5, CATALOG_TABLE_5",,,,"CUTOFF_DATE: Date of the data
FECHA_VOLUMETRIC: Date of values to compare with
LOWER_BOUND: Lower percentage bound
UPPER_BOUND: Upper percentage bound
SOURCE: Origin of data (g_data_source_origin_type)","CUTOFF_DATE, FECHA_VOLUMETRIC, LOWER_BOUND, UPPER_BOUND, SOURCE"
t_cmov_bbva_categorized_mov,CMOV_bbva-categorized-mov_MRField.conf,DELIVERED,15.1.0,CMOV,"CUTOFF_DATE: Date of the data
CATALOG_COLUMN_6: Columna del catálogo local 
CATALOG_CODE_6: Filtrado del catálogo local
CATALOG_TABLE_6: Nombre de tabla local",", CATALOG_COLUMN_6, CATALOG_CODE_6, CATALOG_TABLE_6",,,,"CUTOFF_DATE: Date of the data
BILLING_AGR_PRODUCT_ID: Billing grouping product identifier","CUTOFF_DATE, BILLING_AGR_PRODUCT_ID"
t_cmov_bbva_categorized_mov,CMOV_bbva-categorized-mov_MRField.conf,DELIVERED,15.1.0,CMOV,"CUTOFF_DATE: Date of the data
CATALOG_COLUMN_7: Columna del catálogo local 
CATALOG_CODE_7: Filtrado del catálogo local
CATALOG_TABLE_7: Nombre de tabla local",", CATALOG_COLUMN_7, CATALOG_CODE_7, CATALOG_TABLE_7",,,,BILLING_AGR_PRODUCT_ID: Billing grouping product identifier,BILLING_AGR_PRODUCT_ID
t_cmov_bbva_categorized_mov,CMOV_bbva-categorized-mov_MRField.conf,DELIVERED,15.1.0,CMOV,"CUTOFF_DATE: Date of the data
CATALOG_COLUMN_8: Columna del catálogo local 
CATALOG_CODE_8: Filtrado del catálogo local
CATALOG_TABLE_8: Nombre de tabla local",", CATALOG_COLUMN_8, CATALOG_CODE_8, CATALOG_TABLE_8",,,,"CUTOFF_DATE: Date of the data
SCHEMA_COUNTRY: Country to be deployed
SCHEMA_VERSION_MASTER: Version to be deployed
FECHA_VOLUMETRIC: Date of values to compare with
LOWER_BOUND: Lower percentage bound
UPPER_BOUND: Upper percentage bound","CUTOFF_DATE, SCHEMA_COUNTRY, SCHEMA_VERSION_MASTER, FECHA_VOLUMETRIC, LOWER_BOUND, UPPER_BOUND"
t_cmov_bbva_categorized_mov,CMOV_bbva-categorized-mov_MRField.conf,DELIVERED,15.1.0,CMOV,"CUTOFF_DATE: Date of the data
CATALOG_COLUMN_9: Columna del catálogo local 
CATALOG_CODE_9: Filtrado del catálogo local
CATALOG_TABLE_9: Nombre de tabla local",", CATALOG_COLUMN_9, CATALOG_CODE_9, CATALOG_TABLE_9",,,,"CUTOFF_DATE: Date of the data
SOURCE: Origin of data (gf_information_source_id)","CUTOFF_DATE, SOURCE"
t_cmov_bbva_categorized_mov,CMOV_bbva-categorized-mov_MRField.conf,DELIVERED,15.1.0,CMOV,"CUTOFF_DATE: Date of the data
CATALOG_COLUMN_10: Columna del catálogo local 
CATALOG_CODE_10: Filtrado del catálogo local
CATALOG_TABLE_10: Nombre de tabla local",", CATALOG_COLUMN_10, CATALOG_CODE_10, CATALOG_TABLE_10",,,,"CUTOFF_DATE: Date of the data 
FECHA_VOLUMETRIC: Date of values to compare with 
LOWER_BOUND: Lower percentage bound 
UPPER_BOUND: Upper percentage bound
SOURCE: Origin of data (gf_information_source_id)","CUTOFF_DATE, FECHA_VOLUMETRIC, LOWER_BOUND, UPPER_BOUND, SOURCE"
t_cmov_bbva_categorized_mov,CMOV_bbva-categorized-mov_MRField.conf,DELIVERED,15.1.0,CMOV,"CUTOFF_DATE: Date of the data
CATALOG_COLUMN_11: Columna del catálogo local 
CATALOG_CODE_11: Filtrado del catálogo local
CATALOG_TABLE_11: Nombre de tabla local",", CATALOG_COLUMN_11, CATALOG_CODE_11, CATALOG_TABLE_11",,,,"CUTOFF_DATE: Date of the data
FECHA_VOLUMETRIC: Date of values to compare with
LOWER_BOUND: Lower percentage bound
UPPER_BOUND: Upper percentage bound
SOURCE: Origin of data (gf_information_source_id)","CUTOFF_DATE, FECHA_VOLUMETRIC, LOWER_BOUND, UPPER_BOUND, SOURCE"
t_cmov_bbva_categorized_mov,CMOV_bbva-categorized-mov_MRField.conf,DELIVERED,17.2.0,CMOV,CUTOFF_DATE: Date of the data,CUTOFF_DATE,,,,"CUTOFF_DATE: Date of the data
CATALOG_COLUMN_4: Columna del catálogo local 
CATALOG_CODE_4: Filtrado del catálogo local
CATALOG_PATH_4: Ruta del catálogo local
CATALOG_SCHEMA_4:  Esquema de la tabla local",", CATALOG_COLUMN_4, CATALOG_CODE_4, CATALOG_PATH_4, CATALOG_SCHEMA_4"
t_cmov_bbva_categorized_mov,CMOV_bbva-categorized-mov_MRField.conf,DELIVERED,17.1.0,CMOV,CUTOFF_DATE: Date of the data,CUTOFF_DATE,,,,"CUTOFF_DATE: Date of the data
CATALOG_COLUMN_5: Columna del catálogo local 
CATALOG_CODE_5: Filtrado del catálogo local
CATALOG_PATH_5: Ruta del catálogo local
CATALOG_SCHEMA_5:  Esquema de la tabla local",", CATALOG_COLUMN_5, CATALOG_CODE_5, CATALOG_PATH_5, CATALOG_SCHEMA_5"
t_cmov_bbva_categorized_mov,CMOV_bbva-categorized-mov_MRObject.conf,DELIVERED,15.1.0,CMOV,"CUTOFF_DATE: Date of the data 
FECHA_VOLUMETRIC: Date of values to compare with 
LOWER_BOUND: Lower percentage bound 
UPPER_BOUND: Upper percentage bound","CUTOFF_DATE, FECHA_VOLUMETRIC, LOWER_BOUND, UPPER_BOUND",,,,"CUTOFF_DATE: Date of the data
CATALOG_COLUMN_6: Columna del catálogo local 
CATALOG_CODE_6: Filtrado del catálogo local
CATALOG_PATH_6: Ruta del catálogo local
CATALOG_SCHEMA_6:  Esquema de la tabla local",", CATALOG_COLUMN_6, CATALOG_CODE_6, CATALOG_PATH_6, CATALOG_SCHEMA_6"
t_cmov_nobbva_categorized_mov,CMOV_nobbva-categorized-mov_KMOL_account-nobbva-move_MMRule.conf,DELIVERED,18.3.0,CMOV,CUTOFF_DATE: Date of the data,CUTOFF_DATE,,,,"CUTOFF_DATE: Date of the data
SOURCE: Origin of data (g_data_source_origin_type)","CUTOFF_DATE, SOURCE"
t_cmov_nobbva_categorized_mov,CMOV_nobbva-categorized-mov_KMOL_card-nobbva-move_MMRule.conf,DELIVERED,18.3.0,CMOV,CUTOFF_DATE: Date of the data,CUTOFF_DATE,,,,"CUTOFF_DATE: Date of the data
mydbcatalog: Catalog that specify country (co) and data layer (layer). Format: {co}_{layer}. Example: ho_master.","CUTOFF_DATE, mydbcatalog"
t_cmov_nobbva_categorized_mov,CMOV_nobbva-categorized-mov_MRField.conf,DELIVERED,15.1.0,CMOV,CUTOFF_DATE: Date of the data,CUTOFF_DATE,,,,"CUTOFF_DATE: Date of the data
CATALOG_COLUMN_0: Columna del catálogo local 
CATALOG_CODE_0: Filtrado del catálogo local
CATALOG_PATH_0: Ruta del catálogo local
CATALOG_SCHEMA_0: Esquema de la tabla local","CUTOFF_DATE, CATALOG_COLUMN_0, CATALOG_CODE_0, CATALOG_PATH_0, CATALOG_SCHEMA_0"
t_cmov_nobbva_categorized_mov,CMOV_nobbva-categorized-mov_MRField.conf,DELIVERED,15.1.0,CMOV,"CUTOFF_DATE: Date of the data
CATALOG_COLUMN_0: Columna del catálogo local 
CATALOG_CODE_0: Filtrado del catálogo local
CATALOG_TABLE_0: Nombre de tabla local",", CATALOG_COLUMN_0, CATALOG_CODE_0, CATALOG_TABLE_0",,,,"CUTOFF_DATE: Date of the data
mydbcatalog: Catalog that specify country (co) and data layer (layer). Format: ""{co}_{layer}"". Example: ""ho_master"".","CUTOFF_DATE, mydbcatalog"
t_cmov_nobbva_categorized_mov,CMOV_nobbva-categorized-mov_MRField.conf,DELIVERED,15.1.0,CMOV,"CUTOFF_DATE: Date of the data
CATALOG_COLUMN_1: Columna del catálogo local 
CATALOG_CODE_1: Filtrado del catálogo local
CATALOG_TABLE_1: Nombre de tabla local",", CATALOG_COLUMN_1, CATALOG_CODE_1, CATALOG_TABLE_1",,,,"CUTOFF_DATE: Date of the data 
FECHA_VOLUMETRIC: Date of values to compare with 
LOWER_BOUND: Lower percentage bound 
UPPER_BOUND: Upper percentage bound 
6.9IS_CRITICAL: Optional parameter to disable the criticality of the 6.9 rule
mydbcatalog: Catalog that specify country (co) and data layer (layer). Format: ""{co}_{layer}"". Example: ""ho_master"".","CUTOFF_DATE, FECHA_VOLUMETRIC, LOWER_BOUND, UPPER_BOUND, 6.9IS_CRITICAL, mydbcatalog"
t_cmov_nobbva_categorized_mov,CMOV_nobbva-categorized-mov_MRField.conf,DELIVERED,15.1.0,CMOV,"CUTOFF_DATE: Date of the data
CATALOG_COLUMN_2: Columna del catálogo local 
CATALOG_CODE_2: Filtrado del catálogo local
CATALOG_TABLE_2: Nombre de tabla local",", CATALOG_COLUMN_2, CATALOG_CODE_2, CATALOG_TABLE_2",,,,"CUTOFF_DATE: Date of the data
PREVIOUS_CUTOFF_DATE: Previous date to be compared","CUTOFF_DATE, PREVIOUS_CUTOFF_DATE"
t_cmov_nobbva_categorized_mov,CMOV_nobbva-categorized-mov_MRField.conf,DELIVERED,15.1.0,CMOV,"CUTOFF_DATE: Date of the data
CATALOG_COLUMN_3: Columna del catálogo local 
CATALOG_CODE_3: Filtrado del catálogo local
CATALOG_TABLE_3: Nombre de tabla local",", CATALOG_COLUMN_3, CATALOG_CODE_3, CATALOG_TABLE_3",,,,"CUTOFF_DATE: Date of the data
mydbcatalog: Catalog that specify country and data layer. Format: ""co_layer"". Example: ""ho_master"".","CUTOFF_DATE, mydbcatalog"
t_cmov_nobbva_categorized_mov,CMOV_nobbva-categorized-mov_MRField.conf,DELIVERED,15.1.0,CMOV,"CUTOFF_DATE: Date of the data
CATALOG_COLUMN_4: Columna del catálogo local 
CATALOG_CODE_4: Filtrado del catálogo local
CATALOG_TABLE_4: Nombre de tabla local",", CATALOG_COLUMN_4, CATALOG_CODE_4, CATALOG_TABLE_4",,,,"CUTOFF_DATE: Date of the data 
FECHA_VOLUMETRIC: Date of values to compare with 
LOWER_BOUND: Lower percentage bound 
UPPER_BOUND: Upper percentage bound 
6.9IS_CRITICAL: Optional parameter to disable the criticality of the 6.9 rule
mydbcatalog: Catalog that specify country (co) and data layer (layer). Format: {co}_{layer}. Example: ho_master.","CUTOFF_DATE, FECHA_VOLUMETRIC, LOWER_BOUND, UPPER_BOUND, 6.9IS_CRITICAL, mydbcatalog"
t_cmov_nobbva_categorized_mov,CMOV_nobbva-categorized-mov_MRField.conf,DELIVERED,15.1.0,CMOV,"CUTOFF_DATE: Date of the data
CATALOG_COLUMN_5: Columna del catálogo local 
CATALOG_CODE_5: Filtrado del catálogo local
CATALOG_TABLE_5: Nombre de tabla local",", CATALOG_COLUMN_5, CATALOG_CODE_5, CATALOG_TABLE_5",,,,"CUTOFF_DATE: Date of the data
YEAR_0: Año actual de la ejecución (CUTOFF_DATE)
YEAR_1: Año actual de la ejecución (CUTOFF_DATE) - 1","CUTOFF_DATE, YEAR_0, YEAR_1"
t_cmov_nobbva_categorized_mov,CMOV_nobbva-categorized-mov_MRField.conf,DELIVERED,15.1.0,CMOV,"CUTOFF_DATE: Date of the data
CATALOG_COLUMN_11: Columna del catálogo local 
CATALOG_CODE_11: Filtrado del catálogo local
CATALOG_TABLE_11: Nombre de tabla local",", CATALOG_COLUMN_11, CATALOG_CODE_11, CATALOG_TABLE_11",,,,"CUTOFF_DATE: Date of the data
YEAR_1: Año actual de la ejecución (CUTOFF_DATE) - 1
YEAR_2: Año actual de la ejecución (CUTOFF_DATE) - 2",", YEAR_2"
t_cmov_nobbva_categorized_mov,CMOV_nobbva-categorized-mov_MRField.conf,DELIVERED,15.1.0,CMOV,"CUTOFF_DATE: Date of the data
CATALOG_COLUMN_6: Columna del catálogo local 
CATALOG_CODE_6: Filtrado del catálogo local
CATALOG_TABLE_6: Nombre de tabla local",", CATALOG_COLUMN_6, CATALOG_CODE_6, CATALOG_TABLE_6",,,,"CUTOFF_DATE: Date of the data
YEAR_2: Año actual de la ejecución (CUTOFF_DATE) - 2
YEAR_3: Año actual de la ejecución (CUTOFF_DATE) - 3",", YEAR_3"
t_cmov_nobbva_categorized_mov,CMOV_nobbva-categorized-mov_MRField.conf,DELIVERED,15.1.0,CMOV,"CUTOFF_DATE: Date of the data
CATALOG_COLUMN_7: Columna del catálogo local 
CATALOG_CODE_7: Filtrado del catálogo local
CATALOG_TABLE_7: Nombre de tabla local",", CATALOG_COLUMN_7, CATALOG_CODE_7, CATALOG_TABLE_7",,,,"CUTOFF_DATE: Date of the data
YEAR_3: Año actual de la ejecución (CUTOFF_DATE) - 3
YEAR_4: Año actual de la ejecución (CUTOFF_DATE) - 4",", YEAR_4"
t_cmov_nobbva_categorized_mov,CMOV_nobbva-categorized-mov_MRField.conf,DELIVERED,15.1.0,CMOV,"CUTOFF_DATE: Date of the data
CATALOG_COLUMN_8: Columna del catálogo local 
CATALOG_CODE_8: Filtrado del catálogo local
CATALOG_TABLE_8: Nombre de tabla local",", CATALOG_COLUMN_8, CATALOG_CODE_8, CATALOG_TABLE_8",,,,"CUTOFF_DATE: Date of the data
YEAR_1: Año actual de la ejecución (CUTOFF_DATE) - 4
YEAR_2: Año actual de la ejecución (CUTOFF_DATE) - 5",", YEAR_5"
t_cmov_nobbva_categorized_mov,CMOV_nobbva-categorized-mov_MRField.conf,DELIVERED,15.1.0,CMOV,"CUTOFF_DATE: Date of the data
CATALOG_COLUMN_9: Columna del catálogo local 
CATALOG_CODE_9: Filtrado del catálogo local
CATALOG_TABLE_9: Nombre de tabla local",", CATALOG_COLUMN_9, CATALOG_CODE_9, CATALOG_TABLE_9",,,,"CUTOFF_DATE: Date of the data
CATALOG_COLUMN_0: Columna del catálogo local 
CATALOG_CODE_0: Filtrado del catálogo local
CATALOG_PATH_0: Ruta del catálogo local
CATALOG_SCHEMA_0: Esquema de la tabla local",", CATALOG_COLUMN_0, CATALOG_CODE_0, CATALOG_PATH_0, CATALOG_SCHEMA_0"
t_cmov_nobbva_categorized_mov,CMOV_nobbva-categorized-mov_MRField.conf,DELIVERED,15.1.0,CMOV,"CUTOFF_DATE: Date of the data
CATALOG_COLUMN_10: Columna del catálogo local 
CATALOG_CODE_10: Filtrado del catálogo local
CATALOG_TABLE_10: Nombre de tabla local",", CATALOG_COLUMN_10, CATALOG_CODE_10, CATALOG_TABLE_10",,,,"CUTOFF_DATE: Date of the data
CATALOG_COLUMN_0: Columna del catálogo local 
CATALOG_CODE_0: Filtrado del catálogo local
CATALOG_TABLE_0: Nombre de tabla local",", CATALOG_COLUMN_0, CATALOG_CODE_0, CATALOG_TABLE_0"
t_cmov_nobbva_categorized_mov,CMOV_nobbva-categorized-mov_MRObject.conf,DELIVERED,15.1.0,CMOV,"CUTOFF_DATE: Date of the data 
FECHA_VOLUMETRIC: Date of values to compare with 
LOWER_BOUND: Lower percentage bound 
UPPER_BOUND: Upper percentage bound","CUTOFF_DATE, FECHA_VOLUMETRIC, LOWER_BOUND, UPPER_BOUND",,,,"CUTOFF_DATE: Date of the data
CATALOG_COLUMN_1: Columna del catálogo local 
CATALOG_CODE_1: Filtrado del catálogo local
CATALOG_TABLE_1: Nombre de tabla local",", CATALOG_COLUMN_1, CATALOG_CODE_1, CATALOG_TABLE_1"
t_ctar_sign_proc_contract,CTAR_sign-proc-contract_MRField.conf,DELIVERED,18.3.3,CTAR,CUTOFF_DATE: Date of the data,CUTOFF_DATE,,,,"CUTOFF_DATE: Date of the data
CATALOG_COLUMN_2: Columna del catálogo local 
CATALOG_CODE_2: Filtrado del catálogo local
CATALOG_TABLE_2: Nombre de tabla local",", CATALOG_COLUMN_2, CATALOG_CODE_2, CATALOG_TABLE_2"
t_ctar_sign_proc_participant,CTAR_sign-proc-participant_KBTQ_role-person_MMRule.conf,DELIVERED,18.3.0,CTAR,CUTOFF_DATE: Date of the data,CUTOFF_DATE,,,,"CUTOFF_DATE: Date of the data
CATALOG_COLUMN_3: Columna del catálogo local 
CATALOG_CODE_3: Filtrado del catálogo local
CATALOG_TABLE_3: Nombre de tabla local",", CATALOG_COLUMN_3, CATALOG_CODE_3, CATALOG_TABLE_3"
t_ctar_sign_proc_participant,CTAR_sign-proc-participant_MRField.conf,DELIVERED,15.1.0,CTAR,CUTOFF_DATE: Date of the data,CUTOFF_DATE,,,,"CUTOFF_DATE: Date of the data
CATALOG_COLUMN_4: Columna del catálogo local 
CATALOG_CODE_4: Filtrado del catálogo local
CATALOG_TABLE_4: Nombre de tabla local",", CATALOG_COLUMN_4, CATALOG_CODE_4, CATALOG_TABLE_4"
t_ctar_sign_proc_participant,CTAR_sign-proc-participant_MRField.conf,DELIVERED,15.1.0,CTAR,"CUTOFF_DATE: Date of the data
CATALOG_COLUMN_0: Columna del catálogo local 
CATALOG_CODE_0: Filtrado del catálogo local
CATALOG_TABLE_0: Nombre de tabla local",", CATALOG_COLUMN_0, CATALOG_CODE_0, CATALOG_TABLE_0",,,,"CUTOFF_DATE: Date of the data
CATALOG_COLUMN_5: Columna del catálogo local 
CATALOG_CODE_5: Filtrado del catálogo local
CATALOG_TABLE_5: Nombre de tabla local",", CATALOG_COLUMN_5, CATALOG_CODE_5, CATALOG_TABLE_5"
t_ctar_sign_proc_participant,CTAR_sign-proc-participant_MRField.conf,DELIVERED,15.1.0,CTAR,"CUTOFF_DATE: Date of the data
CATALOG_COLUMN_1: Columna del catálogo local 
CATALOG_CODE_1: Filtrado del catálogo local
CATALOG_TABLE_1: Nombre de tabla local",", CATALOG_COLUMN_1, CATALOG_CODE_1, CATALOG_TABLE_1",,,,"CUTOFF_DATE: Date of the data
CATALOG_COLUMN_7: Columna del catálogo local 
CATALOG_CODE_7: Filtrado del catálogo local
CATALOG_TABLE_7: Nombre de tabla local",", CATALOG_COLUMN_7, CATALOG_CODE_7, CATALOG_TABLE_7"
t_ctar_sign_proc_participant,CTAR_sign-proc-participant_MRObject.conf,DELIVERED,15.1.0,CTAR,"CUTOFF_DATE: Date of the data 
FECHA_VOLUMETRIC: Date of values to compare with 
LOWER_BOUND: Lower percentage bound 
UPPER_BOUND: Upper percentage bound","CUTOFF_DATE, FECHA_VOLUMETRIC, LOWER_BOUND, UPPER_BOUND",,,,"CUTOFF_DATE: Date of the data
CATALOG_COLUMN_6: Columna del catálogo local 
CATALOG_CODE_6: Filtrado del catálogo local
CATALOG_TABLE_6: Nombre de tabla local",", CATALOG_COLUMN_6, CATALOG_CODE_6, CATALOG_TABLE_6"
t_ctar_signature_process,CTAR_signature-process_MRField.conf,DELIVERED,18.3.3,CTAR,CUTOFF_DATE: Date of the data,CUTOFF_DATE,,,,"CUTOFF_DATE: Date of the data
CATALOG_COLUMN_8: Columna del catálogo local 
CATALOG_CODE_8: Filtrado del catálogo local
CATALOG_TABLE_8: Nombre de tabla local",", CATALOG_COLUMN_8, CATALOG_CODE_8, CATALOG_TABLE_8"
t_ctar_signature_process,CTAR_signature-process_MRField.conf,DELIVERED,18.3.3,CTAR,"CUTOFF_DATE: Date of the data
CATALOG_COLUMN_0: Columna del catálogo local 
CATALOG_CODE_0: Filtrado del catálogo local
CATALOG_TABLE_0: Nombre de tabla local",", CATALOG_COLUMN_0, CATALOG_CODE_0, CATALOG_TABLE_0",,,,"CUTOFF_DATE: Date of the data
CATALOG_COLUMN_9: Columna del catálogo local 
CATALOG_CODE_9: Filtrado del catálogo local
CATALOG_TABLE_9: Nombre de tabla local",", CATALOG_COLUMN_9, CATALOG_CODE_9, CATALOG_TABLE_9"
t_ctar_signature_process,CTAR_signature-process_MRField.conf,DELIVERED,18.3.3,CTAR,"CUTOFF_DATE: Date of the data
CATALOG_COLUMN_1: Columna del catálogo local 
CATALOG_CODE_1: Filtrado del catálogo local
CATALOG_TABLE_1: Nombre de tabla local",", CATALOG_COLUMN_1, CATALOG_CODE_1, CATALOG_TABLE_1",,,,"CUTOFF_DATE: Date of the data
CATALOG_COLUMN_10: Columna del catálogo local 
CATALOG_CODE_10: Filtrado del catálogo local
CATALOG_TABLE_10: Nombre de tabla local",", CATALOG_COLUMN_10, CATALOG_CODE_10, CATALOG_TABLE_10"
t_ctar_signature_process,CTAR_signature-process_MRField.conf,DELIVERED,18.3.3,CTAR,"CUTOFF_DATE: Date of the data
CATALOG_COLUMN_2: Columna del catálogo local 
CATALOG_CODE_2: Filtrado del catálogo local
CATALOG_TABLE_2: Nombre de tabla local",", CATALOG_COLUMN_2, CATALOG_CODE_2, CATALOG_TABLE_2",,,,"CUTOFF_DATE: Date of the data
CATALOG_COLUMN_11: Columna del catálogo local 
CATALOG_CODE_11: Filtrado del catálogo local
CATALOG_TABLE_11: Nombre de tabla local",", CATALOG_COLUMN_11, CATALOG_CODE_11, CATALOG_TABLE_11"
t_ctar_signature_process,CTAR_signature-process_MRField.conf,DELIVERED,18.3.3,CTAR,"CUTOFF_DATE: Date of the data
CATALOG_COLUMN_3: Columna del catálogo local
CATALOG_CODE_3: Filtrado del catálogo local
CATALOG_TABLE_3: Nombre de tabla local",", CATALOG_COLUMN_3, CATALOG_CODE_3, CATALOG_TABLE_3",,,,"CUTOFF_DATE: Date of the data
SOURCE: Origin of data (gf_information_source_type)","CUTOFF_DATE, SOURCE"
t_ctar_signature_process,CTAR_signature-process_MRObject.conf,DELIVERED,15.1.0,CTAR,"CUTOFF_DATE: Date of the data 
FECHA_VOLUMETRIC: Date of values to compare with 
LOWER_BOUND: Lower percentage bound 
UPPER_BOUND: Upper percentage bound","CUTOFF_DATE, FECHA_VOLUMETRIC, LOWER_BOUND, UPPER_BOUND",,,,"CUTOFF_DATE: Date of the data
FECHA_VOLUMETRIC: Date of values to compare with
LOWER_BOUND: Lower percentage bound
UPPER_BOUND: Upper percentage bound
SOURCE: Origin of data (gf_information_source_type)","CUTOFF_DATE, FECHA_VOLUMETRIC, LOWER_BOUND, UPPER_BOUND, SOURCE"
t_dast_crypto_exchange,DAST_crypto-exchange_MRField.conf,DELIVERED,13.0.3,DAST,CUTOFF_DATE: Date of the data,CUTOFF_DATE,,,,"RUNNING JOB PARAMS:
     CUTOFF_DATE: Date of the data
     CATALOG_COLUMN_0: Columna del catálogo local 
     CATALOG_CODE_0: Filtrado del catálogo local
     CATALOG_TABLE_0: Nombre de tabla local

JOB EXTRALIBS:
     extralibs: Link to custom repository","CUTOFF_DATE, CATALOG_COLUMN_0, CATALOG_CODE_0, CATALOG_TABLE_0, extralibs"
t_dast_crypto_exchange,DAST_crypto-exchange_MRField.conf,DELIVERED,13.1.0,DAST,CUTOFF_DATE: Date of the data,CUTOFF_DATE,,,,"RUNNING JOB PARAMS:
     CUTOFF_DATE: Date of the data
     CATALOG_COLUMN_1: Columna del catálogo local 
     CATALOG_CODE_1: Filtrado del catálogo local
     CATALOG_TABLE_1: Nombre de tabla local

JOB EXTRALIBS:
     extralibs: Link to custom repository",", CATALOG_COLUMN_1, CATALOG_CODE_1, CATALOG_TABLE_1, extralibs"
t_dast_crypto_exchange,DAST_crypto-exchange_MRObject.conf,DELIVERED,13.0.3,DAST,"CUTOFF_DATE: Date of the data 
FECHA_VOLUMETRIC: Date of values to compare with 
LOWER_BOUND: Lower percentage bound 
UPPER_BOUND: Upper percentage bound","CUTOFF_DATE, FECHA_VOLUMETRIC, LOWER_BOUND, UPPER_BOUND",,,,"RUNNING JOB PARAMS:
     CUTOFF_DATE: Date of the data
     CATALOG_COLUMN_2: Columna del catálogo local 
     CATALOG_CODE_2: Filtrado del catálogo local
     CATALOG_TABLE_2: Nombre de tabla local

JOB EXTRALIBS:
     extralibs: Link to custom repository",", CATALOG_COLUMN_2, CATALOG_CODE_2, CATALOG_TABLE_2, extralibs"
t_dast_crypto_exchange_account,DAST_crypto-exchange-account_DAST_crypto-exchange_MMRule.conf,DELIVERED,13.1.0,DAST,CUTOFF_DATE: Date of the data,CUTOFF_DATE,,,,"RUNNING JOB PARAMS:
     CUTOFF_DATE: Date of the data
     CATALOG_COLUMN_3: Columna del catálogo local 
     CATALOG_CODE_3: Filtrado del catálogo local
     CATALOG_TABLE_3: Nombre de tabla local

JOB EXTRALIBS:
     extralibs: Link to custom repository",", CATALOG_COLUMN_3, CATALOG_CODE_3, CATALOG_TABLE_3, extralibs"
t_dast_crypto_exchange_account,DAST_crypto-exchange-account_MRField.conf,DELIVERED,13.0.3,DAST,CUTOFF_DATE: Date of the data,CUTOFF_DATE,,,,"RUNNING JOB PARAMS:
     CUTOFF_DATE: Date of the data
     CATALOG_COLUMN_4: Columna del catálogo local 
     CATALOG_CODE_4: Filtrado del catálogo local
     CATALOG_TABLE_4: Nombre de tabla local
JOB EXTRALIBS:
     extralibs: Link to custom repository",", CATALOG_COLUMN_4, CATALOG_CODE_4, CATALOG_TABLE_4, extralibs"
t_dast_crypto_exchange_account,DAST_crypto-exchange-account_MRField.conf,DELIVERED,13.1.0,DAST,CUTOFF_DATE: Date of the data,CUTOFF_DATE,,,,"RUNNING JOB PARAMS:
     CUTOFF_DATE: Date of the data
     CATALOG_COLUMN_5: Columna del catálogo local 
     CATALOG_CODE_5: Filtrado del catálogo local
     CATALOG_TABLE_5: Nombre de tabla local

JOB EXTRALIBS:
     extralibs: Link to custom repository",", CATALOG_COLUMN_5, CATALOG_CODE_5, CATALOG_TABLE_5, extralibs"
t_dast_crypto_exchange_account,DAST_crypto-exchange-account_MRObject.conf,DELIVERED,13.0.3,DAST,"CUTOFF_DATE: Date of the data 
FECHA_VOLUMETRIC: Date of values to compare with 
LOWER_BOUND: Lower percentage bound 
UPPER_BOUND: Upper percentage bound","CUTOFF_DATE, FECHA_VOLUMETRIC, LOWER_BOUND, UPPER_BOUND",,,,"RUNNING JOB PARAMS:
     CUTOFF_DATE: Date of the data
     CATALOG_COLUMN_6: Columna del catálogo local 
     CATALOG_CODE_6: Filtrado del catálogo local
     CATALOG_TABLE_6: Nombre de tabla local

JOB EXTRALIBS:
     extralibs: Link to custom repository",", CATALOG_COLUMN_6, CATALOG_CODE_6, CATALOG_TABLE_6, extralibs"
t_dtau_act_regis_hist_inf_rpt,DTAU_act-regis-hist-inf-rpt_MRField.conf,DELIVERED,18.4.1,DTAU,CUTOFF_DATE: Date of the data,CUTOFF_DATE,,,,"RUNNING JOB PARAMS:
     CUTOFF_DATE: Date of the data
     CATALOG_COLUMN_7: Columna del catálogo local 
     CATALOG_CODE_7: Filtrado del catálogo local
     CATALOG_TABLE_7: Nombre de tabla local

JOB EXTRALIBS:
     extralibs: Link to custom repository",", CATALOG_COLUMN_7, CATALOG_CODE_7, CATALOG_TABLE_7, extralibs"
t_dtau_act_regis_hist_inf_rpt,DTAU_act-regis-hist-inf-rpt_MRField.conf,DELIVERED,18.4.1,DTAU,"CUTOFF_DATE: Date of the data
CATALOG_COLUMN_0: Columna del catálogo local 
CATALOG_CODE_0: Filtrado del catálogo local
CATALOG_TABLE_0: Nombre de tabla local",", CATALOG_COLUMN_0, CATALOG_CODE_0, CATALOG_TABLE_0",,,,"CUTOFF_DATE: Date of the data 
FECHA_VOLUMETRIC: Date of values to compare with 
LOWER_BOUND: Lower percentage bound 
UPPER_BOUND: Upper percentage bound 
IS6.9_CRITICAL: Optional parameter to disable the criticality of the 6.9 rule","CUTOFF_DATE, FECHA_VOLUMETRIC, LOWER_BOUND, UPPER_BOUND, IS6.9_CRITICAL"
t_dtau_act_regis_hist_inf_rpt,DTAU_act-regis-hist-inf-rpt_MRField.conf,DELIVERED,18.4.1,DTAU,"CUTOFF_DATE: Date of the data
CATALOG_COLUMN_1: Columna del catálogo local 
CATALOG_CODE_1: Filtrado del catálogo local
CATALOG_TABLE_1: Nombre de tabla local",", CATALOG_COLUMN_1, CATALOG_CODE_1, CATALOG_TABLE_1",,,,"CUTOFF_DATE: Date of the data 
FECHA_VOLUMETRIC: Date of values to compare with 
LOWER_BOUND: Lower percentage bound 
UPPER_BOUND: Upper percentage bound 
IS_VOL_CRITICAL: Optional parameter to disable the criticality of the 6.9 rule","CUTOFF_DATE, FECHA_VOLUMETRIC, LOWER_BOUND, UPPER_BOUND, IS_VOL_CRITICAL"
t_dtau_act_regis_hist_inf_rpt,DTAU_act-regis-hist-inf-rpt_MRField.conf,DELIVERED,18.4.1,DTAU,"CUTOFF_DATE: Date of the data
CATALOG_COLUMN_2: Columna del catálogo local 
CATALOG_CODE_2: Filtrado del catálogo local
CATALOG_TABLE_2: Nombre de tabla local",", CATALOG_COLUMN_2, CATALOG_CODE_2, CATALOG_TABLE_2",,,,"CUTOFF_DATE: Date of the data
CATALOG_COLUMN_0: Columna del catálogo local 
CATALOG_CODE_0: Filtrado del catálogo local
CATALOG_TABLE_0: Nombre de tabla local",", CATALOG_COLUMN_0, CATALOG_CODE_0, CATALOG_TABLE_0"
t_dtau_act_regis_hist_inf_rpt,DTAU_act-regis-hist-inf-rpt_MRField.conf,DELIVERED,18.4.1,DTAU,"RUNNING JOB PARAMS:
     CUTOFF_DATE: Date of the data
     CATALOG_COLUMN_4: Columna del catálogo local 
     CATALOG_CODE_4: Filtrado del catálogo local
     CATALOG_TABLE_4: Nombre de tabla local
JOB EXTRALIBS:
     extralibs: Link to custom repository",", CATALOG_COLUMN_4, CATALOG_CODE_4, CATALOG_TABLE_4, extralibs",,,,"CUTOFF_DATE: Date of the data
CATALOG_COLUMN_1: Columna del catálogo local 
CATALOG_CODE_1: Filtrado del catálogo local
CATALOG_TABLE_1: Nombre de tabla local",", CATALOG_COLUMN_1, CATALOG_CODE_1, CATALOG_TABLE_1"
t_dtau_act_regis_hist_inf_rpt,DTAU_act-regis-hist-inf-rpt_MRField.conf,DELIVERED,18.4.1,DTAU,"CUTOFF_DATE: Date of the data
CATALOG_COLUMN_3: Columna del catálogo local 
CATALOG_CODE_3: Filtrado del catálogo local
CATALOG_TABLE_3: Nombre de tabla local",", CATALOG_COLUMN_3, CATALOG_CODE_3, CATALOG_TABLE_3",,,,"CUTOFF_DATE: Date of the data
CATALOG_COLUMN_2: Columna del catálogo local 
CATALOG_CODE_2: Filtrado del catálogo local
CATALOG_TABLE_2: Nombre de tabla local",", CATALOG_COLUMN_2, CATALOG_CODE_2, CATALOG_TABLE_2"
t_dtau_act_regis_hist_inf_rpt,DTAU_act-regis-hist-inf-rpt_MRField.conf,DELIVERED,18.4.1,DTAU,"RUNNING JOB PARAMS:
     CUTOFF_DATE: Date of the data
     CATALOG_COLUMN_5: Columna del catálogo local 
     CATALOG_CODE_5: Filtrado del catálogo local
     CATALOG_TABLE_5: Nombre de tabla local

JOB EXTRALIBS:
     extralibs: Link to custom repository",", CATALOG_COLUMN_5, CATALOG_CODE_5, CATALOG_TABLE_5, extralibs",,,,"CUTOFF_DATE: Date of the data
CATALOG_COLUMN_3: Columna del catálogo local 
CATALOG_CODE_3: Filtrado del catálogo local
CATALOG_TABLE_3: Nombre de tabla local",", CATALOG_COLUMN_3, CATALOG_CODE_3, CATALOG_TABLE_3"
t_dtau_act_regis_hist_inf_rpt,DTAU_act-regis-hist-inf-rpt_MRObject.conf,DELIVERED,18.4.1,DTAU,"CUTOFF_DATE: Date of the data 
FECHA_VOLUMETRIC: Date of values to compare with 
LOWER_BOUND: Lower percentage bound 
UPPER_BOUND: Upper percentage bound 
IS_VOL_CRITICAL: Optional parameter to disable the criticality of the 6.9 rule","CUTOFF_DATE, FECHA_VOLUMETRIC, LOWER_BOUND, UPPER_BOUND, IS_VOL_CRITICAL",,,,"CUTOFF_DATE: Date of the data
CATALOG_COLUMN_4: Columna del catálogo local 
CATALOG_CODE_4: Filtrado del catálogo local
CATALOG_TABLE_4: Nombre de tabla local",", CATALOG_COLUMN_4, CATALOG_CODE_4, CATALOG_TABLE_4"
t_dtau_activity_register,DTAU_activity-register_MRField.conf,DELIVERED,18.4.1,DTAU,CUTOFF_DATE: Date of the data,CUTOFF_DATE,,,,"CUTOFF_DATE: Date of the data
CATALOG_COLUMN_0: Columna del catálogo local
CATALOG_CODE_0: Filtrado del catálogo local
CATALOG_TABLE_0: Nombre de tabla local",", CATALOG_COLUMN_0, CATALOG_CODE_0, CATALOG_TABLE_0"
t_dtau_activity_register,DTAU_activity-register_MRField.conf,DELIVERED,18.4.1,DTAU,"CUTOFF_DATE: Date of the data
CATALOG_COLUMN_0: Columna del catálogo local 
CATALOG_CODE_0: Filtrado del catálogo local
CATALOG_TABLE_0: Nombre de tabla local",", CATALOG_COLUMN_0, CATALOG_CODE_0, CATALOG_TABLE_0",,,,"RUNNING JOB PARAMS:
     CUTOFF_DATE: Date of the data
     CATALOG_COLUMN_6: Columna del catálogo local 
     CATALOG_CODE_6: Filtrado del catálogo local
     CATALOG_TABLE_6: Nombre de tabla local

JOB EXTRALIBS:
     extralibs: Link to custom repository",", CATALOG_COLUMN_6, CATALOG_CODE_6, CATALOG_TABLE_6, extralibs"
t_dtau_activity_register,DTAU_activity-register_MRField.conf,DELIVERED,18.4.1,DTAU,"CUTOFF_DATE: Date of the data
CATALOG_COLUMN_1: Columna del catálogo local 
CATALOG_CODE_1: Filtrado del catálogo local
CATALOG_TABLE_1: Nombre de tabla local",", CATALOG_COLUMN_1, CATALOG_CODE_1, CATALOG_TABLE_1",,,,"RUNNING JOB PARAMS:
     CUTOFF_DATE: Date of the data
     CATALOG_COLUMN_7: Columna del catálogo local 
     CATALOG_CODE_7: Filtrado del catálogo local
     CATALOG_TABLE_7: Nombre de tabla local

JOB EXTRALIBS:
     extralibs: Link to custom repository",", CATALOG_COLUMN_7, CATALOG_CODE_7, CATALOG_TABLE_7, extralibs"
t_dtau_activity_register,DTAU_activity-register_MRField.conf,DELIVERED,18.4.1,DTAU,"CUTOFF_DATE: Date of the data
CATALOG_COLUMN_2: Columna del catálogo local 
CATALOG_CODE_2: Filtrado del catálogo local
CATALOG_TABLE_2: Nombre de tabla local",", CATALOG_COLUMN_2, CATALOG_CODE_2, CATALOG_TABLE_2",,,,"CUTOFF_DATE: Date of the data
CATALOG_COLUMN_3: Columna del catálogo local
CATALOG_CODE_3: Filtrado del catálogo local
CATALOG_TABLE_3: Nombre de tabla local",", CATALOG_COLUMN_3, CATALOG_CODE_3, CATALOG_TABLE_3"
t_dtau_activity_register,DTAU_activity-register_MRField.conf,DELIVERED,18.4.1,DTAU,"RUNNING JOB PARAMS:
     CUTOFF_DATE: Date of the data
     CATALOG_COLUMN_6: Columna del catálogo local 
     CATALOG_CODE_6: Filtrado del catálogo local
     CATALOG_TABLE_6: Nombre de tabla local

JOB EXTRALIBS:
     extralibs: Link to custom repository",", CATALOG_COLUMN_6, CATALOG_CODE_6, CATALOG_TABLE_6, extralibs",,,,"CUTOFF_DATE: Date of the data
CATALOG_COLUMN_1: Columna del catálogo local
CATALOG_CODE_1: Filtrado del catálogo local
CATALOG_TABLE_1: Nombre de tabla local",", CATALOG_COLUMN_1, CATALOG_CODE_1, CATALOG_TABLE_1"
t_dtau_activity_register,DTAU_activity-register_MRField.conf,DELIVERED,18.4.1,DTAU,"CUTOFF_DATE: Date of the data
CATALOG_COLUMN_3: Columna del catálogo local 
CATALOG_CODE_3: Filtrado del catálogo local
CATALOG_TABLE_3: Nombre de tabla local",", CATALOG_COLUMN_3, CATALOG_CODE_3, CATALOG_TABLE_3",,,,"CUTOFF_DATE: Date of the data
SOURCE: Origin of data (gf_information_source_id)","CUTOFF_DATE, SOURCE"
t_dtau_activity_register,DTAU_activity-register_MRField.conf,DELIVERED,18.4.1,DTAU,"RUNNING JOB PARAMS:
     CUTOFF_DATE: Date of the data
     CATALOG_COLUMN_7: Columna del catálogo local 
     CATALOG_CODE_7: Filtrado del catálogo local
     CATALOG_TABLE_7: Nombre de tabla local

JOB EXTRALIBS:
     extralibs: Link to custom repository",", CATALOG_COLUMN_7, CATALOG_CODE_7, CATALOG_TABLE_7, extralibs",,,,"CUTOFF_DATE: Date of the data 
FECHA_VOLUMETRIC: Date of values to compare with 
LOWER_BOUND: Lower percentage bound 
UPPER_BOUND: Upper percentage bound 
IS_VOL_CRITICAL: Optional parameter to disable the criticality of the 6.9 rule
SOURCE: Origin of data (gf_information_source_id)","CUTOFF_DATE, FECHA_VOLUMETRIC, LOWER_BOUND, UPPER_BOUND, IS_VOL_CRITICAL, SOURCE"
t_dtau_activity_register,DTAU_activity-register_MRField.conf,DELIVERED,18.4.1,DTAU,"CUTOFF_DATE: Date of the data
CATALOG_COLUMN_4: Columna del catálogo local 
CATALOG_CODE_4: Filtrado del catálogo local
CATALOG_TABLE_4: Nombre de tabla local",", CATALOG_COLUMN_4, CATALOG_CODE_4, CATALOG_TABLE_4",,,,"CUTOFF_DATE: Date of the data
SOURCE: Origin of data (gf_source_system_sust_type)","CUTOFF_DATE, SOURCE"
t_dtau_activity_register,DTAU_activity-register_MRField.conf,DELIVERED,18.4.1,DTAU,"CUTOFF_DATE: Date of the data
CATALOG_COLUMN_5: Columna del catálogo local 
CATALOG_CODE_5: Filtrado del catálogo local
CATALOG_TABLE_5: Nombre de tabla local",", CATALOG_COLUMN_5, CATALOG_CODE_5, CATALOG_TABLE_5",,,,"CUTOFF_DATE: Date of the data
FECHA_VOLUMETRIC: Date of values to compare with
LOWER_BOUND: Lower percentage bound
UPPER_BOUND: Upper percentage bound
SOURCE: Origin of data (gf_source_system_sust_type)","CUTOFF_DATE, FECHA_VOLUMETRIC, LOWER_BOUND, UPPER_BOUND, SOURCE"
t_dtau_activity_register,DTAU_activity-register_MRObject.conf,DELIVERED,18.4.1,DTAU,"CUTOFF_DATE: Date of the data 
FECHA_VOLUMETRIC: Date of values to compare with 
LOWER_BOUND: Lower percentage bound 
UPPER_BOUND: Upper percentage bound 
IS_VOL_CRITICAL: Optional parameter to disable the criticality of the 6.9 rule","CUTOFF_DATE, FECHA_VOLUMETRIC, LOWER_BOUND, UPPER_BOUND, IS_VOL_CRITICAL",,,,"CUTOFF_DATE: Date of the data
CATALOG_COLUMN_0: Columna del catálogo local
CATALOG_CODE_0: Filtrado del catálogo local
CATALOG_TABLE_0: Nombre de tabla local
SOURCE: Origin of data (g_data_source_origin_type)",", CATALOG_COLUMN_0, CATALOG_CODE_0, CATALOG_TABLE_0, SOURCE"
t_dtau_historic_info_request,DTAU_historic-info-request_MRField.conf,DELIVERED,18.4.1,DTAU,CUTOFF_DATE: Date of the data,CUTOFF_DATE,,,,"CUTOFF_DATE: Date of the data
CATALOG_COLUMN_1: Columna del catálogo local
CATALOG_CODE_1: Filtrado del catálogo local
CATALOG_TABLE_1: Nombre de tabla local
SOURCE: Origin of data (g_data_source_origin_type)",", CATALOG_COLUMN_1, CATALOG_CODE_1, CATALOG_TABLE_1, SOURCE"
t_dtau_historic_info_request,DTAU_historic-info-request_MRObject.conf,DELIVERED,18.4.1,DTAU,"CUTOFF_DATE: Date of the data 
FECHA_VOLUMETRIC: Date of values to compare with 
LOWER_BOUND: Lower percentage bound 
UPPER_BOUND: Upper percentage bound 
IS_VOL_CRITICAL: Optional parameter to disable the criticality of the 6.9 rule","CUTOFF_DATE, FECHA_VOLUMETRIC, LOWER_BOUND, UPPER_BOUND, IS_VOL_CRITICAL",,,,"CUTOFF_DATE: Date of the data
SOURCE: Origin of data (g_data_source_origin_ex1_type)","CUTOFF_DATE, SOURCE"
t_ejb6_contract_calculations,EJB6_contract-calculations_KCOG_country_MMRule.conf,DELIVERED,18.3.0,EJB6,CUTOFF_DATE: Date of the data,CUTOFF_DATE,,,,"CUTOFF_DATE: Date of the data
CATALOG_COLUMN_5: Columna del catálogo local
CATALOG_CODE_5: Filtrado del catálogo local
CATALOG_TABLE_5: Nombre de tabla local",", CATALOG_COLUMN_5, CATALOG_CODE_5, CATALOG_TABLE_5"
t_ejb6_contract_calculations,EJB6_contract-calculations_KCOG_entity_MMRule.conf,DELIVERED,18.3.0,EJB6,CUTOFF_DATE: Date of the data,CUTOFF_DATE,,,,"CUTOFF_DATE: Date of the data
CATALOG_COLUMN_6: Columna del catálogo local
CATALOG_CODE_6: Filtrado del catálogo local
CATALOG_TABLE_6: Nombre de tabla local",", CATALOG_COLUMN_6, CATALOG_CODE_6, CATALOG_TABLE_6"
t_ejb6_contract_calculations,EJB6_contract-calculations_KSAN_contract-global-local_MMRule.conf,DELIVERED,18.3.0,EJB6,CUTOFF_DATE: Date of the data,CUTOFF_DATE,,,,"CUTOFF_DATE: Date of the data
CATALOG_COLUMN_4: Columna del catálogo local
CATALOG_CODE_4: Filtrado del catálogo local
CATALOG_TABLE_4: Nombre de tabla local",", CATALOG_COLUMN_4, CATALOG_CODE_4, CATALOG_TABLE_4"
t_ejb6_contract_calculations,EJB6_contract-calculations_MRField.conf,DELIVERED,15.1.0,EJB6,CUTOFF_DATE: Date of the data,CUTOFF_DATE,,,,"RUNNING JOB PARAMS:
     CUTOFF_DATE: Date of the data
     SOURCE: Origin of data (gf_information_source_id)

JOB EXTRALIBS:
     extralibs: Link to custom repository",", SOURCE, extralibs"
t_ejb6_contract_calculations,EJB6_contract-calculations_MRField.conf,DELIVERED,18.3.3,EJB6,CUTOFF_DATE: Date of the data,CUTOFF_DATE,,,,"CUTOFF_DATE: Date of the data
SOURCE_LIST: Origin of data (gf_information_source_type): Example: 'SOURCE_LIST': "" 'A', 'B' ""","CUTOFF_DATE, SOURCE_LIST"
t_ejb6_contract_calculations,EJB6_contract-calculations_MRObject.conf,DELIVERED,15.1.0,EJB6,"CUTOFF_DATE: Date of the data
FECHA_VOLUMETRIC: Date of values to compare with
LOWER_BOUND: Lower percentage bound
UPPER_BOUND: Upper percentage bound","CUTOFF_DATE, FECHA_VOLUMETRIC, LOWER_BOUND, UPPER_BOUND",,,,"CUTOFF_DATE: Date of the data
FECHA_VOLUMETRIC: Date of values to compare with
LOWER_BOUND: Lower percentage bound
UPPER_BOUND: Upper percentage bound
SOURCE_LIST: Origin of data (gf_information_source_type): Example: 'SOURCE_LIST': "" 'A', 'B' ""","CUTOFF_DATE, FECHA_VOLUMETRIC, LOWER_BOUND, UPPER_BOUND, SOURCE_LIST"
t_ejb6_contract_calculations_dp,EJB6_contract-calculations-dp_KSAN_contract-global-local_MMRule.conf,DELIVERED,18.3.0,EJB6,CUTOFF_DATE: Date of the data,CUTOFF_DATE,,,,"CUTOFF_DATE: Date of the data
SOURCE_LIST: Origin of data (gf_source_system_sust_type): Example: 'SOURCE_LIST': "" 'A', 'B' ""","CUTOFF_DATE, SOURCE_LIST"
t_ejb6_contract_calculations_dp,EJB6_contract-calculations-dp_MRField.conf,DELIVERED,18.3.3,EJB6,CUTOFF_DATE: Date of the data,CUTOFF_DATE,,,,"CUTOFF_DATE: Date of the data
FECHA_VOLUMETRIC: Date of values to compare with
LOWER_BOUND: Lower percentage bound
UPPER_BOUND: Upper percentage bound
SOURCE_LIST: Origin of data (gf_source_system_sust_type): Example: 'SOURCE_LIST': "" 'A', 'B' ""","CUTOFF_DATE, FECHA_VOLUMETRIC, LOWER_BOUND, UPPER_BOUND, SOURCE_LIST"
t_ejb6_contract_calculations_dp,EJB6_contract-calculations-dp_MRField.conf,DELIVERED,15.1.0,EJB6,CUTOFF_DATE: Date of the data,CUTOFF_DATE,,,,CLOSING_DATE: Closing date of the data,CLOSING_DATE
t_ejb6_contract_calculations_dp,EJB6_contract-calculations-dp_MRObject.conf,DELIVERED,15.1.0,EJB6,"CUTOFF_DATE: Date of the data
FECHA_VOLUMETRIC: Date of values to compare with
LOWER_BOUND: Lower percentage bound
UPPER_BOUND: Upper percentage bound","CUTOFF_DATE, FECHA_VOLUMETRIC, LOWER_BOUND, UPPER_BOUND",,,,"CUTOFF_DATE: Date of the data
ENTIFIC_ID: Information sender identifier","CUTOFF_DATE, ENTIFIC_ID"
t_ejb6_digital_sales,EJB6_digital-sales_KCOG_country_MMRule.conf,DELIVERED,18.3.0,EJB6,CUTOFF_DATE: Date of the data,CUTOFF_DATE,,,,"CUTOFF_DATE: Date of the data
SOURCE_LIST: Origin of data (gf_source_info_origin_type): Example: 'SOURCE_LIST': "" 'A', 'B' ""","CUTOFF_DATE, SOURCE_LIST"
t_ejb6_digital_sales,EJB6_digital-sales_KCOG_entity_MMRule.conf,DELIVERED,18.3.0,EJB6,CUTOFF_DATE: Date of the data,CUTOFF_DATE,,,,"CUTOFF_DATE: Date of the data
FECHA_VOLUMETRIC: Date of values to compare with
LOWER_BOUND: Lower percentage bound
UPPER_BOUND: Upper percentage bound
SOURCE_LIST: Origin of data (gf_source_info_origin_type): Example: 'SOURCE_LIST': "" 'A', 'B' ""","CUTOFF_DATE, FECHA_VOLUMETRIC, LOWER_BOUND, UPPER_BOUND, SOURCE_LIST"
t_ejb6_digital_sales,EJB6_digital-sales_KSAN_contract-global-local_MMRule.conf,DELIVERED,18.3.0,EJB6,CUTOFF_DATE: Date of the data,CUTOFF_DATE,,,,"CUTOFF_DATE: Date of the data
SOURCE_LIST: Origin of data (gf_source_info_origin_type): Example: 'SOURCE_LIST': "" 'A', 'B' ""","CUTOFF_DATE, SOURCE_LIST"
t_ejb6_digital_sales,EJB6_digital-sales_MRField.conf,DELIVERED,15.1.0,EJB6,CUTOFF_DATE: Date of the data,CUTOFF_DATE,,,,,
t_ejb6_digital_sales,EJB6_digital-sales_MRField.conf,DELIVERED,17.0.0,EJB6,CUTOFF_DATE: Date of the data,CUTOFF_DATE,,,,,
t_ejb6_digital_sales,EJB6_digital-sales_MRField.conf,DELIVERED,18.3.3,EJB6,CUTOFF_DATE: Date of the data,CUTOFF_DATE,,,,,
t_ejb6_digital_sales,EJB6_digital-sales_MRField.conf,DELIVERED,16.0.8,EJB6,CUTOFF_DATE: Date of the data,CUTOFF_DATE,,,,,
t_ejb6_digital_sales,EJB6_digital-sales_MRField.conf,DELIVERED,16.0.8,EJB6,"CUTOFF_DATE: Date of the data
CATALOG_COLUMN_0: Columna del catálogo local 
CATALOG_CODE_0: Filtrado del catálogo local
CATALOG_TABLE_0: Nombre de tabla local",", CATALOG_COLUMN_0, CATALOG_CODE_0, CATALOG_TABLE_0",,,,,
t_ejb6_digital_sales,EJB6_digital-sales_MRField.conf,DELIVERED,16.0.8,EJB6,"CUTOFF_DATE: Date of the data
CATALOG_COLUMN_1: Columna del catálogo local 
CATALOG_CODE_1: Filtrado del catálogo local
CATALOG_TABLE_1: Nombre de tabla local",", CATALOG_COLUMN_1, CATALOG_CODE_1, CATALOG_TABLE_1",,,,,
t_ejb6_digital_sales,EJB6_digital-sales_MRField.conf,DELIVERED,16.1.2,EJB6,CUTOFF_DATE: Date of the data,CUTOFF_DATE,,,,,
t_ejb6_digital_sales,EJB6_digital-sales_MRObject.conf,DELIVERED,15.1.0,EJB6,"CUTOFF_DATE: Date of the data
FECHA_VOLUMETRIC: Date of values to compare with
LOWER_BOUND: Lower percentage bound
UPPER_BOUND: Upper percentage bound","CUTOFF_DATE, FECHA_VOLUMETRIC, LOWER_BOUND, UPPER_BOUND",,,,,
t_ejb6_digital_sales_op_ctr,EJB6_digital-sales-op-ctr_KAOC_eom-operation_MMRule.conf,DELIVERED,18.3.0,EJB6,CUTOFF_DATE: Date of the data,CUTOFF_DATE,,,,,
t_ejb6_digital_sales_op_ctr,EJB6_digital-sales-op-ctr_MRField.conf,DELIVERED,16.1.0,EJB6,CUTOFF_DATE: Date of the data,CUTOFF_DATE,,,,,
t_ejb6_digital_sales_op_ctr,EJB6_digital-sales-op-ctr_MRField.conf,DELIVERED,16.1.0,EJB6,"CUTOFF_DATE: Date of the data
CATALOG_COLUMN_0: Columna del catálogo local
CATALOG_CODE_0: Filtrado del catálogo local
CATALOG_TABLE_0: Nombre de tabla local",", CATALOG_COLUMN_0, CATALOG_CODE_0, CATALOG_TABLE_0",,,,,
t_ejb6_digital_sales_op_ctr,EJB6_digital-sales-op-ctr_MRField.conf,DELIVERED,16.1.0,EJB6,"CUTOFF_DATE: Date of the data
CATALOG_COLUMN_1: Columna del catálogo local
CATALOG_CODE_1: Filtrado del catálogo local
CATALOG_TABLE_1: Nombre de tabla local",", CATALOG_COLUMN_1, CATALOG_CODE_1, CATALOG_TABLE_1",,,,,
t_ejb6_operation_calculations,EJB6_operation-calculations_KAOC_eom-operation_MMRule.conf,DELIVERED,18.3.0,EJB6,CUTOFF_DATE: Date of the data,CUTOFF_DATE,,,,,
t_ejb6_operation_calculations,EJB6_operation-calculations_MRField.conf,DELIVERED,18.3.3,EJB6,CUTOFF_DATE: Date of the data,CUTOFF_DATE,,,,,
t_ejb6_operation_calculations,EJB6_operation-calculations_MRField.conf,DELIVERED,15.1.0,EJB6,CUTOFF_DATE: Date of the data,CUTOFF_DATE,,,,,
t_ejb6_operation_calculations,EJB6_operation-calculations_MRObject.conf,DELIVERED,15.1.0,EJB6,"CUTOFF_DATE: Date of the data
FECHA_VOLUMETRIC: Date of values to compare with
LOWER_BOUND: Lower percentage bound
UPPER_BOUND: Upper percentage bound","CUTOFF_DATE, FECHA_VOLUMETRIC, LOWER_BOUND, UPPER_BOUND",,,,,
t_ejb6_operation_calculations_dp,EJB6_operation-calculations-dp_MRField.conf,DELIVERED,18.3.3,EJB6,CUTOFF_DATE: Date of the data,CUTOFF_DATE,,,,,
t_ejb6_operation_calculations_dp,EJB6_operation-calculations-dp_MRField.conf,DELIVERED,15.1.0,EJB6,CUTOFF_DATE: Date of the data,CUTOFF_DATE,,,,,
t_ejb6_operation_calculations_dp,EJB6_operation-calculations-dp_MRObject.conf,DELIVERED,15.1.0,EJB6,"CUTOFF_DATE: Date of the data 
FECHA_VOLUMETRIC: Date of values to compare with 
LOWER_BOUND: Lower percentage bound 
UPPER_BOUND: Upper percentage bound 
IS_VOL_CRITICAL: Optional parameter to disable the criticality of the 6.9 rule","CUTOFF_DATE, FECHA_VOLUMETRIC, LOWER_BOUND, UPPER_BOUND, IS_VOL_CRITICAL",,,,,
t_fzpd_filled_form_field,FZPD_filled-form-field_MRField.conf,DELIVERED,18.3.3,FZPD,CUTOFF_DATE: Date of the data,CUTOFF_DATE,,,,,
t_fzpd_filled_form_field,FZPD_filled-form-field_MRField.conf,DELIVERED,15.1.0,FZPD,CUTOFF_DATE: Date of the data,CUTOFF_DATE,,,,,
t_fzpd_filled_form_field,FZPD_filled-form-field_MRField.conf,DELIVERED,17.0.0,FZPD,CUTOFF_DATE: Date of the data,CUTOFF_DATE,,,,,
t_g5m3_agg_mlzed_amount,G5M3_agg-mlzed-amount_MRField.conf,DELIVERED,16.0.2,G5M3,CUTOFF_DATE: Date of the data,CUTOFF_DATE,,,,,
t_g5m3_agg_mlzed_amount,G5M3_agg-mlzed-amount_MRField.conf,DELIVERED,17.0.0,G5M3,CUTOFF_DATE: Date of the data,CUTOFF_DATE,,,,,
t_g5m3_agg_mlzed_amount,G5M3_agg-mlzed-amount_MRField.conf,DELIVERED,18.4.5,G5M3,CUTOFF_DATE: Date of the data,CUTOFF_DATE,,,,,
t_g5m3_agg_mlzed_amount,G5M3_agg-mlzed-amount_MRField.conf,DELIVERED,18.4.5,G5M3,"CUTOFF_DATE: Date of the data
ENTIFIC_ID: Information sender identifier","CUTOFF_DATE, ENTIFIC_ID",,,,,
t_g5m3_agg_mlzed_amount,G5M3_agg-mlzed-amount_MRField.conf,DELIVERED,16.0.6,G5M3,CUTOFF_DATE: Date of the data,CUTOFF_DATE,,,,,
t_g5m3_agg_mlzed_amount,G5M3_agg-mlzed-amount_SCAT_sustainability-hierarch_MMRule.conf,DELIVERED,18.4.4,G5M3,"CUTOFF_DATE: Date of the data
ENTIFIC_ID: Information sender identifier","CUTOFF_DATE, ENTIFIC_ID",,,,,
t_g5m3_agg_mlzed_amount_err,G5M3_agg-mlzed-amount-err_MRField.conf,DELIVERED,18.1.0,G5M3,CUTOFF_DATE: Date of the data,CUTOFF_DATE,,,,,
t_g5m3_agg_mlzed_amount_err,G5M3_agg-mlzed-amount-err_MRField.conf,DELIVERED,18.3.1,G5M3,CUTOFF_DATE: Date of the data,CUTOFF_DATE,,,,,
t_g5m3_movement_carbon_footprint,G5M3_movement-carbon-footprint_KCOG_country_MMRule.conf,DELIVERED,18.3.0,G5M3,"CUTOFF_DATE: Date of the data
OPERATION_DATE: Date of the data without hyphen","CUTOFF_DATE, OPERATION_DATE",,,,,
t_g5m3_movement_carbon_footprint,G5M3_movement-carbon-footprint_KCOG_entity_MMRule.conf,DELIVERED,18.3.0,G5M3,"CUTOFF_DATE: Date of the data
OPERATION_DATE: Date of the data without hyphen","CUTOFF_DATE, OPERATION_DATE",,,,,
t_g5m3_movement_carbon_footprint,G5M3_movement-carbon-footprint_KMOL_account-movements_MMRule.conf,DELIVERED,18.3.0,G5M3,"CUTOFF_DATE: Date of the data
OPERATION_DATE: Date of the data without hyphen","CUTOFF_DATE, OPERATION_DATE",,,,,
t_g5m3_movement_carbon_footprint,G5M3_movement-carbon-footprint_MRField.conf,DELIVERED,15.1.0,G5M3,"CUTOFF_DATE: Date of the data
OPERATION_DATE: Date of the data without hyphen","CUTOFF_DATE, OPERATION_DATE",,,,,
t_g5m3_movement_carbon_footprint,G5M3_movement-carbon-footprint_MRField.conf,DELIVERED,15.1.0,G5M3,"CUTOFF_DATE: Date of the data
OPERATION_DATE: Date of the data without hyphen
PREVIOUS_CUTOFF_DATE: Previous date to be compared","CUTOFF_DATE, OPERATION_DATE, PREVIOUS_CUTOFF_DATE",,,,,
t_g5m3_movement_carbon_footprint,G5M3_movement-carbon-footprint_MRField.conf,DELIVERED,18.3.3,G5M3,"CUTOFF_DATE: Date of the data
OPERATION_DATE: Date of the data without hyphen","CUTOFF_DATE, OPERATION_DATE",,,,,
t_g5m3_movement_carbon_footprint,G5M3_movement-carbon-footprint_MRObject.conf,DELIVERED,15.1.0,G5M3,"CUTOFF_DATE: Date of the data
FECHA_VOLUMETRIC: Date of values to compare with
LOWER_BOUND: Lower percentage bound
UPPER_BOUND: Upper percentage bound","CUTOFF_DATE, FECHA_VOLUMETRIC, LOWER_BOUND, UPPER_BOUND",,,,,
t_g5m3_sust_mob_operations,G5M3_sust-mob-operations_KSAN_contract-global-local_MMRule.conf,DELIVERED,18.3.0,G5M3,CUTOFF_DATE: Date of the data,CUTOFF_DATE,,,,,
t_g5m3_sust_mob_operations,G5M3_sust-mob-operations_MRField.conf,DELIVERED,18.3.3,G5M3,CUTOFF_DATE: Date of the data,CUTOFF_DATE,,,,,
t_g5m3_sust_mob_operations,G5M3_sust-mob-operations_MRField.conf,DELIVERED,15.1.0,G5M3,CUTOFF_DATE: Date of the data,CUTOFF_DATE,,,,,
t_g5m3_sust_mob_operations,G5M3_sust-mob-operations_MRField.conf,DELIVERED,18.4.2,G5M3,CUTOFF_DATE: Date of the data,CUTOFF_DATE,,,,,
t_g5m3_sust_mob_operations,G5M3_sust-mob-operations_MRField.conf,DELIVERED,16.0.5,G5M3,CUTOFF_DATE: Date of the data,CUTOFF_DATE,,,,,
t_g5m3_sust_mob_operations,G5M3_sust-mob-operations_MRObject.conf,DELIVERED,15.1.0,G5M3,"CUTOFF_DATE: Date of the data
FECHA_VOLUMETRIC: Date of values to compare with
LOWER_BOUND: Lower percentage bound
UPPER_BOUND: Upper percentage bound","CUTOFF_DATE, FECHA_VOLUMETRIC, LOWER_BOUND, UPPER_BOUND",,,,,
t_g5m3_sust_mob_operations,G5M3_sust-mob-operations_RZUA_sust-operations-eod_MMRule.conf,DELIVERED,18.3.1,G5M3,CUTOFF_DATE: Date of the data,CUTOFF_DATE,,,,,
t_g5m3_sust_mob_operations_cib,G5M3_sust-mob-operations-cib_G5M3_sust-mob-operations-cib_MMRule.conf,DELIVERED,15.1.0,G5M3,"RUNNING JOB PARAMS:
     CUTOFF_DATE: Date of the data
     PREVIOUS_CUTOFF_DATE: Previous date to be compared

JOB EXTRALIBS:
     extralibs: Link to custom repository","CUTOFF_DATE, PREVIOUS_CUTOFF_DATE, extralibs",,,,,
t_g5m3_sust_mob_operations_cib,G5M3_sust-mob-operations-cib_KCOG_entity_MMRule.conf,DELIVERED,15.1.0,G5M3,CUTOFF_DATE: Date of the data,CUTOFF_DATE,,,,,
t_g5m3_sust_mob_operations_cib,G5M3_sust-mob-operations-cib_MRField.conf,DELIVERED,15.1.0,G5M3,CUTOFF_DATE: Date of the data,CUTOFF_DATE,,,,,
t_g5m3_sust_mob_operations_cib,G5M3_sust-mob-operations-cib_MRField.conf,DELIVERED,18.1.2,G5M3,CUTOFF_DATE: Date of the data,CUTOFF_DATE,,,,,
t_g5m3_sust_mob_operations_cib,G5M3_sust-mob-operations-cib_MRField.conf,DELIVERED,16.1.7,G5M3,CUTOFF_DATE: Date of the data,CUTOFF_DATE,,,,,
t_g5m3_sust_mob_operations_cib,G5M3_sust-mob-operations-cib_MRField.conf,DELIVERED,18.3.3,G5M3,CUTOFF_DATE: Date of the data,CUTOFF_DATE,,,,,
t_g5m3_sust_mob_operations_cib,G5M3_sust-mob-operations-cib_MRObject.conf,DELIVERED,15.1.0,G5M3,"CUTOFF_DATE: Date of the data
FECHA_VOLUMETRIC: Date of values to compare with
LOWER_BOUND: Lower percentage bound
UPPER_BOUND: Upper percentage bound","CUTOFF_DATE, FECHA_VOLUMETRIC, LOWER_BOUND, UPPER_BOUND",,,,,
t_g5m3_sust_mob_operations_eod,G5M3_sust-mob-operations-eod_KSAN_contract-global-local_MMRule.conf,DELIVERED,18.1.1,G5M3,CUTOFF_DATE: Date of the data,CUTOFF_DATE,,,,,
t_g5m3_sust_mob_operations_eod,G5M3_sust-mob-operations-eod_MRField.conf,DELIVERED,18.3.3,G5M3,CUTOFF_DATE: Date of the data,CUTOFF_DATE,,,,,
t_g5m3_sust_mob_operations_eod,G5M3_sust-mob-operations-eod_MRField.conf,DELIVERED,15.1.0,G5M3,CUTOFF_DATE: Date of the data,CUTOFF_DATE,,,,,
t_g5m3_sust_mob_operations_eod,G5M3_sust-mob-operations-eod_MRField.conf,DELIVERED,18.4.2,G5M3,CUTOFF_DATE: Date of the data,CUTOFF_DATE,,,,,
t_g5m3_sust_mob_operations_eod,G5M3_sust-mob-operations-eod_MRField.conf,DELIVERED,16.0.5,G5M3,CUTOFF_DATE: Date of the data,CUTOFF_DATE,,,,,
t_g5m3_sust_mob_operations_eod,G5M3_sust-mob-operations-eod_MRObject.conf,DELIVERED,15.1.0,G5M3,"CUTOFF_DATE: Date of the data
FECHA_VOLUMETRIC: Date of values to compare with
LOWER_BOUND: Lower percentage bound
UPPER_BOUND: Upper percentage bound","CUTOFF_DATE, FECHA_VOLUMETRIC, LOWER_BOUND, UPPER_BOUND",,,,,
t_j7il_atm_session_message,J7IL_atm-session-message_KCOG_entity_MMRule.conf,DELIVERED,15.1.0,J7IL,CUTOFF_DATE: Date of the data,CUTOFF_DATE,,,,,
t_j7il_atm_session_message,J7IL_atm-session-message_MRField.conf,DELIVERED,15.1.0,J7IL,CUTOFF_DATE: Date of the data,CUTOFF_DATE,,,,,
t_j7il_atm_session_message,J7IL_atm-session-message_MRField.conf,DELIVERED,18.3.3,J7IL,CUTOFF_DATE: Date of the data,CUTOFF_DATE,,,,,
t_j7il_atm_session_message,J7IL_atm-session-message_MRObject.conf,DELIVERED,15.1.0,J7IL,"CUTOFF_DATE: Date of the data 
FECHA_VOLUMETRIC: Date of values to compare with 
LOWER_BOUND: Lower percentage bound 
UPPER_BOUND: Upper percentage bound 
IS_VOL_CRITICAL: Optional parameter to disable the criticality of the 6.9 rule","CUTOFF_DATE, FECHA_VOLUMETRIC, LOWER_BOUND, UPPER_BOUND, IS_VOL_CRITICAL",,,,,
t_j7il_customer_personalization,J7IL_customer-personalization_KBTQ_role-person_MMRule.conf,DELIVERED,18.3.0,J7IL,CUTOFF_DATE: Date of the data,CUTOFF_DATE,,,,,
t_j7il_customer_personalization,J7IL_customer-personalization_KCOG_country_MMRule.conf,DELIVERED,18.3.0,J7IL,CUTOFF_DATE: Date of the data,CUTOFF_DATE,,,,,
t_j7il_customer_personalization,J7IL_customer-personalization_KCOG_entity_MMRule.conf,DELIVERED,18.3.0,J7IL,CUTOFF_DATE: Date of the data,CUTOFF_DATE,,,,,
t_j7il_customer_personalization,J7IL_customer-personalization_MRField.conf,DELIVERED,15.1.0,J7IL,CUTOFF_DATE: Date of the data,CUTOFF_DATE,,,,,
t_j7il_customer_personalization,J7IL_customer-personalization_MRField.conf,DELIVERED,18.3.3,J7IL,CUTOFF_DATE: Date of the data,CUTOFF_DATE,,,,,
t_j7il_customer_personalization,J7IL_customer-personalization_MRField.conf,DELIVERED,15.1.0,J7IL,"CUTOFF_DATE: Date of the data
CATALOG_COLUMN_0: Columna del catálogo local 
CATALOG_CODE_0: Filtrado del catálogo local
CATALOG_TABLE_0: Nombre de tabla local",", CATALOG_COLUMN_0, CATALOG_CODE_0, CATALOG_TABLE_0",,,,,
t_j7il_customer_personalization,J7IL_customer-personalization_MRField.conf,DELIVERED,15.1.0,J7IL,"CUTOFF_DATE: Date of the data
CATALOG_COLUMN_1: Columna del catálogo local 
CATALOG_CODE_1: Filtrado del catálogo local
CATALOG_TABLE_1: Nombre de tabla local",", CATALOG_COLUMN_1, CATALOG_CODE_1, CATALOG_TABLE_1",,,,,
t_j7il_customer_personalization,J7IL_customer-personalization_MRObject.conf,DELIVERED,15.1.0,J7IL,"CUTOFF_DATE: Date of the data
FECHA_VOLUMETRIC: Date of values to compare with
LOWER_BOUND: Lower percentage bound
UPPER_BOUND: Upper percentage bound","CUTOFF_DATE, FECHA_VOLUMETRIC, LOWER_BOUND, UPPER_BOUND",,,,,
t_j7il_customer_refusals,J7IL_customer-refusals_KBTQ_role-person_MMRule.conf,DELIVERED,18.3.0,J7IL,CUTOFF_DATE: Date of the data,CUTOFF_DATE,,,,,
t_j7il_customer_refusals,J7IL_customer-refusals_KCOG_country_MMRule.conf,DELIVERED,18.3.0,J7IL,CUTOFF_DATE: Date of the data,CUTOFF_DATE,,,,,
t_j7il_customer_refusals,J7IL_customer-refusals_KCOG_entity_MMRule.conf,DELIVERED,18.3.0,J7IL,CUTOFF_DATE: Date of the data,CUTOFF_DATE,,,,,
t_j7il_customer_refusals,J7IL_customer-refusals_MRField.conf,DELIVERED,15.1.0,J7IL,CUTOFF_DATE: Date of the data,CUTOFF_DATE,,,,,
t_j7il_customer_refusals,J7IL_customer-refusals_MRField.conf,DELIVERED,18.3.3,J7IL,CUTOFF_DATE: Date of the data,CUTOFF_DATE,,,,,
t_j7il_customer_refusals,J7IL_customer-refusals_MRField.conf,DELIVERED,15.1.0,J7IL,"CUTOFF_DATE: Date of the data
CATALOG_COLUMN_0: Columna del catálogo local 
CATALOG_CODE_0: Filtrado del catálogo local
CATALOG_TABLE_0: Nombre de tabla local",", CATALOG_COLUMN_0, CATALOG_CODE_0, CATALOG_TABLE_0",,,,,
t_j7il_customer_refusals,J7IL_customer-refusals_MRObject.conf,DELIVERED,15.1.0,J7IL,"CUTOFF_DATE: Date of the data
FECHA_VOLUMETRIC: Date of values to compare with
LOWER_BOUND: Lower percentage bound
UPPER_BOUND: Upper percentage bound","CUTOFF_DATE, FECHA_VOLUMETRIC, LOWER_BOUND, UPPER_BOUND",,,,,
t_j7il_email_notifications,J7IL_email-notifications_MRField.conf,DELIVERED,18.4.6,J7IL,CUTOFF_DATE: Date of the data,CUTOFF_DATE,,,,,
t_j7il_notification_type,J7IL_notification-type_MRField.conf,DELIVERED,18.4.6,J7IL,CUTOFF_DATE: Date of the data,CUTOFF_DATE,,,,,
t_j7il_notifications,J7IL_notifications_MRField.conf,DELIVERED,18.4.6,J7IL,CUTOFF_DATE: Date of the data,CUTOFF_DATE,,,,,
t_j7il_push_notifications,J7IL_push-notifications_MRField.conf,DELIVERED,18.4.6,J7IL,CUTOFF_DATE: Date of the data,CUTOFF_DATE,,,,,
t_j7il_sms_notifications,J7IL_sms-notifications_MRField.conf,DELIVERED,18.4.6,J7IL,CUTOFF_DATE: Date of the data,CUTOFF_DATE,,,,,
t_j7il_webpush_notifications,J7IL_webpush-notifications_MRField.conf,DELIVERED,18.4.6,J7IL,CUTOFF_DATE: Date of the data,CUTOFF_DATE,,,,,
t_katc_attributes_contract_mp,KATC_attributes-contract-mp_KBTQ_customer-info_MMRule.conf,DELIVERED,18.3.0,KATC,CUTOFF_DATE: Date of the data,CUTOFF_DATE,,,,,
t_katc_attributes_contract_mp,KATC_attributes-contract-mp_KCOG_country_MMRule.conf,DELIVERED,18.3.0,KATC,CUTOFF_DATE: Date of the data,CUTOFF_DATE,,,,,
t_katc_attributes_contract_mp,KATC_attributes-contract-mp_KCOG_currency_MMRule.conf,DELIVERED,18.3.0,KATC,CUTOFF_DATE: Date of the data,CUTOFF_DATE,,,,,
t_katc_attributes_contract_mp,KATC_attributes-contract-mp_KCOG_entity_MMRule.conf,DELIVERED,18.3.0,KATC,CUTOFF_DATE: Date of the data,CUTOFF_DATE,,,,,
t_katc_attributes_contract_mp,KATC_attributes-contract-mp_KSAN_contract-global-local_MMRule.conf,DELIVERED,18.3.0,KATC,CUTOFF_DATE: Date of the data,CUTOFF_DATE,,,,,
t_katc_attributes_contract_mp,KATC_attributes-contract-mp_MRField.conf,DELIVERED,15.1.0,KATC,CUTOFF_DATE: Date of the data,CUTOFF_DATE,,,,,
t_katc_attributes_contract_mp,KATC_attributes-contract-mp_MRField.conf,DELIVERED,18.3.3,KATC,CUTOFF_DATE: Date of the data,CUTOFF_DATE,,,,,
t_katc_attributes_contract_mp,KATC_attributes-contract-mp_MRObject.conf,DELIVERED,15.1.0,KATC,"CUTOFF_DATE: Date of the data
FECHA_VOLUMETRIC: Date of values to compare with
LOWER_BOUND: Lower percentage bound
UPPER_BOUND: Upper percentage bound","CUTOFF_DATE, FECHA_VOLUMETRIC, LOWER_BOUND, UPPER_BOUND",,,,,
t_katc_attributes_dp,KATC_attributes-dp_KBTQ_customer-info_MMRule.conf,DELIVERED,18.3.0,KATC,CUTOFF_DATE: Date of the data,CUTOFF_DATE,,,,,
t_katc_attributes_dp,KATC_attributes-dp_KCOG_country_MMRule.conf,DELIVERED,18.3.0,KATC,CUTOFF_DATE: Date of the data,CUTOFF_DATE,,,,,
t_katc_attributes_dp,KATC_attributes-dp_KCOG_currency_MMRule.conf,DELIVERED,18.3.0,KATC,CUTOFF_DATE: Date of the data,CUTOFF_DATE,,,,,
t_katc_attributes_dp,KATC_attributes-dp_KCOG_entity_MMRule.conf,DELIVERED,18.3.0,KATC,CUTOFF_DATE: Date of the data,CUTOFF_DATE,,,,,
t_katc_attributes_dp,KATC_attributes-dp_MRField.conf,DELIVERED,15.1.0,KATC,CUTOFF_DATE: Date of the data,CUTOFF_DATE,,,,,
t_katc_attributes_dp,KATC_attributes-dp_MRField.conf,DELIVERED,18.3.3,KATC,CUTOFF_DATE: Date of the data,CUTOFF_DATE,,,,,
t_katc_attributes_dp,KATC_attributes-dp_MRObject.conf,DELIVERED,15.1.0,KATC,"CUTOFF_DATE: Date of the data
FECHA_VOLUMETRIC: Date of values to compare with
LOWER_BOUND: Lower percentage bound
UPPER_BOUND: Upper percentage bound","CUTOFF_DATE, FECHA_VOLUMETRIC, LOWER_BOUND, UPPER_BOUND",,,,,
t_katc_attributes_mp,KATC_attributes-mp_KBTQ_customer-info_MMRule.conf,DELIVERED,18.3.0,KATC,CUTOFF_DATE: Date of the data,CUTOFF_DATE,,,,,
t_katc_attributes_mp,KATC_attributes-mp_KCOG_country_MMRule.conf,DELIVERED,18.3.0,KATC,CUTOFF_DATE: Date of the data,CUTOFF_DATE,,,,,
t_katc_attributes_mp,KATC_attributes-mp_KCOG_currency_MMRule.conf,DELIVERED,18.3.0,KATC,CUTOFF_DATE: Date of the data,CUTOFF_DATE,,,,,
t_katc_attributes_mp,KATC_attributes-mp_KCOG_entity_MMRule.conf,DELIVERED,18.3.0,KATC,CUTOFF_DATE: Date of the data,CUTOFF_DATE,,,,,
t_katc_attributes_mp,KATC_attributes-mp_MRField.conf,DELIVERED,15.1.0,KATC,CUTOFF_DATE: Date of the data,CUTOFF_DATE,,,,,
t_katc_attributes_mp,KATC_attributes-mp_MRField.conf,DELIVERED,17.4.0,KATC,CUTOFF_DATE: Date of the data,CUTOFF_DATE,,,,,
t_katc_attributes_mp,KATC_attributes-mp_MRField.conf,DELIVERED,18.3.3,KATC,CUTOFF_DATE: Date of the data,CUTOFF_DATE,,,,,
t_katc_attributes_mp,KATC_attributes-mp_MRObject.conf,DELIVERED,17.4.0,KATC,"CUTOFF_DATE: Date of the data
FECHA_VOLUMETRIC: Date of values to compare with
LOWER_BOUND: Lower percentage bound
UPPER_BOUND: Upper percentage bound","CUTOFF_DATE, FECHA_VOLUMETRIC, LOWER_BOUND, UPPER_BOUND",,,,,
t_katc_balance_forecast,KATC_balance-forecast_KBTQ_customer-info_MMRule.conf,DELIVERED,18.3.0,KATC,CUTOFF_DATE: Date of the data,CUTOFF_DATE,,,,,
t_katc_balance_forecast,KATC_balance-forecast_KCOG_country_MMRule.conf,DELIVERED,18.3.0,KATC,CUTOFF_DATE: Date of the data,CUTOFF_DATE,,,,,
t_katc_balance_forecast,KATC_balance-forecast_KCOG_entity_MMRule.conf,DELIVERED,18.3.0,KATC,CUTOFF_DATE: Date of the data,CUTOFF_DATE,,,,,
t_katc_balance_forecast,KATC_balance-forecast_KSAN_contract-global-local_MMRule.conf,DELIVERED,18.3.0,KATC,CUTOFF_DATE: Date of the data,CUTOFF_DATE,,,,,
t_katc_balance_forecast,KATC_balance-forecast_MRField.conf,DELIVERED,15.1.0,KATC,CUTOFF_DATE: Date of the data,CUTOFF_DATE,,,,,
t_katc_balance_forecast,KATC_balance-forecast_MRObject.conf,DELIVERED,15.1.0,KATC,"CUTOFF_DATE: Date of the data
FECHA_VOLUMETRIC: Date of values to compare with
LOWER_BOUND: Lower percentage bound
UPPER_BOUND: Upper percentage bound","CUTOFF_DATE, FECHA_VOLUMETRIC, LOWER_BOUND, UPPER_BOUND",,,,,
t_katc_burned_collections,KATC_burned-collections_MRField.conf,DELIVERED,18.4.4,KATC,CUTOFF_DATE: Date of the data,CUTOFF_DATE,,,,,
t_katc_burned_items,KATC_burned-items_KBTQ_customer-info_MMRule.conf,DELIVERED,16.0.5,KATC,CUTOFF_DATE: Date of the data,CUTOFF_DATE,,,,,
t_katc_burned_items,KATC_burned-items_MRField.conf,DELIVERED,15.1.0,KATC,CUTOFF_DATE: Date of the data,CUTOFF_DATE,,,,,
t_katc_burned_items,KATC_burned-items_MRField.conf,DELIVERED,17.8.0,KATC,CUTOFF_DATE: Date of the data,CUTOFF_DATE,,,,,
t_katc_burned_items,KATC_burned-items_MRObject.conf,DELIVERED,15.1.0,KATC,"CUTOFF_DATE: Date of the data 
FECHA_VOLUMETRIC: Date of values to compare with 
LOWER_BOUND: Lower percentage bound 
UPPER_BOUND: Upper percentage bound 
IS_VOL_CRITICAL: Optional parameter to disable the criticality of the 6.9 rule","CUTOFF_DATE, FECHA_VOLUMETRIC, LOWER_BOUND, UPPER_BOUND, IS_VOL_CRITICAL",,,,,
t_katc_recurrence_forecast,KATC_recurrence-forecast_KBTQ_customer-info_MMRule.conf,DELIVERED,18.3.0,KATC,CUTOFF_DATE: Date of the data,CUTOFF_DATE,,,,,
t_katc_recurrence_forecast,KATC_recurrence-forecast_KCOG_country_MMRule.conf,DELIVERED,18.3.0,KATC,CUTOFF_DATE: Date of the data,CUTOFF_DATE,,,,,
t_katc_recurrence_forecast,KATC_recurrence-forecast_KCOG_entity_MMRule.conf,DELIVERED,18.3.0,KATC,CUTOFF_DATE: Date of the data,CUTOFF_DATE,,,,,
t_katc_recurrence_forecast,KATC_recurrence-forecast_KSAN_contract-global-local_MMRule.conf,DELIVERED,18.3.0,KATC,CUTOFF_DATE: Date of the data,CUTOFF_DATE,,,,,
t_katc_recurrence_forecast,KATC_recurrence-forecast_MRField.conf,DELIVERED,15.1.0,KATC,CUTOFF_DATE: Date of the data,CUTOFF_DATE,,,,,
t_katc_recurrence_forecast,KATC_recurrence-forecast_MRField.conf,DELIVERED,17.4.0,KATC,CUTOFF_DATE: Date of the data,CUTOFF_DATE,,,,,
t_katc_recurrence_forecast,KATC_recurrence-forecast_MRField.conf,DELIVERED,18.3.3,KATC,CUTOFF_DATE: Date of the data,CUTOFF_DATE,,,,,
t_katc_recurrence_forecast,KATC_recurrence-forecast_MRField.conf,DELIVERED,16.0.2,KATC,CUTOFF_DATE: Date of the data,CUTOFF_DATE,,,,,
t_katc_recurrence_forecast,KATC_recurrence-forecast_MRField.conf,DELIVERED,16.1.5,KATC,CUTOFF_DATE: Date of the data,CUTOFF_DATE,,,,,
t_katc_recurrence_forecast,KATC_recurrence-forecast_MRField.conf,DELIVERED,16.1.5,KATC,"RUNNING JOB PARAMS:
     CUTOFF_DATE: Date of the data

JOB EXTRALIBS:
     extralibs: Link to custom repository","CUTOFF_DATE, extralibs",,,,,
t_katc_recurrence_forecast,KATC_recurrence-forecast_MRObject.conf,DELIVERED,15.1.0,KATC,"CUTOFF_DATE: Date of the data
FECHA_VOLUMETRIC: Date of values to compare with
LOWER_BOUND: Lower percentage bound
UPPER_BOUND: Upper percentage bound","CUTOFF_DATE, FECHA_VOLUMETRIC, LOWER_BOUND, UPPER_BOUND",,,,,
t_katc_relevant_facts,KATC_relevant-facts_KBTQ_customer-info_MMRule.conf,DELIVERED,18.3.0,KATC,CUTOFF_DATE: Date of the data,CUTOFF_DATE,,,,,
t_katc_relevant_facts,KATC_relevant-facts_KCOG_country_MMRule.conf,DELIVERED,18.3.0,KATC,CUTOFF_DATE: Date of the data,CUTOFF_DATE,,,,,
t_katc_relevant_facts,KATC_relevant-facts_KCOG_entity_MMRule.conf,DELIVERED,18.3.0,KATC,CUTOFF_DATE: Date of the data,CUTOFF_DATE,,,,,
t_katc_relevant_facts,KATC_relevant-facts_MRField.conf,DELIVERED,15.1.0,KATC,CUTOFF_DATE: Date of the data,CUTOFF_DATE,,,,,
t_katc_relevant_facts,KATC_relevant-facts_MRField.conf,DELIVERED,18.3.3,KATC,CUTOFF_DATE: Date of the data,CUTOFF_DATE,,,,,
t_katc_relevant_facts,KATC_relevant-facts_MRField.conf,DELIVERED,15.1.0,KATC,"RUNNING JOB PARAMS:
     CUTOFF_DATE: Date of the data

JOB EXTRALIBS:
     extralibs: Link to custom repository","CUTOFF_DATE, extralibs",,,,,
t_katc_relevant_facts,KATC_relevant-facts_MRField.conf,DELIVERED,15.1.0,KATC,"RUNNING JOB PARAMS:
     CUTOFF_DATE: Date of the data
     CATALOG_COLUMN_0: Columna del catálogo local 
     CATALOG_CODE_0: Filtrado del catálogo local
     CATALOG_TABLE_0: Nombre de tabla local

JOB EXTRALIBS:
     extralibs: Link to custom repository","CUTOFF_DATE, CATALOG_COLUMN_0, CATALOG_CODE_0, CATALOG_TABLE_0, extralibs",,,,,
t_katc_relevant_facts,KATC_relevant-facts_MRField.conf,DELIVERED,15.1.0,KATC,"RUNNING JOB PARAMS:
     CUTOFF_DATE: Date of the data
     CATALOG_COLUMN_1: Columna del catálogo local 
     CATALOG_CODE_1: Filtrado del catálogo local
     CATALOG_TABLE_1: Nombre de tabla local

JOB EXTRALIBS:
     extralibs: Link to custom repository",", CATALOG_COLUMN_1, CATALOG_CODE_1, CATALOG_TABLE_1, extralibs",,,,,
t_katc_relevant_facts,KATC_relevant-facts_MRField.conf,DELIVERED,15.1.0,KATC,"RUNNING JOB PARAMS:
     CUTOFF_DATE: Date of the data
     CATALOG_COLUMN_2: Columna del catálogo local 
     CATALOG_CODE_2: Filtrado del catálogo local
     CATALOG_TABLE_2: Nombre de tabla local

JOB EXTRALIBS:
     extralibs: Link to custom repository",", CATALOG_COLUMN_2, CATALOG_CODE_2, CATALOG_TABLE_2, extralibs",,,,,
t_katc_relevant_facts,KATC_relevant-facts_MRField.conf,DELIVERED,15.1.0,KATC,"RUNNING JOB PARAMS:
     CUTOFF_DATE: Date of the data
     CATALOG_COLUMN_3: Columna del catálogo local 
     CATALOG_CODE_3: Filtrado del catálogo local
     CATALOG_TABLE_3: Nombre de tabla local

JOB EXTRALIBS:
     extralibs: Link to custom repository",", CATALOG_COLUMN_3, CATALOG_CODE_3, CATALOG_TABLE_3, extralibs",,,,,
t_katc_relevant_facts,KATC_relevant-facts_MRField.conf,DELIVERED,15.1.0,KATC,"RUNNING JOB PARAMS:
     CUTOFF_DATE: Date of the data
     CATALOG_COLUMN_4: Columna del catálogo local 
     CATALOG_CODE_4: Filtrado del catálogo local
     CATALOG_TABLE_4: Nombre de tabla local
JOB EXTRALIBS:
     extralibs: Link to custom repository",", CATALOG_COLUMN_4, CATALOG_CODE_4, CATALOG_TABLE_4, extralibs",,,,,
t_katc_relevant_facts,KATC_relevant-facts_MRField.conf,DELIVERED,15.1.0,KATC,"RUNNING JOB PARAMS:
     CUTOFF_DATE: Date of the data
     CATALOG_COLUMN_5: Columna del catálogo local 
     CATALOG_CODE_5: Filtrado del catálogo local
     CATALOG_TABLE_5: Nombre de tabla local

JOB EXTRALIBS:
     extralibs: Link to custom repository",", CATALOG_COLUMN_5, CATALOG_CODE_5, CATALOG_TABLE_5, extralibs",,,,,
t_katc_relevant_facts,KATC_relevant-facts_MRObject.conf,DELIVERED,15.1.0,KATC,"CUTOFF_DATE: Date of the data
FECHA_VOLUMETRIC: Date of values to compare with
LOWER_BOUND: Lower percentage bound
UPPER_BOUND: Upper percentage bound","CUTOFF_DATE, FECHA_VOLUMETRIC, LOWER_BOUND, UPPER_BOUND",,,,,
t_kcdg_graph_edges,KCDG_graph-edges_KCDG_graph-nodes_MMRule.conf,DELIVERED,18.3.0,KCDG,CUTOFF_DATE: Date of the data,CUTOFF_DATE,,,,,
t_kcdg_graph_edges,KCDG_graph-edges_KCDG_graph-nodes_MMRule.conf,DELIVERED,18.2.0,KCDG,CUTOFF_DATE: Date of the data,CUTOFF_DATE,,,,,
t_kcdg_graph_edges,KCDG_graph-edges_MRField.conf,DELIVERED,17.6.0,KCDG,CUTOFF_DATE: Date of the data,CUTOFF_DATE,,,,,
t_kcdg_graph_edges,KCDG_graph-edges_MRObject.conf,DELIVERED,18.2.0,KCDG,"CUTOFF_DATE: Date of the data
FECHA_VOLUMETRIC: Date of values to compare with
LOWER_BOUND: Lower percentage bound
UPPER_BOUND: Upper percentage bound","CUTOFF_DATE, FECHA_VOLUMETRIC, LOWER_BOUND, UPPER_BOUND",,,,,
t_kcdg_graph_nodes,KCDG_graph-nodes_MRField.conf,DELIVERED,17.6.0,KCDG,CUTOFF_DATE: Date of the data,CUTOFF_DATE,,,,,
t_kcdg_graph_nodes,KCDG_graph-nodes_MRField.conf,DELIVERED,18.4.5,KCDG,CUTOFF_DATE: Date of the data,CUTOFF_DATE,,,,,
t_kcdg_graph_nodes,KCDG_graph-nodes_MRObject.conf,DELIVERED,18.2.0,KCDG,"CUTOFF_DATE: Date of the data
FECHA_VOLUMETRIC: Date of values to compare with
LOWER_BOUND: Lower percentage bound
UPPER_BOUND: Upper percentage bound","CUTOFF_DATE, FECHA_VOLUMETRIC, LOWER_BOUND, UPPER_BOUND",,,,,
t_kceg_agg_balances,KCEG_agg-balances_KBTQ_customer-info_MMRule.conf,DELIVERED,18.1.0,KCEG,CUTOFF_DATE: Date of the data,CUTOFF_DATE,,,,,
t_kceg_agg_balances,KCEG_agg-balances_KCOG_country_MMRule.conf,DELIVERED,18.3.0,KCEG,CUTOFF_DATE: Date of the data,CUTOFF_DATE,,,,,
t_kceg_agg_balances,KCEG_agg-balances_KCOG_entity_MMRule.conf,DELIVERED,18.3.0,KCEG,CUTOFF_DATE: Date of the data,CUTOFF_DATE,,,,,
t_kceg_agg_balances,KCEG_agg-balances_MRField.conf,DELIVERED,15.1.0,KCEG,CUTOFF_DATE: Date of the data,CUTOFF_DATE,,,,,
t_kceg_agg_balances,KCEG_agg-balances_MRField.conf,DELIVERED,18.3.3,KCEG,CUTOFF_DATE: Date of the data,CUTOFF_DATE,,,,,
t_kceg_agg_balances,KCEG_agg-balances_MRObject.conf,DELIVERED,15.1.0,KCEG,"CUTOFF_DATE: Date of the data
FECHA_VOLUMETRIC: Date of values to compare with
LOWER_BOUND: Lower percentage bound
UPPER_BOUND: Upper percentage bound","CUTOFF_DATE, FECHA_VOLUMETRIC, LOWER_BOUND, UPPER_BOUND",,,,,
t_kceg_agg_balances_any_holder,KCEG_agg-balances-any-holder_MRField.conf,DELIVERED,18.3.3,KCEG,CUTOFF_DATE: Date of the data,CUTOFF_DATE,,,,,
t_kceg_agg_balances_any_holder,KCEG_agg-balances-any-holder_MRField.conf,DELIVERED,15.1.0,KCEG,CUTOFF_DATE: Date of the data,CUTOFF_DATE,,,,,
t_kceg_agg_balances_any_holder,KCEG_agg-balances-any-holder_MRObject.conf,DELIVERED,15.1.0,KCEG,"CUTOFF_DATE: Date of the data
FECHA_VOLUMETRIC: Date of values to compare with
LOWER_BOUND: Lower percentage bound
UPPER_BOUND: Upper percentage bound","CUTOFF_DATE, FECHA_VOLUMETRIC, LOWER_BOUND, UPPER_BOUND",,,,,
t_kceg_agg_balances_main_holder,KCEG_agg-balances-main-holder_KBTQ_customer-info_MMRule.conf,DELIVERED,18.3.0,KCEG,CUTOFF_DATE: Date of the data,CUTOFF_DATE,,,,,
t_kceg_agg_balances_main_holder,KCEG_agg-balances-main-holder_MRField.conf,DELIVERED,15.1.0,KCEG,CUTOFF_DATE: Date of the data,CUTOFF_DATE,,,,,
t_kceg_agg_balances_main_holder,KCEG_agg-balances-main-holder_MRField.conf,DELIVERED,18.3.3,KCEG,CUTOFF_DATE: Date of the data,CUTOFF_DATE,,,,,
t_kceg_agg_balances_main_holder,KCEG_agg-balances-main-holder_MRObject.conf,DELIVERED,15.1.0,KCEG,"CUTOFF_DATE: Date of the data
FECHA_VOLUMETRIC: Date of values to compare with
LOWER_BOUND: Lower percentage bound
UPPER_BOUND: Upper percentage bound","CUTOFF_DATE, FECHA_VOLUMETRIC, LOWER_BOUND, UPPER_BOUND",,,,,
t_kceg_agg_balances_main_holder,KCEG_agg-balances-main-holder_YH2J_global-product-hierarchy_MMRule.conf,DELIVERED,18.3.0,KCEG,CUTOFF_DATE: Date of the data,CUTOFF_DATE,,,,,
t_kceg_agg_services,KCEG_agg-services_KBTQ_customer-info_MMRule.conf,DELIVERED,18.3.0,KCEG,CUTOFF_DATE: Date of the data,CUTOFF_DATE,,,,,
t_kceg_agg_services,KCEG_agg-services_KCOG_country_MMRule.conf,DELIVERED,18.3.0,KCEG,CUTOFF_DATE: Date of the data,CUTOFF_DATE,,,,,
t_kceg_agg_services,KCEG_agg-services_KCOG_entity_MMRule.conf,DELIVERED,18.3.0,KCEG,CUTOFF_DATE: Date of the data,CUTOFF_DATE,,,,,
t_kceg_agg_services,KCEG_agg-services_MRField.conf,DELIVERED,15.1.0,KCEG,CUTOFF_DATE: Date of the data,CUTOFF_DATE,,,,,
t_kceg_agg_services,KCEG_agg-services_MRField.conf,DELIVERED,18.3.3,KCEG,CUTOFF_DATE: Date of the data,CUTOFF_DATE,,,,,
t_kceg_agg_services,KCEG_agg-services_MRField.conf,DELIVERED,15.1.0,KCEG,"RUNNING JOB PARAMS:
     CUTOFF_DATE: Date of the data

JOB EXTRALIBS:
     extralibs: Link to custom repository","CUTOFF_DATE, extralibs",,,,,
t_kceg_agg_services,KCEG_agg-services_MRObject.conf,DELIVERED,15.1.0,KCEG,"CUTOFF_DATE: Date of the data
FECHA_VOLUMETRIC: Date of values to compare with
LOWER_BOUND: Lower percentage bound
UPPER_BOUND: Upper percentage bound","CUTOFF_DATE, FECHA_VOLUMETRIC, LOWER_BOUND, UPPER_BOUND",,,,,
t_kceg_cust_agg_recurring_income,KCEG_cust-agg-recurring-income_KBTQ_eom-customer_MMRule.conf,DELIVERED,18.3.2,KCEG,CUTOFF_DATE: Date of the data,CUTOFF_DATE,,,,,
t_kceg_cust_agg_recurring_income,KCEG_cust-agg-recurring-income_MRField.conf,DELIVERED,18.3.3,KCEG,CUTOFF_DATE: Date of the data,CUTOFF_DATE,,,,,
t_kceg_cust_agg_recurring_income,KCEG_cust-agg-recurring-income_MRField.conf,DELIVERED,15.1.0,KCEG,CUTOFF_DATE: Date of the data,CUTOFF_DATE,,,,,
t_kceg_cust_agg_recurring_income,KCEG_cust-agg-recurring-income_MRField.conf,DELIVERED,17.0.0,KCEG,CUTOFF_DATE: Date of the data,CUTOFF_DATE,,,,,
t_kceg_cust_agg_recurring_income,KCEG_cust-agg-recurring-income_MRField.conf,DELIVERED,17.2.0,KCEG,CUTOFF_DATE: Date of the data,CUTOFF_DATE,,,,,
t_kceg_cust_agg_recurring_income,KCEG_cust-agg-recurring-income_MRObject.conf,DELIVERED,15.1.0,KCEG,"CUTOFF_DATE: Date of the data
FECHA_VOLUMETRIC: Date of values to compare with
LOWER_BOUND: Lower percentage bound
UPPER_BOUND: Upper percentage bound","CUTOFF_DATE, FECHA_VOLUMETRIC, LOWER_BOUND, UPPER_BOUND",,,,,
t_kceg_cust_digital_metrics_dp,KCEG_cust-digital-metrics-dp_MRField.conf,DELIVERED,18.3.6,KCEG,CUTOFF_DATE: Date of the data,CUTOFF_DATE,,,,,
t_kceg_cust_digital_metrics_mp,KCEG_cust-digital-metrics-mp_MRField.conf,DELIVERED,18.3.6,KCEG,CUTOFF_DATE: Date of the data,CUTOFF_DATE,,,,,
t_kceg_cust_prod_any_holder,KCEG_cust-prod-any-holder_MRField.conf,DELIVERED,15.1.0,KCEG,CUTOFF_DATE: Date of the data,CUTOFF_DATE,,,,,
t_kceg_cust_prod_any_holder,KCEG_cust-prod-any-holder_MRField.conf,DELIVERED,15.1.0,KCEG,"CUTOFF_DATE: Date of the data
CATALOG_COLUMN_0: Columna del catálogo local 
CATALOG_CODE_0: Filtrado del catálogo local
CATALOG_TABLE_0: Nombre de tabla local",", CATALOG_COLUMN_0, CATALOG_CODE_0, CATALOG_TABLE_0",,,,,
t_kceg_cust_prod_any_holder,KCEG_cust-prod-any-holder_MRObject.conf,DELIVERED,15.1.0,KCEG,"CUTOFF_DATE: Date of the data
FECHA_VOLUMETRIC: Date of values to compare with
LOWER_BOUND: Lower percentage bound
UPPER_BOUND: Upper percentage bound","CUTOFF_DATE, FECHA_VOLUMETRIC, LOWER_BOUND, UPPER_BOUND",,,,,
t_kceg_cust_prod_main_holder,KCEG_cust-prod-main-holder_KBTQ_customer-info_MMRule.conf,DELIVERED,18.3.0,KCEG,CUTOFF_DATE: Date of the data,CUTOFF_DATE,,,,,
t_kceg_cust_prod_main_holder,KCEG_cust-prod-main-holder_MRField.conf,DELIVERED,15.1.0,KCEG,CUTOFF_DATE: Date of the data,CUTOFF_DATE,,,,,
t_kceg_cust_prod_main_holder,KCEG_cust-prod-main-holder_MRField.conf,DELIVERED,15.1.0,KCEG,"CUTOFF_DATE: Date of the data
CATALOG_COLUMN_0: Columna del catálogo local 
CATALOG_CODE_0: Filtrado del catálogo local
CATALOG_TABLE_0: Nombre de tabla local",", CATALOG_COLUMN_0, CATALOG_CODE_0, CATALOG_TABLE_0",,,,,
t_kceg_cust_prod_main_holder,KCEG_cust-prod-main-holder_MRObject.conf,DELIVERED,15.1.0,KCEG,"CUTOFF_DATE: Date of the data
FECHA_VOLUMETRIC: Date of values to compare with
LOWER_BOUND: Lower percentage bound
UPPER_BOUND: Upper percentage bound","CUTOFF_DATE, FECHA_VOLUMETRIC, LOWER_BOUND, UPPER_BOUND",,,,,
t_kceg_cust_prod_main_holder,KCEG_cust-prod-main-holder_YH2J_global-product-hierarchy_MMRule.conf,DELIVERED,18.3.0,KCEG,CUTOFF_DATE: Date of the data,CUTOFF_DATE,,,,,
t_kceg_cust_trans_events,KCEG_cust-trans-events_MRField.conf,DELIVERED,18.3.6,KCEG,CUTOFF_DATE: Date of the data,CUTOFF_DATE,,,,,
t_kceg_customer_app_expertise,KCEG_customer-app-expertise_KBTQ_customer-info_MMRule.conf,DELIVERED,18.3.2,KCEG,CUTOFF_DATE: Date of the data,CUTOFF_DATE,,,,,
t_kceg_customer_app_expertise,KCEG_customer-app-expertise_MRField.conf,DELIVERED,15.1.0,KCEG,CUTOFF_DATE: Date of the data,CUTOFF_DATE,,,,,
t_kceg_customer_app_expertise,KCEG_customer-app-expertise_MRField.conf,DELIVERED,18.3.2,KCEG,CUTOFF_DATE: Date of the data,CUTOFF_DATE,,,,,
t_kceg_customer_app_expertise,KCEG_customer-app-expertise_MRObject.conf,DELIVERED,18.3.2,KCEG,"CUTOFF_DATE: Date of the data 
FECHA_VOLUMETRIC: Date of values to compare with 
LOWER_BOUND: Lower percentage bound 
UPPER_BOUND: Upper percentage bound","CUTOFF_DATE, FECHA_VOLUMETRIC, LOWER_BOUND, UPPER_BOUND",,,,,
t_kceg_customer_cancellations,KCEG_customer-cancellations_KBTQ_customer-info_MMRule.conf,DELIVERED,18.1.0,KCEG,CUTOFF_DATE: Date of the data,CUTOFF_DATE,,,,,
t_kceg_customer_cancellations,KCEG_customer-cancellations_KCOG_branch_MMRule.conf,DELIVERED,18.3.0,KCEG,CUTOFF_DATE: Date of the data,CUTOFF_DATE,,,,,
t_kceg_customer_cancellations,KCEG_customer-cancellations_KCOG_country_MMRule.conf,DELIVERED,18.3.0,KCEG,CUTOFF_DATE: Date of the data,CUTOFF_DATE,,,,,
t_kceg_customer_cancellations,KCEG_customer-cancellations_KCOG_entity_MMRule.conf,DELIVERED,18.3.0,KCEG,CUTOFF_DATE: Date of the data,CUTOFF_DATE,,,,,
t_kceg_customer_cancellations,KCEG_customer-cancellations_MRField.conf,DELIVERED,15.1.0,KCEG,CUTOFF_DATE: Date of the data,CUTOFF_DATE,,,,,
t_kceg_customer_cancellations,KCEG_customer-cancellations_MRField.conf,DELIVERED,18.3.3,KCEG,CUTOFF_DATE: Date of the data,CUTOFF_DATE,,,,,
t_kceg_customer_cancellations,KCEG_customer-cancellations_MRObject.conf,DELIVERED,15.1.0,KCEG,"CUTOFF_DATE: Date of the data
FECHA_VOLUMETRIC: Date of values to compare with
LOWER_BOUND: Lower percentage bound
UPPER_BOUND: Upper percentage bound","CUTOFF_DATE, FECHA_VOLUMETRIC, LOWER_BOUND, UPPER_BOUND",,,,,
t_kceg_customer_engagement,KCEG_customer-engagement_KBTQ_eom-customer_MMRule.conf,DELIVERED,18.3.2,KCEG,CUTOFF_DATE: Date of the data,CUTOFF_DATE,,,,,
t_kceg_customer_engagement,KCEG_customer-engagement_MRField.conf,DELIVERED,15.1.0,KCEG,CUTOFF_DATE: Date of the data,CUTOFF_DATE,,,,,
t_kceg_customer_engagement,KCEG_customer-engagement_MRField.conf,DELIVERED,16.1.0,KCEG,CUTOFF_DATE: Date of the data,CUTOFF_DATE,,,,,
t_kceg_customer_engagement,KCEG_customer-engagement_MRField.conf,DELIVERED,18.3.3,KCEG,CUTOFF_DATE: Date of the data,CUTOFF_DATE,,,,,
t_kceg_customer_engagement,KCEG_customer-engagement_MRField.conf,DELIVERED,18.1.1,KCEG,"CUTOFF_DATE: Date of the data
PREVIOUS_CUTOFF_DATE: Previous date to be compared","CUTOFF_DATE, PREVIOUS_CUTOFF_DATE",,,,,
t_kceg_customer_engagement,KCEG_customer-engagement_MRObject.conf,DELIVERED,15.1.0,KCEG,"CUTOFF_DATE: Date of the data
FECHA_VOLUMETRIC: Date of values to compare with
LOWER_BOUND: Lower percentage bound
UPPER_BOUND: Upper percentage bound","CUTOFF_DATE, FECHA_VOLUMETRIC, LOWER_BOUND, UPPER_BOUND",,,,,
t_kceg_customer_engagement_dp,KCEG_customer-engagement-dp_MRField.conf,DELIVERED,18.3.3,KCEG,CUTOFF_DATE: Date of the data,CUTOFF_DATE,,,,,
t_kceg_customer_engagement_dp,KCEG_customer-engagement-dp_MRField.conf,DELIVERED,15.1.0,KCEG,CUTOFF_DATE: Date of the data,CUTOFF_DATE,,,,,
t_kceg_customer_engagement_dp,KCEG_customer-engagement-dp_MRObject.conf,DELIVERED,15.1.0,KCEG,"CUTOFF_DATE: Date of the data 
FECHA_VOLUMETRIC: Date of values to compare with 
LOWER_BOUND: Lower percentage bound 
UPPER_BOUND: Upper percentage bound","CUTOFF_DATE, FECHA_VOLUMETRIC, LOWER_BOUND, UPPER_BOUND",,,,,
t_kceg_customer_products,KCEG_customer-products_KBTQ_eom-customer_MMRule.conf,DELIVERED,18.4.5,KCEG,CUTOFF_DATE: Date of the data,CUTOFF_DATE,,,,,
t_kceg_customer_products,KCEG_customer-products_KCOG_country_MMRule.conf,DELIVERED,18.3.4,KCEG,CUTOFF_DATE: Date of the data,CUTOFF_DATE,,,,,
t_kceg_customer_products,KCEG_customer-products_KCOG_entity_MMRule.conf,DELIVERED,18.3.4,KCEG,CUTOFF_DATE: Date of the data,CUTOFF_DATE,,,,,
t_kceg_customer_products,KCEG_customer-products_KSAN_eom-domestic-interveners_MMRule.conf,DELIVERED,18.3.4,KCEG,CUTOFF_DATE: Date of the data,CUTOFF_DATE,,,,,
t_kceg_customer_products,KCEG_customer-products_MRField.conf,DELIVERED,18.3.4,KCEG,CUTOFF_DATE: Date of the data,CUTOFF_DATE,,,,,
t_kceg_customer_products,KCEG_customer-products_MRField.conf,DELIVERED,18.3.4,KCEG,"CUTOFF_DATE: Date of the data
PREVIOUS_CUTOFF_DATE: Previous date to be compared","CUTOFF_DATE, PREVIOUS_CUTOFF_DATE",,,,,
t_kceg_customer_products,KCEG_customer-products_MRObject.conf,DELIVERED,18.3.4,KCEG,"CUTOFF_DATE: Date of the data
FECHA_VOLUMETRIC: Date of values to compare with
LOWER_BOUND: Lower percentage bound
UPPER_BOUND: Upper percentage bound","CUTOFF_DATE, FECHA_VOLUMETRIC, LOWER_BOUND, UPPER_BOUND",,,,,
t_kceg_customer_products_dp,KCEG_customer-products-dp_KBTQ_customer-info_MMRule.conf,DELIVERED,18.3.0,KCEG,CUTOFF_DATE: Date of the data,CUTOFF_DATE,,,,,
t_kceg_customer_products_dp,KCEG_customer-products-dp_MRField.conf,DELIVERED,18.3.3,KCEG,CUTOFF_DATE: Date of the data,CUTOFF_DATE,,,,,
t_kceg_customer_products_dp,KCEG_customer-products-dp_MRField.conf,DELIVERED,15.1.0,KCEG,CUTOFF_DATE: Date of the data,CUTOFF_DATE,,,,,
t_kceg_customer_products_dp,KCEG_customer-products-dp_MRObject.conf,DELIVERED,15.1.0,KCEG,"CUTOFF_DATE: Date of the data 
FECHA_VOLUMETRIC: Date of values to compare with 
LOWER_BOUND: Lower percentage bound 
UPPER_BOUND: Upper percentage bound","CUTOFF_DATE, FECHA_VOLUMETRIC, LOWER_BOUND, UPPER_BOUND",,,,,
t_kceg_customer_registers,KCEG_customer-registers_KBTQ_customer-info_MMRule.conf,DELIVERED,18.1.0,KCEG,CUTOFF_DATE: Date of the data,CUTOFF_DATE,,,,,
t_kceg_customer_registers,KCEG_customer-registers_KCEG_customer-cancellations_MMRule.conf,DELIVERED,15.1.0,KCEG,CUTOFF_DATE: Date of the data,CUTOFF_DATE,,,,,
t_kceg_customer_registers,KCEG_customer-registers_KCOG_branch_MMRule.conf,DELIVERED,18.3.0,KCEG,CUTOFF_DATE: Date of the data,CUTOFF_DATE,,,,,
t_kceg_customer_registers,KCEG_customer-registers_KCOG_country_MMRule.conf,DELIVERED,18.3.0,KCEG,CUTOFF_DATE: Date of the data,CUTOFF_DATE,,,,,
t_kceg_customer_registers,KCEG_customer-registers_KCOG_entity_MMRule.conf,DELIVERED,18.3.0,KCEG,CUTOFF_DATE: Date of the data,CUTOFF_DATE,,,,,
t_kceg_customer_registers,KCEG_customer-registers_MRField.conf,DELIVERED,15.1.0,KCEG,CUTOFF_DATE: Date of the data,CUTOFF_DATE,,,,,
t_kceg_customer_registers,KCEG_customer-registers_MRField.conf,DELIVERED,18.3.3,KCEG,CUTOFF_DATE: Date of the data,CUTOFF_DATE,,,,,
t_kceg_customer_registers,KCEG_customer-registers_MRField.conf,DELIVERED,17.5.0,KCEG,CUTOFF_DATE: Date of the data,CUTOFF_DATE,,,,,
t_kceg_customer_registers,KCEG_customer-registers_MRObject.conf,DELIVERED,15.1.0,KCEG,"CUTOFF_DATE: Date of the data
FECHA_VOLUMETRIC: Date of values to compare with
LOWER_BOUND: Lower percentage bound
UPPER_BOUND: Upper percentage bound","CUTOFF_DATE, FECHA_VOLUMETRIC, LOWER_BOUND, UPPER_BOUND",,,,,
t_kceg_fx_cust_channel_activity,KCEG_fx-cust-channel-activity_KBTQ_customer-info_MMRule.conf,DELIVERED,18.3.0,KCEG,CUTOFF_DATE: Date of the data,CUTOFF_DATE,,,,,
t_kceg_fx_cust_channel_activity,KCEG_fx-cust-channel-activity_KCEG_fx-cust-gnrl-feat_MMRule.conf,DELIVERED,18.3.0,KCEG,CUTOFF_DATE: Date of the data,CUTOFF_DATE,,,,,
t_kceg_fx_cust_channel_activity,KCEG_fx-cust-channel-activity_MRField.conf,DELIVERED,16.0.9,KCEG,CUTOFF_DATE: Date of the data,CUTOFF_DATE,,,,,
t_kceg_fx_cust_channel_activity,KCEG_fx-cust-channel-activity_MRField.conf,DELIVERED,15.1.0,KCEG,CUTOFF_DATE: Date of the data,CUTOFF_DATE,,,,,
t_kceg_fx_cust_channel_activity,KCEG_fx-cust-channel-activity_MRField.conf,DELIVERED,18.3.3,KCEG,CUTOFF_DATE: Date of the data,CUTOFF_DATE,,,,,
t_kceg_fx_cust_channel_activity,KCEG_fx-cust-channel-activity_MRField.conf,DELIVERED,17.2.0,KCEG,CUTOFF_DATE: Date of the data,CUTOFF_DATE,,,,,
t_kceg_fx_cust_channel_activity,KCEG_fx-cust-channel-activity_MRObject.conf,DELIVERED,16.0.9,KCEG,"CUTOFF_DATE: Date of the data 
FECHA_VOLUMETRIC: Date of values to compare with 
LOWER_BOUND: Lower percentage bound 
UPPER_BOUND: Upper percentage bound","CUTOFF_DATE, FECHA_VOLUMETRIC, LOWER_BOUND, UPPER_BOUND",,,,,
t_kceg_fx_cust_gnrl_feat,KCEG_fx-cust-gnrl-feat_KBTQ_customer-info_MMRule.conf,DELIVERED,18.1.0,KCEG,CUTOFF_DATE: Date of the data,CUTOFF_DATE,,,,,
t_kceg_fx_cust_gnrl_feat,KCEG_fx-cust-gnrl-feat_MRField.conf,DELIVERED,16.0.9,KCEG,CUTOFF_DATE: Date of the data,CUTOFF_DATE,,,,,
t_kceg_fx_cust_gnrl_feat,KCEG_fx-cust-gnrl-feat_MRField.conf,DELIVERED,15.1.0,KCEG,CUTOFF_DATE: Date of the data,CUTOFF_DATE,,,,,
t_kceg_fx_cust_gnrl_feat,KCEG_fx-cust-gnrl-feat_MRField.conf,DELIVERED,18.3.3,KCEG,CUTOFF_DATE: Date of the data,CUTOFF_DATE,,,,,
t_kceg_fx_cust_gnrl_feat,KCEG_fx-cust-gnrl-feat_MRObject.conf,DELIVERED,16.0.9,KCEG,"CUTOFF_DATE: Date of the data 
FECHA_VOLUMETRIC: Date of values to compare with 
LOWER_BOUND: Lower percentage bound 
UPPER_BOUND: Upper percentage bound","CUTOFF_DATE, FECHA_VOLUMETRIC, LOWER_BOUND, UPPER_BOUND",,,,,
t_kceg_fx_cust_qtry_activity,KCEG_fx-cust-qtry-activity_KCEG_fx-cust-gnrl-feat_MMRule.conf,DELIVERED,18.3.0,KCEG,CUTOFF_DATE: Date of the data,CUTOFF_DATE,,,,,
t_kceg_fx_cust_qtry_activity,KCEG_fx-cust-qtry-activity_MRField.conf,DELIVERED,16.0.9,KCEG,CUTOFF_DATE: Date of the data,CUTOFF_DATE,,,,,
t_kceg_fx_cust_qtry_activity,KCEG_fx-cust-qtry-activity_MRField.conf,DELIVERED,15.1.0,KCEG,CUTOFF_DATE: Date of the data,CUTOFF_DATE,,,,,
t_kceg_fx_cust_qtry_activity,KCEG_fx-cust-qtry-activity_MRObject.conf,DELIVERED,16.0.9,KCEG,"CUTOFF_DATE: Date of the data 
FECHA_VOLUMETRIC: Date of values to compare with 
LOWER_BOUND: Lower percentage bound 
UPPER_BOUND: Upper percentage bound","CUTOFF_DATE, FECHA_VOLUMETRIC, LOWER_BOUND, UPPER_BOUND",,,,,
t_kceg_fx_cust_scores,KCEG_fx-cust-scores_KCOG_entity_MMRule.conf,DELIVERED,16.1.6,KCEG,CUTOFF_DATE: Date of the data,CUTOFF_DATE,,,,,
t_kceg_fx_cust_scores,KCEG_fx-cust-scores_MRField.conf,DELIVERED,16.0.9,KCEG,CUTOFF_DATE: Date of the data,CUTOFF_DATE,,,,,
t_kceg_fx_cust_scores,KCEG_fx-cust-scores_MRField.conf,DELIVERED,18.3.3,KCEG,CUTOFF_DATE: Date of the data,CUTOFF_DATE,,,,,
t_kceg_fx_cust_scores,KCEG_fx-cust-scores_MRField.conf,DELIVERED,16.1.6,KCEG,CUTOFF_DATE: Date of the data,CUTOFF_DATE,,,,,
t_kceg_fx_cust_scores,KCEG_fx-cust-scores_MRObject.conf,DELIVERED,16.0.9,KCEG,"CUTOFF_DATE: Date of the data 
FECHA_VOLUMETRIC: Date of values to compare with 
LOWER_BOUND: Lower percentage bound 
UPPER_BOUND: Upper percentage bound","CUTOFF_DATE, FECHA_VOLUMETRIC, LOWER_BOUND, UPPER_BOUND",,,,,
t_kceg_group_principality_score,KCEG_group-principality-score_MRField.conf,DELIVERED,18.4.4,KCEG,CUTOFF_DATE: Date of the data,CUTOFF_DATE,,,,,
t_kceg_identity_graph,KCEG_identity-graph_KCOG_entity_MMRule.conf,DELIVERED,18.3.0,KCEG,CUTOFF_DATE: Date of the data,CUTOFF_DATE,,,,,
t_kceg_identity_graph,KCEG_identity-graph_MRField.conf,DELIVERED,18.3.3,KCEG,CUTOFF_DATE: Date of the data,CUTOFF_DATE,,,,,
t_kceg_identity_graph,KCEG_identity-graph_MRField.conf,DELIVERED,15.1.0,KCEG,CUTOFF_DATE: Date of the data,CUTOFF_DATE,,,,,
t_kceg_identity_graph,KCEG_identity-graph_MRObject.conf,DELIVERED,15.1.0,KCEG,"CUTOFF_DATE: Date of the data
FECHA_VOLUMETRIC: Date of values to compare with
LOWER_BOUND: Lower percentage bound
UPPER_BOUND: Upper percentage bound","CUTOFF_DATE, FECHA_VOLUMETRIC, LOWER_BOUND, UPPER_BOUND",,,,,
t_kceg_principality_score,KCEG_principality-score_MRField.conf,DELIVERED,18.2.0,KCEG,CUTOFF_DATE: Date of the data,CUTOFF_DATE,,,,,
t_kceg_principality_score,KCEG_principality-score_MRField.conf,DELIVERED,18.4.4,KCEG,CUTOFF_DATE: Date of the data,CUTOFF_DATE,,,,,
t_kceg_principality_score,KCEG_principality-score_MRField.conf,DELIVERED,18.3.8,KCEG,CUTOFF_DATE: Date of the data,CUTOFF_DATE,,,,,
t_kceg_recurring_income_detail,KCEG_recurring-income-detail_KBTQ_role-person_MMRule.conf,DELIVERED,18.3.0,KCEG,CUTOFF_DATE: Date of the data,CUTOFF_DATE,,,,,
t_kceg_recurring_income_detail,KCEG_recurring-income-detail_MRField.conf,DELIVERED,16.1.4,KCEG,"CUTOFF_DATE: Date of the data
SOURCE: Origin of data (g_data_source_origin_type)","CUTOFF_DATE, SOURCE",,,,,
t_kceg_recurring_income_detail,KCEG_recurring-income-detail_MRField.conf,DELIVERED,16.1.4,KCEG,"CUTOFF_DATE: Date of the data
SOURCE: Origin of data (g_data_source_origin_type)","CUTOFF_DATE, SOURCE",,,,,
t_kceg_recurring_income_detail,KCEG_recurring-income-detail_MRField.conf,DELIVERED,16.1.4,KCEG,"CUTOFF_DATE: Date of the data
CATALOG_COLUMN_0: Columna del catálogo local
CATALOG_CODE_0: Filtrado del catálogo local
CATALOG_TABLE_0: Nombre de tabla local
SOURCE: Origin of data (g_data_source_origin_type)",", CATALOG_COLUMN_0, CATALOG_CODE_0, CATALOG_TABLE_0, SOURCE",,,,,
t_kceg_recurring_income_detail,KCEG_recurring-income-detail_MRField.conf,DELIVERED,16.1.4,KCEG,"CUTOFF_DATE: Date of the data
CATALOG_COLUMN_1: Columna del catálogo local
CATALOG_CODE_1: Filtrado del catálogo local
CATALOG_TABLE_1: Nombre de tabla local
SOURCE: Origin of data (g_data_source_origin_type)",", CATALOG_COLUMN_1, CATALOG_CODE_1, CATALOG_TABLE_1, SOURCE",,,,,
t_kceg_trans_recommendation,KCEG_trans-recommendation_KBTQ_role-person_MMRule.conf,DELIVERED,18.3.0,KCEG,CUTOFF_DATE: Date of the data,CUTOFF_DATE,,,,,
t_kceg_trans_recommendation,KCEG_trans-recommendation_MRField.conf,DELIVERED,16.0.2,KCEG,CUTOFF_DATE: Date of the data,CUTOFF_DATE,,,,,
t_kceg_transaction_evaluation,KCEG_transaction-evaluation_KBTQ_role-person_MMRule.conf,DELIVERED,18.3.0,KCEG,CUTOFF_DATE: Date of the data,CUTOFF_DATE,,,,,
t_kceg_transaction_evaluation,KCEG_transaction-evaluation_MRField.conf,DELIVERED,16.0.2,KCEG,CUTOFF_DATE: Date of the data,CUTOFF_DATE,,,,,
t_kcpg_appl_cust_contract_perst,KCPG_appl-cust-contract-perst_KBTQ_customer-info_MMRule.conf,DELIVERED,18.3.0,KCPG,CUTOFF_DATE: Date of the data,CUTOFF_DATE,,,,,
t_kcpg_appl_cust_contract_perst,KCPG_appl-cust-contract-perst_KSAN_contract-global-local_MMRule.conf,DELIVERED,18.3.0,KCPG,CUTOFF_DATE: Date of the data,CUTOFF_DATE,,,,,
t_kcpg_appl_cust_contract_perst,KCPG_appl-cust-contract-perst_MRField.conf,DELIVERED,18.3.3,KCPG,CUTOFF_DATE: Date of the data,CUTOFF_DATE,,,,,
t_kcpg_appl_cust_contract_perst,KCPG_appl-cust-contract-perst_MRField.conf,DELIVERED,15.1.0,KCPG,CUTOFF_DATE: Date of the data,CUTOFF_DATE,,,,,
t_kcpg_appl_cust_contract_perst,KCPG_appl-cust-contract-perst_MRObject.conf,DELIVERED,15.1.0,KCPG,"CUTOFF_DATE: Date of the data
FECHA_VOLUMETRIC: Date of values to compare with
LOWER_BOUND: Lower percentage bound
UPPER_BOUND: Upper percentage bound","CUTOFF_DATE, FECHA_VOLUMETRIC, LOWER_BOUND, UPPER_BOUND",,,,,
t_kcpg_appl_cust_perst,KCPG_appl-cust-perst_MRField.conf,DELIVERED,15.1.0,KCPG,CUTOFF_DATE: Date of the data,CUTOFF_DATE,,,,,
t_kcpg_appl_cust_perst,KCPG_appl-cust-perst_MRObject.conf,DELIVERED,15.1.0,KCPG,"CUTOFF_DATE: Date of the data 
FECHA_VOLUMETRIC: Date of values to compare with 
LOWER_BOUND: Lower percentage bound 
UPPER_BOUND: Upper percentage bound","CUTOFF_DATE, FECHA_VOLUMETRIC, LOWER_BOUND, UPPER_BOUND",,,,,
t_kcpg_budget_contract_trip,KCPG_budget-contract-trip_KSAN_contract-global-local_MMRule.conf,DELIVERED,18.3.0,KCPG,CUTOFF_DATE: Date of the data,CUTOFF_DATE,,,,,
t_kcpg_budget_contract_trip,KCPG_budget-contract-trip_MRField.conf,DELIVERED,15.1.0,KCPG,CUTOFF_DATE: Date of the data,CUTOFF_DATE,,,,,
t_kcpg_budget_contract_trip,KCPG_budget-contract-trip_MRObject.conf,DELIVERED,15.1.0,KCPG,"CUTOFF_DATE: Date of the data 
FECHA_VOLUMETRIC: Date of values to compare with 
LOWER_BOUND: Lower percentage bound 
UPPER_BOUND: Upper percentage bound","CUTOFF_DATE, FECHA_VOLUMETRIC, LOWER_BOUND, UPPER_BOUND",,,,,
t_kcpg_budget_cust_trip,KCPG_budget-cust-trip_MRField.conf,DELIVERED,15.1.0,KCPG,CUTOFF_DATE: Date of the data,CUTOFF_DATE,,,,,
t_kcpg_budget_cust_trip,KCPG_budget-cust-trip_MRObject.conf,DELIVERED,15.1.0,KCPG,"CUTOFF_DATE: Date of the data 
FECHA_VOLUMETRIC: Date of values to compare with 
LOWER_BOUND: Lower percentage bound 
UPPER_BOUND: Upper percentage bound","CUTOFF_DATE, FECHA_VOLUMETRIC, LOWER_BOUND, UPPER_BOUND",,,,,
t_kcpg_customer_cust_prod,KCPG_customer-cust-prod_KBTQ_customer-info_MMRule.conf,DELIVERED,18.3.0,KCPG,CUTOFF_DATE: Date of the data,CUTOFF_DATE,,,,,
t_kcpg_customer_cust_prod,KCPG_customer-cust-prod_KSAN_contract-global-local_MMRule.conf,DELIVERED,18.3.0,KCPG,CUTOFF_DATE: Date of the data,CUTOFF_DATE,,,,,
t_kcpg_customer_cust_prod,KCPG_customer-cust-prod_MRField.conf,DELIVERED,15.1.0,KCPG,CUTOFF_DATE: Date of the data,CUTOFF_DATE,,,,,
t_kcpg_customer_cust_prod,KCPG_customer-cust-prod_MRField.conf,DELIVERED,15.1.0,KCPG,"CUTOFF_DATE: Date of the data
CATALOG_COLUMN_0: Columna del catálogo local 
CATALOG_CODE_0: Filtrado del catálogo local
CATALOG_TABLE_0: Nombre de tabla local",", CATALOG_COLUMN_0, CATALOG_CODE_0, CATALOG_TABLE_0",,,,,
t_kcpg_customer_cust_prod,KCPG_customer-cust-prod_MRObject.conf,DELIVERED,15.1.0,KCPG,"CUTOFF_DATE: Date of the data
FECHA_VOLUMETRIC: Date of values to compare with
LOWER_BOUND: Lower percentage bound
UPPER_BOUND: Upper percentage bound","CUTOFF_DATE, FECHA_VOLUMETRIC, LOWER_BOUND, UPPER_BOUND",,,,,
t_kcpg_customer_cust_prod_mp,KCPG_customer-cust-prod-mp_KCOG_country_MMRule.conf,DELIVERED,18.3.3,KCPG,CUTOFF_DATE: Date of the data,CUTOFF_DATE,,,,,
t_kcpg_customer_cust_prod_mp,KCPG_customer-cust-prod-mp_KCOG_currency_MMRule.conf,DELIVERED,18.3.3,KCPG,CUTOFF_DATE: Date of the data,CUTOFF_DATE,,,,,
t_kcpg_customer_cust_prod_mp,KCPG_customer-cust-prod-mp_KCOG_entity_MMRule.conf,DELIVERED,15.1.0,KCPG,CUTOFF_DATE: Date of the data,CUTOFF_DATE,,,,,
t_kcpg_customer_cust_prod_mp,KCPG_customer-cust-prod-mp_KSAN_contract-global-local_MMRule.conf,DELIVERED,15.1.0,KCPG,CUTOFF_DATE: Date of the data,CUTOFF_DATE,,,,,
t_kcpg_customer_cust_prod_mp,KCPG_customer-cust-prod-mp_MRField.conf,DELIVERED,18.3.3,KCPG,CUTOFF_DATE: Date of the data,CUTOFF_DATE,,,,,
t_kcpg_customer_cust_prod_mp,KCPG_customer-cust-prod-mp_MRField.conf,DELIVERED,15.1.0,KCPG,CUTOFF_DATE: Date of the data,CUTOFF_DATE,,,,,
t_kcpg_customer_invest_goals,KCPG_customer-invest-goals_KBTQ_customer-info_MMRule.conf,DELIVERED,18.3.0,KCPG,CUTOFF_DATE: Date of the data,CUTOFF_DATE,,,,,
t_kcpg_customer_invest_goals,KCPG_customer-invest-goals_MRField.conf,DELIVERED,15.1.0,KCPG,CUTOFF_DATE: Date of the data,CUTOFF_DATE,,,,,
t_kcpg_customer_invest_goals,KCPG_customer-invest-goals_MRField.conf,DELIVERED,15.1.0,KCPG,"CUTOFF_DATE: Date of the data
CATALOG_COLUMN_0: Columna del catálogo local 
CATALOG_CODE_0: Filtrado del catálogo local
CATALOG_TABLE_0: Nombre de tabla local",", CATALOG_COLUMN_0, CATALOG_CODE_0, CATALOG_TABLE_0",,,,,
t_kcpg_customer_invest_goals,KCPG_customer-invest-goals_MRObject.conf,DELIVERED,15.1.0,KCPG,"CUTOFF_DATE: Date of the data
FECHA_VOLUMETRIC: Date of values to compare with
LOWER_BOUND: Lower percentage bound
UPPER_BOUND: Upper percentage bound","CUTOFF_DATE, FECHA_VOLUMETRIC, LOWER_BOUND, UPPER_BOUND",,,,,
t_kcpg_customer_questions,KCPG_customer-questions_MRField.conf,DELIVERED,15.1.0,KCPG,CUTOFF_DATE: Date of the data,CUTOFF_DATE,,,,,
t_kcpg_customer_questions,KCPG_customer-questions_MRObject.conf,DELIVERED,15.1.0,KCPG,"CUTOFF_DATE: Date of the data
FECHA_VOLUMETRIC: Date of values to compare with
LOWER_BOUND: Lower percentage bound
UPPER_BOUND: Upper percentage bound","CUTOFF_DATE, FECHA_VOLUMETRIC, LOWER_BOUND, UPPER_BOUND",,,,,
t_kcpg_customer_rules,KCPG_customer-rules_KBTQ_customer-info_MMRule.conf,DELIVERED,18.3.0,KCPG,CUTOFF_DATE: Date of the data,CUTOFF_DATE,,,,,
t_kcpg_customer_rules,KCPG_customer-rules_KCOG_country_MMRule.conf,DELIVERED,18.3.0,KCPG,CUTOFF_DATE: Date of the data,CUTOFF_DATE,,,,,
t_kcpg_customer_rules,KCPG_customer-rules_KCOG_currency_MMRule.conf,DELIVERED,18.3.0,KCPG,CUTOFF_DATE: Date of the data,CUTOFF_DATE,,,,,
t_kcpg_customer_rules,KCPG_customer-rules_KCOG_entity_MMRule.conf,DELIVERED,18.3.0,KCPG,CUTOFF_DATE: Date of the data,CUTOFF_DATE,,,,,
t_kcpg_customer_rules,KCPG_customer-rules_MRField.conf,DELIVERED,15.1.0,KCPG,CUTOFF_DATE: Date of the data,CUTOFF_DATE,,,,,
t_kcpg_customer_rules,KCPG_customer-rules_MRField.conf,DELIVERED,18.3.3,KCPG,CUTOFF_DATE: Date of the data,CUTOFF_DATE,,,,,
t_kcpg_customer_rules,KCPG_customer-rules_MRObject.conf,DELIVERED,15.1.0,KCPG,"CUTOFF_DATE: Date of the data
FECHA_VOLUMETRIC: Date of values to compare with
LOWER_BOUND: Lower percentage bound
UPPER_BOUND: Upper percentage bound","CUTOFF_DATE, FECHA_VOLUMETRIC, LOWER_BOUND, UPPER_BOUND",,,,,
t_kcpg_expense_group,KCPG_expense-group_KCOG_entity_MMRule.conf,DELIVERED,18.3.0,KCPG,CUTOFF_DATE: Date of the data,CUTOFF_DATE,,,,,
t_kcpg_expense_group,KCPG_expense-group_MRField.conf,DELIVERED,17.5.0,KCPG,CUTOFF_DATE: Date of the data,CUTOFF_DATE,,,,,
t_kcpg_expense_group_member,KCPG_expense-group-member_KCOG_entity_MMRule.conf,DELIVERED,18.3.0,KCPG,CUTOFF_DATE: Date of the data,CUTOFF_DATE,,,,,
t_kcpg_expense_group_member,KCPG_expense-group-member_KCPG_expense-group_MMRule.conf,DELIVERED,18.3.0,KCPG,CUTOFF_DATE: Date of the data,CUTOFF_DATE,,,,,
t_kcpg_expense_group_member,KCPG_expense-group-member_MRField.conf,DELIVERED,17.5.0,KCPG,CUTOFF_DATE: Date of the data,CUTOFF_DATE,,,,,
t_kcpg_expense_group_member,KCPG_expense-group-member_MRField.conf,DELIVERED,18.1.0,KCPG,CUTOFF_DATE: Date of the data,CUTOFF_DATE,,,,,
t_kcpg_expense_group_participant,KCPG_expense-group-participant_KBTQ_role-person_MMRule.conf,DELIVERED,18.3.0,KCPG,CUTOFF_DATE: Date of the data,CUTOFF_DATE,,,,,
t_kcpg_expense_group_participant,KCPG_expense-group-participant_KCOG_entity_MMRule.conf,DELIVERED,18.3.0,KCPG,CUTOFF_DATE: Date of the data,CUTOFF_DATE,,,,,
t_kcpg_expense_group_participant,KCPG_expense-group-participant_MRField.conf,DELIVERED,17.5.0,KCPG,CUTOFF_DATE: Date of the data,CUTOFF_DATE,,,,,
t_kcpg_general_budgets,KCPG_general-budgets_KBTQ_role-person_MMRule.conf,DELIVERED,18.3.0,KCPG,CUTOFF_DATE: Date of the data,CUTOFF_DATE,,,,,
t_kcpg_general_budgets,KCPG_general-budgets_KCOG_country_MMRule.conf,DELIVERED,18.3.0,KCPG,CUTOFF_DATE: Date of the data,CUTOFF_DATE,,,,,
t_kcpg_general_budgets,KCPG_general-budgets_KCOG_currency_MMRule.conf,DELIVERED,18.3.0,KCPG,CUTOFF_DATE: Date of the data,CUTOFF_DATE,,,,,
t_kcpg_general_budgets,KCPG_general-budgets_MRField.conf,DELIVERED,15.1.0,KCPG,CUTOFF_DATE: Date of the data,CUTOFF_DATE,,,,,
t_kcpg_general_budgets,KCPG_general-budgets_MRField.conf,DELIVERED,17.4.0,KCPG,CUTOFF_DATE: Date of the data,CUTOFF_DATE,,,,,
t_kcpg_general_budgets,KCPG_general-budgets_MRField.conf,DELIVERED,18.3.3,KCPG,CUTOFF_DATE: Date of the data,CUTOFF_DATE,,,,,
t_kcpg_general_budgets,KCPG_general-budgets_MRObject.conf,DELIVERED,17.4.0,KCPG,"CUTOFF_DATE: Date of the data
FECHA_VOLUMETRIC: Date of values to compare with
LOWER_BOUND: Lower percentage bound
UPPER_BOUND: Upper percentage bound","CUTOFF_DATE, FECHA_VOLUMETRIC, LOWER_BOUND, UPPER_BOUND",,,,,
t_kcpg_general_goals,KCPG_general-goals_KCOG_country_MMRule.conf,DELIVERED,18.3.0,KCPG,CUTOFF_DATE: Date of the data,CUTOFF_DATE,,,,,
t_kcpg_general_goals,KCPG_general-goals_MRField.conf,DELIVERED,15.1.0,KCPG,CUTOFF_DATE: Date of the data,CUTOFF_DATE,,,,,
t_kcpg_general_goals,KCPG_general-goals_MRField.conf,DELIVERED,18.3.3,KCPG,CUTOFF_DATE: Date of the data,CUTOFF_DATE,,,,,
t_kcpg_general_goals,KCPG_general-goals_MRObject.conf,DELIVERED,15.1.0,KCPG,"CUTOFF_DATE: Date of the data
FECHA_VOLUMETRIC: Date of values to compare with
LOWER_BOUND: Lower percentage bound
UPPER_BOUND: Upper percentage bound","CUTOFF_DATE, FECHA_VOLUMETRIC, LOWER_BOUND, UPPER_BOUND",,,,,
t_kcpg_general_piggybank,KCPG_general-piggybank_MRField.conf,DELIVERED,15.1.0,KCPG,CUTOFF_DATE: Date of the data,CUTOFF_DATE,,,,,
t_kcpg_general_piggybank,KCPG_general-piggybank_MRField.conf,DELIVERED,18.3.2,KCPG,CUTOFF_DATE: Date of the data,CUTOFF_DATE,,,,,
t_kcpg_general_piggybank,KCPG_general-piggybank_MRObject.conf,DELIVERED,18.3.2,KCPG,"CUTOFF_DATE: Date of the data 
FECHA_VOLUMETRIC: Date of values to compare with 
LOWER_BOUND: Lower percentage bound 
UPPER_BOUND: Upper percentage bound","CUTOFF_DATE, FECHA_VOLUMETRIC, LOWER_BOUND, UPPER_BOUND",,,,,
t_kcpg_goal_contributions,KCPG_goal-contributions_KCOG_country_MMRule.conf,DELIVERED,18.3.0,KCPG,CUTOFF_DATE: Date of the data,CUTOFF_DATE,,,,,
t_kcpg_goal_contributions,KCPG_goal-contributions_KCPG_general-goals_MMRule.conf,DELIVERED,18.3.0,KCPG,CUTOFF_DATE: Date of the data,CUTOFF_DATE,,,,,
t_kcpg_goal_contributions,KCPG_goal-contributions_MRField.conf,DELIVERED,15.1.0,KCPG,CUTOFF_DATE: Date of the data,CUTOFF_DATE,,,,,
t_kcpg_goal_contributions,KCPG_goal-contributions_MRField.conf,DELIVERED,18.3.3,KCPG,CUTOFF_DATE: Date of the data,CUTOFF_DATE,,,,,
t_kcpg_goal_contributions,KCPG_goal-contributions_MRField.conf,DELIVERED,17.5.0,KCPG,CUTOFF_DATE: Date of the data,CUTOFF_DATE,,,,,
t_kcpg_goal_contributions,KCPG_goal-contributions_MRObject.conf,DELIVERED,15.1.0,KCPG,"CUTOFF_DATE: Date of the data
FECHA_VOLUMETRIC: Date of values to compare with
LOWER_BOUND: Lower percentage bound
UPPER_BOUND: Upper percentage bound","CUTOFF_DATE, FECHA_VOLUMETRIC, LOWER_BOUND, UPPER_BOUND",,,,,
t_kcpg_goal_rules,KCPG_goal-rules_KCOG_country_MMRule.conf,DELIVERED,18.3.0,KCPG,CUTOFF_DATE: Date of the data,CUTOFF_DATE,,,,,
t_kcpg_goal_rules,KCPG_goal-rules_KCOG_entity_MMRule.conf,DELIVERED,18.3.0,KCPG,CUTOFF_DATE: Date of the data,CUTOFF_DATE,,,,,
t_kcpg_goal_rules,KCPG_goal-rules_KCPG_general-goals_MMRule.conf,DELIVERED,18.3.0,KCPG,CUTOFF_DATE: Date of the data,CUTOFF_DATE,,,,,
t_kcpg_goal_rules,KCPG_goal-rules_MRField.conf,DELIVERED,15.1.0,KCPG,CUTOFF_DATE: Date of the data,CUTOFF_DATE,,,,,
t_kcpg_goal_rules,KCPG_goal-rules_MRField.conf,DELIVERED,18.3.3,KCPG,CUTOFF_DATE: Date of the data,CUTOFF_DATE,,,,,
t_kcpg_goal_rules,KCPG_goal-rules_MRObject.conf,DELIVERED,15.1.0,KCPG,"CUTOFF_DATE: Date of the data
FECHA_VOLUMETRIC: Date of values to compare with
LOWER_BOUND: Lower percentage bound
UPPER_BOUND: Upper percentage bound","CUTOFF_DATE, FECHA_VOLUMETRIC, LOWER_BOUND, UPPER_BOUND",,,,,
t_kcpg_invest_goal_answers,KCPG_invest-goal-answers_KBTQ_customer-info_MMRule.conf,DELIVERED,18.3.0,KCPG,CUTOFF_DATE: Date of the data,CUTOFF_DATE,,,,,
t_kcpg_invest_goal_answers,KCPG_invest-goal-answers_MRField.conf,DELIVERED,15.1.0,KCPG,CUTOFF_DATE: Date of the data,CUTOFF_DATE,,,,,
t_kcpg_invest_goal_answers,KCPG_invest-goal-answers_MRObject.conf,DELIVERED,15.1.0,KCPG,"CUTOFF_DATE: Date of the data
FECHA_VOLUMETRIC: Date of values to compare with
LOWER_BOUND: Lower percentage bound
UPPER_BOUND: Upper percentage bound","CUTOFF_DATE, FECHA_VOLUMETRIC, LOWER_BOUND, UPPER_BOUND",,,,,
t_kcpg_invest_goal_post_answers,KCPG_invest-goal-post-answers_MRField.conf,DELIVERED,15.1.0,KCPG,CUTOFF_DATE: Date of the data,CUTOFF_DATE,,,,,
t_kcpg_invest_goal_post_answers,KCPG_invest-goal-post-answers_MRObject.conf,DELIVERED,15.1.0,KCPG,"CUTOFF_DATE: Date of the data
FECHA_VOLUMETRIC: Date of values to compare with
LOWER_BOUND: Lower percentage bound
UPPER_BOUND: Upper percentage bound","CUTOFF_DATE, FECHA_VOLUMETRIC, LOWER_BOUND, UPPER_BOUND",,,,,
t_kcpg_net_worth_cust_perst_dp,KCPG_net-worth-cust-perst-dp_KBTQ_role-person_MMRule.conf,DELIVERED,18.3.0,KCPG,CUTOFF_DATE: Date of the data,CUTOFF_DATE,,,,,
t_kcpg_net_worth_cust_perst_dp,KCPG_net-worth-cust-perst-dp_MRField.conf,DELIVERED,15.1.0,KCPG,CUTOFF_DATE: Date of the data,CUTOFF_DATE,,,,,
t_kcpg_net_worth_cust_perst_dp,KCPG_net-worth-cust-perst-dp_MRObject.conf,DELIVERED,15.1.0,KCPG,"CUTOFF_DATE: Date of the data 
FECHA_VOLUMETRIC: Date of values to compare with 
LOWER_BOUND: Lower percentage bound 
UPPER_BOUND: Upper percentage bound","CUTOFF_DATE, FECHA_VOLUMETRIC, LOWER_BOUND, UPPER_BOUND",,,,,
t_kcpg_pfm_cust_contract_perst,KCPG_pfm-cust-contract-perst_KBTQ_role-person_MMRule.conf,DELIVERED,18.3.0,KCPG,CUTOFF_DATE: Date of the data,CUTOFF_DATE,,,,,
t_kcpg_pfm_cust_contract_perst,KCPG_pfm-cust-contract-perst_MRField.conf,DELIVERED,15.1.0,KCPG,CUTOFF_DATE: Date of the data,CUTOFF_DATE,,,,,
t_kcpg_pfm_cust_contract_perst,KCPG_pfm-cust-contract-perst_MRObject.conf,DELIVERED,15.1.0,KCPG,"CUTOFF_DATE: Date of the data
FECHA_VOLUMETRIC: Date of values to compare with
LOWER_BOUND: Lower percentage bound
UPPER_BOUND: Upper percentage bound","CUTOFF_DATE, FECHA_VOLUMETRIC, LOWER_BOUND, UPPER_BOUND",,,,,
t_kcpg_pfm_cust_date_perst,KCPG_pfm-cust-date-perst_KBTQ_role-person_MMRule.conf,DELIVERED,18.3.0,KCPG,CUTOFF_DATE: Date of the data,CUTOFF_DATE,,,,,
t_kcpg_pfm_cust_date_perst,KCPG_pfm-cust-date-perst_MRField.conf,DELIVERED,15.1.0,KCPG,CUTOFF_DATE: Date of the data,CUTOFF_DATE,,,,,
t_kcpg_pfm_cust_date_perst,KCPG_pfm-cust-date-perst_MRObject.conf,DELIVERED,15.1.0,KCPG,"CUTOFF_DATE: Date of the data
FECHA_VOLUMETRIC: Date of values to compare with
LOWER_BOUND: Lower percentage bound
UPPER_BOUND: Upper percentage bound","CUTOFF_DATE, FECHA_VOLUMETRIC, LOWER_BOUND, UPPER_BOUND",,,,,
t_kcpg_piggybank_contr,KCPG_piggybank-contr_MRField.conf,DELIVERED,15.1.0,KCPG,CUTOFF_DATE: Date of the data,CUTOFF_DATE,,,,,
t_kcpg_piggybank_contr,KCPG_piggybank-contr_MRField.conf,DELIVERED,18.3.2,KCPG,CUTOFF_DATE: Date of the data,CUTOFF_DATE,,,,,
t_kcpg_piggybank_contr,KCPG_piggybank-contr_MRObject.conf,DELIVERED,18.3.2,KCPG,"CUTOFF_DATE: Date of the data 
FECHA_VOLUMETRIC: Date of values to compare with 
LOWER_BOUND: Lower percentage bound 
UPPER_BOUND: Upper percentage bound","CUTOFF_DATE, FECHA_VOLUMETRIC, LOWER_BOUND, UPPER_BOUND",,,,,
t_kcpg_piggybank_rules,KCPG_piggybank-rules_MRField.conf,DELIVERED,15.1.0,KCPG,CUTOFF_DATE: Date of the data,CUTOFF_DATE,,,,,
t_kcpg_piggybank_rules,KCPG_piggybank-rules_MRField.conf,DELIVERED,18.3.2,KCPG,CUTOFF_DATE: Date of the data,CUTOFF_DATE,,,,,
t_kcpg_piggybank_rules,KCPG_piggybank-rules_MRObject.conf,DELIVERED,18.3.2,KCPG,"CUTOFF_DATE: Date of the data 
FECHA_VOLUMETRIC: Date of values to compare with 
LOWER_BOUND: Lower percentage bound 
UPPER_BOUND: Upper percentage bound","CUTOFF_DATE, FECHA_VOLUMETRIC, LOWER_BOUND, UPPER_BOUND",,,,,
t_kcpg_rules_budgets,KCPG_rules-budgets_KCOG_country_MMRule.conf,DELIVERED,18.3.0,KCPG,CUTOFF_DATE: Date of the data,CUTOFF_DATE,,,,,
t_kcpg_rules_budgets,KCPG_rules-budgets_KCOG_entity_MMRule.conf,DELIVERED,18.3.0,KCPG,CUTOFF_DATE: Date of the data,CUTOFF_DATE,,,,,
t_kcpg_rules_budgets,KCPG_rules-budgets_KCPG_customer-rules_MMRule.conf,DELIVERED,18.3.0,KCPG,CUTOFF_DATE: Date of the data,CUTOFF_DATE,,,,,
t_kcpg_rules_budgets,KCPG_rules-budgets_KCPG_general-budgets_MMRule.conf,DELIVERED,18.3.0,KCPG,CUTOFF_DATE: Date of the data,CUTOFF_DATE,,,,,
t_kcpg_rules_budgets,KCPG_rules-budgets_MRField.conf,DELIVERED,15.1.0,KCPG,CUTOFF_DATE: Date of the data,CUTOFF_DATE,,,,,
t_kcpg_rules_budgets,KCPG_rules-budgets_MRField.conf,DELIVERED,18.3.3,KCPG,CUTOFF_DATE: Date of the data,CUTOFF_DATE,,,,,
t_kcpg_rules_budgets,KCPG_rules-budgets_MRObject.conf,DELIVERED,15.1.0,KCPG,"CUTOFF_DATE: Date of the data
FECHA_VOLUMETRIC: Date of values to compare with
LOWER_BOUND: Lower percentage bound
UPPER_BOUND: Upper percentage bound","CUTOFF_DATE, FECHA_VOLUMETRIC, LOWER_BOUND, UPPER_BOUND",,,,,
t_kcpg_rules_category,KCPG_rules-category_KBTQ_customer-info_MMRule.conf,DELIVERED,18.3.0,KCPG,CUTOFF_DATE: Date of the data,CUTOFF_DATE,,,,,
t_kcpg_rules_category,KCPG_rules-category_KCOG_country_MMRule.conf,DELIVERED,18.3.0,KCPG,CUTOFF_DATE: Date of the data,CUTOFF_DATE,,,,,
t_kcpg_rules_category,KCPG_rules-category_KCOG_entity_MMRule.conf,DELIVERED,18.3.0,KCPG,CUTOFF_DATE: Date of the data,CUTOFF_DATE,,,,,
t_kcpg_rules_category,KCPG_rules-category_KCPG_customer-rules_MMRule.conf,DELIVERED,18.3.0,KCPG,CUTOFF_DATE: Date of the data,CUTOFF_DATE,,,,,
t_kcpg_rules_category,KCPG_rules-category_MRField.conf,DELIVERED,15.1.0,KCPG,CUTOFF_DATE: Date of the data,CUTOFF_DATE,,,,,
t_kcpg_rules_category,KCPG_rules-category_MRField.conf,DELIVERED,18.3.3,KCPG,CUTOFF_DATE: Date of the data,CUTOFF_DATE,,,,,
t_kcpg_rules_category,KCPG_rules-category_MRObject.conf,DELIVERED,15.1.0,KCPG,"CUTOFF_DATE: Date of the data
FECHA_VOLUMETRIC: Date of values to compare with
LOWER_BOUND: Lower percentage bound
UPPER_BOUND: Upper percentage bound","CUTOFF_DATE, FECHA_VOLUMETRIC, LOWER_BOUND, UPPER_BOUND",,,,,
t_kcpg_rules_movements,KCPG_rules-movements_KBTQ_customer-info_MMRule.conf,DELIVERED,18.3.0,KCPG,CUTOFF_DATE: Date of the data,CUTOFF_DATE,,,,,
t_kcpg_rules_movements,KCPG_rules-movements_KCOG_country_MMRule.conf,DELIVERED,18.3.0,KCPG,CUTOFF_DATE: Date of the data,CUTOFF_DATE,,,,,
t_kcpg_rules_movements,KCPG_rules-movements_KCOG_entity_MMRule.conf,DELIVERED,18.3.0,KCPG,CUTOFF_DATE: Date of the data,CUTOFF_DATE,,,,,
t_kcpg_rules_movements,KCPG_rules-movements_KCPG_customer-rules_MMRule.conf,DELIVERED,18.3.0,KCPG,CUTOFF_DATE: Date of the data,CUTOFF_DATE,,,,,
t_kcpg_rules_movements,KCPG_rules-movements_KCPG_general-goals_MMRule.conf,DELIVERED,15.1.0,KCPG,CUTOFF_DATE: Date of the data,CUTOFF_DATE,,,,,
t_kcpg_rules_movements,KCPG_rules-movements_KCPG_goal-rules_MMRule.conf,DELIVERED,15.1.0,KCPG,CUTOFF_DATE: Date of the data,CUTOFF_DATE,,,,,
t_kcpg_rules_movements,KCPG_rules-movements_MRField.conf,DELIVERED,15.1.0,KCPG,CUTOFF_DATE: Date of the data,CUTOFF_DATE,,,,,
t_kcpg_rules_movements,KCPG_rules-movements_MRField.conf,DELIVERED,18.3.3,KCPG,CUTOFF_DATE: Date of the data,CUTOFF_DATE,,,,,
t_kcpg_rules_movements,KCPG_rules-movements_MRObject.conf,DELIVERED,15.1.0,KCPG,"CUTOFF_DATE: Date of the data
FECHA_VOLUMETRIC: Date of values to compare with
LOWER_BOUND: Lower percentage bound
UPPER_BOUND: Upper percentage bound","CUTOFF_DATE, FECHA_VOLUMETRIC, LOWER_BOUND, UPPER_BOUND",,,,,
t_kcpg_time_execution_day,KCPG_time-execution-day_KBTQ_customer-info_MMRule.conf,DELIVERED,18.3.0,KCPG,CUTOFF_DATE: Date of the data,CUTOFF_DATE,,,,,
t_kcpg_time_execution_day,KCPG_time-execution-day_KCPG_customer-rules_MMRule.conf,DELIVERED,18.3.0,KCPG,CUTOFF_DATE: Date of the data,CUTOFF_DATE,,,,,
t_kcpg_time_execution_day,KCPG_time-execution-day_MRField.conf,DELIVERED,15.1.0,KCPG,CUTOFF_DATE: Date of the data,CUTOFF_DATE,,,,,
t_kcpg_time_execution_day,KCPG_time-execution-day_MRField.conf,DELIVERED,18.3.3,KCPG,CUTOFF_DATE: Date of the data,CUTOFF_DATE,,,,,
t_kcpg_time_execution_day,KCPG_time-execution-day_MRObject.conf,DELIVERED,15.1.0,KCPG,"CUTOFF_DATE: Date of the data
FECHA_VOLUMETRIC: Date of values to compare with
LOWER_BOUND: Lower percentage bound
UPPER_BOUND: Upper percentage bound","CUTOFF_DATE, FECHA_VOLUMETRIC, LOWER_BOUND, UPPER_BOUND",,,,,
t_kctd_attributions,KCTD_attributions_MRField.conf,DELIVERED,15.1.0,KCTD,CUTOFF_DATE: Date of the data,CUTOFF_DATE,,,,,
t_kctd_attributions,KCTD_attributions_MRField.conf,DELIVERED,18.4.4,KCTD,CUTOFF_DATE: Date of the data,CUTOFF_DATE,,,,,
t_kctd_attributions,KCTD_attributions_MRField.conf,DELIVERED,16.0.2,KCTD,CUTOFF_DATE: Date of the data,CUTOFF_DATE,,,,,
t_kctd_d_c_forms_footprint,KCTD_d-c-forms-footprint_MRField.conf,DELIVERED,15.1.0,KCTD,CUTOFF_DATE: Date of the data,CUTOFF_DATE,,,,,
t_kctd_d_c_forms_footprint,KCTD_d-c-forms-footprint_MRObject.conf,DELIVERED,15.1.0,KCTD,"CUTOFF_DATE: Date of the data 
FECHA_VOLUMETRIC: Date of values to compare with 
LOWER_BOUND: Lower percentage bound 
UPPER_BOUND: Upper percentage bound","CUTOFF_DATE, FECHA_VOLUMETRIC, LOWER_BOUND, UPPER_BOUND",,,,,
t_kctd_device_information,KCTD_device-information_MRField.conf,DELIVERED,15.1.0,KCTD,CUTOFF_DATE: Date of the data,CUTOFF_DATE,,,,,
t_kctd_device_information,KCTD_device-information_MRField.conf,DELIVERED,18.4.4,KCTD,CUTOFF_DATE: Date of the data,CUTOFF_DATE,,,,,
t_kctd_device_information,KCTD_device-information_MRField.conf,DELIVERED,16.0.2,KCTD,CUTOFF_DATE: Date of the data,CUTOFF_DATE,,,,,
t_kctd_device_location,KCTD_device-location_MRField.conf,DELIVERED,15.1.0,KCTD,CUTOFF_DATE: Date of the data,CUTOFF_DATE,,,,,
t_kctd_device_location,KCTD_device-location_MRField.conf,DELIVERED,18.4.4,KCTD,CUTOFF_DATE: Date of the data,CUTOFF_DATE,,,,,
t_kctd_digital_interaction,KCTD_digital-interaction_MRField.conf,DELIVERED,15.1.0,KCTD,CUTOFF_DATE: Date of the data,CUTOFF_DATE,,,,,
t_kctd_digital_interaction,KCTD_digital-interaction_MRField.conf,DELIVERED,16.0.2,KCTD,CUTOFF_DATE: Date of the data,CUTOFF_DATE,,,,,
t_kctd_digital_interaction,KCTD_digital-interaction_MRField.conf,DELIVERED,16.0.6,KCTD,"RUNNING JOB PARAMS:
     CUTOFF_DATE: Date of the data

JOB EXTRALIBS:
     extralibs: Link to custom repository","CUTOFF_DATE, extralibs",,,,,
t_kctd_digital_interaction,KCTD_digital-interaction_MRField.conf,DELIVERED,18.3.1,KCTD,CUTOFF_DATE: Date of the data,CUTOFF_DATE,,,,,
t_kctd_digital_interaction,KCTD_digital-interaction_MRField.conf,DELIVERED,16.0.6,KCTD,CUTOFF_DATE: Date of the data,CUTOFF_DATE,,,,,
t_kctd_event_information,KCTD_event-information_MRField.conf,DELIVERED,15.1.0,KCTD,CUTOFF_DATE: Date of the data,CUTOFF_DATE,,,,,
t_kctd_event_information,KCTD_event-information_MRField.conf,DELIVERED,18.4.4,KCTD,CUTOFF_DATE: Date of the data,CUTOFF_DATE,,,,,
t_kctd_event_information,KCTD_event-information_MRField.conf,DELIVERED,16.0.2,KCTD,CUTOFF_DATE: Date of the data,CUTOFF_DATE,,,,,
t_kctd_information_application,KCTD_information-application_MRField.conf,DELIVERED,15.1.0,KCTD,CUTOFF_DATE: Date of the data,CUTOFF_DATE,,,,,
t_kctd_information_application,KCTD_information-application_MRField.conf,DELIVERED,18.4.4,KCTD,CUTOFF_DATE: Date of the data,CUTOFF_DATE,,,,,
t_kctd_interaction_activity,KCTD_interaction-activity_KCOG_country_MMRule.conf,DELIVERED,18.3.3,KCTD,"CLOSING_DATE: Closing date of the data
ADOBE_REPORT_SUITE_NAME: The report suite name for the adobe.","CLOSING_DATE, ADOBE_REPORT_SUITE_NAME",,,,,
t_kctd_interaction_activity,KCTD_interaction-activity_KCOG_currency_MMRule.conf,DELIVERED,18.3.3,KCTD,"CLOSING_DATE: Closing date of the data
ADOBE_REPORT_SUITE_NAME: The report suite name for the adobe.","CLOSING_DATE, ADOBE_REPORT_SUITE_NAME",,,,,
t_kctd_interaction_activity,KCTD_interaction-activity_KCOG_language_MMRule.conf,DELIVERED,18.3.3,KCTD,"CLOSING_DATE: Closing date of the data
ADOBE_REPORT_SUITE_NAME: The report suite name for the adobe.","CLOSING_DATE, ADOBE_REPORT_SUITE_NAME",,,,,
t_kctd_interaction_activity,KCTD_interaction-activity_MRField.conf,DELIVERED,18.3.3,KCTD,"CLOSING_DATE: Closing date of the data
ADOBE_REPORT_SUITE_NAME: The report suite name for the adobe.","CLOSING_DATE, ADOBE_REPORT_SUITE_NAME",,,,,
t_kctd_interaction_activity,KCTD_interaction-activity_MRField.conf,DELIVERED,15.1.0,KCTD,"CLOSING_DATE: Closing date of the data
ADOBE_REPORT_SUITE_NAME: The report suite name for the adobe.","CLOSING_DATE, ADOBE_REPORT_SUITE_NAME",,,,,
t_kctd_interaction_activity,KCTD_interaction-activity_MRField.conf,DELIVERED,18.2.0,KCTD,"CLOSING_DATE: Closing date of the data
ADOBE_REPORT_SUITE_NAME: The report suite name for the adobe.","CLOSING_DATE, ADOBE_REPORT_SUITE_NAME",,,,,
t_kctd_interaction_activity,KCTD_interaction-activity_MRObject.conf,DELIVERED,15.1.0,KCTD,"CLOSING_DATE: Closing date of the data 
DATE_VOLUMETRIC: Closing date of values to compare with
ADOBE_REPORT_SUITE_NAME: The report suite name for the adobe. 
LOWER_BOUND: Lower percentage bound 
UPPER_BOUND: Upper percentage bound","CLOSING_DATE, DATE_VOLUMETRIC, ADOBE_REPORT_SUITE_NAME, LOWER_BOUND, UPPER_BOUND",,,,,
t_kctd_interaction_activity_his,KCTD_interaction-activity-his_MRField.conf,DELIVERED,18.3.5,KCTD,CLOSING_DATE: Closing date of the data,CLOSING_DATE,,,,,
t_kctd_interaction_agg_quality,KCTD_interaction-agg-quality_MRField.conf,DELIVERED,15.1.0,KCTD,"CUTOFF_DATE: Date of the data
ADOBE_REPORT_SUITE_NAME: The report suite name for the adobe.","CUTOFF_DATE, ADOBE_REPORT_SUITE_NAME",,,,,
t_kctd_interaction_agg_quality,KCTD_interaction-agg-quality_MRObject.conf,DELIVERED,15.1.0,KCTD,"CUTOFF_DATE: Date of the data 
FECHA_VOLUMETRIC: Closing date of values to compare with
ADOBE_REPORT_SUITE_NAME: The report suite name for the adobe. 
LOWER_BOUND: Lower percentage bound 
UPPER_BOUND: Upper percentage bound","CLOSING_DATE, FECHA_VOLUMETRIC, ADOBE_REPORT_SUITE_NAME, LOWER_BOUND, UPPER_BOUND",,,,,
t_kctd_interaction_hit_quality,KCTD_interaction-hit-quality_MRField.conf,DELIVERED,15.1.0,KCTD,"CLOSING_DATE: Closing date of the data
ADOBE_REPORT_SUITE_NAME: The report suite name for the adobe.","CLOSING_DATE, ADOBE_REPORT_SUITE_NAME",,,,,
t_kctd_interaction_hit_quality,KCTD_interaction-hit-quality_MRObject.conf,DELIVERED,15.1.0,KCTD,"CLOSING_DATE: Closing date of the data 
DATE_VOLUMETRIC: Closing date of values to compare with
ADOBE_REPORT_SUITE_NAME: The report suite name for the adobe. 
LOWER_BOUND: Lower percentage bound 
UPPER_BOUND: Upper percentage bound","CLOSING_DATE, DATE_VOLUMETRIC, ADOBE_REPORT_SUITE_NAME, LOWER_BOUND, UPPER_BOUND",,,,,
t_kctd_ip_device,KCTD_ip-device_MRField.conf,DELIVERED,15.1.0,KCTD,CUTOFF_DATE: Date of the data,CUTOFF_DATE,,,,,
t_kctd_ip_device,KCTD_ip-device_MRField.conf,DELIVERED,18.4.4,KCTD,CUTOFF_DATE: Date of the data,CUTOFF_DATE,,,,,
t_kfcm_cust_fdbk,KFCM_cust-fdbk_MRField.conf,DELIVERED,18.3.3,KFCM,CUTOFF_DATE: Date of the data,CUTOFF_DATE,,,,,
t_kfcm_cust_fdbk,KFCM_cust-fdbk_MRField.conf,DELIVERED,15.1.0,KFCM,CUTOFF_DATE: Date of the data,CUTOFF_DATE,,,,,
t_kfcm_cust_fdbk,KFCM_cust-fdbk_MRField.conf,DELIVERED,15.1.0,KFCM,"CUTOFF_DATE: Date of the data
CATALOG_COLUMN_0: Columna del catálogo local 
CATALOG_CODE_0: Filtrado del catálogo local
CATALOG_TABLE_0: Nombre de tabla local",", CATALOG_COLUMN_0, CATALOG_CODE_0, CATALOG_TABLE_0",,,,,
t_kfcm_cust_fdbk,KFCM_cust-fdbk_MRObject.conf,DELIVERED,15.1.0,KFCM,"CUTOFF_DATE: Date of the data
FECHA_VOLUMETRIC: Date of values to compare with
LOWER_BOUND: Lower percentage bound
UPPER_BOUND: Upper percentage bound","CUTOFF_DATE, FECHA_VOLUMETRIC, LOWER_BOUND, UPPER_BOUND",,,,,
t_kfcm_cust_fdbk_detail,KFCM_cust-fdbk-detail_KFCM_cust-fdbk_MMRule.conf,DELIVERED,18.3.0,KFCM,CUTOFF_DATE: Date of the data,CUTOFF_DATE,,,,,
t_kfcm_cust_fdbk_detail,KFCM_cust-fdbk-detail_MRField.conf,DELIVERED,18.3.3,KFCM,CUTOFF_DATE: Date of the data,CUTOFF_DATE,,,,,
t_kfcm_cust_fdbk_detail,KFCM_cust-fdbk-detail_MRField.conf,DELIVERED,15.1.0,KFCM,CUTOFF_DATE: Date of the data,CUTOFF_DATE,,,,,
t_kfcm_cust_fdbk_detail,KFCM_cust-fdbk-detail_MRObject.conf,DELIVERED,15.1.0,KFCM,"CUTOFF_DATE: Date of the data
FECHA_VOLUMETRIC: Date of values to compare with
LOWER_BOUND: Lower percentage bound
UPPER_BOUND: Upper percentage bound","CUTOFF_DATE, FECHA_VOLUMETRIC, LOWER_BOUND, UPPER_BOUND",,,,,
t_kfcm_fdbk_filled_form_field,KFCM_fdbk-filled-form-field_KFCM_feedback-form-shown_MMRule.conf,DELIVERED,15.1.0,KFCM,CUTOFF_DATE: Date of the data,CUTOFF_DATE,,,,,
t_kfcm_fdbk_filled_form_field,KFCM_fdbk-filled-form-field_MRField.conf,DELIVERED,18.3.3,KFCM,CUTOFF_DATE: Date of the data,CUTOFF_DATE,,,,,
t_kfcm_fdbk_filled_form_field,KFCM_fdbk-filled-form-field_MRField.conf,DELIVERED,15.1.0,KFCM,CUTOFF_DATE: Date of the data,CUTOFF_DATE,,,,,
t_kfcm_fdbk_filled_form_field,KFCM_fdbk-filled-form-field_MRObject.conf,DELIVERED,15.1.0,KFCM,"CUTOFF_DATE: Date of the data 
FECHA_VOLUMETRIC: Date of values to compare with 
LOWER_BOUND: Lower percentage bound 
UPPER_BOUND: Upper percentage bound 
IS_VOL_CRITICAL: Optional parameter to disable the criticality of the 6.9 rule","CUTOFF_DATE, FECHA_VOLUMETRIC, LOWER_BOUND, UPPER_BOUND, IS_VOL_CRITICAL",,,,,
t_kfcm_fdbk_saturation_rules,KFCM_fdbk-saturation-rules_MRField.conf,DELIVERED,18.3.3,KFCM,CUTOFF_DATE: Date of the data,CUTOFF_DATE,,,,,
t_kfcm_fdbk_saturation_rules,KFCM_fdbk-saturation-rules_MRField.conf,DELIVERED,15.1.0,KFCM,CUTOFF_DATE: Date of the data,CUTOFF_DATE,,,,,
t_kfcm_fdbk_saturation_rules,KFCM_fdbk-saturation-rules_MRField.conf,DELIVERED,16.0.6,KFCM,CUTOFF_DATE: Date of the data,CUTOFF_DATE,,,,,
t_kfcm_fdbk_saturation_rules,KFCM_fdbk-saturation-rules_MRField.conf,DELIVERED,18.4.0,KFCM,CUTOFF_DATE: Date of the data,CUTOFF_DATE,,,,,
t_kfcm_fdbk_saturation_rules,KFCM_fdbk-saturation-rules_MRObject.conf,DELIVERED,15.1.0,KFCM,"CUTOFF_DATE: Date of the data 
FECHA_VOLUMETRIC: Date of values to compare with 
LOWER_BOUND: Lower percentage bound 
UPPER_BOUND: Upper percentage bound 
IS_VOL_CRITICAL: Optional parameter to disable the criticality of the 6.9 rule","CUTOFF_DATE, FECHA_VOLUMETRIC, LOWER_BOUND, UPPER_BOUND, IS_VOL_CRITICAL",,,,,
t_kfcm_feedback_config,KFCM_feedback-config_KBTQ_customer-info_MMRule.conf,DELIVERED,18.3.0,KFCM,CUTOFF_DATE: Date of the data,CUTOFF_DATE,,,,,
t_kfcm_feedback_config,KFCM_feedback-config_KCOG_country_MMRule.conf,DELIVERED,18.3.0,KFCM,CUTOFF_DATE: Date of the data,CUTOFF_DATE,,,,,
t_kfcm_feedback_config,KFCM_feedback-config_KCOG_entity_MMRule.conf,DELIVERED,18.3.0,KFCM,CUTOFF_DATE: Date of the data,CUTOFF_DATE,,,,,
t_kfcm_feedback_config,KFCM_feedback-config_MRField.conf,DELIVERED,15.1.0,KFCM,CUTOFF_DATE: Date of the data,CUTOFF_DATE,,,,,
t_kfcm_feedback_config,KFCM_feedback-config_MRField.conf,DELIVERED,18.3.3,KFCM,CUTOFF_DATE: Date of the data,CUTOFF_DATE,,,,,
t_kfcm_feedback_config,KFCM_feedback-config_MRObject.conf,DELIVERED,15.1.0,KFCM,"CUTOFF_DATE: Date of the data
FECHA_VOLUMETRIC: Date of values to compare with
LOWER_BOUND: Lower percentage bound
UPPER_BOUND: Upper percentage bound","CUTOFF_DATE, FECHA_VOLUMETRIC, LOWER_BOUND, UPPER_BOUND",,,,,
t_kfcm_feedback_filled_form,KFCM_feedback-filled-form_KFCM_feedback-form-shown_MMRule.conf,DELIVERED,15.1.0,KFCM,CUTOFF_DATE: Date of the data,CUTOFF_DATE,,,,,
t_kfcm_feedback_filled_form,KFCM_feedback-filled-form_MRField.conf,DELIVERED,18.3.3,KFCM,CUTOFF_DATE: Date of the data,CUTOFF_DATE,,,,,
t_kfcm_feedback_filled_form,KFCM_feedback-filled-form_MRField.conf,DELIVERED,15.1.0,KFCM,CUTOFF_DATE: Date of the data,CUTOFF_DATE,,,,,
t_kfcm_feedback_filled_form,KFCM_feedback-filled-form_MRObject.conf,DELIVERED,15.1.0,KFCM,"CUTOFF_DATE: Date of the data 
FECHA_VOLUMETRIC: Date of values to compare with 
LOWER_BOUND: Lower percentage bound 
UPPER_BOUND: Upper percentage bound 
IS_VOL_CRITICAL: Optional parameter to disable the criticality of the 6.9 rule","CUTOFF_DATE, FECHA_VOLUMETRIC, LOWER_BOUND, UPPER_BOUND, IS_VOL_CRITICAL",,,,,
t_kfcm_feedback_form_field,KFCM_feedback-form-field_MRField.conf,DELIVERED,18.3.3,KFCM,CUTOFF_DATE: Date of the data,CUTOFF_DATE,,,,,
t_kfcm_feedback_form_field,KFCM_feedback-form-field_MRField.conf,DELIVERED,15.1.0,KFCM,CUTOFF_DATE: Date of the data,CUTOFF_DATE,,,,,
t_kfcm_feedback_form_field,KFCM_feedback-form-field_MRObject.conf,DELIVERED,15.1.0,KFCM,"CUTOFF_DATE: Date of the data 
FECHA_VOLUMETRIC: Date of values to compare with 
LOWER_BOUND: Lower percentage bound 
UPPER_BOUND: Upper percentage bound 
IS_VOL_CRITICAL: Optional parameter to disable the criticality of the 6.9 rule","CUTOFF_DATE, FECHA_VOLUMETRIC, LOWER_BOUND, UPPER_BOUND, IS_VOL_CRITICAL",,,,,
t_kfcm_feedback_form_shown,KFCM_feedback-form-shown_KCOG_country_MMRule.conf,DELIVERED,17.2.0,KFCM,CUTOFF_DATE: Date of the data,CUTOFF_DATE,,,,,
t_kfcm_feedback_form_shown,KFCM_feedback-form-shown_MRField.conf,DELIVERED,18.3.3,KFCM,CUTOFF_DATE: Date of the data,CUTOFF_DATE,,,,,
t_kfcm_feedback_form_shown,KFCM_feedback-form-shown_MRField.conf,DELIVERED,15.1.0,KFCM,CUTOFF_DATE: Date of the data,CUTOFF_DATE,,,,,
t_kfcm_feedback_form_shown,KFCM_feedback-form-shown_MRField.conf,DELIVERED,18.1.0,KFCM,CUTOFF_DATE: Date of the data,CUTOFF_DATE,,,,,
t_kfcm_feedback_forms,KFCM_feedback-forms_MRField.conf,DELIVERED,15.1.0,KFCM,CUTOFF_DATE: Date of the data,CUTOFF_DATE,,,,,
t_kfcm_feedback_forms,KFCM_feedback-forms_MRObject.conf,DELIVERED,15.1.0,KFCM,"CUTOFF_DATE: Date of the data 
FECHA_VOLUMETRIC: Date of values to compare with 
LOWER_BOUND: Lower percentage bound 
UPPER_BOUND: Upper percentage bound 
IS_VOL_CRITICAL: Optional parameter to disable the criticality of the 6.9 rule","CUTOFF_DATE, FECHA_VOLUMETRIC, LOWER_BOUND, UPPER_BOUND, IS_VOL_CRITICAL",,,,,
t_kfcm_feedback_options,KFCM_feedback-options_MRField.conf,DELIVERED,18.3.3,KFCM,CUTOFF_DATE: Date of the data,CUTOFF_DATE,,,,,
t_kfcm_feedback_options,KFCM_feedback-options_MRField.conf,DELIVERED,15.1.0,KFCM,CUTOFF_DATE: Date of the data,CUTOFF_DATE,,,,,
t_kfcm_feedback_options,KFCM_feedback-options_MRObject.conf,DELIVERED,15.1.0,KFCM,"CUTOFF_DATE: Date of the data 
FECHA_VOLUMETRIC: Date of values to compare with 
LOWER_BOUND: Lower percentage bound 
UPPER_BOUND: Upper percentage bound 
IS_VOL_CRITICAL: Optional parameter to disable the criticality of the 6.9 rule","CUTOFF_DATE, FECHA_VOLUMETRIC, LOWER_BOUND, UPPER_BOUND, IS_VOL_CRITICAL",,,,,
t_kfcm_feedback_rlvnt_facts,KFCM_feedback-rlvnt-facts_KATC_relevant-facts_MMRule.conf,DELIVERED,18.3.0,KFCM,CUTOFF_DATE: Date of the data,CUTOFF_DATE,,,,,
t_kfcm_feedback_rlvnt_facts,KFCM_feedback-rlvnt-facts_KBTQ_customer-info_MMRule.conf,DELIVERED,18.3.0,KFCM,CUTOFF_DATE: Date of the data,CUTOFF_DATE,,,,,
t_kfcm_feedback_rlvnt_facts,KFCM_feedback-rlvnt-facts_KCOG_country_MMRule.conf,DELIVERED,18.3.0,KFCM,CUTOFF_DATE: Date of the data,CUTOFF_DATE,,,,,
t_kfcm_feedback_rlvnt_facts,KFCM_feedback-rlvnt-facts_KCOG_entity_MMRule.conf,DELIVERED,18.3.0,KFCM,CUTOFF_DATE: Date of the data,CUTOFF_DATE,,,,,
t_kfcm_feedback_rlvnt_facts,KFCM_feedback-rlvnt-facts_MRField.conf,DELIVERED,15.1.0,KFCM,CUTOFF_DATE: Date of the data,CUTOFF_DATE,,,,,
t_kfcm_feedback_rlvnt_facts,KFCM_feedback-rlvnt-facts_MRField.conf,DELIVERED,18.3.3,KFCM,CUTOFF_DATE: Date of the data,CUTOFF_DATE,,,,,
t_kfcm_feedback_rlvnt_facts,KFCM_feedback-rlvnt-facts_MRObject.conf,DELIVERED,15.1.0,KFCM,"CUTOFF_DATE: Date of the data
FECHA_VOLUMETRIC: Date of values to compare with
LOWER_BOUND: Lower percentage bound
UPPER_BOUND: Upper percentage bound","CUTOFF_DATE, FECHA_VOLUMETRIC, LOWER_BOUND, UPPER_BOUND",,,,,
t_kfcm_insurance_claim_survey,KFCM_insurance-claim-survey_MRField.conf,DELIVERED,16.1.1,KFCM,CUTOFF_DATE: Date of the data,CUTOFF_DATE,,,,,
t_kfcm_insurance_claim_survey,KFCM_insurance-claim-survey_MRField.conf,DELIVERED,16.0.0,KFCM,CUTOFF_DATE: Date of the data,CUTOFF_DATE,,,,,
t_kfcm_nps_detail,KFCM_nps-detail_KCOG_country_MMRule.conf,DELIVERED,18.3.0,KFCM,CUTOFF_DATE: Date of the data,CUTOFF_DATE,,,,,
t_kfcm_nps_detail,KFCM_nps-detail_KCOG_entity_MMRule.conf,DELIVERED,18.3.0,KFCM,CUTOFF_DATE: Date of the data,CUTOFF_DATE,,,,,
t_kfcm_nps_detail,KFCM_nps-detail_MRField.conf,DELIVERED,15.1.0,KFCM,CUTOFF_DATE: Date of the data,CUTOFF_DATE,,,,,
t_kfcm_nps_detail,KFCM_nps-detail_MRField.conf,DELIVERED,18.3.3,KFCM,CUTOFF_DATE: Date of the data,CUTOFF_DATE,,,,,
t_kfcm_nps_detail,KFCM_nps-detail_MRField.conf,DELIVERED,15.1.0,KFCM,"CUTOFF_DATE: Date of the data
CATALOG_COLUMN_0: Columna del catálogo local 
CATALOG_CODE_0: Filtrado del catálogo local
CATALOG_TABLE_0: Nombre de tabla local",", CATALOG_COLUMN_0, CATALOG_CODE_0, CATALOG_TABLE_0",,,,,
t_kfcm_nps_detail,KFCM_nps-detail_MRField.conf,DELIVERED,15.1.0,KFCM,"CUTOFF_DATE: Date of the data
CATALOG_COLUMN_1: Columna del catálogo local 
CATALOG_CODE_1: Filtrado del catálogo local
CATALOG_TABLE_1: Nombre de tabla local",", CATALOG_COLUMN_1, CATALOG_CODE_1, CATALOG_TABLE_1",,,,,
t_kfcm_nps_detail,KFCM_nps-detail_MRField.conf,DELIVERED,15.1.0,KFCM,"CUTOFF_DATE: Date of the data
CATALOG_COLUMN_2: Columna del catálogo local 
CATALOG_CODE_2: Filtrado del catálogo local
CATALOG_TABLE_2: Nombre de tabla local",", CATALOG_COLUMN_2, CATALOG_CODE_2, CATALOG_TABLE_2",,,,,
t_kfcm_nps_detail,KFCM_nps-detail_MRObject.conf,DELIVERED,15.1.0,KFCM,"CUTOFF_DATE: Date of the data
FECHA_VOLUMETRIC: Date of values to compare with
LOWER_BOUND: Lower percentage bound
UPPER_BOUND: Upper percentage bound","CUTOFF_DATE, FECHA_VOLUMETRIC, LOWER_BOUND, UPPER_BOUND",,,,,
t_kfcm_nps_sv_respondent_retail,KFCM_nps-sv-respondent-retail_KCOG_country_MMRule.conf,DELIVERED,18.3.0,KFCM,CUTOFF_DATE: Date of the data,CUTOFF_DATE,,,,,
t_kfcm_nps_sv_respondent_retail,KFCM_nps-sv-respondent-retail_KCOG_entity_MMRule.conf,DELIVERED,18.3.0,KFCM,CUTOFF_DATE: Date of the data,CUTOFF_DATE,,,,,
t_kfcm_nps_sv_respondent_retail,KFCM_nps-sv-respondent-retail_MRField.conf,DELIVERED,15.1.0,KFCM,CUTOFF_DATE: Date of the data,CUTOFF_DATE,,,,,
t_kfcm_nps_sv_respondent_retail,KFCM_nps-sv-respondent-retail_MRField.conf,DELIVERED,18.3.3,KFCM,CUTOFF_DATE: Date of the data,CUTOFF_DATE,,,,,
t_kfcm_nps_sv_respondent_retail,KFCM_nps-sv-respondent-retail_MRField.conf,DELIVERED,15.1.0,KFCM,"CUTOFF_DATE: Date of the data
CATALOG_COLUMN_0: Columna del catálogo local 
CATALOG_CODE_0: Filtrado del catálogo local
CATALOG_TABLE_0: Nombre de tabla local",", CATALOG_COLUMN_0, CATALOG_CODE_0, CATALOG_TABLE_0",,,,,
t_kfcm_nps_sv_respondent_retail,KFCM_nps-sv-respondent-retail_MRObject.conf,DELIVERED,15.1.0,KFCM,"CUTOFF_DATE: Date of the data
FECHA_VOLUMETRIC: Date of values to compare with
LOWER_BOUND: Lower percentage bound
UPPER_BOUND: Upper percentage bound","CUTOFF_DATE, FECHA_VOLUMETRIC, LOWER_BOUND, UPPER_BOUND",,,,,
t_kfcm_nps_sv_respondent_smes,KFCM_nps-sv-respondent-smes_KCOG_country_MMRule.conf,DELIVERED,18.3.0,KFCM,CUTOFF_DATE: Date of the data,CUTOFF_DATE,,,,,
t_kfcm_nps_sv_respondent_smes,KFCM_nps-sv-respondent-smes_KCOG_entity_MMRule.conf,DELIVERED,18.3.0,KFCM,CUTOFF_DATE: Date of the data,CUTOFF_DATE,,,,,
t_kfcm_nps_sv_respondent_smes,KFCM_nps-sv-respondent-smes_MRField.conf,DELIVERED,15.1.0,KFCM,CUTOFF_DATE: Date of the data,CUTOFF_DATE,,,,,
t_kfcm_nps_sv_respondent_smes,KFCM_nps-sv-respondent-smes_MRField.conf,DELIVERED,18.3.3,KFCM,CUTOFF_DATE: Date of the data,CUTOFF_DATE,,,,,
t_kfcm_nps_sv_respondent_smes,KFCM_nps-sv-respondent-smes_MRField.conf,DELIVERED,15.1.0,KFCM,"CUTOFF_DATE: Date of the data
CATALOG_COLUMN_0: Columna del catálogo local 
CATALOG_CODE_0: Filtrado del catálogo local
CATALOG_TABLE_0: Nombre de tabla local",", CATALOG_COLUMN_0, CATALOG_CODE_0, CATALOG_TABLE_0",,,,,
t_kfcm_nps_sv_respondent_smes,KFCM_nps-sv-respondent-smes_MRField.conf,DELIVERED,15.1.0,KFCM,"CUTOFF_DATE: Date of the data
CATALOG_COLUMN_1: Columna del catálogo local 
CATALOG_CODE_1: Filtrado del catálogo local
CATALOG_TABLE_1: Nombre de tabla local",", CATALOG_COLUMN_1, CATALOG_CODE_1, CATALOG_TABLE_1",,,,,
t_kfcm_nps_sv_respondent_smes,KFCM_nps-sv-respondent-smes_MRField.conf,DELIVERED,16.1.5,KFCM,CUTOFF_DATE: Date of the data,CUTOFF_DATE,,,,,
t_kfcm_nps_sv_respondent_smes,KFCM_nps-sv-respondent-smes_MRObject.conf,DELIVERED,15.1.0,KFCM,"CUTOFF_DATE: Date of the data
FECHA_VOLUMETRIC: Date of values to compare with
LOWER_BOUND: Lower percentage bound
UPPER_BOUND: Upper percentage bound","CUTOFF_DATE, FECHA_VOLUMETRIC, LOWER_BOUND, UPPER_BOUND",,,,,
t_kfcm_us_fdbk_fill_frmm_rev_fld,KFCM_us-fdbk-fill-frmm-rev-fld_MRField.conf,DELIVERED,18.3.7,NOLS,CUTOFF_DATE: Date of the data,CUTOFF_DATE,,,,,
t_kfcm_user_fdbk_filled_form_fld,KFCM_user-fdbk-filled-form-fld_MRField.conf,DELIVERED,18.3.7,NOLS,CUTOFF_DATE: Date of the data,CUTOFF_DATE,,,,,
t_kmig_customer_allocation,KMIG_customer-allocation_KBTQ_role-person_MMRule.conf,DELIVERED,18.3.0,KMIG,CUTOFF_DATE: Date of the data,CUTOFF_DATE,,,,,
t_kmig_customer_allocation,KMIG_customer-allocation_KCOG_branch_MMRule.conf,DELIVERED,15.1.0,KMIG,CUTOFF_DATE: Date of the data,CUTOFF_DATE,,,,,
t_kmig_customer_allocation,KMIG_customer-allocation_KCOG_country_MMRule.conf,DELIVERED,18.3.0,KMIG,CUTOFF_DATE: Date of the data,CUTOFF_DATE,,,,,
t_kmig_customer_allocation,KMIG_customer-allocation_KCOG_entity_MMRule.conf,DELIVERED,18.3.0,KMIG,CUTOFF_DATE: Date of the data,CUTOFF_DATE,,,,,
t_kmig_customer_allocation,KMIG_customer-allocation_KCOG_entity_MMRule.conf,DELIVERED,16.0.8,KMIG,CUTOFF_DATE: Date of the data,CUTOFF_DATE,,,,,
t_kmig_customer_allocation,KMIG_customer-allocation_MRField.conf,DELIVERED,15.1.0,KMIG,CUTOFF_DATE: Date of the data,CUTOFF_DATE,,,,,
t_kmig_customer_allocation,KMIG_customer-allocation_MRField.conf,DELIVERED,18.3.3,KMIG,CUTOFF_DATE: Date of the data,CUTOFF_DATE,,,,,
t_kmig_customer_allocation,KMIG_customer-allocation_MRField.conf,DELIVERED,16.0.6,KMIG,CUTOFF_DATE: Date of the data,CUTOFF_DATE,,,,,
t_kmig_customer_allocation,KMIG_customer-allocation_MRObject.conf,DELIVERED,15.1.0,KMIG,"CUTOFF_DATE: Date of the data
FECHA_VOLUMETRIC: Date of values to compare with
LOWER_BOUND: Lower percentage bound
UPPER_BOUND: Upper percentage bound","CUTOFF_DATE, FECHA_VOLUMETRIC, LOWER_BOUND, UPPER_BOUND",,,,,
t_knfa_energy_certifications,KNFA_energy-certifications_KCOG_country_MMRule.conf,DELIVERED,18.3.3,KNFA,CUTOFF_DATE: Date of the data,CUTOFF_DATE,,,,,
t_knfa_energy_certifications,KNFA_energy-certifications_MRField.conf,DELIVERED,18.3.3,KNFA,CUTOFF_DATE: Date of the data,CUTOFF_DATE,,,,,
t_knfa_energy_certifications,KNFA_energy-certifications_MRField.conf,DELIVERED,17.1.0,KNFA,CUTOFF_DATE: Date of the data,CUTOFF_DATE,,,,,
t_knfa_energy_certifications,KNFA_energy-certifications_MRField.conf,DELIVERED,17.1.0,KNFA,"CUTOFF_DATE: Date of the data
CATALOG_COLUMN_3: Columna del catálogo local 
CATALOG_CODE_3: Filtrado del catálogo local
CATALOG_TABLE_3: Nombre de tabla local",", CATALOG_COLUMN_3, CATALOG_CODE_3, CATALOG_TABLE_3",,,,,
t_knfa_energy_certifications,KNFA_energy-certifications_MRObject.conf,DELIVERED,17.1.0,KNFA,"CUTOFF_DATE: Date of the data
FECHA_VOLUMETRIC: Date of values to compare with
LOWER_BOUND: Lower percentage bound
UPPER_BOUND: Upper percentage bound","CUTOFF_DATE, FECHA_VOLUMETRIC, LOWER_BOUND, UPPER_BOUND",,,,,
t_knfa_home_center,KNFA_home-center_KNFA_non-financial-assets_MMRule.conf,DELIVERED,18.3.0,KNFA,CUTOFF_DATE: Date of the data,CUTOFF_DATE,,,,,
t_knfa_home_center,KNFA_home-center_MRField.conf,DELIVERED,15.1.0,KNFA,CUTOFF_DATE: Date of the data,CUTOFF_DATE,,,,,
t_knfa_home_center,KNFA_home-center_MRField.conf,DELIVERED,18.3.3,KNFA,CUTOFF_DATE: Date of the data,CUTOFF_DATE,,,,,
t_knfa_home_center,KNFA_home-center_MRField.conf,DELIVERED,15.1.0,KNFA,"CUTOFF_DATE: Date of the data
CATALOG_COLUMN_0: Columna del catálogo local 
CATALOG_CODE_0: Filtrado del catálogo local
CATALOG_TABLE_0: Nombre de tabla local",", CATALOG_COLUMN_0, CATALOG_CODE_0, CATALOG_TABLE_0",,,,,
t_knfa_home_center,KNFA_home-center_MRField.conf,DELIVERED,15.1.0,KNFA,"CUTOFF_DATE: Date of the data
CATALOG_COLUMN_1: Columna del catálogo local 
CATALOG_CODE_1: Filtrado del catálogo local
CATALOG_TABLE_1: Nombre de tabla local",", CATALOG_COLUMN_1, CATALOG_CODE_1, CATALOG_TABLE_1",,,,,
t_knfa_home_center,KNFA_home-center_MRField.conf,DELIVERED,15.1.0,KNFA,"CUTOFF_DATE: Date of the data
CATALOG_COLUMN_2: Columna del catálogo local 
CATALOG_CODE_2: Filtrado del catálogo local
CATALOG_TABLE_2: Nombre de tabla local",", CATALOG_COLUMN_2, CATALOG_CODE_2, CATALOG_TABLE_2",,,,,
t_knfa_home_center,KNFA_home-center_MRObject.conf,DELIVERED,15.1.0,KNFA,"CUTOFF_DATE: Date of the data
FECHA_VOLUMETRIC: Date of values to compare with
LOWER_BOUND: Lower percentage bound
UPPER_BOUND: Upper percentage bound","CUTOFF_DATE, FECHA_VOLUMETRIC, LOWER_BOUND, UPPER_BOUND",,,,,
t_knfa_market_value,KNFA_market-value_KNFA_non-financial-assets_MMRule.conf,DELIVERED,18.3.0,KNFA,CUTOFF_DATE: Date of the data,CUTOFF_DATE,,,,,
t_knfa_market_value,KNFA_market-value_MRField.conf,DELIVERED,15.1.0,KNFA,CUTOFF_DATE: Date of the data,CUTOFF_DATE,,,,,
t_knfa_market_value,KNFA_market-value_MRField.conf,DELIVERED,18.3.3,KNFA,CUTOFF_DATE: Date of the data,CUTOFF_DATE,,,,,
t_knfa_market_value,KNFA_market-value_MRObject.conf,DELIVERED,15.1.0,KNFA,"CUTOFF_DATE: Date of the data
FECHA_VOLUMETRIC: Date of values to compare with
LOWER_BOUND: Lower percentage bound
UPPER_BOUND: Upper percentage bound","CUTOFF_DATE, FECHA_VOLUMETRIC, LOWER_BOUND, UPPER_BOUND",,,,,
t_knfa_non_financial_assets,KNFA_non-financial-assets_KBTQ_role-person_MMRule.conf,DELIVERED,18.3.0,KNFA,CUTOFF_DATE: Date of the data,CUTOFF_DATE,,,,,
t_knfa_non_financial_assets,KNFA_non-financial-assets_KCOG_country_MMRule.conf,DELIVERED,18.3.0,KNFA,CUTOFF_DATE: Date of the data,CUTOFF_DATE,,,,,
t_knfa_non_financial_assets,KNFA_non-financial-assets_KCOG_entity_MMRule.conf,DELIVERED,18.3.0,KNFA,CUTOFF_DATE: Date of the data,CUTOFF_DATE,,,,,
t_knfa_non_financial_assets,KNFA_non-financial-assets_MRField.conf,DELIVERED,15.1.0,KNFA,CUTOFF_DATE: Date of the data,CUTOFF_DATE,,,,,
t_knfa_non_financial_assets,KNFA_non-financial-assets_MRField.conf,DELIVERED,18.3.3,KNFA,CUTOFF_DATE: Date of the data,CUTOFF_DATE,,,,,
t_knfa_non_financial_assets,KNFA_non-financial-assets_MRObject.conf,DELIVERED,15.1.0,KNFA,"CUTOFF_DATE: Date of the data
FECHA_VOLUMETRIC: Date of values to compare with
LOWER_BOUND: Lower percentage bound
UPPER_BOUND: Upper percentage bound","CUTOFF_DATE, FECHA_VOLUMETRIC, LOWER_BOUND, UPPER_BOUND",,,,,
t_knfa_personalized_expenses,KNFA_personalized-expenses_KNFA_non-financial-assets_MMRule.conf,DELIVERED,18.3.0,KNFA,CUTOFF_DATE: Date of the data,CUTOFF_DATE,,,,,
t_knfa_personalized_expenses,KNFA_personalized-expenses_MRField.conf,DELIVERED,15.1.0,KNFA,CUTOFF_DATE: Date of the data,CUTOFF_DATE,,,,,
t_knfa_personalized_expenses,KNFA_personalized-expenses_MRField.conf,DELIVERED,18.3.3,KNFA,CUTOFF_DATE: Date of the data,CUTOFF_DATE,,,,,
t_knfa_personalized_expenses,KNFA_personalized-expenses_MRField.conf,DELIVERED,16.0.0,KNFA,CUTOFF_DATE: Date of the data,CUTOFF_DATE,,,,,
t_knfa_personalized_expenses,KNFA_personalized-expenses_MRObject.conf,DELIVERED,15.1.0,KNFA,"CUTOFF_DATE: Date of the data
FECHA_VOLUMETRIC: Date of values to compare with
LOWER_BOUND: Lower percentage bound
UPPER_BOUND: Upper percentage bound","CUTOFF_DATE, FECHA_VOLUMETRIC, LOWER_BOUND, UPPER_BOUND",,,,,
t_knfa_products_detail,KNFA_products-detail_KNFA_non-financial-assets_MMRule.conf,DELIVERED,18.3.0,KNFA,CUTOFF_DATE: Date of the data,CUTOFF_DATE,,,,,
t_knfa_products_detail,KNFA_products-detail_MRField.conf,DELIVERED,15.1.0,KNFA,CUTOFF_DATE: Date of the data,CUTOFF_DATE,,,,,
t_knfa_products_detail,KNFA_products-detail_MRField.conf,DELIVERED,16.0.2,KNFA,CUTOFF_DATE: Date of the data,CUTOFF_DATE,,,,,
t_knfa_products_detail,KNFA_products-detail_MRField.conf,DELIVERED,18.3.3,KNFA,CUTOFF_DATE: Date of the data,CUTOFF_DATE,,,,,
t_knfa_products_detail,KNFA_products-detail_MRObject.conf,DELIVERED,15.1.0,KNFA,"CUTOFF_DATE: Date of the data
FECHA_VOLUMETRIC: Date of values to compare with
LOWER_BOUND: Lower percentage bound
UPPER_BOUND: Upper percentage bound","CUTOFF_DATE, FECHA_VOLUMETRIC, LOWER_BOUND, UPPER_BOUND",,,,,
t_knfa_real_estate_favourites,KNFA_real-estate-favourites_KBTQ_role-person_MMRule.conf,DELIVERED,18.3.0,KNFA,CUTOFF_DATE: Date of the data,CUTOFF_DATE,,,,,
t_knfa_real_estate_favourites,KNFA_real-estate-favourites_MRField.conf,DELIVERED,15.1.0,KNFA,CUTOFF_DATE: Date of the data,CUTOFF_DATE,,,,,
t_knfa_real_estate_favourites,KNFA_real-estate-favourites_MRField.conf,DELIVERED,18.3.3,KNFA,CUTOFF_DATE: Date of the data,CUTOFF_DATE,,,,,
t_knfa_real_estate_favourites,KNFA_real-estate-favourites_MRField.conf,DELIVERED,15.1.0,KNFA,"CUTOFF_DATE: Date of the data
CATALOG_COLUMN_0: Columna del catálogo local 
CATALOG_CODE_0: Filtrado del catálogo local
CATALOG_TABLE_0: Nombre de tabla local",", CATALOG_COLUMN_0, CATALOG_CODE_0, CATALOG_TABLE_0",,,,,
t_knfa_real_estate_favourites,KNFA_real-estate-favourites_MRObject.conf,DELIVERED,15.1.0,KNFA,"CUTOFF_DATE: Date of the data
FECHA_VOLUMETRIC: Date of values to compare with
LOWER_BOUND: Lower percentage bound
UPPER_BOUND: Upper percentage bound","CUTOFF_DATE, FECHA_VOLUMETRIC, LOWER_BOUND, UPPER_BOUND",,,,,
t_knfa_vehicles_center,KNFA_vehicles-center_MRField.conf,DELIVERED,15.1.0,KNFA,CUTOFF_DATE: Date of the data,CUTOFF_DATE,,,,,
t_knfa_vehicles_center,KNFA_vehicles-center_MRField.conf,DELIVERED,15.1.0,KNFA,"CUTOFF_DATE: Date of the data
SOURCE: Origin of data (g_data_source_origin_type)","CUTOFF_DATE, SOURCE",,,,,
t_knfa_vehicles_center,KNFA_vehicles-center_MRField.conf,DELIVERED,18.3.3,KNFA,CUTOFF_DATE: Date of the data,CUTOFF_DATE,,,,,
t_knfa_vehicles_center,KNFA_vehicles-center_MRField.conf,DELIVERED,15.1.0,KNFA,"CUTOFF_DATE: Date of the data
CATALOG_COLUMN_0: Columna del catálogo local 
CATALOG_CODE_0: Filtrado del catálogo local
CATALOG_TABLE_0: Nombre de tabla local",", CATALOG_COLUMN_0, CATALOG_CODE_0, CATALOG_TABLE_0",,,,,
t_knfa_vehicles_center,KNFA_vehicles-center_MRField.conf,DELIVERED,15.1.0,KNFA,"CUTOFF_DATE: Date of the data
CATALOG_COLUMN_1: Columna del catálogo local 
CATALOG_CODE_1: Filtrado del catálogo local
CATALOG_TABLE_1: Nombre de tabla local",", CATALOG_COLUMN_1, CATALOG_CODE_1, CATALOG_TABLE_1",,,,,
t_knfa_vehicles_center,KNFA_vehicles-center_MRField.conf,DELIVERED,15.1.0,KNFA,"CUTOFF_DATE: Date of the data
CATALOG_COLUMN_2: Columna del catálogo local 
CATALOG_CODE_2: Filtrado del catálogo local
CATALOG_TABLE_2: Nombre de tabla local",", CATALOG_COLUMN_2, CATALOG_CODE_2, CATALOG_TABLE_2",,,,,
t_knfa_vehicles_center,KNFA_vehicles-center_MRField.conf,DELIVERED,16.0.2,KNFA,CUTOFF_DATE: Date of the data,CUTOFF_DATE,,,,,
t_knfa_vehicles_center,KNFA_vehicles-center_MRField.conf,DELIVERED,16.1.4,KNFA,CUTOFF_DATE: Date of the data,CUTOFF_DATE,,,,,
t_knfa_vehicles_center,KNFA_vehicles-center_MRObject.conf,DELIVERED,15.1.0,KNFA,"CUTOFF_DATE: Date of the data
FECHA_VOLUMETRIC: Date of values to compare with
LOWER_BOUND: Lower percentage bound
UPPER_BOUND: Upper percentage bound
SOURCE: Origin of data (g_data_source_origin_type)","CUTOFF_DATE, FECHA_VOLUMETRIC, LOWER_BOUND, UPPER_BOUND, SOURCE",,,,,
t_knfa_vehicles_center,KNFA_vehicles-center_P68X_vehicle-version-catalog_MMRule.conf,DELIVERED,15.1.0,KNFA,CUTOFF_DATE: Date of the data,CUTOFF_DATE,,,,,
t_knfa_vehicles_favourites,KNFA_vehicles-favourites_KBTQ_role-person_MMRule.conf,DELIVERED,18.3.0,KNFA,CUTOFF_DATE: Date of the data,CUTOFF_DATE,,,,,
t_knfa_vehicles_favourites,KNFA_vehicles-favourites_KCOG_country_MMRule.conf,DELIVERED,18.3.0,KNFA,CUTOFF_DATE: Date of the data,CUTOFF_DATE,,,,,
t_knfa_vehicles_favourites,KNFA_vehicles-favourites_KCOG_entity_MMRule.conf,DELIVERED,18.3.0,KNFA,CUTOFF_DATE: Date of the data,CUTOFF_DATE,,,,,
t_knfa_vehicles_favourites,KNFA_vehicles-favourites_MRField.conf,DELIVERED,15.1.0,KNFA,CUTOFF_DATE: Date of the data,CUTOFF_DATE,,,,,
t_knfa_vehicles_favourites,KNFA_vehicles-favourites_MRField.conf,DELIVERED,18.3.3,KNFA,CUTOFF_DATE: Date of the data,CUTOFF_DATE,,,,,
t_knfa_vehicles_favourites,KNFA_vehicles-favourites_MRField.conf,DELIVERED,15.1.0,KNFA,"CUTOFF_DATE: Date of the data
CATALOG_COLUMN_0: Columna del catálogo local 
CATALOG_CODE_0: Filtrado del catálogo local
CATALOG_TABLE_0: Nombre de tabla local",", CATALOG_COLUMN_0, CATALOG_CODE_0, CATALOG_TABLE_0",,,,,
t_knfa_vehicles_favourites,KNFA_vehicles-favourites_MRField.conf,DELIVERED,15.1.0,KNFA,"CUTOFF_DATE: Date of the data
CATALOG_COLUMN_1: Columna del catálogo local 
CATALOG_CODE_1: Filtrado del catálogo local
CATALOG_TABLE_1: Nombre de tabla local",", CATALOG_COLUMN_1, CATALOG_CODE_1, CATALOG_TABLE_1",,,,,
t_knfa_vehicles_favourites,KNFA_vehicles-favourites_MRField.conf,DELIVERED,15.1.0,KNFA,"CUTOFF_DATE: Date of the data
CATALOG_COLUMN_2: Columna del catálogo local 
CATALOG_CODE_2: Filtrado del catálogo local
CATALOG_TABLE_2: Nombre de tabla local",", CATALOG_COLUMN_2, CATALOG_CODE_2, CATALOG_TABLE_2",,,,,
t_knfa_vehicles_favourites,KNFA_vehicles-favourites_MRObject.conf,DELIVERED,15.1.0,KNFA,"CUTOFF_DATE: Date of the data
FECHA_VOLUMETRIC: Date of values to compare with
LOWER_BOUND: Lower percentage bound
UPPER_BOUND: Upper percentage bound","CUTOFF_DATE, FECHA_VOLUMETRIC, LOWER_BOUND, UPPER_BOUND",,,,,
t_knfa_vehicles_favourites,KNFA_vehicles-favourites_P68X_vehicle-version-catalog_MMRule.conf,DELIVERED,15.1.0,KNFA,CUTOFF_DATE: Date of the data,CUTOFF_DATE,,,,,
t_kpan_credit_fclty_proposals,KPAN_credit-fclty-proposals_KCOG_country_MMRule.conf,DELIVERED,18.3.3,KPAN,CUTOFF_DATE: Date of the data,CUTOFF_DATE,,,,,
t_kpan_credit_fclty_proposals,KPAN_credit-fclty-proposals_KCOG_currency_MMRule.conf,DELIVERED,18.3.3,KPAN,CUTOFF_DATE: Date of the data,CUTOFF_DATE,,,,,
t_kpan_credit_fclty_proposals,KPAN_credit-fclty-proposals_MRField.conf,DELIVERED,15.1.0,KPAN,CUTOFF_DATE: Date of the data,CUTOFF_DATE,,,,,
t_kpan_credit_fclty_proposals,KPAN_credit-fclty-proposals_MRField.conf,DELIVERED,18.3.3,KPAN,CUTOFF_DATE: Date of the data,CUTOFF_DATE,,,,,
t_kpan_credit_fclty_proposals,KPAN_credit-fclty-proposals_MRObject.conf,DELIVERED,15.1.0,KPAN,"CUTOFF_DATE: Date of the data
FECHA_VOLUMETRIC: Date of values to compare with
LOWER_BOUND: Lower percentage bound
UPPER_BOUND: Upper percentage bound","CUTOFF_DATE, FECHA_VOLUMETRIC, LOWER_BOUND, UPPER_BOUND",,,,,
t_kpan_credit_fclty_proposals,KPAN_credit-fclty-proposals_YH2J_gbl-channel-hier-master_MMRule.conf,DELIVERED,18.3.3,KPAN,CUTOFF_DATE: Date of the data,CUTOFF_DATE,,,,,
t_kpan_credit_fclty_proposals,KPAN_credit-fclty-proposals_YH2J_gbl-product-hier-master_MMRule.conf,DELIVERED,18.3.3,KPAN,CUTOFF_DATE: Date of the data,CUTOFF_DATE,,,,,
t_kpan_credit_fclty_proposals_dp,KPAN_credit-fclty-proposals-dp_KCOG_country_MMRule.conf,DELIVERED,18.3.3,KPAN,CUTOFF_DATE: Date of the data,CUTOFF_DATE,,,,,
t_kpan_credit_fclty_proposals_dp,KPAN_credit-fclty-proposals-dp_KCOG_currency_MMRule.conf,DELIVERED,18.3.3,KPAN,CUTOFF_DATE: Date of the data,CUTOFF_DATE,,,,,
t_kpan_credit_fclty_proposals_dp,KPAN_credit-fclty-proposals-dp_MRField.conf,DELIVERED,18.3.3,KPAN,CUTOFF_DATE: Date of the data,CUTOFF_DATE,,,,,
t_kpan_credit_fclty_proposals_dp,KPAN_credit-fclty-proposals-dp_MRField.conf,DELIVERED,17.0.2,KPAN,CUTOFF_DATE: Date of the data,CUTOFF_DATE,,,,,
t_kpan_credit_fclty_proposals_dp,KPAN_credit-fclty-proposals-dp_MRField.conf,DELIVERED,17.0.2,KPAN,"CUTOFF_DATE: Date of the data
CATALOG_COLUMN_0: Columna del catálogo local
CATALOG_CODE_0: Filtrado del catálogo local
CATALOG_TABLE_0: Nombre de tabla local",", CATALOG_COLUMN_0, CATALOG_CODE_0, CATALOG_TABLE_0",,,,,
t_kpan_credit_fclty_proposals_dp,KPAN_credit-fclty-proposals-dp_YH2J_gbl-channel-hier-master_MMRule.conf,DELIVERED,18.3.3,KPAN,CUTOFF_DATE: Date of the data,CUTOFF_DATE,,,,,
t_kpan_credit_fclty_proposals_dp,KPAN_credit-fclty-proposals-dp_YH2J_gbl-product-hier-master_MMRule.conf,DELIVERED,18.3.3,KPAN,CUTOFF_DATE: Date of the data,CUTOFF_DATE,,,,,
t_kpan_d_c_form_opportunity,KPAN_d-c-form-opportunity_MRField.conf,DELIVERED,15.1.0,KPAN,CUTOFF_DATE: Date of the data,CUTOFF_DATE,,,,,
t_kpan_d_c_form_opportunity,KPAN_d-c-form-opportunity_MRField.conf,DELIVERED,16.0.2,KPAN,CUTOFF_DATE: Date of the data,CUTOFF_DATE,,,,,
t_kpan_d_c_form_opportunity,KPAN_d-c-form-opportunity_MRField.conf,DELIVERED,18.3.1,KPAN,CUTOFF_DATE: Date of the data,CUTOFF_DATE,,,,,
t_kpan_d_c_form_oppy_cust_fields,KPAN_d-c-form-oppy-cust-fields_MRField.conf,DELIVERED,15.1.0,KPAN,CUTOFF_DATE: Date of the data,CUTOFF_DATE,,,,,
t_kpan_d_c_form_oppy_cust_fields,KPAN_d-c-form-oppy-cust-fields_MRField.conf,DELIVERED,16.0.2,KPAN,CUTOFF_DATE: Date of the data,CUTOFF_DATE,,,,,
t_kpan_d_c_form_oppy_cust_fields,KPAN_d-c-form-oppy-cust-fields_MRField.conf,DELIVERED,18.3.1,KPAN,CUTOFF_DATE: Date of the data,CUTOFF_DATE,,,,,
t_kpan_home_partner_oppy,KPAN_home-partner-oppy_KPAN_opportunity_MMRule.conf,DELIVERED,18.3.0,KPAN,CUTOFF_DATE: Date of the data,CUTOFF_DATE,,,,,
t_kpan_home_partner_oppy,KPAN_home-partner-oppy_MRField.conf,DELIVERED,15.1.0,KPAN,CUTOFF_DATE: Date of the data,CUTOFF_DATE,,,,,
t_kpan_home_partner_oppy,KPAN_home-partner-oppy_MRField.conf,DELIVERED,16.1.2,KPAN,CUTOFF_DATE: Date of the data,CUTOFF_DATE,,,,,
t_kpan_home_partner_oppy,KPAN_home-partner-oppy_MRField.conf,DELIVERED,15.1.0,KPAN,"CUTOFF_DATE: Date of the data
CATALOG_COLUMN_1: Columna del catálogo local 
CATALOG_CODE_1: Filtrado del catálogo local
CATALOG_TABLE_1: Nombre de tabla local",", CATALOG_COLUMN_1, CATALOG_CODE_1, CATALOG_TABLE_1",,,,,
t_kpan_home_partner_oppy,KPAN_home-partner-oppy_MRField.conf,DELIVERED,15.1.0,KPAN,"CUTOFF_DATE: Date of the data
CATALOG_COLUMN_2: Columna del catálogo local 
CATALOG_CODE_2: Filtrado del catálogo local
CATALOG_TABLE_2: Nombre de tabla local",", CATALOG_COLUMN_2, CATALOG_CODE_2, CATALOG_TABLE_2",,,,,
t_kpan_home_partner_oppy,KPAN_home-partner-oppy_MRField.conf,DELIVERED,15.1.0,KPAN,"CUTOFF_DATE: Date of the data
CATALOG_COLUMN_3: Columna del catálogo local 
CATALOG_CODE_3: Filtrado del catálogo local
CATALOG_TABLE_3: Nombre de tabla local",", CATALOG_COLUMN_3, CATALOG_CODE_3, CATALOG_TABLE_3",,,,,
t_kpan_home_partner_oppy,KPAN_home-partner-oppy_MRField.conf,DELIVERED,15.1.0,KPAN,"CUTOFF_DATE: Date of the data
CATALOG_COLUMN_4: Columna del catálogo local 
CATALOG_CODE_4: Filtrado del catálogo local
CATALOG_TABLE_4: Nombre de tabla local",", CATALOG_COLUMN_4, CATALOG_CODE_4, CATALOG_TABLE_4",,,,,
t_kpan_home_partner_oppy,KPAN_home-partner-oppy_MRField.conf,DELIVERED,16.0.8,KPAN,CUTOFF_DATE: Date of the data,CUTOFF_DATE,,,,,
t_kpan_home_partner_oppy,KPAN_home-partner-oppy_MRField.conf,DELIVERED,16.1.4,KPAN,CUTOFF_DATE: Date of the data,CUTOFF_DATE,,,,,
t_kpan_home_partner_oppy,KPAN_home-partner-oppy_MRField.conf,DELIVERED,16.1.5,KPAN,"CUTOFF_DATE: Date of the data
CATALOG_COLUMN_5: Columna del catálogo local
CATALOG_CODE_5: Filtrado del catálogo local
CATALOG_TABLE_5: Nombre de tabla local",", CATALOG_COLUMN_5, CATALOG_CODE_5, CATALOG_TABLE_5",,,,,
t_kpan_home_partner_oppy,KPAN_home-partner-oppy_MRField.conf,DELIVERED,16.1.5,KPAN,"CUTOFF_DATE: Date of the data
CATALOG_COLUMN_6: Columna del catálogo local
CATALOG_CODE_6: Filtrado del catálogo local
CATALOG_TABLE_6: Nombre de tabla local",", CATALOG_COLUMN_6, CATALOG_CODE_6, CATALOG_TABLE_6",,,,,
t_kpan_home_partner_oppy,KPAN_home-partner-oppy_MRField.conf,DELIVERED,17.0.2,KPAN,CUTOFF_DATE: Date of the data,CUTOFF_DATE,,,,,
t_kpan_mgr_comm_opportunity,KPAN_mgr-comm-opportunity_KPAN_opportunity_MMRule.conf,DELIVERED,15.1.0,KPAN,CUTOFF_DATE: Date of the data,CUTOFF_DATE,,,,,
t_kpan_mgr_comm_opportunity,KPAN_mgr-comm-opportunity_MRField.conf,DELIVERED,15.1.0,KPAN,CUTOFF_DATE: Date of the data,CUTOFF_DATE,,,,,
t_kpan_mgr_comm_opportunity,KPAN_mgr-comm-opportunity_MRField.conf,DELIVERED,15.1.0,KPAN,"CUTOFF_DATE: Date of the data
CATALOG_COLUMN_0: Columna del catálogo local 
CATALOG_CODE_0: Filtrado del catálogo local
CATALOG_TABLE_0: Nombre de tabla local",", CATALOG_COLUMN_0, CATALOG_CODE_0, CATALOG_TABLE_0",,,,,
t_kpan_mgr_comm_opportunity,KPAN_mgr-comm-opportunity_MRObject.conf,DELIVERED,15.1.0,KPAN,"CUTOFF_DATE: Date of the data 
FECHA_VOLUMETRIC: Date of values to compare with 
LOWER_BOUND: Lower percentage bound 
UPPER_BOUND: Upper percentage bound","CUTOFF_DATE, FECHA_VOLUMETRIC, LOWER_BOUND, UPPER_BOUND",,,,,
t_kpan_mobility_partner_oppy,KPAN_home-partner-oppy_MRField.conf,DELIVERED,17.0.2,KPAN,CUTOFF_DATE: Date of the data,CUTOFF_DATE,,,,,
t_kpan_mobility_partner_oppy,KPAN_mobility-partner-oppy_KPAN_opportunity_MMRule.conf,DELIVERED,18.3.0,KPAN,CUTOFF_DATE: Date of the data,CUTOFF_DATE,,,,,
t_kpan_mobility_partner_oppy,KPAN_mobility-partner-oppy_KSAN_contract-global-local_MMRule.conf,DELIVERED,16.1.4,KPAN,CUTOFF_DATE: Date of the data,CUTOFF_DATE,,,,,
t_kpan_mobility_partner_oppy,KPAN_mobility-partner-oppy_MRField.conf,DELIVERED,15.1.0,KPAN,CUTOFF_DATE: Date of the data,CUTOFF_DATE,,,,,
t_kpan_mobility_partner_oppy,KPAN_mobility-partner-oppy_MRField.conf,DELIVERED,17.0.0,KPAN,CUTOFF_DATE: Date of the data,CUTOFF_DATE,,,,,
t_kpan_mobility_partner_oppy,KPAN_mobility-partner-oppy_MRField.conf,DELIVERED,15.1.0,KPAN,"CUTOFF_DATE: Date of the data
CATALOG_COLUMN_1: Columna del catálogo local 
CATALOG_CODE_1: Filtrado del catálogo local
CATALOG_TABLE_1: Nombre de tabla local",", CATALOG_COLUMN_1, CATALOG_CODE_1, CATALOG_TABLE_1",,,,,
t_kpan_mobility_partner_oppy,KPAN_mobility-partner-oppy_MRField.conf,DELIVERED,16.1.7,KPAN,CUTOFF_DATE: Date of the data,CUTOFF_DATE,,,,,
t_kpan_mobility_partner_oppy,KPAN_mobility-partner-oppy_MRField.conf,DELIVERED,15.1.0,KPAN,"CUTOFF_DATE: Date of the data
CATALOG_COLUMN_2: Columna del catálogo local 
CATALOG_CODE_2: Filtrado del catálogo local
CATALOG_TABLE_2: Nombre de tabla local",", CATALOG_COLUMN_2, CATALOG_CODE_2, CATALOG_TABLE_2",,,,,
t_kpan_mobility_partner_oppy,KPAN_mobility-partner-oppy_MRField.conf,DELIVERED,15.1.0,KPAN,"CUTOFF_DATE: Date of the data
CATALOG_COLUMN_3: Columna del catálogo local 
CATALOG_CODE_3: Filtrado del catálogo local
CATALOG_TABLE_3: Nombre de tabla local",", CATALOG_COLUMN_3, CATALOG_CODE_3, CATALOG_TABLE_3",,,,,
t_kpan_mobility_partner_oppy,KPAN_mobility-partner-oppy_MRField.conf,DELIVERED,16.1.4,KPAN,CUTOFF_DATE: Date of the data,CUTOFF_DATE,,,,,
t_kpan_mobility_partner_oppy,KPAN_mobility-partner-oppy_MRField.conf,DELIVERED,16.1.5,KPAN,CUTOFF_DATE: Date of the data,CUTOFF_DATE,,,,,
t_kpan_mobility_partner_oppy,KPAN_mobility-partner-oppy_MRField.conf,DELIVERED,16.1.5,KPAN,"CUTOFF_DATE: Date of the data
CATALOG_COLUMN_4: Columna del catálogo local
CATALOG_CODE_4: Filtrado del catálogo local
CATALOG_TABLE_4: Nombre de tabla local",", CATALOG_COLUMN_4, CATALOG_CODE_4, CATALOG_TABLE_4",,,,,
t_kpan_mobility_partner_oppy,KPAN_mobility-partner-oppy_MRField.conf,DELIVERED,18.4.0,KPAN,CUTOFF_DATE: Date of the data,CUTOFF_DATE,,,,,
t_kpan_mobility_partner_oppy,KPAN_mobility-partner-oppy_P68X_vehicle-version-catalog_MMRule.conf,DELIVERED,15.1.0,KPAN,CUTOFF_DATE: Date of the data,CUTOFF_DATE,,,,,
t_kpan_mobility_partner_oppy,KPAN_mobility-partner-oppy_P68X_vehicle-version-catalog_MMRule.conf,DELIVERED,16.1.5,KPAN,CUTOFF_DATE: Date of the data,CUTOFF_DATE,,,,,
t_kpan_opportunity,KPAN_opportunity_KCOG_entity_MMRule.conf,DELIVERED,18.4.3,KPAN,CUTOFF_DATE: Date of the data,CUTOFF_DATE,,,,,
t_kpan_opportunity,KPAN_opportunity_MRField.conf,DELIVERED,15.1.0,KPAN,CUTOFF_DATE: Date of the data,CUTOFF_DATE,,,,,
t_kpan_opportunity,KPAN_opportunity_MRField.conf,DELIVERED,18.4.3,KPAN,CUTOFF_DATE: Date of the data,CUTOFF_DATE,,,,,
t_kpan_opportunity,KPAN_opportunity_MRField.conf,DELIVERED,15.1.0,KPAN,"CUTOFF_DATE: Date of the data
CATALOG_COLUMN_1: Columna del catálogo local 
CATALOG_CODE_1: Filtrado del catálogo local
CATALOG_TABLE_1: Nombre de tabla local",", CATALOG_COLUMN_1, CATALOG_CODE_1, CATALOG_TABLE_1",,,,,
t_kpan_opportunity,KPAN_opportunity_MRField.conf,DELIVERED,15.1.0,KPAN,"CUTOFF_DATE: Date of the data
CATALOG_COLUMN_2: Columna del catálogo local 
CATALOG_CODE_2: Filtrado del catálogo local
CATALOG_TABLE_2: Nombre de tabla local",", CATALOG_COLUMN_2, CATALOG_CODE_2, CATALOG_TABLE_2",,,,,
t_kpan_opportunity,KPAN_opportunity_MRField.conf,DELIVERED,15.1.0,KPAN,"CUTOFF_DATE: Date of the data
CATALOG_COLUMN_3: Columna del catálogo local 
CATALOG_CODE_3: Filtrado del catálogo local
CATALOG_TABLE_3: Nombre de tabla local",", CATALOG_COLUMN_3, CATALOG_CODE_3, CATALOG_TABLE_3",,,,,
t_kpan_opportunity,KPAN_opportunity_MRField.conf,DELIVERED,15.1.0,KPAN,"CUTOFF_DATE: Date of the data
CATALOG_COLUMN_4: Columna del catálogo local 
CATALOG_CODE_4: Filtrado del catálogo local
CATALOG_TABLE_4: Nombre de tabla local",", CATALOG_COLUMN_4, CATALOG_CODE_4, CATALOG_TABLE_4",,,,,
t_kpan_opportunity,KPAN_opportunity_MRField.conf,DELIVERED,16.1.2,KPAN,"CUTOFF_DATE: Date of the data
CATALOG_COLUMN_5: Columna del catálogo local 
CATALOG_CODE_5: Filtrado del catálogo local
CATALOG_TABLE_5: Nombre de tabla local",", CATALOG_COLUMN_5, CATALOG_CODE_5, CATALOG_TABLE_5",,,,,
t_kpan_opportunity,KPAN_opportunity_MRField.conf,DELIVERED,16.1.2,KPAN,CUTOFF_DATE: Date of the data,CUTOFF_DATE,,,,,
t_kpan_opportunity,KPAN_opportunity_MRObject.conf,DELIVERED,18.4.3,KPAN,"CUTOFF_DATE: Date of the data
FECHA_VOLUMETRIC: Date of values to compare with
LOWER_BOUND: Lower percentage bound
UPPER_BOUND: Upper percentage bound","CUTOFF_DATE, FECHA_VOLUMETRIC, LOWER_BOUND, UPPER_BOUND",,,,,
t_kpan_opportunity,KPAN_opportunity_NM7R_lead_MMRule.conf,DELIVERED,18.4.3,KPAN,CUTOFF_DATE: Date of the data,CUTOFF_DATE,,,,,
t_kpan_opportunity,KPAN_opportunity_YH2J_gbl-channel-hier-master_MMRule.conf,DELIVERED,18.3.3,KPAN,CUTOFF_DATE: Date of the data,CUTOFF_DATE,,,,,
t_kpan_oppy_manager_asgn,KPAN_oppy-manager-asgn_MRField.conf,DELIVERED,15.1.0,KPAN,CUTOFF_DATE: Date of the data,CUTOFF_DATE,,,,,
t_kpan_oppy_mgr_comnt,KPAN_oppy-mgr-comnt_MRField.conf,DELIVERED,16.0.5,KPAN,CUTOFF_DATE: Date of the data,CUTOFF_DATE,,,,,
t_kpan_oppy_status_trcblty,KPAN_oppy-status-trcblty_MRField.conf,DELIVERED,15.1.0,KPAN,CUTOFF_DATE: Date of the data,CUTOFF_DATE,,,,,
t_kpan_oppy_status_trcblty,KPAN_oppy-status-trcblty_MRField.conf,DELIVERED,16.1.2,KPAN,CUTOFF_DATE: Date of the data,CUTOFF_DATE,,,,,
t_kpan_oppy_status_trcblty,KPAN_oppy-status-trcblty_MRField.conf,DELIVERED,16.0.2,KPAN,"CUTOFF_DATE: Date of the data
CATALOG_COLUMN_0: Columna del catálogo local 
CATALOG_CODE_0: Filtrado del catálogo local
CATALOG_TABLE_0: Nombre de tabla local",", CATALOG_COLUMN_0, CATALOG_CODE_0, CATALOG_TABLE_0",,,,,
t_kpan_person_cred_fclty_psl_dp,KPAN_person-cred-fclty-psl-dp_KBTQ_role-person_MMRule.conf,DELIVERED,18.3.0,KPAN,CUTOFF_DATE: Date of the data,CUTOFF_DATE,,,,,
t_kpan_person_cred_fclty_psl_dp,KPAN_person-cred-fclty-psl-dp_KCOG_country_MMRule.conf,DELIVERED,18.3.3,KPAN,CUTOFF_DATE: Date of the data,CUTOFF_DATE,,,,,
t_kpan_person_cred_fclty_psl_dp,KPAN_person-cred-fclty-psl-dp_KCOG_currency_MMRule.conf,DELIVERED,18.3.3,KPAN,CUTOFF_DATE: Date of the data,CUTOFF_DATE,,,,,
t_kpan_person_cred_fclty_psl_dp,KPAN_person-cred-fclty-psl-dp_KPAN_credit-fclty-proposals_MMRule.conf,DELIVERED,18.3.5,KPAN,CUTOFF_DATE: Date of the data,CUTOFF_DATE,,,,,
t_kpan_person_cred_fclty_psl_dp,KPAN_person-cred-fclty-psl-dp_MRField.conf,DELIVERED,18.3.3,KPAN,CUTOFF_DATE: Date of the data,CUTOFF_DATE,,,,,
t_kpan_person_cred_fclty_psl_dp,KPAN_person-cred-fclty-psl-dp_MRField.conf,DELIVERED,17.0.2,KPAN,CUTOFF_DATE: Date of the data,CUTOFF_DATE,,,,,
t_kpan_person_cred_fclty_psl_dp,KPAN_person-cred-fclty-psl-dp_MRField.conf,DELIVERED,17.0.2,KPAN,"CUTOFF_DATE: Date of the data
CATALOG_COLUMN_0: Columna del catálogo local
CATALOG_CODE_0: Filtrado del catálogo local
CATALOG_TABLE_0: Nombre de tabla local",", CATALOG_COLUMN_0, CATALOG_CODE_0, CATALOG_TABLE_0",,,,,
t_kpan_person_credit_fclty_psl,KPAN_person-credit-fclty-psl_KBTQ_role-person_MMRule.conf,DELIVERED,18.3.0,KPAN,CUTOFF_DATE: Date of the data,CUTOFF_DATE,,,,,
t_kpan_person_credit_fclty_psl,KPAN_person-credit-fclty-psl_KCOG_country_MMRule.conf,DELIVERED,18.3.3,KPAN,CUTOFF_DATE: Date of the data,CUTOFF_DATE,,,,,
t_kpan_person_credit_fclty_psl,KPAN_person-credit-fclty-psl_KCOG_currency_MMRule.conf,DELIVERED,18.3.3,KPAN,CUTOFF_DATE: Date of the data,CUTOFF_DATE,,,,,
t_kpan_person_credit_fclty_psl,KPAN_person-credit-fclty-psl_KPAN_credit-fclty-proposals_MMRule.conf,DELIVERED,18.3.0,KPAN,CUTOFF_DATE: Date of the data,CUTOFF_DATE,,,,,
t_kpan_person_credit_fclty_psl,KPAN_person-credit-fclty-psl_MRField.conf,DELIVERED,15.1.0,KPAN,CUTOFF_DATE: Date of the data,CUTOFF_DATE,,,,,
t_kpan_person_credit_fclty_psl,KPAN_person-credit-fclty-psl_MRField.conf,DELIVERED,18.3.3,KPAN,CUTOFF_DATE: Date of the data,CUTOFF_DATE,,,,,
t_kpan_person_credit_fclty_psl,KPAN_person-credit-fclty-psl_MRObject.conf,DELIVERED,15.1.0,KPAN,"CUTOFF_DATE: Date of the data
FECHA_VOLUMETRIC: Date of values to compare with
LOWER_BOUND: Lower percentage bound
UPPER_BOUND: Upper percentage bound","CUTOFF_DATE, FECHA_VOLUMETRIC, LOWER_BOUND, UPPER_BOUND",,,,,
t_ksrr_new_production,KSRR_new-production_KCOG_currency_MMRule.conf,DELIVERED,18.3.3,KSRR,CUTOFF_DATE: Date of the data,CUTOFF_DATE,,,,,
t_ksrr_new_production,KSRR_new-production_KMFI_prftbly-metric-out-cl_MMRule.conf,DELIVERED,18.3.0,KSRR,CUTOFF_DATE: Date of the data,CUTOFF_DATE,,,,,
t_ksrr_new_production,KSRR_new-production_MRField.conf,DELIVERED,18.3.3,KSRR,CUTOFF_DATE: Date of the data,CUTOFF_DATE,,,,,
t_ksrr_new_production,KSRR_new-production_MRField.conf,DELIVERED,15.1.0,KSRR,CUTOFF_DATE: Date of the data,CUTOFF_DATE,,,,,
t_ksrr_new_production,KSRR_new-production_MRObject.conf,DELIVERED,15.1.0,KSRR,"CUTOFF_DATE: Date of the data
FECHA_VOLUMETRIC: Date of values to compare with
LOWER_BOUND: Lower percentage bound
UPPER_BOUND: Upper percentage bound","CUTOFF_DATE, FECHA_VOLUMETRIC, LOWER_BOUND, UPPER_BOUND",,,,,
t_ksrr_new_production_subcat,KSRR_new-production-subcat_KCOG_currency_MMRule.conf,DELIVERED,18.3.3,KSRR,CUTOFF_DATE: Date of the data,CUTOFF_DATE,,,,,
t_ksrr_new_production_subcat,KSRR_new-production-subcat_KMFI_prftbly-metric-out-cl_MMRule.conf,DELIVERED,18.3.0,KSRR,CUTOFF_DATE: Date of the data,CUTOFF_DATE,,,,,
t_ksrr_new_production_subcat,KSRR_new-production-subcat_MRField.conf,DELIVERED,18.3.3,KSRR,CUTOFF_DATE: Date of the data,CUTOFF_DATE,,,,,
t_ksrr_new_production_subcat,KSRR_new-production-subcat_MRField.conf,DELIVERED,15.1.0,KSRR,CUTOFF_DATE: Date of the data,CUTOFF_DATE,,,,,
t_ksrr_new_production_subcat,KSRR_new-production-subcat_MRObject.conf,DELIVERED,15.1.0,KSRR,"CUTOFF_DATE: Date of the data 
FECHA_VOLUMETRIC: Date of values to compare with 
LOWER_BOUND: Lower percentage bound 
UPPER_BOUND: Upper percentage bound 
IS_VOL_CRITICAL: Optional parameter to disable the criticality of the 6.9 rule","CUTOFF_DATE, FECHA_VOLUMETRIC, LOWER_BOUND, UPPER_BOUND, IS_VOL_CRITICAL",,,,,
t_ksrr_stock,KSRR_stock_KCOG_currency_MMRule.conf,DELIVERED,18.3.3,KSRR,CUTOFF_DATE: Date of the data,CUTOFF_DATE,,,,,
t_ksrr_stock,KSRR_stock_KMFI_prftbly-metric-out-cl_MMRule.conf,DELIVERED,18.3.0,KSRR,CUTOFF_DATE: Date of the data,CUTOFF_DATE,,,,,
t_ksrr_stock,KSRR_stock_MRField.conf,DELIVERED,18.3.3,KSRR,CUTOFF_DATE: Date of the data,CUTOFF_DATE,,,,,
t_ksrr_stock,KSRR_stock_MRField.conf,DELIVERED,15.1.0,KSRR,CUTOFF_DATE: Date of the data,CUTOFF_DATE,,,,,
t_ksrr_stock,KSRR_stock_MRObject.conf,DELIVERED,15.1.0,KSRR,"CUTOFF_DATE: Date of the data
FECHA_VOLUMETRIC: Date of values to compare with
LOWER_BOUND: Lower percentage bound
UPPER_BOUND: Upper percentage bound","CUTOFF_DATE, FECHA_VOLUMETRIC, LOWER_BOUND, UPPER_BOUND",,,,,
t_ksrr_stock_subcat,KSRR_stock-subcat_KCOG_currency_MMRule.conf,DELIVERED,18.3.3,KSRR,CUTOFF_DATE: Date of the data,CUTOFF_DATE,,,,,
t_ksrr_stock_subcat,KSRR_stock-subcat_KMFI_prftbly-metric-out-cl_MMRule.conf,DELIVERED,18.3.0,KSRR,CUTOFF_DATE: Date of the data,CUTOFF_DATE,,,,,
t_ksrr_stock_subcat,KSRR_stock-subcat_MRField.conf,DELIVERED,18.3.3,KSRR,CUTOFF_DATE: Date of the data,CUTOFF_DATE,,,,,
t_ksrr_stock_subcat,KSRR_stock-subcat_MRField.conf,DELIVERED,15.1.0,KSRR,CUTOFF_DATE: Date of the data,CUTOFF_DATE,,,,,
t_ksrr_stock_subcat,KSRR_stock-subcat_MRObject.conf,DELIVERED,15.1.0,KSRR,"CUTOFF_DATE: Date of the data 
FECHA_VOLUMETRIC: Date of values to compare with 
LOWER_BOUND: Lower percentage bound 
UPPER_BOUND: Upper percentage bound 
IS_VOL_CRITICAL: Optional parameter to disable the criticality of the 6.9 rule","CUTOFF_DATE, FECHA_VOLUMETRIC, LOWER_BOUND, UPPER_BOUND, IS_VOL_CRITICAL",,,,,
t_kstb_prod_asset_gloc_board,KSTB_prod-asset-gloc-board_MRField.conf,DELIVERED,18.3.5,KSTB,CUTOFF_DATE: Date of the data,CUTOFF_DATE,,,,,
t_kstb_sust_operations_board,KSTB_sust-operations-board_KCOG_country_MMRule.conf,DELIVERED,18.3.3,KSTB,CUTOFF_DATE: Date of the data,CUTOFF_DATE,,,,,
t_kstb_sust_operations_board,KSTB_sust-operations-board_KCOG_currency_MMRule.conf,DELIVERED,18.3.3,KSTB,CUTOFF_DATE: Date of the data,CUTOFF_DATE,,,,,
t_kstb_sust_operations_board,KSTB_sust-operations-board_MRField.conf,DELIVERED,18.3.3,KSTB,CUTOFF_DATE: Date of the data,CUTOFF_DATE,,,,,
t_kstb_sust_operations_board,KSTB_sust-operations-board_MRField.conf,DELIVERED,15.1.0,KSTB,CUTOFF_DATE: Date of the data,CUTOFF_DATE,,,,,
t_kstb_sust_operations_board,KSTB_sust-operations-board_MRField.conf,DELIVERED,18.4.2,KSTB,CUTOFF_DATE: Date of the data,CUTOFF_DATE,,,,,
t_kstb_sust_operations_board,KSTB_sust-operations-board_YH2J_gbl-product-hier-master_MMRule.conf,DELIVERED,18.3.3,KSTB,CUTOFF_DATE: Date of the data,CUTOFF_DATE,,,,,
t_kstb_sust_operations_board_cib,KSTB_sust-operations-board-cib_KCOG_country_MMRule.conf,DELIVERED,18.3.3,KSTB,CUTOFF_DATE: Date of the data,CUTOFF_DATE,,,,,
t_kstb_sust_operations_board_cib,KSTB_sust-operations-board-cib_KCOG_currency_MMRule.conf,DELIVERED,18.3.3,KSTB,CUTOFF_DATE: Date of the data,CUTOFF_DATE,,,,,
t_kstb_sust_operations_board_cib,KSTB_sust-operations-board-cib_MRField.conf,DELIVERED,16.0.5,KSTB,CUTOFF_DATE: Date of the data,CUTOFF_DATE,,,,,
t_kstb_sust_operations_board_cib,KSTB_sust-operations-board-cib_MRField.conf,DELIVERED,18.3.3,KSTB,CUTOFF_DATE: Date of the data,CUTOFF_DATE,,,,,
t_kstb_sust_operations_board_cib,KSTB_sust-operations-board-cib_MRField.conf,DELIVERED,18.4.5,KSTB,CUTOFF_DATE: Date of the data,CUTOFF_DATE,,,,,
t_kstb_sust_operations_board_cib,KSTB_sust-operations-board-cib_YH2J_gbl-product-hier-master_MMRule.conf,DELIVERED,18.3.3,KSTB,CUTOFF_DATE: Date of the data,CUTOFF_DATE,,,,,
t_kstb_sust_operations_board_err,KSTB_sust-operations-board-err_MRField.conf,DELIVERED,15.1.0,KSTB,CUTOFF_DATE: Date of the data,CUTOFF_DATE,,,,,
t_kstb_sust_operations_board_err,KSTB_sust-operations-board-err_MRField.conf,DELIVERED,18.1.2,KSTB,CUTOFF_DATE: Date of the data,CUTOFF_DATE,,,,,
t_kstb_sustnbl_cust_grp_board,KSTB_sustnbl-cust-grp-board_MRField.conf,DELIVERED,15.1.0,KSTB,CUTOFF_DATE: Date of the data,CUTOFF_DATE,,,,,
t_kstb_sustnbl_cust_grp_board,KSTB_sustnbl-cust-grp-board_MRField.conf,DELIVERED,18.1.2,KSTB,CUTOFF_DATE: Date of the data,CUTOFF_DATE,,,,,
t_kszg_cust_digital_access,KSZG_cust-digital-access_MRField.conf,DELIVERED,18.4.5,KSZG,CUTOFF_DATE: Date of the data,CUTOFF_DATE,,,,,
t_kszg_queue_controller,KSZG_queue-controller_KBTQ_role-person_MMRule.conf,DELIVERED,18.3.0,KSZG,CUTOFF_DATE: Date of the data,CUTOFF_DATE,,,,,
t_kszg_queue_controller,KSZG_queue-controller_KCOG_branch_MMRule.conf,DELIVERED,18.3.0,KSZG,CUTOFF_DATE: Date of the data,CUTOFF_DATE,,,,,
t_kszg_queue_controller,KSZG_queue-controller_KCOG_country_MMRule.conf,DELIVERED,18.3.0,KSZG,CUTOFF_DATE: Date of the data,CUTOFF_DATE,,,,,
t_kszg_queue_controller,KSZG_queue-controller_KCOG_entity_MMRule.conf,DELIVERED,18.3.0,KSZG,CUTOFF_DATE: Date of the data,CUTOFF_DATE,,,,,
t_kszg_queue_controller,KSZG_queue-controller_MRField.conf,DELIVERED,15.1.0,KSZG,CUTOFF_DATE: Date of the data,CUTOFF_DATE,,,,,
t_kszg_queue_controller,KSZG_queue-controller_MRField.conf,DELIVERED,15.1.0,KSZG,"CUTOFF_DATE: Date of the data
CATALOG_COLUMN_0: Columna del catálogo local 
CATALOG_CODE_0: Filtrado del catálogo local
CATALOG_TABLE_0: Nombre de tabla local",", CATALOG_COLUMN_0, CATALOG_CODE_0, CATALOG_TABLE_0",,,,,
t_kszg_queue_controller,KSZG_queue-controller_MRObject.conf,DELIVERED,15.1.0,KSZG,"CUTOFF_DATE: Date of the data
FECHA_VOLUMETRIC: Date of values to compare with
LOWER_BOUND: Lower percentage bound
UPPER_BOUND: Upper percentage bound","CUTOFF_DATE, FECHA_VOLUMETRIC, LOWER_BOUND, UPPER_BOUND",,,,,
t_kszg_trnslty_by_channel,KSZG_trnslty-by-channel_KCOG_entity_MMRule.conf,DELIVERED,18.4.7,KSZG,"CUTOFF_DATE: Date of the data
SOURCE_LIST: Origin of data (gf_source_info_origin_type): Example: 'SOURCE_LIST': "" 'A', 'B' ""","CUTOFF_DATE, SOURCE_LIST",,,,,
t_kszg_trnslty_by_channel,KSZG_trnslty-by-channel_MRField.conf,DELIVERED,18.4.7,KSZG,"CUTOFF_DATE: Date of the data
SOURCE_LIST: Origin of data (gf_source_info_origin_type): Example: 'SOURCE_LIST': "" 'A', 'B' ""","CUTOFF_DATE, SOURCE_LIST",,,,,
t_kszg_trnslty_by_channel,KSZG_trnslty-by-channel_MRField.conf,DELIVERED,15.1.0,KSZG,CUTOFF_DATE: Date of the data,CUTOFF_DATE,,,,,
t_kszg_trnslty_by_channel,KSZG_trnslty-by-channel_MRField.conf,DELIVERED,18.3.5,KSZG,CUTOFF_DATE: Date of the data,CUTOFF_DATE,,,,,
t_kszg_trnslty_by_channel,KSZG_trnslty-by-channel_MRField.conf,DELIVERED,18.4.5,KSZG,CUTOFF_DATE: Date of the data,CUTOFF_DATE,,,,,
t_kszg_trnslty_by_channel,KSZG_trnslty-by-channel_MRObject.conf,DELIVERED,18.4.7,KSZG,"CUTOFF_DATE: Date of the data
FECHA_VOLUMETRIC: Date of values to compare with
LOWER_BOUND: Lower percentage bound
UPPER_BOUND: Upper percentage bound
SOURCE_LIST: Origin of data (gf_source_info_origin_type): Example: 'SOURCE_LIST': "" 'A', 'B' ""","CUTOFF_DATE, FECHA_VOLUMETRIC, LOWER_BOUND, UPPER_BOUND, SOURCE_LIST",,,,,
t_kszg_unavail_serv_cust,KSZG_unavail-serv-cust_MRField.conf,DELIVERED,18.4.5,KSZG,CUTOFF_DATE: Date of the data,CUTOFF_DATE,,,,,
t_kusu_cust_user_prof_channl_his,KUSU_cust-user-prof-channl-his_KUSU_cust-user-profile-his_MMRule.conf,DELIVERED,18.3.0,KUSU,CUTOFF_DATE: Date of the data,CUTOFF_DATE,,,,,
t_kusu_cust_user_prof_channl_his,KUSU_cust-user-prof-channl-his_MRField.conf,DELIVERED,15.1.0,KUSU,CUTOFF_DATE: Date of the data,CUTOFF_DATE,,,,,
t_kusu_cust_user_prof_channl_his,KUSU_cust-user-prof-channl-his_MRField.conf,DELIVERED,16.0.2,KUSU,CUTOFF_DATE: Date of the data,CUTOFF_DATE,,,,,
t_kusu_cust_user_prof_channl_his,KUSU_cust-user-prof-channl-his_MRObject.conf,DELIVERED,15.1.0,KUSU,"CUTOFF_DATE: Date of the data 
FECHA_VOLUMETRIC: Date of values to compare with 
LOWER_BOUND: Lower percentage bound 
UPPER_BOUND: Upper percentage bound 
IS_VOL_CRITICAL: Optional parameter to disable the criticality of the 6.9 rule","CUTOFF_DATE, FECHA_VOLUMETRIC, LOWER_BOUND, UPPER_BOUND, IS_VOL_CRITICAL",,,,,
t_kusu_cust_user_prof_device_his,KUSU_cust-user-prof-device-his_KUSU_cust-user-profile-his_MMRule.conf,DELIVERED,18.3.0,KUSU,CUTOFF_DATE: Date of the data,CUTOFF_DATE,,,,,
t_kusu_cust_user_prof_device_his,KUSU_cust-user-prof-device-his_KUSU_device-his_MMRule.conf,DELIVERED,18.3.0,KUSU,CUTOFF_DATE: Date of the data,CUTOFF_DATE,,,,,
t_kusu_cust_user_prof_device_his,KUSU_cust-user-prof-device-his_MRField.conf,DELIVERED,15.1.0,KUSU,CUTOFF_DATE: Date of the data,CUTOFF_DATE,,,,,
t_kusu_cust_user_prof_device_his,KUSU_cust-user-prof-device-his_MRObject.conf,DELIVERED,15.1.0,KUSU,"CUTOFF_DATE: Date of the data 
FECHA_VOLUMETRIC: Date of values to compare with 
LOWER_BOUND: Lower percentage bound 
UPPER_BOUND: Upper percentage bound 
IS_VOL_CRITICAL: Optional parameter to disable the criticality of the 6.9 rule","CUTOFF_DATE, FECHA_VOLUMETRIC, LOWER_BOUND, UPPER_BOUND, IS_VOL_CRITICAL",,,,,
t_kusu_cust_user_profile_his,KUSU_cust-user-profile-his_KBTQ_role-person_MMRule.conf,DELIVERED,16.0.2,KUSU,CUTOFF_DATE: Date of the data,CUTOFF_DATE,,,,,
t_kusu_cust_user_profile_his,KUSU_cust-user-profile-his_KUSU_user-his_MMRule.conf,DELIVERED,16.0.2,KUSU,CUTOFF_DATE: Date of the data,CUTOFF_DATE,,,,,
t_kusu_cust_user_profile_his,KUSU_cust-user-profile-his_MRField.conf,DELIVERED,15.1.0,KUSU,CUTOFF_DATE: Date of the data,CUTOFF_DATE,,,,,
t_kusu_cust_user_profile_his,KUSU_cust-user-profile-his_MRField.conf,DELIVERED,16.0.2,KUSU,CUTOFF_DATE: Date of the data,CUTOFF_DATE,,,,,
t_kusu_cust_user_profile_his,KUSU_cust-user-profile-his_MRObject.conf,DELIVERED,15.1.0,KUSU,"CUTOFF_DATE: Date of the data 
FECHA_VOLUMETRIC: Date of values to compare with 
LOWER_BOUND: Lower percentage bound 
UPPER_BOUND: Upper percentage bound 
IS_VOL_CRITICAL: Optional parameter to disable the criticality of the 6.9 rule","CUTOFF_DATE, FECHA_VOLUMETRIC, LOWER_BOUND, UPPER_BOUND, IS_VOL_CRITICAL",,,,,
t_kusu_device_his,KUSU_device-his_KBTQ_role-person_MMRule.conf,DELIVERED,16.0.2,KUSU,CUTOFF_DATE: Date of the data,CUTOFF_DATE,,,,,
t_kusu_device_his,KUSU_device-his_KBTQ_role-person_MMRule.conf,DELIVERED,16.1.1,KUSU,CUTOFF_DATE: Date of the data,CUTOFF_DATE,,,,,
t_kusu_device_his,KUSU_device-his_KCOG_country_MMRule.conf,DELIVERED,16.1.1,KUSU,CUTOFF_DATE: Date of the data,CUTOFF_DATE,,,,,
t_kusu_device_his,KUSU_device-his_MRField.conf,DELIVERED,15.1.0,KUSU,CUTOFF_DATE: Date of the data,CUTOFF_DATE,,,,,
t_kusu_device_his,KUSU_device-his_MRField.conf,DELIVERED,16.0.2,KUSU,CUTOFF_DATE: Date of the data,CUTOFF_DATE,,,,,
t_kusu_device_his,KUSU_device-his_MRObject.conf,DELIVERED,15.1.0,KUSU,"CUTOFF_DATE: Date of the data 
FECHA_VOLUMETRIC: Date of values to compare with 
LOWER_BOUND: Lower percentage bound 
UPPER_BOUND: Upper percentage bound 
IS_VOL_CRITICAL: Optional parameter to disable the criticality of the 6.9 rule","CUTOFF_DATE, FECHA_VOLUMETRIC, LOWER_BOUND, UPPER_BOUND, IS_VOL_CRITICAL",,,,,
t_kusu_prof_auth_attributes_his,KUSU_prof-auth-attributes-his_KUSU_cust-user-profile-his_MMRule.conf,DELIVERED,18.3.0,KUSU,CUTOFF_DATE: Date of the data,CUTOFF_DATE,,,,,
t_kusu_prof_auth_attributes_his,KUSU_prof-auth-attributes-his_MRField.conf,DELIVERED,15.1.0,KUSU,CUTOFF_DATE: Date of the data,CUTOFF_DATE,,,,,
t_kusu_prof_auth_attributes_his,KUSU_prof-auth-attributes-his_MRObject.conf,DELIVERED,15.1.0,KUSU,"CUTOFF_DATE: Date of the data 
FECHA_VOLUMETRIC: Date of values to compare with 
LOWER_BOUND: Lower percentage bound 
UPPER_BOUND: Upper percentage bound 
IS_VOL_CRITICAL: Optional parameter to disable the criticality of the 6.9 rule","CUTOFF_DATE, FECHA_VOLUMETRIC, LOWER_BOUND, UPPER_BOUND, IS_VOL_CRITICAL",,,,,
t_kusu_user_his,KUSU_user-his_KBTQ_customer-info_MMRule.conf,DELIVERED,16.0.2,KUSU,CUTOFF_DATE: Date of the data,CUTOFF_DATE,,,,,
t_kusu_user_his,KUSU_user-his_KCOG_country_MMRule.conf,DELIVERED,16.0.8,KUSU,CUTOFF_DATE: Date of the data,CUTOFF_DATE,,,,,
t_kusu_user_his,KUSU_user-his_KCOG_language_MMRule.conf,DELIVERED,16.0.8,KUSU,CUTOFF_DATE: Date of the data,CUTOFF_DATE,,,,,
t_kusu_user_his,KUSU_user-his_MRField.conf,DELIVERED,15.1.0,KUSU,CUTOFF_DATE: Date of the data,CUTOFF_DATE,,,,,
t_kusu_user_his,KUSU_user-his_MRObject.conf,DELIVERED,15.1.0,KUSU,"CUTOFF_DATE: Date of the data 
FECHA_VOLUMETRIC: Date of values to compare with 
LOWER_BOUND: Lower percentage bound 
UPPER_BOUND: Upper percentage bound 
IS_VOL_CRITICAL: Optional parameter to disable the criticality of the 6.9 rule","CUTOFF_DATE, FECHA_VOLUMETRIC, LOWER_BOUND, UPPER_BOUND, IS_VOL_CRITICAL",,,,,
t_kusu_user_role,KUSU_user-role_KCOG_country_MMRule.conf,DELIVERED,16.0.8,KUSU,CUTOFF_DATE: Date of the data,CUTOFF_DATE,,,,,
t_kusu_user_role,KUSU_user-role_MRField.conf,DELIVERED,16.0.1,KUSU,CUTOFF_DATE: Date of the data,CUTOFF_DATE,,,,,
t_kusu_user_role,KUSU_user-role_MRField.conf,DELIVERED,16.0.2,KUSU,CUTOFF_DATE: Date of the data,CUTOFF_DATE,,,,,
t_kwth_energy_emis_factor,KWTH_energy-emis-factor_KCOG_country_MMRule.conf,DELIVERED,18.3.0,KWTH,CUTOFF_DATE: Date of the data,CUTOFF_DATE,,,,,
t_kwth_energy_emis_factor,KWTH_energy-emis-factor_KCOG_entity_MMRule.conf,DELIVERED,18.3.0,KWTH,CUTOFF_DATE: Date of the data,CUTOFF_DATE,,,,,
t_kwth_energy_emis_factor,KWTH_energy-emis-factor_MRField.conf,DELIVERED,15.1.0,KWTH,CUTOFF_DATE: Date of the data,CUTOFF_DATE,,,,,
t_kwth_energy_emis_factor,KWTH_energy-emis-factor_MRField.conf,DELIVERED,18.3.3,KWTH,CUTOFF_DATE: Date of the data,CUTOFF_DATE,,,,,
t_kwth_energy_emis_factor,KWTH_energy-emis-factor_MRObject.conf,DELIVERED,15.1.0,KWTH,"CUTOFF_DATE: Date of the data
FECHA_VOLUMETRIC: Date of values to compare with
LOWER_BOUND: Lower percentage bound
UPPER_BOUND: Upper percentage bound","CUTOFF_DATE, FECHA_VOLUMETRIC, LOWER_BOUND, UPPER_BOUND",,,,,
t_kwth_energy_price_emis_factor,KWTH_energy-price-emis-factor_KCOG_currency_MMRule.conf,DELIVERED,18.3.3,KWTH,CUTOFF_DATE: Date of the data,CUTOFF_DATE,,,,,
t_kwth_energy_price_emis_factor,KWTH_energy-price-emis-factor_MRField.conf,DELIVERED,15.1.0,KWTH,CUTOFF_DATE: Date of the data,CUTOFF_DATE,,,,,
t_kwth_energy_price_emis_factor,KWTH_energy-price-emis-factor_MRObject.conf,DELIVERED,15.1.0,KWTH,"CUTOFF_DATE: Date of the data
FECHA_VOLUMETRIC: Date of values to compare with
LOWER_BOUND: Lower percentage bound
UPPER_BOUND: Upper percentage bound","CUTOFF_DATE, FECHA_VOLUMETRIC, LOWER_BOUND, UPPER_BOUND",,,,,
t_kwth_light_price,KWTH_light-price_KBTQ_province_MMRule.conf,DELIVERED,18.3.0,KWTH,CUTOFF_DATE: Date of the data,CUTOFF_DATE,,,,,
t_kwth_light_price,KWTH_light-price_KCOG_currency_MMRule.conf,DELIVERED,18.3.3,KWTH,CUTOFF_DATE: Date of the data,CUTOFF_DATE,,,,,
t_kwth_light_price,KWTH_light-price_MRField.conf,DELIVERED,15.1.0,KWTH,CUTOFF_DATE: Date of the data,CUTOFF_DATE,,,,,
t_kwth_light_price,KWTH_light-price_MRField.conf,DELIVERED,15.1.0,KWTH,"CUTOFF_DATE: Date of the data
CATALOG_COLUMN_0: Columna del catálogo local 
CATALOG_CODE_0: Filtrado del catálogo local
CATALOG_TABLE_0: Nombre de tabla local",", CATALOG_COLUMN_0, CATALOG_CODE_0, CATALOG_TABLE_0",,,,,
t_kwth_light_price,KWTH_light-price_MRObject.conf,DELIVERED,15.1.0,KWTH,"CUTOFF_DATE: Date of the data
FECHA_VOLUMETRIC: Date of values to compare with
LOWER_BOUND: Lower percentage bound
UPPER_BOUND: Upper percentage bound","CUTOFF_DATE, FECHA_VOLUMETRIC, LOWER_BOUND, UPPER_BOUND",,,,,
t_kwth_market_emis_factor,KWTH_market-emis-factor_KCOG_country_MMRule.conf,DELIVERED,18.3.0,KWTH,CUTOFF_DATE: Date of the data,CUTOFF_DATE,,,,,
t_kwth_market_emis_factor,KWTH_market-emis-factor_KCOG_entity_MMRule.conf,DELIVERED,18.3.0,KWTH,CUTOFF_DATE: Date of the data,CUTOFF_DATE,,,,,
t_kwth_market_emis_factor,KWTH_market-emis-factor_MRField.conf,DELIVERED,15.1.0,KWTH,CUTOFF_DATE: Date of the data,CUTOFF_DATE,,,,,
t_kwth_market_emis_factor,KWTH_market-emis-factor_MRField.conf,DELIVERED,18.3.3,KWTH,CUTOFF_DATE: Date of the data,CUTOFF_DATE,,,,,
t_kwth_market_emis_factor,KWTH_market-emis-factor_MRObject.conf,DELIVERED,15.1.0,KWTH,"CUTOFF_DATE: Date of the data
FECHA_VOLUMETRIC: Date of values to compare with
LOWER_BOUND: Lower percentage bound
UPPER_BOUND: Upper percentage bound","CUTOFF_DATE, FECHA_VOLUMETRIC, LOWER_BOUND, UPPER_BOUND",,,,,
t_kwth_price_factor,KWTH_price-factor_KCOG_country_MMRule.conf,DELIVERED,18.3.0,KWTH,CUTOFF_DATE: Date of the data,CUTOFF_DATE,,,,,
t_kwth_price_factor,KWTH_price-factor_KCOG_currency_MMRule.conf,DELIVERED,18.3.3,KWTH,CUTOFF_DATE: Date of the data,CUTOFF_DATE,,,,,
t_kwth_price_factor,KWTH_price-factor_KCOG_entity_MMRule.conf,DELIVERED,18.3.0,KWTH,CUTOFF_DATE: Date of the data,CUTOFF_DATE,,,,,
t_kwth_price_factor,KWTH_price-factor_MRField.conf,DELIVERED,15.1.0,KWTH,CUTOFF_DATE: Date of the data,CUTOFF_DATE,,,,,
t_kwth_price_factor,KWTH_price-factor_MRField.conf,DELIVERED,18.3.3,KWTH,CUTOFF_DATE: Date of the data,CUTOFF_DATE,,,,,
t_kwth_price_factor,KWTH_price-factor_MRObject.conf,DELIVERED,15.1.0,KWTH,"CUTOFF_DATE: Date of the data
FECHA_VOLUMETRIC: Date of values to compare with
LOWER_BOUND: Lower percentage bound
UPPER_BOUND: Upper percentage bound","CUTOFF_DATE, FECHA_VOLUMETRIC, LOWER_BOUND, UPPER_BOUND",,,,,
t_kwth_taxi_fares_calculation,KWTH_taxi-fares-calculation_KCOG_country_MMRule.conf,DELIVERED,18.3.0,KWTH,CUTOFF_DATE: Date of the data,CUTOFF_DATE,,,,,
t_kwth_taxi_fares_calculation,KWTH_taxi-fares-calculation_KCOG_currency_MMRule.conf,DELIVERED,18.3.3,KWTH,CUTOFF_DATE: Date of the data,CUTOFF_DATE,,,,,
t_kwth_taxi_fares_calculation,KWTH_taxi-fares-calculation_KCOG_entity_MMRule.conf,DELIVERED,18.3.0,KWTH,CUTOFF_DATE: Date of the data,CUTOFF_DATE,,,,,
t_kwth_taxi_fares_calculation,KWTH_taxi-fares-calculation_MRField.conf,DELIVERED,15.1.0,KWTH,CUTOFF_DATE: Date of the data,CUTOFF_DATE,,,,,
t_kwth_taxi_fares_calculation,KWTH_taxi-fares-calculation_MRField.conf,DELIVERED,15.1.0,KWTH,"CUTOFF_DATE: Date of the data
CATALOG_COLUMN_0: Columna del catálogo local 
CATALOG_CODE_0: Filtrado del catálogo local
CATALOG_TABLE_0: Nombre de tabla local",", CATALOG_COLUMN_0, CATALOG_CODE_0, CATALOG_TABLE_0",,,,,
t_kwth_taxi_fares_calculation,KWTH_taxi-fares-calculation_MRField.conf,DELIVERED,18.3.3,KWTH,CUTOFF_DATE: Date of the data,CUTOFF_DATE,,,,,
t_kwth_taxi_fares_calculation,KWTH_taxi-fares-calculation_MRObject.conf,DELIVERED,15.1.0,KWTH,"CUTOFF_DATE: Date of the data
FECHA_VOLUMETRIC: Date of values to compare with
LOWER_BOUND: Lower percentage bound
UPPER_BOUND: Upper percentage bound","CUTOFF_DATE, FECHA_VOLUMETRIC, LOWER_BOUND, UPPER_BOUND",,,,,
t_kwth_transport_sustnbl_factor,KWTH_transport-sustnbl-factor_KCMC_commerce_MMRule.conf,DELIVERED,18.3.0,KWTH,CUTOFF_DATE: Date of the data,CUTOFF_DATE,,,,,
t_kwth_transport_sustnbl_factor,KWTH_transport-sustnbl-factor_KCOG_country_MMRule.conf,DELIVERED,18.3.0,KWTH,CUTOFF_DATE: Date of the data,CUTOFF_DATE,,,,,
t_kwth_transport_sustnbl_factor,KWTH_transport-sustnbl-factor_KCOG_currency_MMRule.conf,DELIVERED,18.3.3,KWTH,CUTOFF_DATE: Date of the data,CUTOFF_DATE,,,,,
t_kwth_transport_sustnbl_factor,KWTH_transport-sustnbl-factor_MRField.conf,DELIVERED,15.1.0,KWTH,CUTOFF_DATE: Date of the data,CUTOFF_DATE,,,,,
t_kwth_transport_sustnbl_factor,KWTH_transport-sustnbl-factor_MRField.conf,DELIVERED,18.3.3,KWTH,CUTOFF_DATE: Date of the data,CUTOFF_DATE,,,,,
t_kwth_transport_sustnbl_factor,KWTH_transport-sustnbl-factor_MRObject.conf,DELIVERED,15.1.0,KWTH,"CUTOFF_DATE: Date of the data
FECHA_VOLUMETRIC: Date of values to compare with
LOWER_BOUND: Lower percentage bound
UPPER_BOUND: Upper percentage bound","CUTOFF_DATE, FECHA_VOLUMETRIC, LOWER_BOUND, UPPER_BOUND",,,,,
t_kwth_transport_trip_distance,KWTH_transport-trip-distance_KCOG_country_MMRule.conf,DELIVERED,18.3.0,KWTH,CUTOFF_DATE: Date of the data,CUTOFF_DATE,,,,,
t_kwth_transport_trip_distance,KWTH_transport-trip-distance_KCOG_entity_MMRule.conf,DELIVERED,18.3.0,KWTH,CUTOFF_DATE: Date of the data,CUTOFF_DATE,,,,,
t_kwth_transport_trip_distance,KWTH_transport-trip-distance_MRField.conf,DELIVERED,15.1.0,KWTH,CUTOFF_DATE: Date of the data,CUTOFF_DATE,,,,,
t_kwth_transport_trip_distance,KWTH_transport-trip-distance_MRField.conf,DELIVERED,18.3.3,KWTH,CUTOFF_DATE: Date of the data,CUTOFF_DATE,,,,,
t_kwth_transport_trip_distance,KWTH_transport-trip-distance_MRObject.conf,DELIVERED,15.1.0,KWTH,"CUTOFF_DATE: Date of the data
FECHA_VOLUMETRIC: Date of values to compare with
LOWER_BOUND: Lower percentage bound
UPPER_BOUND: Upper percentage bound","CUTOFF_DATE, FECHA_VOLUMETRIC, LOWER_BOUND, UPPER_BOUND",,,,,
t_kwth_transport_trip_estimation,KWTH_transport-trip-estimation_KCOG_country_MMRule.conf,DELIVERED,18.3.0,KWTH,CUTOFF_DATE: Date of the data,CUTOFF_DATE,,,,,
t_kwth_transport_trip_estimation,KWTH_transport-trip-estimation_KCOG_currency_MMRule.conf,DELIVERED,18.3.3,KWTH,CUTOFF_DATE: Date of the data,CUTOFF_DATE,,,,,
t_kwth_transport_trip_estimation,KWTH_transport-trip-estimation_KCOG_entity_MMRule.conf,DELIVERED,18.3.0,KWTH,CUTOFF_DATE: Date of the data,CUTOFF_DATE,,,,,
t_kwth_transport_trip_estimation,KWTH_transport-trip-estimation_MRField.conf,DELIVERED,15.1.0,KWTH,CUTOFF_DATE: Date of the data,CUTOFF_DATE,,,,,
t_kwth_transport_trip_estimation,KWTH_transport-trip-estimation_MRField.conf,DELIVERED,18.3.3,KWTH,CUTOFF_DATE: Date of the data,CUTOFF_DATE,,,,,
t_kwth_transport_trip_estimation,KWTH_transport-trip-estimation_MRObject.conf,DELIVERED,15.1.0,KWTH,"CUTOFF_DATE: Date of the data
FECHA_VOLUMETRIC: Date of values to compare with
LOWER_BOUND: Lower percentage bound
UPPER_BOUND: Upper percentage bound","CUTOFF_DATE, FECHA_VOLUMETRIC, LOWER_BOUND, UPPER_BOUND",,,,,
t_l9ct_client_carbon_data_scp3,L9CT_client-carbon-data-scp3_MRField.conf,DELIVERED,15.1.0,L9CT,CUTOFF_DATE: Date of the data,CUTOFF_DATE,,,,,
t_l9ct_client_carbon_data_scp3,L9CT_client-carbon-data-scp3_MRField.conf,DELIVERED,15.1.0,L9CT,"RUNNING JOB PARAMS:
     CUTOFF_DATE: Date of the data

JOB EXTRALIBS:
     extralibs: Link to custom repository","CUTOFF_DATE, extralibs",,,,,
t_l9ct_client_carbon_data_scp3,L9CT_client-carbon-data-scp3_MRField.conf,DELIVERED,18.3.3,L9CT,CUTOFF_DATE: Date of the data,CUTOFF_DATE,,,,,
t_l9ct_client_carbon_data_scp3,L9CT_client-carbon-data-scp3_MRObject.conf,DELIVERED,15.1.0,L9CT,"CUTOFF_DATE: Date of the data
FECHA_VOLUMETRIC: Date of values to compare with
LOWER_BOUND: Lower percentage bound
UPPER_BOUND: Upper percentage bound","CUTOFF_DATE, FECHA_VOLUMETRIC, LOWER_BOUND, UPPER_BOUND",,,,,
t_l9ct_client_cmpny_carbon_data,L9CT_client-cmpny-carbon-data_MRField.conf,DELIVERED,15.1.0,L9CT,CUTOFF_DATE: Date of the data,CUTOFF_DATE,,,,,
t_l9ct_client_cmpny_carbon_data,L9CT_client-cmpny-carbon-data_MRField.conf,DELIVERED,15.1.0,L9CT,"RUNNING JOB PARAMS:
     CUTOFF_DATE: Date of the data

JOB EXTRALIBS:
     extralibs: Link to custom repository","CUTOFF_DATE, extralibs",,,,,
t_l9ct_client_cmpny_carbon_data,L9CT_client-cmpny-carbon-data_MRField.conf,DELIVERED,18.3.3,L9CT,CUTOFF_DATE: Date of the data,CUTOFF_DATE,,,,,
t_l9ct_client_cmpny_carbon_data,L9CT_client-cmpny-carbon-data_MRObject.conf,DELIVERED,15.1.0,L9CT,"CUTOFF_DATE: Date of the data
FECHA_VOLUMETRIC: Date of values to compare with
LOWER_BOUND: Lower percentage bound
UPPER_BOUND: Upper percentage bound","CUTOFF_DATE, FECHA_VOLUMETRIC, LOWER_BOUND, UPPER_BOUND",,,,,
t_l9ct_co_asset_rel_activity,L9CT_co-asset-rel-activity_L9CT_co-asset-rel-activity_MMRule.conf,DELIVERED,17.0.0,L9CT,"RUNNING JOB PARAMS:
     CUTOFF_DATE: Date of the data

JOB EXTRALIBS:
     extralibs: Link to custom repository","CUTOFF_DATE, extralibs",,,,,
t_l9ct_co_asset_rel_activity,L9CT_co-asset-rel-activity_L9CT_esg-ext-data-companies_MMRule.conf,DELIVERED,18.3.0,L9CT,CUTOFF_DATE: Date of the data,CUTOFF_DATE,,,,,
t_l9ct_co_asset_rel_activity,L9CT_co-asset-rel-activity_MRField.conf,DELIVERED,15.1.0,L9CT,CUTOFF_DATE: Date of the data,CUTOFF_DATE,,,,,
t_l9ct_co_asset_rel_activity,L9CT_co-asset-rel-activity_MRField.conf,DELIVERED,17.0.1,L9CT,CUTOFF_DATE: Date of the data,CUTOFF_DATE,,,,,
t_l9ct_co_asset_rel_activity,L9CT_co-asset-rel-activity_MRField.conf,DELIVERED,16.0.2,L9CT,CUTOFF_DATE: Date of the data,CUTOFF_DATE,,,,,
t_l9ct_co_asset_rel_activity,L9CT_co-asset-rel-activity_MRField.conf,DELIVERED,18.3.3,L9CT,CUTOFF_DATE: Date of the data,CUTOFF_DATE,,,,,
t_l9ct_co_asset_rel_activity,L9CT_co-asset-rel-activity_MRObject.conf,DELIVERED,15.1.0,L9CT,"CUTOFF_DATE: Date of the data
FECHA_VOLUMETRIC: Date of values to compare with
LOWER_BOUND: Lower percentage bound
UPPER_BOUND: Upper percentage bound","CUTOFF_DATE, FECHA_VOLUMETRIC, LOWER_BOUND, UPPER_BOUND",,,,,
t_l9ct_co_asset_rel_emissions,L9CT_co-asset-rel-emissions_L9CT_co-asset-rel-emissions_MMRule.conf,DELIVERED,18.1.2,L9CT,"RUNNING JOB PARAMS:
     CUTOFF_DATE: Date of the data
     SOURCE: Origin of data (gf_information_source_id)

JOB EXTRALIBS:
     extralibs: Link to custom repository",", SOURCE, extralibs",,,,,
t_l9ct_co_asset_rel_emissions,L9CT_co-asset-rel-emissions_L9CT_co-asset-rel-emissions_MMRule.conf,DELIVERED,17.0.0,L9CT,"RUNNING JOB PARAMS:
     CUTOFF_DATE: Date of the data

JOB EXTRALIBS:
     extralibs: Link to custom repository","CUTOFF_DATE, extralibs",,,,,
t_l9ct_co_asset_rel_emissions,L9CT_co-asset-rel-emissions_L9CT_esg-ext-data-companies_MMRule.conf,DELIVERED,18.3.0,L9CT,"CUTOFF_DATE: Date of the data
SOURCE: Origin of data (gf_information_source_id)","CUTOFF_DATE, SOURCE",,,,,
t_l9ct_co_asset_rel_emissions,L9CT_co-asset-rel-emissions_MRField.conf,DELIVERED,15.1.0,L9CT,CUTOFF_DATE: Date of the data,CUTOFF_DATE,,,,,
t_l9ct_co_asset_rel_emissions,L9CT_co-asset-rel-emissions_MRField.conf,DELIVERED,17.0.1,L9CT,CUTOFF_DATE: Date of the data,CUTOFF_DATE,,,,,
t_l9ct_co_asset_rel_emissions,L9CT_co-asset-rel-emissions_MRField.conf,DELIVERED,18.1.2,L9CT,"CUTOFF_DATE: Date of the data
SOURCE: Origin of data (gf_information_source_id)","CUTOFF_DATE, SOURCE",,,,,
t_l9ct_co_asset_rel_emissions,L9CT_co-asset-rel-emissions_MRField.conf,DELIVERED,16.0.2,L9CT,CUTOFF_DATE: Date of the data,CUTOFF_DATE,,,,,
t_l9ct_co_asset_rel_emissions,L9CT_co-asset-rel-emissions_MRField.conf,DELIVERED,16.0.7,L9CT,CUTOFF_DATE: Date of the data,CUTOFF_DATE,,,,,
t_l9ct_co_asset_rel_emissions,L9CT_co-asset-rel-emissions_MRField.conf,DELIVERED,16.0.9,L9CT,CUTOFF_DATE: Date of the data,CUTOFF_DATE,,,,,
t_l9ct_co_asset_rel_emissions,L9CT_co-asset-rel-emissions_MRObject.conf,DELIVERED,18.1.2,L9CT,"CUTOFF_DATE: Date of the data
FECHA_VOLUMETRIC: Date of values to compare with
LOWER_BOUND: Lower percentage bound
UPPER_BOUND: Upper percentage bound
SOURCE: Origin of data (gf_information_source_id)","CUTOFF_DATE, FECHA_VOLUMETRIC, LOWER_BOUND, UPPER_BOUND, SOURCE",,,,,
t_l9ct_co_em_rduc_target,L9CT_co-em-rduc-target_MRField.conf,DELIVERED,15.1.0,L9CT,CUTOFF_DATE: Date of the data,CUTOFF_DATE,,,,,
t_l9ct_co_em_rduc_target,L9CT_co-em-rduc-target_MRField.conf,DELIVERED,18.3.3,L9CT,CUTOFF_DATE: Date of the data,CUTOFF_DATE,,,,,
t_l9ct_co_em_rduc_target,L9CT_co-em-rduc-target_MRObject.conf,DELIVERED,15.1.0,L9CT,"CUTOFF_DATE: Date of the data
FECHA_VOLUMETRIC: Date of values to compare with
LOWER_BOUND: Lower percentage bound
UPPER_BOUND: Upper percentage bound","CUTOFF_DATE, FECHA_VOLUMETRIC, LOWER_BOUND, UPPER_BOUND",,,,,
t_l9ct_company_metric_year,L9CT_company-metric-year_L9CT_esg-ext-data-companies_MMRule.conf,DELIVERED,18.3.0,L9CT,"CUTOFF_DATE: Date of the data
SOURCE: Origin of data (g_data_source_origin_ex1_type)","CUTOFF_DATE, SOURCE",,,,,
t_l9ct_company_metric_year,L9CT_company-metric-year_MRField.conf,DELIVERED,16.1.4,L9CT,"CUTOFF_DATE: Date of the data
SOURCE: Origin of data (g_data_source_origin_ex1_type)","CUTOFF_DATE, SOURCE",,,,,
t_l9ct_company_metric_year,L9CT_company-metric-year_MRField.conf,DELIVERED,16.1.7,L9CT,CUTOFF_DATE: Date of the data,CUTOFF_DATE,,,,,
t_l9ct_company_metric_year,L9CT_company-metric-year_MRField.conf,DELIVERED,18.2.0,L9CT,CUTOFF_DATE: Date of the data,CUTOFF_DATE,,,,,
t_l9ct_company_metric_year,L9CT_company-metric-year_MRField.conf,DELIVERED,17.4.0,L9CT,CUTOFF_DATE: Date of the data,CUTOFF_DATE,,,,,
t_l9ct_company_metric_year,L9CT_company-metric-year_MRField.conf,DELIVERED,18.3.3,L9CT,"CUTOFF_DATE: Date of the data
SOURCE: Origin of data (g_data_source_origin_ex1_type)","CUTOFF_DATE, SOURCE",,,,,
t_l9ct_company_metric_year_cntry,L9CT_company-metric-year-cntry_L9CT_esg-ext-data-companies_MMRule.conf,DELIVERED,18.3.0,L9CT,"CUTOFF_DATE: Date of the data
SOURCE: Origin of data (g_data_source_origin_ex1_type)","CUTOFF_DATE, SOURCE",,,,,
t_l9ct_company_metric_year_cntry,L9CT_company-metric-year-cntry_MRField.conf,DELIVERED,16.1.4,L9CT,"CUTOFF_DATE: Date of the data
SOURCE: Origin of data (g_data_source_origin_ex1_type)","CUTOFF_DATE, SOURCE",,,,,
t_l9ct_company_metric_year_cntry,L9CT_company-metric-year-cntry_MRField.conf,DELIVERED,17.0.0,L9CT,"CUTOFF_DATE: Date of the data
SOURCE: Origin of data (g_data_source_origin_ex1_type)","CUTOFF_DATE, SOURCE",,,,,
t_l9ct_company_production_unit,L9CT_company-production-unit_L9CT_esg-ext-data-companies_MMRule.conf,DELIVERED,18.3.0,L9CT,"CUTOFF_DATE: Date of the data
SOURCE: Origin of data (g_data_source_origin_ex1_type)","CUTOFF_DATE, SOURCE",,,,,
t_l9ct_company_production_unit,L9CT_company-production-unit_MRField.conf,DELIVERED,16.1.4,L9CT,"CUTOFF_DATE: Date of the data
SOURCE: Origin of data (g_data_source_origin_ex1_type)","CUTOFF_DATE, SOURCE",,,,,
t_l9ct_company_production_unit,L9CT_company-production-unit_MRField.conf,DELIVERED,17.0.1,L9CT,CUTOFF_DATE: Date of the data,CUTOFF_DATE,,,,,
t_l9ct_company_production_unit,L9CT_company-production-unit_MRField.conf,DELIVERED,18.3.3,L9CT,"CUTOFF_DATE: Date of the data
SOURCE: Origin of data (g_data_source_origin_ex1_type)","CUTOFF_DATE, SOURCE",,,,,
t_l9ct_country_econ_act_metric,L9CT_country-econ-act-metric_MRField.conf,DELIVERED,16.1.4,L9CT,"CUTOFF_DATE: Date of the data
SOURCE: Origin of data (g_data_source_origin_ex1_type)","CUTOFF_DATE, SOURCE",,,,,
t_l9ct_country_econ_act_metric,L9CT_country-econ-act-metric_MRField.conf,DELIVERED,17.1.0,L9CT,CUTOFF_DATE: Date of the data,CUTOFF_DATE,,,,,
t_l9ct_country_econ_act_metric,L9CT_country-econ-act-metric_MRField.conf,DELIVERED,18.3.3,L9CT,"CUTOFF_DATE: Date of the data
SOURCE: Origin of data (g_data_source_origin_ex1_type)","CUTOFF_DATE, SOURCE",,,,,
t_l9ct_cs_ncs_co_tx_alig_sctr_r,L9CT_cs-ncs-co-tx-alig-sctr-r_KSAG_global-customer_rel_MMRule.conf,DELIVERED,18.3.0,L9CT,CUTOFF_DATE: Date of the data,CUTOFF_DATE,,,,,
t_l9ct_cs_ncs_co_tx_alig_sctr_r,L9CT_cs-ncs-co-tx-alig-sctr-r_MRField.conf,DELIVERED,15.1.0,L9CT,CUTOFF_DATE: Date of the data,CUTOFF_DATE,,,,,
t_l9ct_cs_ncs_co_tx_alig_sctr_r,L9CT_cs-ncs-co-tx-alig-sctr-r_MRField.conf,DELIVERED,16.1.6,L9CT,CUTOFF_DATE: Date of the data,CUTOFF_DATE,,,,,
t_l9ct_cs_ncs_co_tx_alig_sctr_r,L9CT_cs-ncs-co-tx-alig-sctr-r_MRField.conf,DELIVERED,18.3.3,L9CT,CUTOFF_DATE: Date of the data,CUTOFF_DATE,,,,,
t_l9ct_cs_ncs_co_tx_alig_sctr_r,L9CT_cs-ncs-co-tx-alig-sctr-r_MRObject.conf,DELIVERED,15.1.0,L9CT,"CUTOFF_DATE: Date of the data
FECHA_VOLUMETRIC: Date of values to compare with
LOWER_BOUND: Lower percentage bound
UPPER_BOUND: Upper percentage bound","CUTOFF_DATE, FECHA_VOLUMETRIC, LOWER_BOUND, UPPER_BOUND",,,,,
t_l9ct_eco_activity_taxo,L9CT_eco-activity-taxo_MRField.conf,DELIVERED,15.1.0,L9CT,"CUTOFF_DATE: Date of the data
SOURCE: Origin of data (gf_information_source_id)","CUTOFF_DATE, SOURCE",,,,,
t_l9ct_eco_activity_taxo,L9CT_eco-activity-taxo_MRField.conf,DELIVERED,16.0.6,L9CT,CUTOFF_DATE: Date of the data,CUTOFF_DATE,,,,,
t_l9ct_eco_activity_taxo,L9CT_eco-activity-taxo_MRObject.conf,DELIVERED,15.1.0,L9CT,"CUTOFF_DATE: Date of the data 
FECHA_VOLUMETRIC: Date of values to compare with 
LOWER_BOUND: Lower percentage bound 
UPPER_BOUND: Upper percentage bound
SOURCE: Origin of data (gf_information_source_id)","CUTOFF_DATE, FECHA_VOLUMETRIC, LOWER_BOUND, UPPER_BOUND, SOURCE",,,,,
t_l9ct_em_factors_buildings,L9CT_em-factors-buildings_KCOG_country_MMRule.conf,DELIVERED,18.3.3,L9CT,CUTOFF_DATE: Date of the data,CUTOFF_DATE,,,,,
t_l9ct_em_factors_buildings,L9CT_em-factors-buildings_MRField.conf,DELIVERED,15.1.0,L9CT,CUTOFF_DATE: Date of the data,CUTOFF_DATE,,,,,
t_l9ct_em_factors_buildings,L9CT_em-factors-buildings_MRField.conf,DELIVERED,17.2.0,L9CT,CUTOFF_DATE: Date of the data,CUTOFF_DATE,,,,,
t_l9ct_em_factors_buildings,L9CT_em-factors-buildings_MRField.conf,DELIVERED,17.1.0,L9CT,CUTOFF_DATE: Date of the data,CUTOFF_DATE,,,,,
t_l9ct_em_factors_buildings,L9CT_em-factors-buildings_MRField.conf,DELIVERED,17.0.1,L9CT,CUTOFF_DATE: Date of the data,CUTOFF_DATE,,,,,
t_l9ct_em_factors_buildings,L9CT_em-factors-buildings_MRField.conf,DELIVERED,18.3.3,L9CT,CUTOFF_DATE: Date of the data,CUTOFF_DATE,,,,,
t_l9ct_em_factors_buildings,L9CT_em-factors-buildings_MRObject.conf,DELIVERED,15.1.0,L9CT,"CUTOFF_DATE: Date of the data
FECHA_VOLUMETRIC: Date of values to compare with
LOWER_BOUND: Lower percentage bound
UPPER_BOUND: Upper percentage bound","CUTOFF_DATE, FECHA_VOLUMETRIC, LOWER_BOUND, UPPER_BOUND",,,,,
t_l9ct_em_factors_by_sector,L9CT_em-factors-by-sector_KCOG_country_MMRule.conf,DELIVERED,18.3.3,L9CT,CUTOFF_DATE: Date of the data,CUTOFF_DATE,,,,,
t_l9ct_em_factors_by_sector,L9CT_em-factors-by-sector_MRField.conf,DELIVERED,15.1.0,L9CT,CUTOFF_DATE: Date of the data,CUTOFF_DATE,,,,,
t_l9ct_em_factors_by_sector,L9CT_em-factors-by-sector_MRField.conf,DELIVERED,16.1.7,L9CT,CUTOFF_DATE: Date of the data,CUTOFF_DATE,,,,,
t_l9ct_em_factors_by_sector,L9CT_em-factors-by-sector_MRField.conf,DELIVERED,17.4.0,L9CT,CUTOFF_DATE: Date of the data,CUTOFF_DATE,,,,,
t_l9ct_em_factors_by_sector,L9CT_em-factors-by-sector_MRField.conf,DELIVERED,17.0.1,L9CT,CUTOFF_DATE: Date of the data,CUTOFF_DATE,,,,,
t_l9ct_em_factors_by_sector,L9CT_em-factors-by-sector_MRField.conf,DELIVERED,18.3.3,L9CT,CUTOFF_DATE: Date of the data,CUTOFF_DATE,,,,,
t_l9ct_em_factors_eur_buildings,L9CT_em-factors-eur-buildings_KCOG_country_MMRule.conf,DELIVERED,18.3.3,L9CT,CUTOFF_DATE: Date of the data,CUTOFF_DATE,,,,,
t_l9ct_em_factors_eur_buildings,L9CT_em-factors-eur-buildings_MRField.conf,DELIVERED,15.1.0,L9CT,CUTOFF_DATE: Date of the data,CUTOFF_DATE,,,,,
t_l9ct_em_factors_eur_buildings,L9CT_em-factors-eur-buildings_MRField.conf,DELIVERED,18.3.3,L9CT,CUTOFF_DATE: Date of the data,CUTOFF_DATE,,,,,
t_l9ct_em_factors_eur_buildings,L9CT_em-factors-eur-buildings_MRObject.conf,DELIVERED,15.1.0,L9CT,"CUTOFF_DATE: Date of the data
FECHA_VOLUMETRIC: Date of values to compare with
LOWER_BOUND: Lower percentage bound
UPPER_BOUND: Upper percentage bound","CUTOFF_DATE, FECHA_VOLUMETRIC, LOWER_BOUND, UPPER_BOUND",,,,,
t_l9ct_em_factors_motor_ve,L9CT_em-factors-motor-ve_KCOG_country_MMRule.conf,DELIVERED,18.3.3,L9CT,CUTOFF_DATE: Date of the data,CUTOFF_DATE,,,,,
t_l9ct_em_factors_motor_ve,L9CT_em-factors-motor-ve_MRField.conf,DELIVERED,15.1.0,L9CT,CUTOFF_DATE: Date of the data,CUTOFF_DATE,,,,,
t_l9ct_em_factors_motor_ve,L9CT_em-factors-motor-ve_MRField.conf,DELIVERED,17.2.0,L9CT,CUTOFF_DATE: Date of the data,CUTOFF_DATE,,,,,
t_l9ct_em_factors_motor_ve,L9CT_em-factors-motor-ve_MRField.conf,DELIVERED,17.0.0,L9CT,CUTOFF_DATE: Date of the data,CUTOFF_DATE,,,,,
t_l9ct_em_factors_motor_ve,L9CT_em-factors-motor-ve_MRField.conf,DELIVERED,17.4.0,L9CT,CUTOFF_DATE: Date of the data,CUTOFF_DATE,,,,,
t_l9ct_em_factors_motor_ve,L9CT_em-factors-motor-ve_MRField.conf,DELIVERED,17.0.1,L9CT,CUTOFF_DATE: Date of the data,CUTOFF_DATE,,,,,
t_l9ct_em_factors_motor_ve,L9CT_em-factors-motor-ve_MRField.conf,DELIVERED,18.3.3,L9CT,CUTOFF_DATE: Date of the data,CUTOFF_DATE,,,,,
t_l9ct_em_factors_motor_ve,L9CT_em-factors-motor-ve_MRObject.conf,DELIVERED,15.1.0,L9CT,"CUTOFF_DATE: Date of the data
FECHA_VOLUMETRIC: Date of values to compare with
LOWER_BOUND: Lower percentage bound
UPPER_BOUND: Upper percentage bound","CUTOFF_DATE, FECHA_VOLUMETRIC, LOWER_BOUND, UPPER_BOUND",,,,,
t_l9ct_esg_ext_data_comp_annl,L9CT_esg-ext-data-comp-annl_MRField.conf,DELIVERED,15.1.0,L9CT,CUTOFF_DATE: Date of the data,CUTOFF_DATE,,,,,
t_l9ct_esg_ext_data_comp_annl,L9CT_esg-ext-data-comp-annl_MRField.conf,DELIVERED,17.0.1,L9CT,CUTOFF_DATE: Date of the data,CUTOFF_DATE,,,,,
t_l9ct_esg_ext_data_comp_annl,L9CT_esg-ext-data-comp-annl_MRField.conf,DELIVERED,16.0.2,L9CT,CUTOFF_DATE: Date of the data,CUTOFF_DATE,,,,,
t_l9ct_esg_ext_data_comp_annl,L9CT_esg-ext-data-comp-annl_MRField.conf,DELIVERED,18.3.4,L9CT,CUTOFF_DATE: Date of the data,CUTOFF_DATE,,,,,
t_l9ct_esg_ext_data_comp_annl,L9CT_esg-ext-data-comp-annl_MRObject.conf,DELIVERED,15.1.0,L9CT,"CUTOFF_DATE: Date of the data 
FECHA_VOLUMETRIC: Date of values to compare with 
LOWER_BOUND: Lower percentage bound 
UPPER_BOUND: Upper percentage bound","CUTOFF_DATE, FECHA_VOLUMETRIC, LOWER_BOUND, UPPER_BOUND",,,,,
t_l9ct_esg_ext_data_companies,L9CT_esg-ext-data-companies_KCOG_country_MMRule.conf,DELIVERED,18.3.3,L9CT,"CUTOFF_DATE: Date of the data
SOURCE: Origin of data (g_data_source_origin_ex1_type)","CUTOFF_DATE, SOURCE",,,,,
t_l9ct_esg_ext_data_companies,L9CT_esg-ext-data-companies_MRField.conf,DELIVERED,15.1.0,L9CT,"CUTOFF_DATE: Date of the data
SOURCE: Origin of data (gf_information_source_id)","CUTOFF_DATE, SOURCE",,,,,
t_l9ct_esg_ext_data_companies,L9CT_esg-ext-data-companies_MRField.conf,DELIVERED,17.0.1,L9CT,"CUTOFF_DATE: Date of the data
SOURCE: Origin of data (gf_information_source_id)","CUTOFF_DATE, SOURCE",,,,,
t_l9ct_esg_ext_data_companies,L9CT_esg-ext-data-companies_MRField.conf,DELIVERED,16.1.6,L9CT,CUTOFF_DATE: Date of the data,CUTOFF_DATE,,,,,
t_l9ct_esg_ext_data_companies,L9CT_esg-ext-data-companies_MRField.conf,DELIVERED,18.3.3,L9CT,"CUTOFF_DATE: Date of the data
SOURCE: Origin of data (gf_information_source_id)","CUTOFF_DATE, SOURCE",,,,,
t_l9ct_esg_ext_data_companies,L9CT_esg-ext-data-companies_MRObject.conf,DELIVERED,15.1.0,L9CT,"CUTOFF_DATE: Date of the data 
FECHA_VOLUMETRIC: Date of values to compare with 
LOWER_BOUND: Lower percentage bound 
UPPER_BOUND: Upper percentage bound
SOURCE: Origin of data (gf_information_source_id)","CUTOFF_DATE, FECHA_VOLUMETRIC, LOWER_BOUND, UPPER_BOUND, SOURCE",,,,,
t_l9ct_esg_scores_industry_taxo,L9CT_esg-scores-industry-taxo_MRField.conf,DELIVERED,15.1.0,L9CT,CUTOFF_DATE: Date of the data,CUTOFF_DATE,,,,,
t_l9ct_esg_scores_industry_taxo,L9CT_esg-scores-industry-taxo_MRField.conf,DELIVERED,16.1.3,L9CT,CUTOFF_DATE: Date of the data,CUTOFF_DATE,,,,,
t_l9ct_esg_scores_industry_taxo,L9CT_esg-scores-industry-taxo_MRField.conf,DELIVERED,18.2.0,L9CT,CUTOFF_DATE: Date of the data,CUTOFF_DATE,,,,,
t_l9ct_esg_scores_industry_taxo,L9CT_esg-scores-industry-taxo_MRObject.conf,DELIVERED,15.1.0,L9CT,"CUTOFF_DATE: Date of the data
FECHA_VOLUMETRIC: Date of values to compare with
LOWER_BOUND: Lower percentage bound
UPPER_BOUND: Upper percentage bound","CUTOFF_DATE, FECHA_VOLUMETRIC, LOWER_BOUND, UPPER_BOUND",,,,,
t_l9ct_gp_cust_ext_data_comp,L9CT_gp-cust-ext-data-comp_KSAG_holding-business-group_MMRule.conf,DELIVERED,16.1.7,L9CT,"CUTOFF_DATE: Date of the data
SOURCE: Origin of data (gf_information_source_id)","CUTOFF_DATE, SOURCE",,,,,
t_l9ct_gp_cust_ext_data_comp,L9CT_gp-cust-ext-data-comp_L9CT_esg-ext-data-companies_MMRule.conf,DELIVERED,18.3.0,L9CT,"CUTOFF_DATE: Date of the data
SOURCE: Origin of data (gf_information_source_id)","CUTOFF_DATE, SOURCE",,,,,
t_l9ct_gp_cust_ext_data_comp,L9CT_gp-cust-ext-data-comp_MRField.conf,DELIVERED,15.1.0,L9CT,"CUTOFF_DATE: Date of the data
SOURCE: Origin of data (gf_information_source_id)","CUTOFF_DATE, SOURCE",,,,,
t_l9ct_gp_cust_ext_data_comp,L9CT_gp-cust-ext-data-comp_MRField.conf,DELIVERED,17.0.1,L9CT,"CUTOFF_DATE: Date of the data
SOURCE: Origin of data (gf_information_source_id)","CUTOFF_DATE, SOURCE",,,,,
t_l9ct_gp_cust_ext_data_comp,L9CT_gp-cust-ext-data-comp_MRField.conf,DELIVERED,16.0.2,L9CT,CUTOFF_DATE: Date of the data,CUTOFF_DATE,,,,,
t_l9ct_gp_cust_ext_data_comp,L9CT_gp-cust-ext-data-comp_MRObject.conf,DELIVERED,15.1.0,L9CT,"CUTOFF_DATE: Date of the data
FECHA_VOLUMETRIC: Date of values to compare with
LOWER_BOUND: Lower percentage bound
UPPER_BOUND: Upper percentage bound
SOURCE: Origin of data (gf_information_source_id)","CUTOFF_DATE, FECHA_VOLUMETRIC, LOWER_BOUND, UPPER_BOUND, SOURCE",,,,,
t_l9ct_green_bonds_secty_flag,L9CT_green-bonds-secty-flag_MRField.conf,DELIVERED,15.1.0,L9CT,CUTOFF_DATE: Date of the data,CUTOFF_DATE,,,,,
t_l9ct_green_bonds_secty_flag,L9CT_green-bonds-secty-flag_MRField.conf,DELIVERED,18.3.0,L9CT,CUTOFF_DATE: Date of the data,CUTOFF_DATE,,,,,
t_l9ct_green_bonds_secty_flag,L9CT_green-bonds-secty-flag_MRField.conf,DELIVERED,16.0.2,L9CT,CUTOFF_DATE: Date of the data,CUTOFF_DATE,,,,,
t_l9ct_green_bonds_secty_flag,L9CT_green-bonds-secty-flag_MRObject.conf,DELIVERED,15.1.0,L9CT,"CUTOFF_DATE: Date of the data
FECHA_VOLUMETRIC: Date of values to compare with
LOWER_BOUND: Lower percentage bound
UPPER_BOUND: Upper percentage bound","CUTOFF_DATE, FECHA_VOLUMETRIC, LOWER_BOUND, UPPER_BOUND",,,,,
t_l9ct_grp_clnt_cmpny_crbn_data,L9CT_grp-clnt-cmpny-crbn-data_KSAG_holding-business-group_MMRule.conf,DELIVERED,18.3.0,L9CT,CUTOFF_DATE: Date of the data,CUTOFF_DATE,,,,,
t_l9ct_grp_clnt_cmpny_crbn_data,L9CT_grp-clnt-cmpny-crbn-data_MRField.conf,DELIVERED,15.1.0,L9CT,CUTOFF_DATE: Date of the data,CUTOFF_DATE,,,,,
t_l9ct_grp_clnt_cmpny_crbn_data,L9CT_grp-clnt-cmpny-crbn-data_MRField.conf,DELIVERED,15.1.0,L9CT,"RUNNING JOB PARAMS:
     CUTOFF_DATE: Date of the data

JOB EXTRALIBS:
     extralibs: Link to custom repository","CUTOFF_DATE, extralibs",,,,,
t_l9ct_grp_clnt_cmpny_crbn_data,L9CT_grp-clnt-cmpny-crbn-data_MRField.conf,DELIVERED,16.1.7,L9CT,CUTOFF_DATE: Date of the data,CUTOFF_DATE,,,,,
t_l9ct_grp_clnt_cmpny_crbn_data,L9CT_grp-clnt-cmpny-crbn-data_MRField.conf,DELIVERED,17.0.1,L9CT,CUTOFF_DATE: Date of the data,CUTOFF_DATE,,,,,
t_l9ct_grp_clnt_cmpny_crbn_data,L9CT_grp-clnt-cmpny-crbn-data_MRField.conf,DELIVERED,18.3.3,L9CT,CUTOFF_DATE: Date of the data,CUTOFF_DATE,,,,,
t_l9ct_grp_clnt_cmpny_crbn_data,L9CT_grp-clnt-cmpny-crbn-data_MRObject.conf,DELIVERED,15.1.0,L9CT,"CUTOFF_DATE: Date of the data
FECHA_VOLUMETRIC: Date of values to compare with
LOWER_BOUND: Lower percentage bound
UPPER_BOUND: Upper percentage bound","CUTOFF_DATE, FECHA_VOLUMETRIC, LOWER_BOUND, UPPER_BOUND",,,,,
t_l9ct_grp_clnt_crbn_data_scp3,L9CT_grp-clnt-crbn-data-scp3_KSAG_holding-business-group_MMRule.conf,DELIVERED,18.3.0,L9CT,CUTOFF_DATE: Date of the data,CUTOFF_DATE,,,,,
t_l9ct_grp_clnt_crbn_data_scp3,L9CT_grp-clnt-crbn-data-scp3_MRField.conf,DELIVERED,15.1.0,L9CT,CUTOFF_DATE: Date of the data,CUTOFF_DATE,,,,,
t_l9ct_grp_clnt_crbn_data_scp3,L9CT_grp-clnt-crbn-data-scp3_MRField.conf,DELIVERED,15.1.0,L9CT,"RUNNING JOB PARAMS:
     CUTOFF_DATE: Date of the data

JOB EXTRALIBS:
     extralibs: Link to custom repository","CUTOFF_DATE, extralibs",,,,,
t_l9ct_grp_clnt_crbn_data_scp3,L9CT_grp-clnt-crbn-data-scp3_MRField.conf,DELIVERED,16.1.7,L9CT,CUTOFF_DATE: Date of the data,CUTOFF_DATE,,,,,
t_l9ct_grp_clnt_crbn_data_scp3,L9CT_grp-clnt-crbn-data-scp3_MRField.conf,DELIVERED,18.3.3,L9CT,CUTOFF_DATE: Date of the data,CUTOFF_DATE,,,,,
t_l9ct_grp_clnt_crbn_data_scp3,L9CT_grp-clnt-crbn-data-scp3_MRObject.conf,DELIVERED,15.1.0,L9CT,"CUTOFF_DATE: Date of the data
FECHA_VOLUMETRIC: Date of values to compare with
LOWER_BOUND: Lower percentage bound
UPPER_BOUND: Upper percentage bound","CUTOFF_DATE, FECHA_VOLUMETRIC, LOWER_BOUND, UPPER_BOUND",,,,,
t_l9ct_grp_cs_co_tx_align_sctr_r,L9CT_grp-cs-co-tx-align-sctr-r_KSAG_holding-business-group_MMRule.conf,DELIVERED,18.3.0,L9CT,CUTOFF_DATE: Date of the data,CUTOFF_DATE,,,,,
t_l9ct_grp_cs_co_tx_align_sctr_r,L9CT_grp-cs-co-tx-align-sctr-r_MRField.conf,DELIVERED,15.1.0,L9CT,CUTOFF_DATE: Date of the data,CUTOFF_DATE,,,,,
t_l9ct_grp_cs_co_tx_align_sctr_r,L9CT_grp-cs-co-tx-align-sctr-r_MRField.conf,DELIVERED,16.1.7,L9CT,CUTOFF_DATE: Date of the data,CUTOFF_DATE,,,,,
t_l9ct_grp_cs_co_tx_align_sctr_r,L9CT_grp-cs-co-tx-align-sctr-r_MRField.conf,DELIVERED,18.4.1,L9CT,CUTOFF_DATE: Date of the data,CUTOFF_DATE,,,,,
t_l9ct_grp_cs_co_tx_align_sctr_r,L9CT_grp-cs-co-tx-align-sctr-r_MRField.conf,DELIVERED,18.3.3,L9CT,CUTOFF_DATE: Date of the data,CUTOFF_DATE,,,,,
t_l9ct_grp_cs_co_tx_align_sctr_r,L9CT_grp-cs-co-tx-align-sctr-r_MRObject.conf,DELIVERED,15.1.0,L9CT,"CUTOFF_DATE: Date of the data
FECHA_VOLUMETRIC: Date of values to compare with
LOWER_BOUND: Lower percentage bound
UPPER_BOUND: Upper percentage bound","CUTOFF_DATE, FECHA_VOLUMETRIC, LOWER_BOUND, UPPER_BOUND",,,,,
t_l9ct_grp_nclnt_cmpny_crbn_data,L9CT_grp-nclnt-cmpny-crbn-data_MRField.conf,DELIVERED,15.1.0,L9CT,CUTOFF_DATE: Date of the data,CUTOFF_DATE,,,,,
t_l9ct_grp_nclnt_cmpny_crbn_data,L9CT_grp-nclnt-cmpny-crbn-data_MRField.conf,DELIVERED,15.1.0,L9CT,"RUNNING JOB PARAMS:
     CUTOFF_DATE: Date of the data

JOB EXTRALIBS:
     extralibs: Link to custom repository","CUTOFF_DATE, extralibs",,,,,
t_l9ct_grp_nclnt_cmpny_crbn_data,L9CT_grp-nclnt-cmpny-crbn-data_MRField.conf,DELIVERED,18.3.3,L9CT,CUTOFF_DATE: Date of the data,CUTOFF_DATE,,,,,
t_l9ct_grp_nclnt_cmpny_crbn_data,L9CT_grp-nclnt-cmpny-crbn-data_MRObject.conf,DELIVERED,15.1.0,L9CT,"CUTOFF_DATE: Date of the data
FECHA_VOLUMETRIC: Date of values to compare with
LOWER_BOUND: Lower percentage bound
UPPER_BOUND: Upper percentage bound","CUTOFF_DATE, FECHA_VOLUMETRIC, LOWER_BOUND, UPPER_BOUND",,,,,
t_l9ct_grp_nclnt_crbn_data_scp3,L9CT_grp-nclnt-crbn-data-scp3_MRField.conf,DELIVERED,15.1.0,L9CT,CUTOFF_DATE: Date of the data,CUTOFF_DATE,,,,,
t_l9ct_grp_nclnt_crbn_data_scp3,L9CT_grp-nclnt-crbn-data-scp3_MRField.conf,DELIVERED,15.1.0,L9CT,"RUNNING JOB PARAMS:
     CUTOFF_DATE: Date of the data

JOB EXTRALIBS:
     extralibs: Link to custom repository","CUTOFF_DATE, extralibs",,,,,
t_l9ct_grp_nclnt_crbn_data_scp3,L9CT_grp-nclnt-crbn-data-scp3_MRField.conf,DELIVERED,18.3.3,L9CT,CUTOFF_DATE: Date of the data,CUTOFF_DATE,,,,,
t_l9ct_grp_nclnt_crbn_data_scp3,L9CT_grp-nclnt-crbn-data-scp3_MRObject.conf,DELIVERED,15.1.0,L9CT,"CUTOFF_DATE: Date of the data
FECHA_VOLUMETRIC: Date of values to compare with
LOWER_BOUND: Lower percentage bound
UPPER_BOUND: Upper percentage bound","CUTOFF_DATE, FECHA_VOLUMETRIC, LOWER_BOUND, UPPER_BOUND",,,,,
t_l9ct_grp_ncs_co_tx_alig_sctr_r,L9CT_grp-ncs-co-tx-alig-sctr-r_MRField.conf,DELIVERED,15.1.0,L9CT,CUTOFF_DATE: Date of the data,CUTOFF_DATE,,,,,
t_l9ct_grp_ncs_co_tx_alig_sctr_r,L9CT_grp-ncs-co-tx-alig-sctr-r_MRField.conf,DELIVERED,18.3.3,L9CT,CUTOFF_DATE: Date of the data,CUTOFF_DATE,,,,,
t_l9ct_grp_ncs_co_tx_alig_sctr_r,L9CT_grp-ncs-co-tx-alig-sctr-r_MRObject.conf,DELIVERED,15.1.0,L9CT,"CUTOFF_DATE: Date of the data
FECHA_VOLUMETRIC: Date of values to compare with
LOWER_BOUND: Lower percentage bound
UPPER_BOUND: Upper percentage bound","CUTOFF_DATE, FECHA_VOLUMETRIC, LOWER_BOUND, UPPER_BOUND",,,,,
t_l9ct_industry_agg_esg_scores,L9CT_industry-agg-esg-scores_MRField.conf,DELIVERED,16.1.3,L9CT,CUTOFF_DATE: Date of the data,CUTOFF_DATE,,,,,
t_l9ct_industry_agg_esg_scores,L9CT_industry-agg-esg-scores_MRField.conf,DELIVERED,15.1.0,L9CT,CUTOFF_DATE: Date of the data,CUTOFF_DATE,,,,,
t_l9ct_industry_agg_esg_scores,L9CT_industry-agg-esg-scores_MRField.conf,DELIVERED,16.1.7,L9CT,CUTOFF_DATE: Date of the data,CUTOFF_DATE,,,,,
t_l9ct_industry_agg_esg_scores,L9CT_industry-agg-esg-scores_MRField.conf,DELIVERED,16.1.1,L9CT,CUTOFF_DATE: Date of the data,CUTOFF_DATE,,,,,
t_l9ct_industry_agg_esg_scores,L9CT_industry-agg-esg-scores_MRField.conf,DELIVERED,18.3.7,L9CT,CUTOFF_DATE: Date of the data,CUTOFF_DATE,,,,,
t_l9ct_industry_agg_esg_scores,L9CT_industry-agg-esg-scores_MRField.conf,DELIVERED,18.2.0,L9CT,CUTOFF_DATE: Date of the data,CUTOFF_DATE,,,,,
t_l9ct_industry_agg_esg_scores,L9CT_industry-agg-esg-scores_MRObject.conf,DELIVERED,15.1.0,L9CT,"CUTOFF_DATE: Date of the data
FECHA_VOLUMETRIC: Date of values to compare with
LOWER_BOUND: Lower percentage bound
UPPER_BOUND: Upper percentage bound","CUTOFF_DATE, FECHA_VOLUMETRIC, LOWER_BOUND, UPPER_BOUND",,,,,
t_l9ct_inst_esg_scores_dimension,L9CT_inst-esg-scores-dimension_MRField.conf,DELIVERED,15.1.0,L9CT,CUTOFF_DATE: Date of the data,CUTOFF_DATE,,,,,
t_l9ct_inst_esg_scores_dimension,L9CT_inst-esg-scores-dimension_MRField.conf,DELIVERED,18.3.3,L9CT,CUTOFF_DATE: Date of the data,CUTOFF_DATE,,,,,
t_l9ct_inst_esg_scores_dimension,L9CT_inst-esg-scores-dimension_MRObject.conf,DELIVERED,15.1.0,L9CT,"CUTOFF_DATE: Date of the data
FECHA_VOLUMETRIC: Date of values to compare with
LOWER_BOUND: Lower percentage bound
UPPER_BOUND: Upper percentage bound","CUTOFF_DATE, FECHA_VOLUMETRIC, LOWER_BOUND, UPPER_BOUND",,,,,
t_l9ct_institutions_esg,L9CT_institutions-esg_L9CT_insts-esg-scores-general_MMRule.conf,DELIVERED,18.3.0,L9CT,CUTOFF_DATE: Date of the data,CUTOFF_DATE,,,,,
t_l9ct_institutions_esg,L9CT_institutions-esg_MRField.conf,DELIVERED,15.1.0,L9CT,CUTOFF_DATE: Date of the data,CUTOFF_DATE,,,,,
t_l9ct_institutions_esg,L9CT_institutions-esg_MRField.conf,DELIVERED,17.2.0,L9CT,CUTOFF_DATE: Date of the data,CUTOFF_DATE,,,,,
t_l9ct_institutions_esg,L9CT_institutions-esg_MRField.conf,DELIVERED,17.0.1,L9CT,CUTOFF_DATE: Date of the data,CUTOFF_DATE,,,,,
t_l9ct_institutions_esg,L9CT_institutions-esg_MRField.conf,DELIVERED,17.1.0,L9CT,CUTOFF_DATE: Date of the data,CUTOFF_DATE,,,,,
t_l9ct_institutions_esg,L9CT_institutions-esg_MRField.conf,DELIVERED,18.3.3,L9CT,CUTOFF_DATE: Date of the data,CUTOFF_DATE,,,,,
t_l9ct_institutions_esg,L9CT_institutions-esg_MRObject.conf,DELIVERED,15.1.0,L9CT,"CUTOFF_DATE: Date of the data
FECHA_VOLUMETRIC: Date of values to compare with
LOWER_BOUND: Lower percentage bound
UPPER_BOUND: Upper percentage bound","CUTOFF_DATE, FECHA_VOLUMETRIC, LOWER_BOUND, UPPER_BOUND",,,,,
t_l9ct_insts_esg_scores_cases,L9CT_insts-esg-scores-cases_MRField.conf,DELIVERED,15.1.0,L9CT,CUTOFF_DATE: Date of the data,CUTOFF_DATE,,,,,
t_l9ct_insts_esg_scores_cases,L9CT_insts-esg-scores-cases_MRField.conf,DELIVERED,17.1.0,L9CT,CUTOFF_DATE: Date of the data,CUTOFF_DATE,,,,,
t_l9ct_insts_esg_scores_cases,L9CT_insts-esg-scores-cases_MRField.conf,DELIVERED,18.3.0,L9CT,CUTOFF_DATE: Date of the data,CUTOFF_DATE,,,,,
t_l9ct_insts_esg_scores_cases,L9CT_insts-esg-scores-cases_MRField.conf,DELIVERED,16.1.2,L9CT,CUTOFF_DATE: Date of the data,CUTOFF_DATE,,,,,
t_l9ct_insts_esg_scores_cases,L9CT_insts-esg-scores-cases_MRField.conf,DELIVERED,18.3.3,L9CT,CUTOFF_DATE: Date of the data,CUTOFF_DATE,,,,,
t_l9ct_insts_esg_scores_cases,L9CT_insts-esg-scores-cases_MRObject.conf,DELIVERED,15.1.0,L9CT,"CUTOFF_DATE: Date of the data
FECHA_VOLUMETRIC: Date of values to compare with
LOWER_BOUND: Lower percentage bound
UPPER_BOUND: Upper percentage bound","CUTOFF_DATE, FECHA_VOLUMETRIC, LOWER_BOUND, UPPER_BOUND",,,,,
t_l9ct_insts_esg_scores_criteria,L9CT_insts-esg-scores-criteria_L9CT_inst-esg-scores-dimension_MMRule.conf,DELIVERED,18.3.0,L9CT,CUTOFF_DATE: Date of the data,CUTOFF_DATE,,,,,
t_l9ct_insts_esg_scores_criteria,L9CT_insts-esg-scores-criteria_MRField.conf,DELIVERED,15.1.0,L9CT,CUTOFF_DATE: Date of the data,CUTOFF_DATE,,,,,
t_l9ct_insts_esg_scores_criteria,L9CT_insts-esg-scores-criteria_MRField.conf,DELIVERED,16.1.1,L9CT,CUTOFF_DATE: Date of the data,CUTOFF_DATE,,,,,
t_l9ct_insts_esg_scores_criteria,L9CT_insts-esg-scores-criteria_MRObject.conf,DELIVERED,15.1.0,L9CT,"CUTOFF_DATE: Date of the data
FECHA_VOLUMETRIC: Date of values to compare with
LOWER_BOUND: Lower percentage bound
UPPER_BOUND: Upper percentage bound","CUTOFF_DATE, FECHA_VOLUMETRIC, LOWER_BOUND, UPPER_BOUND",,,,,
t_l9ct_insts_esg_scores_general,L9CT_insts-esg-scores-general_MRField.conf,DELIVERED,15.1.0,L9CT,CUTOFF_DATE: Date of the data,CUTOFF_DATE,,,,,
t_l9ct_insts_esg_scores_general,L9CT_insts-esg-scores-general_MRField.conf,DELIVERED,15.1.0,L9CT,"RUNNING JOB PARAMS:
     CUTOFF_DATE: Date of the data

JOB EXTRALIBS:
     extralibs: Link to custom repository","CUTOFF_DATE, extralibs",,,,,
t_l9ct_insts_esg_scores_general,L9CT_insts-esg-scores-general_MRField.conf,DELIVERED,17.0.1,L9CT,CUTOFF_DATE: Date of the data,CUTOFF_DATE,,,,,
t_l9ct_insts_esg_scores_general,L9CT_insts-esg-scores-general_MRField.conf,DELIVERED,18.3.3,L9CT,CUTOFF_DATE: Date of the data,CUTOFF_DATE,,,,,
t_l9ct_insts_esg_scores_general,L9CT_insts-esg-scores-general_MRObject.conf,DELIVERED,15.1.0,L9CT,"CUTOFF_DATE: Date of the data
FECHA_VOLUMETRIC: Date of values to compare with
LOWER_BOUND: Lower percentage bound
UPPER_BOUND: Upper percentage bound","CUTOFF_DATE, FECHA_VOLUMETRIC, LOWER_BOUND, UPPER_BOUND",,,,,
t_l9ct_internal_prod_asset_rel,L9CT_internal-prod-asset-rel_MRField.conf,DELIVERED,18.3.6,L9CT,CUTOFF_DATE: Date of the data,CUTOFF_DATE,,,,,
t_l9ct_prod_asset_co_relations,L9CT_prod-asset-co-relations_MRField.conf,DELIVERED,16.1.3,L9CT,"CUTOFF_DATE: Date of the data
SOURCE: Origin of data (gf_information_source_id)","CUTOFF_DATE, SOURCE",,,,,
t_l9ct_prod_asset_co_relations,L9CT_prod-asset-co-relations_MRObject.conf,DELIVERED,16.1.3,L9CT,"CUTOFF_DATE: Date of the data 
FECHA_VOLUMETRIC: Date of values to compare with 
LOWER_BOUND: Lower percentage bound 
UPPER_BOUND: Upper percentage bound
SOURCE: Origin of data (gf_information_source_id)","CUTOFF_DATE, FECHA_VOLUMETRIC, LOWER_BOUND, UPPER_BOUND, SOURCE",,,,,
t_l9ct_prod_assets_annual,L9CT_prod-assets-annual_L9CT_production-assets_MMRule.conf,DELIVERED,18.3.0,L9CT,"CUTOFF_DATE: Date of the data
SOURCE: Origin of data (gf_information_source_id)","CUTOFF_DATE, SOURCE",,,,,
t_l9ct_prod_assets_annual,L9CT_prod-assets-annual_MRField.conf,DELIVERED,16.1.3,L9CT,"CUTOFF_DATE: Date of the data
SOURCE: Origin of data (gf_information_source_id)","CUTOFF_DATE, SOURCE",,,,,
t_l9ct_prod_assets_annual,L9CT_prod-assets-annual_MRField.conf,DELIVERED,16.0.7,L9CT,CUTOFF_DATE: Date of the data,CUTOFF_DATE,,,,,
t_l9ct_prod_assets_annual,L9CT_prod-assets-annual_MRField.conf,DELIVERED,18.3.3,L9CT,"CUTOFF_DATE: Date of the data
SOURCE: Origin of data (gf_information_source_id)","CUTOFF_DATE, SOURCE",,,,,
t_l9ct_prod_assets_annual,L9CT_prod-assets-annual_MRObject.conf,DELIVERED,16.1.3,L9CT,"CUTOFF_DATE: Date of the data 
FECHA_VOLUMETRIC: Date of values to compare with 
LOWER_BOUND: Lower percentage bound 
UPPER_BOUND: Upper percentage bound 
IS_VOL_CRITICAL: Optional parameter to disable the criticality of the 6.9 rule
SOURCE: Origin of data (gf_information_source_id)","CUTOFF_DATE, FECHA_VOLUMETRIC, LOWER_BOUND, UPPER_BOUND, IS_VOL_CRITICAL, SOURCE",,,,,
t_l9ct_prod_assets_oilgas,L9CT_prod-assets-oilgas_MRField.conf,DELIVERED,16.1.4,L9CT,"CUTOFF_DATE: Date of the data
SOURCE: Origin of data (gf_information_source_id)","CUTOFF_DATE, SOURCE",,,,,
t_l9ct_prod_assets_oilgas,L9CT_prod-assets-oilgas_MRField.conf,DELIVERED,16.1.4,L9CT,"CUTOFF_DATE: Date of the data
SOURCE: Origin of data (gf_information_source_id)","CUTOFF_DATE, SOURCE",,,,,
t_l9ct_prod_assets_oilgas,L9CT_prod-assets-oilgas_MRField.conf,DELIVERED,18.3.4,L9CT,"CUTOFF_DATE: Date of the data
SOURCE: Origin of data (gf_information_source_id)","CUTOFF_DATE, SOURCE",,,,,
t_l9ct_prod_assets_oilgas,L9CT_prod-assets-oilgas_MRField.conf,DELIVERED,18.3.2,L9CT,CUTOFF_DATE: Date of the data,CUTOFF_DATE,,,,,
t_l9ct_prod_assets_oilgas,L9CT_prod-assets-oilgas_MRObject.conf,DELIVERED,16.1.4,L9CT,"CUTOFF_DATE: Date of the data 
FECHA_VOLUMETRIC: Date of values to compare with 
LOWER_BOUND: Lower percentage bound 
UPPER_BOUND: Upper percentage bound
SOURCE: Origin of data (gf_information_source_id)","CUTOFF_DATE, FECHA_VOLUMETRIC, LOWER_BOUND, UPPER_BOUND, SOURCE",,,,,
t_l9ct_prod_assets_oilgas_annual,L9CT_prod-assets-oilgas-annual_MRField.conf,DELIVERED,16.1.4,L9CT,"CUTOFF_DATE: Date of the data
SOURCE: Origin of data (gf_information_source_id)","CUTOFF_DATE, SOURCE",,,,,
t_l9ct_prod_assets_oilgas_annual,L9CT_prod-assets-oilgas-annual_MRField.conf,DELIVERED,18.3.2,L9CT,CUTOFF_DATE: Date of the data,CUTOFF_DATE,,,,,
t_l9ct_prod_assets_oilgas_annual,L9CT_prod-assets-oilgas-annual_MRObject.conf,DELIVERED,16.1.4,L9CT,"CUTOFF_DATE: Date of the data 
FECHA_VOLUMETRIC: Date of values to compare with 
LOWER_BOUND: Lower percentage bound 
UPPER_BOUND: Upper percentage bound
SOURCE: Origin of data (gf_information_source_id)","CUTOFF_DATE, FECHA_VOLUMETRIC, LOWER_BOUND, UPPER_BOUND, SOURCE",,,,,
t_l9ct_prod_assets_subs_co,L9CT_prod-assets-subs-co_MRField.conf,DELIVERED,18.3.9,L9CT,CUTOFF_DATE: Date of the data,CUTOFF_DATE,,,,,
t_l9ct_production_assets,L9CT_production-assets_MRField.conf,DELIVERED,16.1.3,L9CT,"CUTOFF_DATE: Date of the data
SOURCE: Origin of data (gf_information_source_id)","CUTOFF_DATE, SOURCE",,,,,
t_l9ct_production_assets,L9CT_production-assets_MRField.conf,DELIVERED,18.3.5,L9CT,"CUTOFF_DATE: Date of the data
SOURCE: Origin of data (gf_information_source_id)","CUTOFF_DATE, SOURCE",,,,,
t_l9ct_production_assets,L9CT_production-assets_MRField.conf,DELIVERED,16.0.6,L9CT,CUTOFF_DATE: Date of the data,CUTOFF_DATE,,,,,
t_l9ct_production_assets,L9CT_production-assets_MRField.conf,DELIVERED,16.1.6,L9CT,CUTOFF_DATE: Date of the data,CUTOFF_DATE,,,,,
t_l9ct_production_assets,L9CT_production-assets_MRField.conf,DELIVERED,17.0.1,L9CT,CUTOFF_DATE: Date of the data,CUTOFF_DATE,,,,,
t_l9ct_production_assets,L9CT_production-assets_MRObject.conf,DELIVERED,16.1.3,L9CT,"CUTOFF_DATE: Date of the data 
FECHA_VOLUMETRIC: Date of values to compare with 
LOWER_BOUND: Lower percentage bound 
UPPER_BOUND: Upper percentage bound
SOURCE: Origin of data (gf_information_source_id)","CUTOFF_DATE, FECHA_VOLUMETRIC, LOWER_BOUND, UPPER_BOUND, SOURCE",,,,,
t_l9ct_reglty_metric_kpi_taxo_ue,L9CT_reglty-metric-kpi-taxo-ue_L9CT_esg-ext-data-companies_MMRule.conf,DELIVERED,18.3.0,L9CT,"CUTOFF_DATE: Date of the data
SOURCE: Origin of data (g_data_source_origin_ex1_type)","CUTOFF_DATE, SOURCE",,,,,
t_l9ct_reglty_metric_kpi_taxo_ue,L9CT_reglty-metric-kpi-taxo-ue_MRField.conf,DELIVERED,16.1.4,L9CT,"CUTOFF_DATE: Date of the data
SOURCE: Origin of data (g_data_source_origin_ex1_type)","CUTOFF_DATE, SOURCE",,,,,
t_l9ct_reglty_metric_kpi_taxo_ue,L9CT_reglty-metric-kpi-taxo-ue_MRField.conf,DELIVERED,18.3.4,L9CT,CUTOFF_DATE: Date of the data,CUTOFF_DATE,,,,,
t_l9ct_reglty_metric_kpi_taxo_ue,L9CT_reglty-metric-kpi-taxo-ue_MRField.conf,DELIVERED,18.3.3,L9CT,"CUTOFF_DATE: Date of the data
SOURCE: Origin of data (g_data_source_origin_ex1_type)","CUTOFF_DATE, SOURCE",,,,,
t_l9ct_regulatory_metric,L9CT_regulatory-metric_L9CT_esg-ext-data-companies_MMRule.conf,DELIVERED,18.3.0,L9CT,"CUTOFF_DATE: Date of the data
SOURCE: Origin of data (g_data_source_origin_ex1_type)","CUTOFF_DATE, SOURCE",,,,,
t_l9ct_regulatory_metric,L9CT_regulatory-metric_MRField.conf,DELIVERED,16.1.4,L9CT,"CUTOFF_DATE: Date of the data
SOURCE: Origin of data (g_data_source_origin_ex1_type)","CUTOFF_DATE, SOURCE",,,,,
t_l9ct_regulatory_metric,L9CT_regulatory-metric_MRField.conf,DELIVERED,16.1.7,L9CT,CUTOFF_DATE: Date of the data,CUTOFF_DATE,,,,,
t_l9ct_regulatory_metric,L9CT_regulatory-metric_MRField.conf,DELIVERED,18.3.3,L9CT,"CUTOFF_DATE: Date of the data
SOURCE: Origin of data (g_data_source_origin_ex1_type)","CUTOFF_DATE, SOURCE",,,,,
t_l9ct_regulatory_metric_year,L9CT_regulatory-metric-year_L9CT_esg-ext-data-companies_MMRule.conf,DELIVERED,18.3.0,L9CT,"CUTOFF_DATE: Date of the data
SOURCE: Origin of data (g_data_source_origin_ex1_type)","CUTOFF_DATE, SOURCE",,,,,
t_l9ct_regulatory_metric_year,L9CT_regulatory-metric-year_MRField.conf,DELIVERED,16.1.4,L9CT,"CUTOFF_DATE: Date of the data
SOURCE: Origin of data (g_data_source_origin_ex1_type)","CUTOFF_DATE, SOURCE",,,,,
t_l9ct_regulatory_metric_year,L9CT_regulatory-metric-year_MRField.conf,DELIVERED,16.1.7,L9CT,CUTOFF_DATE: Date of the data,CUTOFF_DATE,,,,,
t_l9ct_regulatory_metric_year,L9CT_regulatory-metric-year_MRField.conf,DELIVERED,17.4.0,L9CT,CUTOFF_DATE: Date of the data,CUTOFF_DATE,,,,,
t_l9ct_regulatory_metric_year,L9CT_regulatory-metric-year_MRField.conf,DELIVERED,18.3.3,L9CT,"CUTOFF_DATE: Date of the data
SOURCE: Origin of data (g_data_source_origin_ex1_type)","CUTOFF_DATE, SOURCE",,,,,
t_l9ct_security_titles_metric,L9CT_security-titles-metric_MRField.conf,DELIVERED,16.1.4,L9CT,"CUTOFF_DATE: Date of the data
SOURCE: Origin of data (g_data_source_origin_ex1_type)","CUTOFF_DATE, SOURCE",,,,,
t_l9ct_security_titles_metric,L9CT_security-titles-metric_MRField.conf,DELIVERED,17.0.1,L9CT,CUTOFF_DATE: Date of the data,CUTOFF_DATE,,,,,
t_l9ct_security_titles_metric,L9CT_security-titles-metric_MRField.conf,DELIVERED,18.3.3,L9CT,"CUTOFF_DATE: Date of the data
SOURCE: Origin of data (g_data_source_origin_ex1_type)","CUTOFF_DATE, SOURCE",,,,,
t_l9ct_sust_comp_scores,L9CT_sust-comp-scores_MRField.conf,DELIVERED,15.1.0,L9CT,"CUTOFF_DATE: Date of the data
SOURCE: Origin of data (gf_information_source_id)","CUTOFF_DATE, SOURCE",,,,,
t_l9ct_sust_comp_scores,L9CT_sust-comp-scores_MRField.conf,DELIVERED,17.0.1,L9CT,"CUTOFF_DATE: Date of the data
SOURCE: Origin of data (gf_information_source_id)","CUTOFF_DATE, SOURCE",,,,,
t_l9ct_sust_comp_scores,L9CT_sust-comp-scores_MRField.conf,DELIVERED,16.0.6,L9CT,CUTOFF_DATE: Date of the data,CUTOFF_DATE,,,,,
t_l9ct_sust_comp_scores,L9CT_sust-comp-scores_MRObject.conf,DELIVERED,15.1.0,L9CT,"CUTOFF_DATE: Date of the data 
FECHA_VOLUMETRIC: Date of values to compare with 
LOWER_BOUND: Lower percentage bound 
UPPER_BOUND: Upper percentage bound
SOURCE: Origin of data (gf_information_source_id)","CUTOFF_DATE, FECHA_VOLUMETRIC, LOWER_BOUND, UPPER_BOUND, SOURCE",,,,,
t_l9ct_sust_sinds_scores,L9CT_sust-sinds-scores_MRField.conf,DELIVERED,15.1.0,L9CT,"CUTOFF_DATE: Date of the data
SOURCE: Origin of data (gf_information_source_id)","CUTOFF_DATE, SOURCE",,,,,
t_l9ct_sust_sinds_scores,L9CT_sust-sinds-scores_MRField.conf,DELIVERED,16.0.6,L9CT,CUTOFF_DATE: Date of the data,CUTOFF_DATE,,,,,
t_l9ct_sust_sinds_scores,L9CT_sust-sinds-scores_MRObject.conf,DELIVERED,15.1.0,L9CT,"CUTOFF_DATE: Date of the data 
FECHA_VOLUMETRIC: Date of values to compare with 
LOWER_BOUND: Lower percentage bound 
UPPER_BOUND: Upper percentage bound
SOURCE: Origin of data (gf_information_source_id)","CUTOFF_DATE, FECHA_VOLUMETRIC, LOWER_BOUND, UPPER_BOUND, SOURCE",,,,,
t_l9sv_digital_marketing_costs,L9SV_digital-marketing-costs_KCOG_country_MMRule.conf,DELIVERED,18.3.5,L9SV,CUTOFF_DATE: Date of the data,CUTOFF_DATE,,,,,
t_l9sv_digital_marketing_costs,L9SV_digital-marketing-costs_KCOG_currency_MMRule.conf,DELIVERED,18.3.5,L9SV,CUTOFF_DATE: Date of the data,CUTOFF_DATE,,,,,
t_l9sv_digital_marketing_costs,L9SV_digital-marketing-costs_MRField.conf,DELIVERED,16.0.5,L9SV,CUTOFF_DATE: Date of the data,CUTOFF_DATE,,,,,
t_l9sv_digital_marketing_costs,L9SV_digital-marketing-costs_MRField.conf,DELIVERED,18.3.3,L9SV,CUTOFF_DATE: Date of the data,CUTOFF_DATE,,,,,
t_l9sv_digital_marketing_costs,L9SV_digital-marketing-costs_MRField.conf,DELIVERED,16.1.1,L9SV,CUTOFF_DATE: Date of the data,CUTOFF_DATE,,,,,
t_l9sv_digital_marketing_costs,L9SV_digital-marketing-costs_MRField.conf,DELIVERED,18.3.5,L9SV,CUTOFF_DATE: Date of the data,CUTOFF_DATE,,,,,
t_l9sv_keyword_search_metric,L9SV_keyword-search-metric_MRField.conf,DELIVERED,17.2.0,L9SV,CUTOFF_DATE: Date of the data,CUTOFF_DATE,,,,,
t_l9sv_organic_search_metric,L9SV_organic-search-metric_MRField.conf,DELIVERED,18.3.3,L9SV,CUTOFF_DATE: Date of the data,CUTOFF_DATE,,,,,
t_msx9_loans_calc_balances,MSX9_loans-calc-balances_KCOG_currency_MMRule.conf,DELIVERED,18.3.3,MSX9,CUTOFF_DATE: Date of the data,CUTOFF_DATE,,,,,
t_msx9_loans_calc_balances,MSX9_loans-calc-balances_MRField.conf,DELIVERED,15.1.0,MSX9,CUTOFF_DATE: Date of the data,CUTOFF_DATE,,,,,
t_msx9_loans_calc_balances,MSX9_loans-calc-balances_MRField.conf,DELIVERED,18.3.6,MSX9,CUTOFF_DATE: Date of the data,CUTOFF_DATE,,,,,
t_nm7r_lead,NM7R_lead_KBTQ_role-person_MMRule.conf,DELIVERED,15.1.0,NM7R,CUTOFF_DATE: Date of the data,CUTOFF_DATE,,,,,
t_nm7r_lead,NM7R_lead_KCOG_branch_MMRule.conf,DELIVERED,15.1.0,NM7R,CUTOFF_DATE: Date of the data,CUTOFF_DATE,,,,,
t_nm7r_lead,NM7R_lead_KCOG_country_MMRule.conf,DELIVERED,18.3.0,NM7R,CUTOFF_DATE: Date of the data,CUTOFF_DATE,,,,,
t_nm7r_lead,NM7R_lead_KCOG_entity_MMRule.conf,DELIVERED,18.3.0,NM7R,CUTOFF_DATE: Date of the data,CUTOFF_DATE,,,,,
t_nm7r_lead,NM7R_lead_MRField.conf,DELIVERED,15.1.0,NM7R,CUTOFF_DATE: Date of the data,CUTOFF_DATE,,,,,
t_nm7r_lead,NM7R_lead_MRField.conf,DELIVERED,18.3.3,NM7R,CUTOFF_DATE: Date of the data,CUTOFF_DATE,,,,,
t_nm7r_lead,NM7R_lead_MRField.conf,DELIVERED,15.1.0,NM7R,"CUTOFF_DATE: Date of the data
CATALOG_COLUMN_1: Columna del catálogo local 
CATALOG_CODE_1: Filtrado del catálogo local
CATALOG_TABLE_1: Nombre de tabla local",", CATALOG_COLUMN_1, CATALOG_CODE_1, CATALOG_TABLE_1",,,,,
t_nm7r_lead,NM7R_lead_MRField.conf,DELIVERED,15.1.0,NM7R,"CUTOFF_DATE: Date of the data
CATALOG_COLUMN_2: Columna del catálogo local 
CATALOG_CODE_2: Filtrado del catálogo local
CATALOG_TABLE_2: Nombre de tabla local",", CATALOG_COLUMN_2, CATALOG_CODE_2, CATALOG_TABLE_2",,,,,
t_nm7r_lead,NM7R_lead_MRField.conf,DELIVERED,15.1.0,NM7R,"CUTOFF_DATE: Date of the data
CATALOG_COLUMN_3: Columna del catálogo local 
CATALOG_CODE_3: Filtrado del catálogo local
CATALOG_TABLE_3: Nombre de tabla local",", CATALOG_COLUMN_3, CATALOG_CODE_3, CATALOG_TABLE_3",,,,,
t_nm7r_lead,NM7R_lead_MRField.conf,DELIVERED,15.1.0,NM7R,"CUTOFF_DATE: Date of the data
CATALOG_COLUMN_4: Columna del catálogo local 
CATALOG_CODE_4: Filtrado del catálogo local
CATALOG_TABLE_4: Nombre de tabla local",", CATALOG_COLUMN_4, CATALOG_CODE_4, CATALOG_TABLE_4",,,,,
t_nm7r_lead,NM7R_lead_MRField.conf,DELIVERED,15.1.0,NM7R,"CUTOFF_DATE: Date of the data
CATALOG_COLUMN_5: Columna del catálogo local 
CATALOG_CODE_5: Filtrado del catálogo local
CATALOG_TABLE_5: Nombre de tabla local",", CATALOG_COLUMN_5, CATALOG_CODE_5, CATALOG_TABLE_5",,,,,
t_nm7r_lead,NM7R_lead_MRField.conf,DELIVERED,15.1.0,NM7R,"CUTOFF_DATE: Date of the data
CATALOG_COLUMN_6: Columna del catálogo local 
CATALOG_CODE_6: Filtrado del catálogo local
CATALOG_TABLE_6: Nombre de tabla local",", CATALOG_COLUMN_6, CATALOG_CODE_6, CATALOG_TABLE_6",,,,,
t_nm7r_lead,NM7R_lead_MRObject.conf,DELIVERED,15.1.0,NM7R,"CUTOFF_DATE: Date of the data
FECHA_VOLUMETRIC: Date of values to compare with
LOWER_BOUND: Lower percentage bound
UPPER_BOUND: Upper percentage bound","CUTOFF_DATE, FECHA_VOLUMETRIC, LOWER_BOUND, UPPER_BOUND",,,,,
t_nols_assets_und_mgmt_isin_lvl,NOLS_assets-und-mgmt-isin-lvl_MRField.conf,DELIVERED,15.1.0,NOLS,"CUTOFF_DATE: Date of the data
SOURCE: Origin of data (g_data_source_origin_type)","CUTOFF_DATE, SOURCE",,,,,
t_nols_assets_und_mgmt_isin_lvl,NOLS_assets-und-mgmt-isin-lvl_MRField.conf,DELIVERED,18.3.2,NOLS,"CUTOFF_DATE: Date of the data
SOURCE: Origin of data (g_data_source_origin_type)","CUTOFF_DATE, SOURCE",,,,,
t_nols_assets_und_mgmt_isin_lvl,NOLS_assets-und-mgmt-isin-lvl_MRField.conf,DELIVERED,15.1.0,NOLS,"CUTOFF_DATE: Date of the data
SOURCE: Origin of data (g_data_source_origin_type)","CUTOFF_DATE, SOURCE",,,,,
t_nols_assets_und_mgmt_isin_lvl,NOLS_assets-und-mgmt-isin-lvl_MRObject.conf,DELIVERED,15.1.0,NOLS,"CUTOFF_DATE: Date of the data
FECHA_VOLUMETRIC: Date of values to compare with
LOWER_BOUND: Lower percentage bound
UPPER_BOUND: Upper percentage bound
SOURCE: Origin of data (g_data_source_origin_type)","CUTOFF_DATE, FECHA_VOLUMETRIC, LOWER_BOUND, UPPER_BOUND, SOURCE",,,,,
t_nols_commerc_external_funds,NOLS_commerc-external-funds_MRField.conf,DELIVERED,16.1.1,NOLS,CUTOFF_DATE: Date of the data,CUTOFF_DATE,,,,,
t_nols_commerc_external_funds,NOLS_commerc-external-funds_NOLS_external-funds_MMRule.conf,DELIVERED,18.3.0,NOLS,CUTOFF_DATE: Date of the data,CUTOFF_DATE,,,,,
t_nols_external_funds,NOLS_external-funds_MRField.conf,DELIVERED,15.1.0,NOLS,CUTOFF_DATE: Date of the data,CUTOFF_DATE,,,,,
t_nols_external_funds,NOLS_external-funds_MRField.conf,DELIVERED,16.1.7,NOLS,CUTOFF_DATE: Date of the data,CUTOFF_DATE,,,,,
t_nols_external_funds,NOLS_external-funds_MRField.conf,DELIVERED,18.3.3,NOLS,CUTOFF_DATE: Date of the data,CUTOFF_DATE,,,,,
t_nols_external_funds,NOLS_external-funds_MRObject.conf,DELIVERED,15.1.0,NOLS,"CUTOFF_DATE: Date of the data
FECHA_VOLUMETRIC: Date of values to compare with
LOWER_BOUND: Lower percentage bound
UPPER_BOUND: Upper percentage bound","CUTOFF_DATE, FECHA_VOLUMETRIC, LOWER_BOUND, UPPER_BOUND",,,,,
t_nols_external_funds_equity,NOLS_external-funds-equity_MRField.conf,DELIVERED,15.1.0,NOLS,CUTOFF_DATE: Date of the data,CUTOFF_DATE,,,,,
t_nols_external_funds_equity,NOLS_external-funds-equity_MRField.conf,DELIVERED,18.3.3,NOLS,CUTOFF_DATE: Date of the data,CUTOFF_DATE,,,,,
t_nols_external_funds_equity,NOLS_external-funds-equity_MRObject.conf,DELIVERED,15.1.0,NOLS,"CUTOFF_DATE: Date of the data
FECHA_VOLUMETRIC: Date of values to compare with
LOWER_BOUND: Lower percentage bound
UPPER_BOUND: Upper percentage bound","CUTOFF_DATE, FECHA_VOLUMETRIC, LOWER_BOUND, UPPER_BOUND",,,,,
t_nols_external_funds_equity,NOLS_external-funds-equity_NOLS_external-funds_MMRule.conf,DELIVERED,18.3.0,NOLS,CUTOFF_DATE: Date of the data,CUTOFF_DATE,,,,,
t_nols_fina_asset_mngmt_fund,NOLS_fina-asset-mngmt-fund_MRField.conf,DELIVERED,18.3.6,NOLS,CUTOFF_DATE: Date of the data,CUTOFF_DATE,,,,,
t_nols_internal_funds,NOLS_internal-funds_MRField.conf,DELIVERED,15.1.0,NOLS,CUTOFF_DATE: Date of the data,CUTOFF_DATE,,,,,
t_nols_internal_funds,NOLS_internal-funds_MRField.conf,DELIVERED,16.1.7,NOLS,CUTOFF_DATE: Date of the data,CUTOFF_DATE,,,,,
t_nols_internal_funds,NOLS_internal-funds_MRField.conf,DELIVERED,18.3.3,NOLS,CUTOFF_DATE: Date of the data,CUTOFF_DATE,,,,,
t_nols_internal_funds,NOLS_internal-funds_MRObject.conf,DELIVERED,15.1.0,NOLS,"CUTOFF_DATE: Date of the data
FECHA_VOLUMETRIC: Date of values to compare with
LOWER_BOUND: Lower percentage bound
UPPER_BOUND: Upper percentage bound","CUTOFF_DATE, FECHA_VOLUMETRIC, LOWER_BOUND, UPPER_BOUND",,,,,
t_nols_internal_funds_equity,NOLS_internal-funds-equity_MRField.conf,DELIVERED,15.1.0,NOLS,CUTOFF_DATE: Date of the data,CUTOFF_DATE,,,,,
t_nols_internal_funds_equity,NOLS_internal-funds-equity_MRField.conf,DELIVERED,16.1.7,NOLS,CUTOFF_DATE: Date of the data,CUTOFF_DATE,,,,,
t_nols_internal_funds_equity,NOLS_internal-funds-equity_MRField.conf,DELIVERED,18.3.3,NOLS,CUTOFF_DATE: Date of the data,CUTOFF_DATE,,,,,
t_nols_internal_funds_equity,NOLS_internal-funds-equity_NOLS_internal-funds_MMRule.conf,DELIVERED,18.3.0,NOLS,CUTOFF_DATE: Date of the data,CUTOFF_DATE,,,,,
t_p68x_browser_catalog,P68X_browser-catalog_MRField.conf,DELIVERED,15.1.0,P68X,CUTOFF_DATE: Date of the data,CUTOFF_DATE,,,,,
t_p68x_browser_catalog,P68X_browser-catalog_MRObject.conf,DELIVERED,15.1.0,P68X,"CUTOFF_DATE: Date of the data
FECHA_VOLUMETRIC: Date of values to compare with
LOWER_BOUND: Lower percentage bound
UPPER_BOUND: Upper percentage bound","CUTOFF_DATE, FECHA_VOLUMETRIC, LOWER_BOUND, UPPER_BOUND",,,,,
t_p68x_division_catalog,P68X_division-catalog_MRField.conf,DELIVERED,15.1.0,P68X,CUTOFF_DATE: Date of the data,CUTOFF_DATE,,,,,
t_p68x_division_catalog,P68X_division-catalog_MRObject.conf,DELIVERED,15.1.0,P68X,"CUTOFF_DATE: Date of the data 
FECHA_VOLUMETRIC: Date of values to compare with 
LOWER_BOUND: Lower percentage bound 
UPPER_BOUND: Upper percentage bound 
IS_VOL_CRITICAL: Optional parameter to disable the criticality of the 6.9 rule","CUTOFF_DATE, FECHA_VOLUMETRIC, LOWER_BOUND, UPPER_BOUND, IS_VOL_CRITICAL",,,,,
t_p68x_insights_relations,P68X_insights-relations_MRField.conf,DELIVERED,15.1.0,P68X,CUTOFF_DATE: Date of the data,CUTOFF_DATE,,,,,
t_p68x_insights_relations,P68X_insights-relations_MRObject.conf,DELIVERED,15.1.0,P68X,"CUTOFF_DATE: Date of the data
FECHA_VOLUMETRIC: Date of values to compare with
LOWER_BOUND: Lower percentage bound
UPPER_BOUND: Upper percentage bound","CUTOFF_DATE, FECHA_VOLUMETRIC, LOWER_BOUND, UPPER_BOUND",,,,,
t_p68x_mbl_dvc_catalog,P68X_mbl-dvc-catalog_MRField.conf,DELIVERED,15.1.0,P68X,CUTOFF_DATE: Date of the data,CUTOFF_DATE,,,,,
t_p68x_mbl_dvc_catalog,P68X_mbl-dvc-catalog_MRObject.conf,DELIVERED,15.1.0,P68X,"CUTOFF_DATE: Date of the data
FECHA_VOLUMETRIC: Date of values to compare with
LOWER_BOUND: Lower percentage bound
UPPER_BOUND: Upper percentage bound","CUTOFF_DATE, FECHA_VOLUMETRIC, LOWER_BOUND, UPPER_BOUND",,,,,
t_p68x_oneliner_notifications,P68X_oneliner-notifications_MRField.conf,DELIVERED,15.1.0,P68X,CUTOFF_DATE: Date of the data,CUTOFF_DATE,,,,,
t_p68x_oneliner_notifications,P68X_oneliner-notifications_MRObject.conf,DELIVERED,15.1.0,P68X,"CUTOFF_DATE: Date of the data
FECHA_VOLUMETRIC: Date of values to compare with
LOWER_BOUND: Lower percentage bound
UPPER_BOUND: Upper percentage bound","CUTOFF_DATE, FECHA_VOLUMETRIC, LOWER_BOUND, UPPER_BOUND",,,,,
t_p68x_oneliner_weights_catalog,P68X_oneliner-weights-catalog_MRField.conf,DELIVERED,15.1.0,P68X,CUTOFF_DATE: Date of the data,CUTOFF_DATE,,,,,
t_p68x_oneliner_weights_catalog,P68X_oneliner-weights-catalog_MRObject.conf,DELIVERED,15.1.0,P68X,"CUTOFF_DATE: Date of the data
FECHA_VOLUMETRIC: Date of values to compare with
LOWER_BOUND: Lower percentage bound
UPPER_BOUND: Upper percentage bound","CUTOFF_DATE, FECHA_VOLUMETRIC, LOWER_BOUND, UPPER_BOUND",,,,,
t_p68x_queue_hierarchy,P68X_queue-hierarchy_MRField.conf,DELIVERED,15.1.0,P68X,CUTOFF_DATE: Date of the data,CUTOFF_DATE,,,,,
t_p68x_queue_hierarchy,P68X_queue-hierarchy_MRObject.conf,DELIVERED,15.1.0,P68X,"CUTOFF_DATE: Date of the data 
FECHA_VOLUMETRIC: Date of values to compare with 
LOWER_BOUND: Lower percentage bound 
UPPER_BOUND: Upper percentage bound","CUTOFF_DATE, FECHA_VOLUMETRIC, LOWER_BOUND, UPPER_BOUND",,,,,
t_p68x_vehicle_version_catalog,P68X_vehicle-version-catalog_MRField.conf,DELIVERED,18.3.3,P68X,CUTOFF_DATE: Date of the data,CUTOFF_DATE,,,,,
t_p68x_vehicle_version_catalog,P68X_vehicle-version-catalog_MRField.conf,DELIVERED,15.1.0,P68X,CUTOFF_DATE: Date of the data,CUTOFF_DATE,,,,,
t_p68x_voice_plat_flow_tag_cat,P68X_voice-plat-flow-tag-cat_MRField.conf,DELIVERED,18.3.3,P68X,CUTOFF_DATE: Date of the data,CUTOFF_DATE,,,,,
t_p68x_voice_plat_flow_tag_cat,P68X_voice-plat-flow-tag-cat_MRField.conf,DELIVERED,15.1.0,P68X,CUTOFF_DATE: Date of the data,CUTOFF_DATE,,,,,
t_p68x_voice_plat_flow_tag_cat,P68X_voice-plat-flow-tag-cat_MRObject.conf,DELIVERED,15.1.0,P68X,"CUTOFF_DATE: Date of the data 
FECHA_VOLUMETRIC: Date of values to compare with 
LOWER_BOUND: Lower percentage bound 
UPPER_BOUND: Upper percentage bound","CUTOFF_DATE, FECHA_VOLUMETRIC, LOWER_BOUND, UPPER_BOUND",,,,,
t_p6r1_customer_socio_demo_board,P6R1_customer-socio-demo-board_KCOG_country_MMRule.conf,DELIVERED,18.3.3,P6R1,CUTOFF_DATE: Date of the data,CUTOFF_DATE,,,,,
t_p6r1_customer_socio_demo_board,P6R1_customer-socio-demo-board_MRField.conf,DELIVERED,18.3.3,P6R1,CUTOFF_DATE: Date of the data,CUTOFF_DATE,,,,,
t_p6r1_customer_socio_demo_board,P6R1_customer-socio-demo-board_MRField.conf,DELIVERED,15.1.0,P6R1,CUTOFF_DATE: Date of the data,CUTOFF_DATE,,,,,
t_p6r1_interaction_by_channel,P6R1_interaction-by-channel_KCOG_country_MMRule.conf,DELIVERED,18.3.3,P6R1,CUTOFF_DATE: Date of the data,CUTOFF_DATE,,,,,
t_p6r1_interaction_by_channel,P6R1_interaction-by-channel_KCOG_currency_MMRule.conf,DELIVERED,18.3.3,P6R1,CUTOFF_DATE: Date of the data,CUTOFF_DATE,,,,,
t_p6r1_interaction_by_channel,P6R1_interaction-by-channel_MRField.conf,DELIVERED,15.1.0,P6R1,CUTOFF_DATE: Date of the data,CUTOFF_DATE,,,,,
t_p6r1_interaction_by_channel,P6R1_interaction-by-channel_YH2J_gbl-channel-hier-master_MMRule.conf,DELIVERED,18.3.3,P6R1,CUTOFF_DATE: Date of the data,CUTOFF_DATE,,,,,
t_p6r1_movements_hist,P6R1_movements-hist_MRField.conf,DELIVERED,15.1.0,P6R1,CUTOFF_DATE: Date of the data,CUTOFF_DATE,,,,,
t_p6r1_prt_cont_prdt_bal_board,P6R1_prt-cont-prdt-bal-board_KCOG_country_MMRule.conf,DELIVERED,18.3.3,P6R1,CUTOFF_DATE: Date of the data,CUTOFF_DATE,,,,,
t_p6r1_prt_cont_prdt_bal_board,P6R1_prt-cont-prdt-bal-board_MRField.conf,DELIVERED,15.1.0,P6R1,CUTOFF_DATE: Date of the data,CUTOFF_DATE,,,,,
t_p6r1_prt_cont_prdt_bal_board,P6R1_prt-cont-prdt-bal-board_MRField.conf,DELIVERED,17.3.0,P6R1,CUTOFF_DATE: Date of the data,CUTOFF_DATE,,,,,
t_p6r1_prt_cont_prdt_bal_board,P6R1_prt-cont-prdt-bal-board_MRField.conf,DELIVERED,18.3.3,P6R1,CUTOFF_DATE: Date of the data,CUTOFF_DATE,,,,,
t_p6r1_prt_cont_prdt_bal_board,P6R1_prt-cont-prdt-bal-board_MRField.conf,DELIVERED,16.1.5,P6R1,"CUTOFF_DATE: Date of the data
PREVIOUS_CUTOFF_DATE: Previous date to be compared","CUTOFF_DATE, PREVIOUS_CUTOFF_DATE",,,,,
t_p6r1_prt_cont_prdt_bal_board,P6R1_prt-cont-prdt-bal-board_YH2J_gbl-product-hier-master_MMRule.conf,DELIVERED,18.3.3,P6R1,CUTOFF_DATE: Date of the data,CUTOFF_DATE,,,,,
t_r4fu_deposits_calc_balances,R4FU_deposits-calc-balances_KCOG_currency_MMRule.conf,DELIVERED,18.3.3,R4FU,CUTOFF_DATE: Date of the data,CUTOFF_DATE,,,,,
t_r4fu_deposits_calc_balances,R4FU_deposits-calc-balances_MRField.conf,DELIVERED,15.1.0,R4FU,CUTOFF_DATE: Date of the data,CUTOFF_DATE,,,,,
t_r4fu_deposits_calc_balances,R4FU_deposits-calc-balances_MRField.conf,DELIVERED,18.3.6,R4FU,CUTOFF_DATE: Date of the data,CUTOFF_DATE,,,,,
t_re4m_agent_worker_map,RE4M_agent-worker-map_MRField.conf,DELIVERED,18.4.1,RE4M,CUTOFF_DATE: Date of the data,CUTOFF_DATE,,,,,
t_re4m_assistance_manager,RE4M_assistance-manager_MRField.conf,DELIVERED,17.5.0,RE4M,CUTOFF_DATE: Date of the data,CUTOFF_DATE,,,,,
t_re4m_assistance_manager,RE4M_assistance-manager_RE4M_physical-interaction_MMRule.conf,DELIVERED,18.3.0,RE4M,CUTOFF_DATE: Date of the data,CUTOFF_DATE,,,,,
t_re4m_autom_resolution,RE4M_autom-resolution_KBTQ_role-person_MMRule.conf,DELIVERED,18.3.0,RE4M,CUTOFF_DATE: Date of the data,CUTOFF_DATE,,,,,
t_re4m_autom_resolution,RE4M_autom-resolution_KCOG_entity_MMRule.conf,DELIVERED,18.3.0,RE4M,CUTOFF_DATE: Date of the data,CUTOFF_DATE,,,,,
t_re4m_autom_resolution,RE4M_autom-resolution_KCOG_language_MMRule.conf,DELIVERED,18.3.3,RE4M,CUTOFF_DATE: Date of the data,CUTOFF_DATE,,,,,
t_re4m_autom_resolution,RE4M_autom-resolution_MRField.conf,DELIVERED,15.1.0,RE4M,CUTOFF_DATE: Date of the data,CUTOFF_DATE,,,,,
t_re4m_autom_resolution,RE4M_autom-resolution_MRField.conf,DELIVERED,18.3.3,RE4M,CUTOFF_DATE: Date of the data,CUTOFF_DATE,,,,,
t_re4m_autom_resolution,RE4M_autom-resolution_MRField.conf,DELIVERED,15.1.0,RE4M,"CUTOFF_DATE: Date of the data
CATALOG_COLUMN_0: Columna del catálogo local 
CATALOG_CODE_0: Filtrado del catálogo local
CATALOG_TABLE_0: Nombre de tabla local",", CATALOG_COLUMN_0, CATALOG_CODE_0, CATALOG_TABLE_0",,,,,
t_re4m_autom_resolution,RE4M_autom-resolution_MRField.conf,DELIVERED,15.1.0,RE4M,"CUTOFF_DATE: Date of the data
CATALOG_COLUMN_1: Columna del catálogo local 
CATALOG_CODE_1: Filtrado del catálogo local
CATALOG_TABLE_1: Nombre de tabla local",", CATALOG_COLUMN_1, CATALOG_CODE_1, CATALOG_TABLE_1",,,,,
t_re4m_autom_resolution,RE4M_autom-resolution_MRField.conf,DELIVERED,15.1.0,RE4M,"CUTOFF_DATE: Date of the data
CATALOG_COLUMN_2: Columna del catálogo local 
CATALOG_CODE_2: Filtrado del catálogo local
CATALOG_TABLE_2: Nombre de tabla local",", CATALOG_COLUMN_2, CATALOG_CODE_2, CATALOG_TABLE_2",,,,,
t_re4m_autom_resolution,RE4M_autom-resolution_MRObject.conf,DELIVERED,15.1.0,RE4M,"CUTOFF_DATE: Date of the data
FECHA_VOLUMETRIC: Date of values to compare with
LOWER_BOUND: Lower percentage bound
UPPER_BOUND: Upper percentage bound","CUTOFF_DATE, FECHA_VOLUMETRIC, LOWER_BOUND, UPPER_BOUND",,,,,
t_re4m_candidate_response,RE4M_candidate-response_MRField.conf,DELIVERED,17.5.0,RE4M,CUTOFF_DATE: Date of the data,CUTOFF_DATE,,,,,
t_re4m_candidate_response,RE4M_candidate-response_RE4M_assistance-manager_MMRule.conf,DELIVERED,18.3.0,RE4M,CUTOFF_DATE: Date of the data,CUTOFF_DATE,,,,,
t_re4m_conversation_transfer,RE4M_conversation-transfer_MRField.conf,DELIVERED,15.1.0,RE4M,CUTOFF_DATE: Date of the data,CUTOFF_DATE,,,,,
t_re4m_conversation_transfer,RE4M_conversation-transfer_MRField.conf,DELIVERED,15.1.0,RE4M,"CUTOFF_DATE: Date of the data
CATALOG_COLUMN_0: Columna del catálogo local 
CATALOG_CODE_0: Filtrado del catálogo local
CATALOG_TABLE_0: Nombre de tabla local",", CATALOG_COLUMN_0, CATALOG_CODE_0, CATALOG_TABLE_0",,,,,
t_re4m_conversation_transfer,RE4M_conversation-transfer_MRObject.conf,DELIVERED,15.1.0,RE4M,"CUTOFF_DATE: Date of the data 
FECHA_VOLUMETRIC: Date of values to compare with 
LOWER_BOUND: Lower percentage bound 
UPPER_BOUND: Upper percentage bound","CUTOFF_DATE, FECHA_VOLUMETRIC, LOWER_BOUND, UPPER_BOUND",,,,,
t_re4m_conversation_transfer,RE4M_conversation-transfer_RE4M_physical-interaction_MMRule.conf,DELIVERED,18.3.0,RE4M,CUTOFF_DATE: Date of the data,CUTOFF_DATE,,,,,
t_re4m_conversations_insights,RE4M_conversations-insights_KBTQ_role-person_MMRule.conf,DELIVERED,18.3.0,RE4M,CUTOFF_DATE: Date of the data,CUTOFF_DATE,,,,,
t_re4m_conversations_insights,RE4M_conversations-insights_KCOG_entity_MMRule.conf,DELIVERED,18.3.0,RE4M,CUTOFF_DATE: Date of the data,CUTOFF_DATE,,,,,
t_re4m_conversations_insights,RE4M_conversations-insights_MRField.conf,DELIVERED,15.1.0,RE4M,CUTOFF_DATE: Date of the data,CUTOFF_DATE,,,,,
t_re4m_conversations_insights,RE4M_conversations-insights_MRField.conf,DELIVERED,18.3.3,RE4M,CUTOFF_DATE: Date of the data,CUTOFF_DATE,,,,,
t_re4m_conversations_insights,RE4M_conversations-insights_MRObject.conf,DELIVERED,15.1.0,RE4M,"CUTOFF_DATE: Date of the data
FECHA_VOLUMETRIC: Date of values to compare with
LOWER_BOUND: Lower percentage bound
UPPER_BOUND: Upper percentage bound","CUTOFF_DATE, FECHA_VOLUMETRIC, LOWER_BOUND, UPPER_BOUND",,,,,
t_re4m_genesys_interaction,RE4M_genesys-interaction_MRField.conf,DELIVERED,18.3.3,RE4M,CUTOFF_DATE: Date of the data,CUTOFF_DATE,,,,,
t_re4m_genesys_interaction,RE4M_genesys-interaction_MRField.conf,DELIVERED,15.1.0,RE4M,CUTOFF_DATE: Date of the data,CUTOFF_DATE,,,,,
t_re4m_genesys_interaction,RE4M_genesys-interaction_MRField.conf,DELIVERED,16.1.1,RE4M,CUTOFF_DATE: Date of the data,CUTOFF_DATE,,,,,
t_re4m_genesys_interaction,RE4M_genesys-interaction_MRField.conf,DELIVERED,16.1.6,RE4M,CUTOFF_DATE: Date of the data,CUTOFF_DATE,,,,,
t_re4m_genesys_interaction,RE4M_genesys-interaction_MRField.conf,DELIVERED,16.1.6,RE4M,"RUNNING JOB PARAMS:
     CUTOFF_DATE: Date of the data

JOB EXTRALIBS:
     extralibs: Link to custom repository","CUTOFF_DATE, extralibs",,,,,
t_re4m_genesys_interaction,RE4M_genesys-interaction_MRObject.conf,DELIVERED,15.1.0,RE4M,"CUTOFF_DATE: Date of the data
FECHA_VOLUMETRIC: Date of values to compare with
LOWER_BOUND: Lower percentage bound
UPPER_BOUND: Upper percentage bound","CUTOFF_DATE, FECHA_VOLUMETRIC, LOWER_BOUND, UPPER_BOUND",,,,,
t_re4m_interaction_call,RE4M_interaction-call_MRField.conf,DELIVERED,15.1.0,RE4M,CUTOFF_DATE: Date of the data,CUTOFF_DATE,,,,,
t_re4m_interaction_call,RE4M_interaction-call_MRField.conf,DELIVERED,15.1.0,RE4M,"CUTOFF_DATE: Date of the data
CATALOG_COLUMN_1: Columna del catálogo local 
CATALOG_CODE_1: Filtrado del catálogo local
CATALOG_TABLE_1: Nombre de tabla local",", CATALOG_COLUMN_1, CATALOG_CODE_1, CATALOG_TABLE_1",,,,,
t_re4m_interaction_call,RE4M_interaction-call_MRField.conf,DELIVERED,15.1.0,RE4M,"CUTOFF_DATE: Date of the data
CATALOG_COLUMN_2: Columna del catálogo local 
CATALOG_CODE_2: Filtrado del catálogo local
CATALOG_TABLE_2: Nombre de tabla local",", CATALOG_COLUMN_2, CATALOG_CODE_2, CATALOG_TABLE_2",,,,,
t_re4m_interaction_call,RE4M_interaction-call_MRField.conf,DELIVERED,16.0.7,RE4M,"RUNNING JOB PARAMS:
     CUTOFF_DATE: Date of the data
     CATALOG_COLUMN_4: Columna del catálogo local 
     CATALOG_CODE_4: Filtrado del catálogo local
     CATALOG_TABLE_4: Nombre de tabla local
JOB EXTRALIBS:
     extralibs: Link to custom repository",", CATALOG_COLUMN_4, CATALOG_CODE_4, CATALOG_TABLE_4, extralibs",,,,,
t_re4m_interaction_call,RE4M_interaction-call_MRField.conf,DELIVERED,16.0.7,RE4M,"RUNNING JOB PARAMS:
     CUTOFF_DATE: Date of the data
     CATALOG_COLUMN_5: Columna del catálogo local 
     CATALOG_CODE_5: Filtrado del catálogo local
     CATALOG_TABLE_5: Nombre de tabla local

JOB EXTRALIBS:
     extralibs: Link to custom repository",", CATALOG_COLUMN_5, CATALOG_CODE_5, CATALOG_TABLE_5, extralibs",,,,,
t_re4m_interaction_call,RE4M_interaction-call_MRField.conf,DELIVERED,16.0.7,RE4M,"RUNNING JOB PARAMS:
     CUTOFF_DATE: Date of the data
     CATALOG_COLUMN_3: Columna del catálogo local 
     CATALOG_CODE_3: Filtrado del catálogo local
     CATALOG_TABLE_3: Nombre de tabla local

JOB EXTRALIBS:
     extralibs: Link to custom repository",", CATALOG_COLUMN_3, CATALOG_CODE_3, CATALOG_TABLE_3, extralibs",,,,,
t_re4m_interaction_call,RE4M_interaction-call_MRObject.conf,DELIVERED,15.1.0,RE4M,"CUTOFF_DATE: Date of the data 
FECHA_VOLUMETRIC: Date of values to compare with 
LOWER_BOUND: Lower percentage bound 
UPPER_BOUND: Upper percentage bound","CUTOFF_DATE, FECHA_VOLUMETRIC, LOWER_BOUND, UPPER_BOUND",,,,,
t_re4m_interaction_call,RE4M_interaction-call_RE4M_physical-interaction_MMRule.conf,DELIVERED,18.3.0,RE4M,CUTOFF_DATE: Date of the data,CUTOFF_DATE,,,,,
t_re4m_junction_interaction,RE4M_junction-interaction_KCOG_country_MMRule.conf,DELIVERED,18.3.0,RE4M,CUTOFF_DATE: Date of the data,CUTOFF_DATE,,,,,
t_re4m_junction_interaction,RE4M_junction-interaction_KCOG_entity_MMRule.conf,DELIVERED,18.3.0,RE4M,CUTOFF_DATE: Date of the data,CUTOFF_DATE,,,,,
t_re4m_junction_interaction,RE4M_junction-interaction_MRField.conf,DELIVERED,15.1.0,RE4M,CUTOFF_DATE: Date of the data,CUTOFF_DATE,,,,,
t_re4m_junction_interaction,RE4M_junction-interaction_MRField.conf,DELIVERED,18.3.3,RE4M,CUTOFF_DATE: Date of the data,CUTOFF_DATE,,,,,
t_re4m_junction_interaction,RE4M_junction-interaction_MRObject.conf,DELIVERED,15.1.0,RE4M,"CUTOFF_DATE: Date of the data
FECHA_VOLUMETRIC: Date of values to compare with
LOWER_BOUND: Lower percentage bound
UPPER_BOUND: Upper percentage bound","CUTOFF_DATE, FECHA_VOLUMETRIC, LOWER_BOUND, UPPER_BOUND",,,,,
t_re4m_junction_interaction,RE4M_junction-interaction_RE4M_physical-interaction_MMRule.conf,DELIVERED,15.1.0,RE4M,CUTOFF_DATE: Date of the data,CUTOFF_DATE,,,,,
t_re4m_message_transfer,RE4M_message-transfer_MRField.conf,DELIVERED,15.1.0,RE4M,CUTOFF_DATE: Date of the data,CUTOFF_DATE,,,,,
t_re4m_message_transfer,RE4M_message-transfer_MRField.conf,DELIVERED,15.1.0,RE4M,"CUTOFF_DATE: Date of the data
CATALOG_COLUMN_0: Columna del catálogo local 
CATALOG_CODE_0: Filtrado del catálogo local
CATALOG_TABLE_0: Nombre de tabla local",", CATALOG_COLUMN_0, CATALOG_CODE_0, CATALOG_TABLE_0",,,,,
t_re4m_message_transfer,RE4M_message-transfer_MRObject.conf,DELIVERED,15.1.0,RE4M,"CUTOFF_DATE: Date of the data 
FECHA_VOLUMETRIC: Date of values to compare with 
LOWER_BOUND: Lower percentage bound 
UPPER_BOUND: Upper percentage bound","CUTOFF_DATE, FECHA_VOLUMETRIC, LOWER_BOUND, UPPER_BOUND",,,,,
t_re4m_messages_insights,RE4M_messages-insights_KCOG_country_MMRule.conf,DELIVERED,18.3.0,RE4M,CUTOFF_DATE: Date of the data,CUTOFF_DATE,,,,,
t_re4m_messages_insights,RE4M_messages-insights_KCOG_entity_MMRule.conf,DELIVERED,18.3.0,RE4M,CUTOFF_DATE: Date of the data,CUTOFF_DATE,,,,,
t_re4m_messages_insights,RE4M_messages-insights_MRField.conf,DELIVERED,15.1.0,RE4M,CUTOFF_DATE: Date of the data,CUTOFF_DATE,,,,,
t_re4m_messages_insights,RE4M_messages-insights_MRField.conf,DELIVERED,18.3.3,RE4M,CUTOFF_DATE: Date of the data,CUTOFF_DATE,,,,,
t_re4m_messages_insights,RE4M_messages-insights_MRObject.conf,DELIVERED,15.1.0,RE4M,"CUTOFF_DATE: Date of the data
FECHA_VOLUMETRIC: Date of values to compare with
LOWER_BOUND: Lower percentage bound
UPPER_BOUND: Upper percentage bound","CUTOFF_DATE, FECHA_VOLUMETRIC, LOWER_BOUND, UPPER_BOUND",,,,,
t_re4m_phone_convers_particip,RE4M_phone-convers-particip_MRField.conf,DELIVERED,18.3.7,RE4M,CUTOFF_DATE: Date of the data,CUTOFF_DATE,,,,,
t_re4m_phone_convers_particip,RE4M_phone-convers-particip_MRField.conf,DELIVERED,18.3.7,RE4M,"CUTOFF_DATE: Date of the data
CATALOG_COLUMN_0: Columna del catálogo local 
CATALOG_CODE_0: Filtrado del catálogo local
CATALOG_TABLE_0: Nombre de tabla local",", CATALOG_COLUMN_0, CATALOG_CODE_0, CATALOG_TABLE_0",,,,,
t_re4m_phone_convers_particip,RE4M_phone-convers-particip_MRObject.conf,DELIVERED,18.3.7,RE4M,"CUTOFF_DATE: Date of the data 
FECHA_VOLUMETRIC: Date of values to compare with 
LOWER_BOUND: Lower percentage bound 
UPPER_BOUND: Upper percentage bound","CUTOFF_DATE, FECHA_VOLUMETRIC, LOWER_BOUND, UPPER_BOUND",,,,,
t_re4m_phone_convers_transcrip,RE4M_phone-convers-transcrip_KCOG_language_MMRule.conf,DELIVERED,18.3.3,RE4M,CUTOFF_DATE: Date of the data,CUTOFF_DATE,,,,,
t_re4m_phone_convers_transcrip,RE4M_phone-convers-transcrip_MRField.conf,DELIVERED,18.3.8,RE4M,CUTOFF_DATE: Date of the data,CUTOFF_DATE,,,,,
t_re4m_phone_convers_transcrip,RE4M_phone-convers-transcrip_MRObject.conf,DELIVERED,18.3.7,RE4M,"CUTOFF_DATE: Date of the data 
FECHA_VOLUMETRIC: Date of values to compare with 
LOWER_BOUND: Lower percentage bound 
UPPER_BOUND: Upper percentage bound","CUTOFF_DATE, FECHA_VOLUMETRIC, LOWER_BOUND, UPPER_BOUND",,,,,
t_re4m_phrase_mention,RE4M_phrase-mention_MRField.conf,DELIVERED,16.1.4,RE4M,CUTOFF_DATE: Date of the data,CUTOFF_DATE,,,,,
t_re4m_phrase_mention,RE4M_phrase-mention_MRField.conf,DELIVERED,18.2.0,RE4M,"CUTOFF_DATE: Date of the data
CATALOG_COLUMN_0: Columna del catálogo local
CATALOG_CODE_0: Filtrado del catálogo local
CATALOG_TABLE_0: Nombre de tabla local",", CATALOG_COLUMN_0, CATALOG_CODE_0, CATALOG_TABLE_0",,,,,
t_re4m_phrase_mention,RE4M_phrase-mention_MRField.conf,DELIVERED,18.3.1,RE4M,CUTOFF_DATE: Date of the data,CUTOFF_DATE,,,,,
t_re4m_phrase_mention,RE4M_phrase-mention_MRField.conf,DELIVERED,18.3.1,RE4M,"CUTOFF_DATE: Date of the data
CATALOG_COLUMN_1: Columna del catálogo local
CATALOG_CODE_1: Filtrado del catálogo local
CATALOG_TABLE_1: Nombre de tabla local",", SOURCE, extralibs",,,,,
t_re4m_phrase_mention,RE4M_phrase-mention_RE4M_phrase-transcription_MMRule.conf,DELIVERED,16.1.4,RE4M,CUTOFF_DATE: Date of the data,CUTOFF_DATE,,,,,
t_re4m_phrase_transcr_obfsc,RE4M_phrase-transcr-obfsc_MRField.conf,DELIVERED,17.0.0,RE4M,CUTOFF_DATE: Date of the data,CUTOFF_DATE,,,,,
t_re4m_phrase_transcr_obfsc,RE4M_phrase-transcr-obfsc_MRField.conf,DELIVERED,17.0.0,RE4M,"CUTOFF_DATE: Date of the data
CATALOG_COLUMN_0: Columna del catálogo local
CATALOG_CODE_0: Filtrado del catálogo local
CATALOG_TABLE_0: Nombre de tabla local",", CATALOG_COLUMN_0, CATALOG_CODE_0, CATALOG_TABLE_0",,,,,
t_re4m_phrase_transcr_obfsc,RE4M_phrase-transcr-obfsc_RE4M_phrase-transcription_MMRule.conf,DELIVERED,18.2.0,RE4M,CUTOFF_DATE: Date of the data,CUTOFF_DATE,,,,,
t_re4m_phrase_transcription,RE4M_phrase-transcription_MRField.conf,DELIVERED,18.3.7,RE4M,CUTOFF_DATE: Date of the data,CUTOFF_DATE,,,,,
t_re4m_phrase_transcription,RE4M_phrase-transcription_MRField.conf,DELIVERED,18.3.7,RE4M,"CUTOFF_DATE: Date of the data
CATALOG_COLUMN_0: Columna del catálogo local 
CATALOG_CODE_0: Filtrado del catálogo local
CATALOG_TABLE_0: Nombre de tabla local",", CATALOG_COLUMN_0, CATALOG_CODE_0, CATALOG_TABLE_0",,,,,
t_re4m_phrase_transcription,RE4M_phrase-transcription_MRObject.conf,DELIVERED,18.3.7,RE4M,"CUTOFF_DATE: Date of the data 
FECHA_VOLUMETRIC: Date of values to compare with 
LOWER_BOUND: Lower percentage bound 
UPPER_BOUND: Upper percentage bound","CUTOFF_DATE, FECHA_VOLUMETRIC, LOWER_BOUND, UPPER_BOUND",,,,,
t_re4m_phys_interaction_actvy_l3,RE4M_phys-interaction-actvy-l3_KCOG_country_MMRule.conf,DELIVERED,18.3.3,RE4M,CUTOFF_DATE: Date of the data,CUTOFF_DATE,,,,,
t_re4m_phys_interaction_actvy_l3,RE4M_phys-interaction-actvy-l3_KCOG_language_MMRule.conf,DELIVERED,18.3.3,RE4M,CUTOFF_DATE: Date of the data,CUTOFF_DATE,,,,,
t_re4m_phys_interaction_actvy_l3,RE4M_phys-interaction-actvy-l3_MRField.conf,DELIVERED,18.3.3,RE4M,CUTOFF_DATE: Date of the data,CUTOFF_DATE,,,,,
t_re4m_phys_interaction_actvy_l3,RE4M_phys-interaction-actvy-l3_MRField.conf,DELIVERED,16.1.3,RE4M,CUTOFF_DATE: Date of the data,CUTOFF_DATE,,,,,
t_re4m_phys_interaction_actvy_l3,RE4M_phys-interaction-actvy-l3_MRObject.conf,DELIVERED,16.1.3,RE4M,"CUTOFF_DATE: Date of the data 
FECHA_VOLUMETRIC: Date of values to compare with 
LOWER_BOUND: Lower percentage bound 
UPPER_BOUND: Upper percentage bound","CUTOFF_DATE, FECHA_VOLUMETRIC, LOWER_BOUND, UPPER_BOUND",,,,,
t_re4m_phys_interaction_attach,RE4M_phys-interaction-attach_MRField.conf,DELIVERED,18.3.7,NOLS,CUTOFF_DATE: Date of the data,CUTOFF_DATE,,,,,
t_re4m_physical_interaction,RE4M_physical-interaction_KCOG_entity_MMRule.conf,DELIVERED,18.3.0,RE4M,CUTOFF_DATE: Date of the data,CUTOFF_DATE,,,,,
t_re4m_physical_interaction,RE4M_physical-interaction_MRField.conf,DELIVERED,16.1.3,RE4M,CUTOFF_DATE: Date of the data,CUTOFF_DATE,,,,,
t_re4m_physical_interaction,RE4M_physical-interaction_MRField.conf,DELIVERED,16.1.3,RE4M,"CUTOFF_DATE: Date of the data
CATALOG_COLUMN_1: Columna del catálogo local 
CATALOG_CODE_1: Filtrado del catálogo local
CATALOG_TABLE_1: Nombre de tabla local",", CATALOG_COLUMN_1, CATALOG_CODE_1, CATALOG_TABLE_1",,,,,
t_re4m_physical_interaction,RE4M_physical-interaction_MRField.conf,DELIVERED,16.1.3,RE4M,"CUTOFF_DATE: Date of the data
CATALOG_COLUMN_2: Columna del catálogo local 
CATALOG_CODE_2: Filtrado del catálogo local
CATALOG_TABLE_2: Nombre de tabla local",", CATALOG_COLUMN_2, CATALOG_CODE_2, CATALOG_TABLE_2",,,,,
t_re4m_physical_interaction,RE4M_physical-interaction_MRField.conf,DELIVERED,16.1.3,RE4M,"CUTOFF_DATE: Date of the data
CATALOG_COLUMN_3: Columna del catálogo local 
CATALOG_CODE_3: Filtrado del catálogo local
CATALOG_TABLE_3: Nombre de tabla local",", CATALOG_COLUMN_3, CATALOG_CODE_3, CATALOG_TABLE_3",,,,,
t_re4m_physical_interaction,RE4M_physical-interaction_MRField.conf,DELIVERED,16.1.3,RE4M,"CUTOFF_DATE: Date of the data
CATALOG_COLUMN_4: Columna del catálogo local 
CATALOG_CODE_4: Filtrado del catálogo local
CATALOG_TABLE_4: Nombre de tabla local",", CATALOG_COLUMN_4, CATALOG_CODE_4, CATALOG_TABLE_4",,,,,
t_re4m_physical_interaction,RE4M_physical-interaction_MRField.conf,DELIVERED,16.1.3,RE4M,"CUTOFF_DATE: Date of the data
CATALOG_COLUMN_5: Columna del catálogo local 
CATALOG_CODE_5: Filtrado del catálogo local
CATALOG_TABLE_5: Nombre de tabla local",", CATALOG_COLUMN_5, CATALOG_CODE_5, CATALOG_TABLE_5",,,,,
t_re4m_physical_interaction,RE4M_physical-interaction_MRField.conf,DELIVERED,16.1.3,RE4M,"RUNNING JOB PARAMS:
     CUTOFF_DATE: Date of the data
     CATALOG_COLUMN_7: Columna del catálogo local 
     CATALOG_CODE_7: Filtrado del catálogo local
     CATALOG_TABLE_7: Nombre de tabla local

JOB EXTRALIBS:
     extralibs: Link to custom repository",", CATALOG_COLUMN_7, CATALOG_CODE_7, CATALOG_TABLE_7, extralibs",,,,,
t_re4m_physical_interaction,RE4M_physical-interaction_MRField.conf,DELIVERED,16.1.3,RE4M,"CUTOFF_DATE: Date of the data
CATALOG_COLUMN_6: Columna del catálogo local 
CATALOG_CODE_6: Filtrado del catálogo local
CATALOG_TABLE_6: Nombre de tabla local",", CATALOG_COLUMN_6, CATALOG_CODE_6, CATALOG_TABLE_6",,,,,
t_re4m_physical_interaction,RE4M_physical-interaction_MRField.conf,DELIVERED,18.3.3,RE4M,CUTOFF_DATE: Date of the data,CUTOFF_DATE,,,,,
t_re4m_physical_interaction,RE4M_physical-interaction_MRField.conf,DELIVERED,17.5.0,RE4M,CUTOFF_DATE: Date of the data,CUTOFF_DATE,,,,,
t_re4m_physical_interaction,RE4M_physical-interaction_MRObject.conf,DELIVERED,16.1.3,RE4M,"CUTOFF_DATE: Date of the data
FECHA_VOLUMETRIC: Date of values to compare with
LOWER_BOUND: Lower percentage bound
UPPER_BOUND: Upper percentage bound","CUTOFF_DATE, FECHA_VOLUMETRIC, LOWER_BOUND, UPPER_BOUND",,,,,
t_re4m_physical_interaction,RE4M_physical-interaction_NM7R_lead_MMRule.conf,DELIVERED,16.1.3,RE4M,CUTOFF_DATE: Date of the data,CUTOFF_DATE,,,,,
t_re4m_physical_interaction_acti,RE4M_physical-interaction-acti_KBTQ_role-person_MMRule.conf,DELIVERED,16.1.6,RE4M,CUTOFF_DATE: Date of the data,CUTOFF_DATE,,,,,
t_re4m_physical_interaction_acti,RE4M_physical-interaction-acti_KCOG_country_MMRule.conf,DELIVERED,18.3.0,RE4M,CUTOFF_DATE: Date of the data,CUTOFF_DATE,,,,,
t_re4m_physical_interaction_acti,RE4M_physical-interaction-acti_KCOG_entity_MMRule.conf,DELIVERED,18.3.0,RE4M,CUTOFF_DATE: Date of the data,CUTOFF_DATE,,,,,
t_re4m_physical_interaction_acti,RE4M_physical-interaction-acti_KCOG_entity_MMRule.conf,DELIVERED,16.1.5,RE4M,CUTOFF_DATE: Date of the data,CUTOFF_DATE,,,,,
t_re4m_physical_interaction_acti,RE4M_physical-interaction-acti_KCOG_language_MMRule.conf,DELIVERED,18.3.3,RE4M,CUTOFF_DATE: Date of the data,CUTOFF_DATE,,,,,
t_re4m_physical_interaction_acti,RE4M_physical-interaction-acti_MRField.conf,DELIVERED,16.1.3,RE4M,CUTOFF_DATE: Date of the data,CUTOFF_DATE,,,,,
t_re4m_physical_interaction_acti,RE4M_physical-interaction-acti_MRField.conf,DELIVERED,18.3.3,RE4M,CUTOFF_DATE: Date of the data,CUTOFF_DATE,,,,,
t_re4m_physical_interaction_acti,RE4M_physical-interaction-acti_MRField.conf,DELIVERED,16.1.3,RE4M,"CUTOFF_DATE: Date of the data
CATALOG_COLUMN_1: Columna del catálogo local 
CATALOG_CODE_1: Filtrado del catálogo local
CATALOG_TABLE_1: Nombre de tabla local",", CATALOG_COLUMN_1, CATALOG_CODE_1, CATALOG_TABLE_1",,,,,
t_re4m_physical_interaction_acti,RE4M_physical-interaction-acti_MRField.conf,DELIVERED,16.1.7,RE4M,CUTOFF_DATE: Date of the data,CUTOFF_DATE,,,,,
t_re4m_physical_interaction_acti,RE4M_physical-interaction-acti_MRField.conf,DELIVERED,16.1.3,RE4M,"CUTOFF_DATE: Date of the data
CATALOG_COLUMN_2: Columna del catálogo local 
CATALOG_CODE_2: Filtrado del catálogo local
CATALOG_TABLE_2: Nombre de tabla local",", CATALOG_COLUMN_2, CATALOG_CODE_2, CATALOG_TABLE_2",,,,,
t_re4m_physical_interaction_acti,RE4M_physical-interaction-acti_MRField.conf,DELIVERED,16.1.3,RE4M,"CUTOFF_DATE: Date of the data
CATALOG_COLUMN_3: Columna del catálogo local 
CATALOG_CODE_3: Filtrado del catálogo local
CATALOG_TABLE_3: Nombre de tabla local",", CATALOG_COLUMN_3, CATALOG_CODE_3, CATALOG_TABLE_3",,,,,
t_re4m_physical_interaction_acti,RE4M_physical-interaction-acti_MRField.conf,DELIVERED,16.1.3,RE4M,"CUTOFF_DATE: Date of the data
CATALOG_COLUMN_4: Columna del catálogo local 
CATALOG_CODE_4: Filtrado del catálogo local
CATALOG_TABLE_4: Nombre de tabla local",", CATALOG_COLUMN_4, CATALOG_CODE_4, CATALOG_TABLE_4",,,,,
t_re4m_physical_interaction_acti,RE4M_physical-interaction-acti_MRField.conf,DELIVERED,16.1.3,RE4M,"CUTOFF_DATE: Date of the data
CATALOG_COLUMN_5: Columna del catálogo local 
CATALOG_CODE_5: Filtrado del catálogo local
CATALOG_TABLE_5: Nombre de tabla local",", CATALOG_COLUMN_5, CATALOG_CODE_5, CATALOG_TABLE_5",,,,,
t_re4m_physical_interaction_acti,RE4M_physical-interaction-acti_MRField.conf,DELIVERED,16.1.3,RE4M,"CUTOFF_DATE: Date of the data
CATALOG_COLUMN_6: Columna del catálogo local 
CATALOG_CODE_6: Filtrado del catálogo local
CATALOG_TABLE_6: Nombre de tabla local",", CATALOG_COLUMN_6, CATALOG_CODE_6, CATALOG_TABLE_6",,,,,
t_re4m_physical_interaction_acti,RE4M_physical-interaction-acti_MRField.conf,DELIVERED,16.1.5,RE4M,CUTOFF_DATE: Date of the data,CUTOFF_DATE,,,,,
t_re4m_physical_interaction_acti,RE4M_physical-interaction-acti_MRObject.conf,DELIVERED,16.1.3,RE4M,"CUTOFF_DATE: Date of the data
FECHA_VOLUMETRIC: Date of values to compare with
LOWER_BOUND: Lower percentage bound
UPPER_BOUND: Upper percentage bound","CUTOFF_DATE, FECHA_VOLUMETRIC, LOWER_BOUND, UPPER_BOUND",,,,,
t_re4m_physical_interaction_acti,RE4M_physical-interaction-acti_RE4M_physical-interaction_MMRule.conf,DELIVERED,18.3.0,RE4M,CUTOFF_DATE: Date of the data,CUTOFF_DATE,,,,,
t_re4m_typification_interaction,RE4M_typification-interaction_MRField.conf,DELIVERED,15.1.0,RE4M,CUTOFF_DATE: Date of the data,CUTOFF_DATE,,,,,
t_re4m_typification_interaction,RE4M_typification-interaction_MRField.conf,DELIVERED,15.1.0,RE4M,"CUTOFF_DATE: Date of the data
CATALOG_COLUMN_0: Columna del catálogo local 
CATALOG_CODE_0: Filtrado del catálogo local
CATALOG_TABLE_0: Nombre de tabla local",", CATALOG_COLUMN_0, CATALOG_CODE_0, CATALOG_TABLE_0",,,,,
t_re4m_typification_interaction,RE4M_typification-interaction_MRField.conf,DELIVERED,15.1.0,RE4M,"CUTOFF_DATE: Date of the data
CATALOG_COLUMN_1: Columna del catálogo local 
CATALOG_CODE_1: Filtrado del catálogo local
CATALOG_TABLE_1: Nombre de tabla local",", CATALOG_COLUMN_1, CATALOG_CODE_1, CATALOG_TABLE_1",,,,,
t_re4m_typification_interaction,RE4M_typification-interaction_MRField.conf,DELIVERED,15.1.0,RE4M,"CUTOFF_DATE: Date of the data
CATALOG_COLUMN_2: Columna del catálogo local 
CATALOG_CODE_2: Filtrado del catálogo local
CATALOG_TABLE_2: Nombre de tabla local",", CATALOG_COLUMN_2, CATALOG_CODE_2, CATALOG_TABLE_2",,,,,
t_re4m_typification_interaction,RE4M_typification-interaction_MRObject.conf,DELIVERED,15.1.0,RE4M,"CUTOFF_DATE: Date of the data 
FECHA_VOLUMETRIC: Date of values to compare with 
LOWER_BOUND: Lower percentage bound 
UPPER_BOUND: Upper percentage bound","CUTOFF_DATE, FECHA_VOLUMETRIC, LOWER_BOUND, UPPER_BOUND",,,,,
t_re4m_typification_interaction,RE4M_typification-interaction_RE4M_physical-interaction_MMRule.conf,DELIVERED,18.3.0,RE4M,CUTOFF_DATE: Date of the data,CUTOFF_DATE,,,,,
t_re4m_virt_asst_msg_cnt,RE4M_virt-asst-msg-cnt_MRField.conf,DELIVERED,18.3.3,RE4M,CUTOFF_DATE: Date of the data,CUTOFF_DATE,,,,,
t_re4m_virt_asst_msg_data,RE4M_virt-asst-msg-data_MRField.conf,DELIVERED,18.3.3,RE4M,CUTOFF_DATE: Date of the data,CUTOFF_DATE,,,,,
t_re4m_virtual_assistant_message,RE4M_virtual-assistant-message_MRField.conf,DELIVERED,16.0.4,RE4M,CUTOFF_DATE: Date of the data,CUTOFF_DATE,,,,,
t_re4m_virtual_assistant_message,RE4M_virtual-assistant-message_RE4M_physical-interaction_MMRule.conf,DELIVERED,18.3.0,RE4M,CUTOFF_DATE: Date of the data,CUTOFF_DATE,,,,,
t_rzua_contract_output_emissions,RZUA_contract-output-emissions_KCOG_country_MMRule.conf,DELIVERED,15.1.0,RZUA,CUTOFF_DATE: Date of the data,CUTOFF_DATE,,,,,
t_rzua_contract_output_emissions,RZUA_contract-output-emissions_MRField.conf,DELIVERED,16.0.3,RZUA,CUTOFF_DATE: Date of the data,CUTOFF_DATE,,,,,
t_rzua_contract_output_emissions,RZUA_contract-output-emissions_MRField.conf,DELIVERED,18.1.0,RZUA,CUTOFF_DATE: Date of the data,CUTOFF_DATE,,,,,
t_rzua_contract_output_emissions,RZUA_contract-output-emissions_MRField.conf,DELIVERED,16.1.0,RZUA,CUTOFF_DATE: Date of the data,CUTOFF_DATE,,,,,
t_rzua_contract_output_emissions,RZUA_contract-output-emissions_MRField.conf,DELIVERED,18.3.3,RZUA,CUTOFF_DATE: Date of the data,CUTOFF_DATE,,,,,
t_rzua_contract_output_emissions,RZUA_contract-output-emissions_MRField.conf,DELIVERED,16.0.6,RZUA,CUTOFF_DATE: Date of the data,CUTOFF_DATE,,,,,
t_rzua_contract_output_emissions,RZUA_contract-output-emissions_MRObject.conf,DELIVERED,15.1.0,RZUA,"CUTOFF_DATE: Date of the data
FECHA_VOLUMETRIC: Date of values to compare with
LOWER_BOUND: Lower percentage bound
UPPER_BOUND: Upper percentage bound","CUTOFF_DATE, FECHA_VOLUMETRIC, LOWER_BOUND, UPPER_BOUND",,,,,
t_rzua_ctrct_goods_emiss_intst,RZUA_ctrct-goods-emiss-intst_KCOG_country_MMRule.conf,DELIVERED,18.3.3,RZUA,CUTOFF_DATE: Date of the data,CUTOFF_DATE,,,,,
t_rzua_ctrct_goods_emiss_intst,RZUA_ctrct-goods-emiss-intst_KCOG_entity_MMRule.conf,DELIVERED,18.3.0,RZUA,CUTOFF_DATE: Date of the data,CUTOFF_DATE,,,,,
t_rzua_ctrct_goods_emiss_intst,RZUA_ctrct-goods-emiss-intst_KSAN_contract-global-local_MMRule.conf,DELIVERED,18.3.0,RZUA,CUTOFF_DATE: Date of the data,CUTOFF_DATE,,,,,
t_rzua_ctrct_goods_emiss_intst,RZUA_ctrct-goods-emiss-intst_MRField.conf,DELIVERED,18.3.3,RZUA,CUTOFF_DATE: Date of the data,CUTOFF_DATE,,,,,
t_rzua_ctrct_goods_emiss_intst,RZUA_ctrct-goods-emiss-intst_MRField.conf,DELIVERED,15.1.0,RZUA,CUTOFF_DATE: Date of the data,CUTOFF_DATE,,,,,
t_rzua_ctrct_goods_emiss_intst,RZUA_ctrct-goods-emiss-intst_MRObject.conf,DELIVERED,15.1.0,RZUA,"CUTOFF_DATE: Date of the data
FECHA_VOLUMETRIC: Date of values to compare with
LOWER_BOUND: Lower percentage bound
UPPER_BOUND: Upper percentage bound","CUTOFF_DATE, FECHA_VOLUMETRIC, LOWER_BOUND, UPPER_BOUND",,,,,
t_rzua_issuance_output_emissions,RZUA_issuance-output-emissions_MRField.conf,DELIVERED,15.1.0,RZUA,CUTOFF_DATE: Date of the data,CUTOFF_DATE,,,,,
t_rzua_issuance_output_emissions,RZUA_issuance-output-emissions_MRField.conf,DELIVERED,18.3.3,RZUA,CUTOFF_DATE: Date of the data,CUTOFF_DATE,,,,,
t_rzua_issuance_output_emissions,RZUA_issuance-output-emissions_MRObject.conf,DELIVERED,15.1.0,RZUA,"CUTOFF_DATE: Date of the data 
FECHA_VOLUMETRIC: Date of values to compare with 
LOWER_BOUND: Lower percentage bound 
UPPER_BOUND: Upper percentage bound 
IS_VOL_CRITICAL: Optional parameter to disable the criticality of the 6.9 rule","CUTOFF_DATE, FECHA_VOLUMETRIC, LOWER_BOUND, UPPER_BOUND, IS_VOL_CRITICAL",,,,,
t_rzua_operations_cust_scope,RZUA_operations-cust-scope_MRField.conf,DELIVERED,18.3.3,RZUA,CUTOFF_DATE: Date of the data,CUTOFF_DATE,,,,,
t_rzua_operations_cust_scope,RZUA_operations-cust-scope_MRField.conf,DELIVERED,15.1.0,RZUA,CUTOFF_DATE: Date of the data,CUTOFF_DATE,,,,,
t_rzua_operations_cust_scope,RZUA_operations-cust-scope_MRField.conf,DELIVERED,16.0.2,RZUA,CUTOFF_DATE: Date of the data,CUTOFF_DATE,,,,,
t_rzua_operations_cust_scope,RZUA_operations-cust-scope_MRField.conf,DELIVERED,16.0.6,RZUA,CUTOFF_DATE: Date of the data,CUTOFF_DATE,,,,,
t_rzua_operations_cust_scope,RZUA_operations-cust-scope_MRObject.conf,DELIVERED,15.1.0,RZUA,"CUTOFF_DATE: Date of the data
FECHA_VOLUMETRIC: Date of values to compare with
LOWER_BOUND: Lower percentage bound
UPPER_BOUND: Upper percentage bound","CUTOFF_DATE, FECHA_VOLUMETRIC, LOWER_BOUND, UPPER_BOUND",,,,,
t_rzua_operations_cust_scope_cib,RZUA_operations-cust-scope-cib_KBTQ_eom-customer_MMRule.conf,DELIVERED,18.3.0,RZUA,CUTOFF_DATE: Date of the data,CUTOFF_DATE,,,,,
t_rzua_operations_cust_scope_cib,RZUA_operations-cust-scope-cib_KCOG_entity_MMRule.conf,DELIVERED,18.3.0,RZUA,CUTOFF_DATE: Date of the data,CUTOFF_DATE,,,,,
t_rzua_operations_cust_scope_cib,RZUA_operations-cust-scope-cib_KSAG_holding-business-group_MMRule.conf,DELIVERED,18.3.0,RZUA,CUTOFF_DATE: Date of the data,CUTOFF_DATE,,,,,
t_rzua_operations_cust_scope_cib,RZUA_operations-cust-scope-cib_MRField.conf,DELIVERED,15.1.0,RZUA,CUTOFF_DATE: Date of the data,CUTOFF_DATE,,,,,
t_rzua_operations_cust_scope_cib,RZUA_operations-cust-scope-cib_MRField.conf,DELIVERED,18.3.3,RZUA,CUTOFF_DATE: Date of the data,CUTOFF_DATE,,,,,
t_rzua_operations_cust_scope_cib,RZUA_operations-cust-scope-cib_MRField.conf,DELIVERED,16.0.5,RZUA,CUTOFF_DATE: Date of the data,CUTOFF_DATE,,,,,
t_rzua_operations_cust_scope_cib,RZUA_operations-cust-scope-cib_MRObject.conf,DELIVERED,15.1.0,RZUA,"CUTOFF_DATE: Date of the data
FECHA_VOLUMETRIC: Date of values to compare with
LOWER_BOUND: Lower percentage bound
UPPER_BOUND: Upper percentage bound","CUTOFF_DATE, FECHA_VOLUMETRIC, LOWER_BOUND, UPPER_BOUND",,,,,
t_rzua_sust_collaterals,RZUA_sust-collaterals_MRField.conf,DELIVERED,15.1.0,RZUA,CUTOFF_DATE: Date of the data,CUTOFF_DATE,,,,,
t_rzua_sust_collaterals,RZUA_sust-collaterals_MRObject.conf,DELIVERED,15.1.0,RZUA,"CUTOFF_DATE: Date of the data
FECHA_VOLUMETRIC: Date of values to compare with
LOWER_BOUND: Lower percentage bound
UPPER_BOUND: Upper percentage bound","CUTOFF_DATE, FECHA_VOLUMETRIC, LOWER_BOUND, UPPER_BOUND",,,,,
t_rzua_sust_kpi_link_oper_checkp,RZUA_sust-kpi-link-oper-checkp_MRField.conf,DELIVERED,15.1.0,RZUA,CUTOFF_DATE: Date of the data,CUTOFF_DATE,,,,,
t_rzua_sust_kpi_link_oper_checkp,RZUA_sust-kpi-link-oper-checkp_MRField.conf,DELIVERED,17.4.0,RZUA,CUTOFF_DATE: Date of the data,CUTOFF_DATE,,,,,
t_rzua_sust_kpi_link_oper_checkp,RZUA_sust-kpi-link-oper-checkp_MRObject.conf,DELIVERED,15.1.0,RZUA,"CUTOFF_DATE: Date of the data
FECHA_VOLUMETRIC: Date of values to compare with
LOWER_BOUND: Lower percentage bound
UPPER_BOUND: Upper percentage bound","CUTOFF_DATE, FECHA_VOLUMETRIC, LOWER_BOUND, UPPER_BOUND",,,,,
t_rzua_sust_kpi_link_oper_checkp,RZUA_sust-kpi-link-oper-checkp_RZUA_sust-kpi-link-oper-condit_MMRule.conf,DELIVERED,18.3.0,RZUA,CUTOFF_DATE: Date of the data,CUTOFF_DATE,,,,,
t_rzua_sust_kpi_link_oper_condit,RZUA_sust-kpi-link-oper-condit_KSAN_eom-contract_MMRule.conf,DELIVERED,15.1.0,RZUA,CUTOFF_DATE: Date of the data,CUTOFF_DATE,,,,,
t_rzua_sust_kpi_link_oper_condit,RZUA_sust-kpi-link-oper-condit_MRField.conf,DELIVERED,15.1.0,RZUA,CUTOFF_DATE: Date of the data,CUTOFF_DATE,,,,,
t_rzua_sust_kpi_link_oper_condit,RZUA_sust-kpi-link-oper-condit_MRField.conf,DELIVERED,17.4.0,RZUA,CUTOFF_DATE: Date of the data,CUTOFF_DATE,,,,,
t_rzua_sust_kpi_link_oper_condit,RZUA_sust-kpi-link-oper-condit_MRField.conf,DELIVERED,18.1.0,RZUA,CUTOFF_DATE: Date of the data,CUTOFF_DATE,,,,,
t_rzua_sust_kpi_link_oper_condit,RZUA_sust-kpi-link-oper-condit_MRObject.conf,DELIVERED,15.1.0,RZUA,"CUTOFF_DATE: Date of the data
FECHA_VOLUMETRIC: Date of values to compare with
LOWER_BOUND: Lower percentage bound
UPPER_BOUND: Upper percentage bound","CUTOFF_DATE, FECHA_VOLUMETRIC, LOWER_BOUND, UPPER_BOUND",,,,,
t_rzua_sust_kpi_link_oper_review,RZUA_sust-kpi-link-oper-review_MRField.conf,DELIVERED,15.1.0,RZUA,CUTOFF_DATE: Date of the data,CUTOFF_DATE,,,,,
t_rzua_sust_kpi_link_oper_review,RZUA_sust-kpi-link-oper-review_MRObject.conf,DELIVERED,15.1.0,RZUA,"CUTOFF_DATE: Date of the data 
FECHA_VOLUMETRIC: Date of values to compare with 
LOWER_BOUND: Lower percentage bound 
UPPER_BOUND: Upper percentage bound","CUTOFF_DATE, FECHA_VOLUMETRIC, LOWER_BOUND, UPPER_BOUND",,,,,
t_rzua_sust_kpi_link_operation,RZUA_sust-kpi-link-operation_KSAN_eom-contract_MMRule.conf,DELIVERED,15.1.0,RZUA,CUTOFF_DATE: Date of the data,CUTOFF_DATE,,,,,
t_rzua_sust_kpi_link_operation,RZUA_sust-kpi-link-operation_MRField.conf,DELIVERED,15.1.0,RZUA,CUTOFF_DATE: Date of the data,CUTOFF_DATE,,,,,
t_rzua_sust_kpi_link_operation,RZUA_sust-kpi-link-operation_MRField.conf,DELIVERED,17.4.0,RZUA,CUTOFF_DATE: Date of the data,CUTOFF_DATE,,,,,
t_rzua_sust_kpi_link_operation,RZUA_sust-kpi-link-operation_MRObject.conf,DELIVERED,15.1.0,RZUA,"CUTOFF_DATE: Date of the data
FECHA_VOLUMETRIC: Date of values to compare with
LOWER_BOUND: Lower percentage bound
UPPER_BOUND: Upper percentage bound","CUTOFF_DATE, FECHA_VOLUMETRIC, LOWER_BOUND, UPPER_BOUND",,,,,
t_rzua_sust_kpi_link_rvw_alert,RZUA_sust-kpi-link-rvw-alert_MRField.conf,DELIVERED,15.1.0,RZUA,CUTOFF_DATE: Date of the data,CUTOFF_DATE,,,,,
t_rzua_sust_kpi_link_rvw_alert,RZUA_sust-kpi-link-rvw-alert_MRObject.conf,DELIVERED,15.1.0,RZUA,"CUTOFF_DATE: Date of the data 
FECHA_VOLUMETRIC: Date of values to compare with 
LOWER_BOUND: Lower percentage bound 
UPPER_BOUND: Upper percentage bound 
IS_VOL_CRITICAL: Optional parameter to disable the criticality of the 6.9 rule","CUTOFF_DATE, FECHA_VOLUMETRIC, LOWER_BOUND, UPPER_BOUND, IS_VOL_CRITICAL",,,,,
t_rzua_sust_operations,RZUA_sust-operations_KCOG_entity_MMRule.conf,DELIVERED,18.3.3,RZUA,"CUTOFF_DATE: Date of the data
SOURCE_LIST: Origin of data (gf_source_system_sust_type): Example: 'SOURCE_LIST': "" 'A', 'B' ""","CUTOFF_DATE, SOURCE_LIST",,,,,
t_rzua_sust_operations,RZUA_sust-operations_MRField.conf,DELIVERED,15.1.0,RZUA,CUTOFF_DATE: Date of the data,CUTOFF_DATE,,,,,
t_rzua_sust_operations,RZUA_sust-operations_MRField.conf,DELIVERED,18.3.3,RZUA,"CUTOFF_DATE: Date of the data
SOURCE_LIST: Origin of data (gf_source_system_sust_type): Example: 'SOURCE_LIST': "" 'A', 'B' ""","CUTOFF_DATE, SOURCE_LIST",,,,,
t_rzua_sust_operations,RZUA_sust-operations_MRField.conf,DELIVERED,18.3.3,RZUA,CUTOFF_DATE: Date of the data,CUTOFF_DATE,,,,,
t_rzua_sust_operations,RZUA_sust-operations_MRField.conf,DELIVERED,16.0.2,RZUA,CUTOFF_DATE: Date of the data,CUTOFF_DATE,,,,,
t_rzua_sust_operations,RZUA_sust-operations_MRField.conf,DELIVERED,16.1.7,RZUA,CUTOFF_DATE: Date of the data,CUTOFF_DATE,,,,,
t_rzua_sust_operations,RZUA_sust-operations_MRField.conf,DELIVERED,17.1.0,RZUA,CUTOFF_DATE: Date of the data,CUTOFF_DATE,,,,,
t_rzua_sust_operations,RZUA_sust-operations_MRField.conf,DELIVERED,16.0.5,RZUA,CUTOFF_DATE: Date of the data,CUTOFF_DATE,,,,,
t_rzua_sust_operations,RZUA_sust-operations_MRObject.conf,DELIVERED,18.3.3,RZUA,"CUTOFF_DATE: Date of the data
FECHA_VOLUMETRIC: Date of values to compare with
LOWER_BOUND: Lower percentage bound
UPPER_BOUND: Upper percentage bound
SOURCE_LIST: Origin of data (gf_source_system_sust_type): Example: 'SOURCE_LIST': "" 'A', 'B' ""","CUTOFF_DATE, FECHA_VOLUMETRIC, LOWER_BOUND, UPPER_BOUND, SOURCE_LIST",,,,,
t_rzua_sust_operations_cib,RZUA_sust-operations-cib_G5M3_sust-mob-operations_MMRule.conf,DELIVERED,15.1.0,RZUA,CUTOFF_DATE: Date of the data,CUTOFF_DATE,,,,,
t_rzua_sust_operations_cib,RZUA_sust-operations-cib_KCOG_entity_MMRule.conf,DELIVERED,15.1.0,RZUA,CUTOFF_DATE: Date of the data,CUTOFF_DATE,,,,,
t_rzua_sust_operations_cib,RZUA_sust-operations-cib_MRField.conf,DELIVERED,15.1.0,RZUA,CUTOFF_DATE: Date of the data,CUTOFF_DATE,,,,,
t_rzua_sust_operations_cib,RZUA_sust-operations-cib_MRField.conf,DELIVERED,18.3.3,RZUA,CUTOFF_DATE: Date of the data,CUTOFF_DATE,,,,,
t_rzua_sust_operations_cib,RZUA_sust-operations-cib_MRField.conf,DELIVERED,16.0.5,RZUA,CUTOFF_DATE: Date of the data,CUTOFF_DATE,,,,,
t_rzua_sust_operations_cib,RZUA_sust-operations-cib_MRObject.conf,DELIVERED,15.1.0,RZUA,"CUTOFF_DATE: Date of the data
FECHA_VOLUMETRIC: Date of values to compare with
LOWER_BOUND: Lower percentage bound
UPPER_BOUND: Upper percentage bound","CUTOFF_DATE, FECHA_VOLUMETRIC, LOWER_BOUND, UPPER_BOUND",,,,,
t_rzua_sust_operations_cib,RZUA_sust-operations-cib_RZUA_sust-operations-cib_MMRule.conf,DELIVERED,15.1.0,RZUA,"CUTOFF_DATE: Date of the data
PREVIOUS_CUTOFF_DATE: Previous date to be compared","CUTOFF_DATE, PREVIOUS_CUTOFF_DATE",,,,,
t_rzua_sust_operations_cib,RZUA_sust-operations-cib_RZUA_sust-operations_MMRule.conf,DELIVERED,15.1.0,RZUA,CUTOFF_DATE: Date of the data,CUTOFF_DATE,,,,,
t_rzua_sust_operations_eod,RZUA_sust-operations-eod_KCOG_country_MMRule.conf,DELIVERED,18.3.3,RZUA,CUTOFF_DATE: Date of the data,CUTOFF_DATE,,,,,
t_rzua_sust_operations_eod,RZUA_sust-operations-eod_MRField.conf,DELIVERED,18.3.3,RZUA,CUTOFF_DATE: Date of the data,CUTOFF_DATE,,,,,
t_rzua_sust_operations_eod,RZUA_sust-operations-eod_MRField.conf,DELIVERED,15.1.0,RZUA,CUTOFF_DATE: Date of the data,CUTOFF_DATE,,,,,
t_rzua_sust_operations_eod,RZUA_sust-operations-eod_MRField.conf,DELIVERED,16.0.2,RZUA,CUTOFF_DATE: Date of the data,CUTOFF_DATE,,,,,
t_rzua_sust_operations_eod,RZUA_sust-operations-eod_MRField.conf,DELIVERED,16.0.6,RZUA,CUTOFF_DATE: Date of the data,CUTOFF_DATE,,,,,
t_rzua_sust_operations_eod,RZUA_sust-operations-eod_MRObject.conf,DELIVERED,15.1.0,RZUA,"CUTOFF_DATE: Date of the data
FECHA_VOLUMETRIC: Date of values to compare with
LOWER_BOUND: Lower percentage bound
UPPER_BOUND: Upper percentage bound","CUTOFF_DATE, FECHA_VOLUMETRIC, LOWER_BOUND, UPPER_BOUND",,,,,
t_scat_sustainability_hierarch,SCAT_sustainability-hierarch_MRField.conf,DELIVERED,15.1.0,SCAT,CUTOFF_DATE: Date of the data,CUTOFF_DATE,,,,,
t_scat_sustainability_master,SCAT_sustainability-master_MRField.conf,DELIVERED,15.1.0,SCAT,CUTOFF_DATE: Date of the data,CUTOFF_DATE,,,,,
t_scat_sustainability_master,SCAT_sustainability-master_MRField.conf,DELIVERED,18.4.2,SCAT,CUTOFF_DATE: Date of the data,CUTOFF_DATE,,,,,
t_tdi3_campaign,TDI3_campaign_KCOG_country_MMRule.conf,DELIVERED,18.3.0,TDI3,CUTOFF_DATE: Date of the data,CUTOFF_DATE,,,,,
t_tdi3_campaign,TDI3_campaign_KCOG_entity_MMRule.conf,DELIVERED,18.3.0,TDI3,CUTOFF_DATE: Date of the data,CUTOFF_DATE,,,,,
t_tdi3_campaign,TDI3_campaign_MRField.conf,DELIVERED,15.1.0,TDI3,CUTOFF_DATE: Date of the data,CUTOFF_DATE,,,,,
t_tdi3_campaign,TDI3_campaign_MRField.conf,DELIVERED,18.3.3,TDI3,CUTOFF_DATE: Date of the data,CUTOFF_DATE,,,,,
t_tdi3_campaign,TDI3_campaign_MRField.conf,DELIVERED,18.3.3,TDI3,"CUTOFF_DATE: Date of the data
CATALOG_COLUMN_0: Columna del catálogo local 
CATALOG_CODE_0: Filtrado del catálogo local
CATALOG_TABLE_0: Nombre de tabla local",", CATALOG_COLUMN_0, CATALOG_CODE_0, CATALOG_TABLE_0",,,,,
t_tdi3_communication,TDI3_communication_KCOG_country_MMRule.conf,DELIVERED,18.3.0,TDI3,CUTOFF_DATE: Date of the data,CUTOFF_DATE,,,,,
t_tdi3_communication,TDI3_communication_KCOG_entity_MMRule.conf,DELIVERED,18.3.0,TDI3,CUTOFF_DATE: Date of the data,CUTOFF_DATE,,,,,
t_tdi3_communication,TDI3_communication_L9SV_placement-display_MMRule.conf,DELIVERED,15.1.0,TDI3,CUTOFF_DATE: Date of the data,CUTOFF_DATE,,,,,
t_tdi3_communication,TDI3_communication_MRField.conf,DELIVERED,16.0.2,TDI3,CUTOFF_DATE: Date of the data,CUTOFF_DATE,,,,,
t_tdi3_communication,TDI3_communication_MRField.conf,DELIVERED,15.1.0,TDI3,CUTOFF_DATE: Date of the data,CUTOFF_DATE,,,,,
t_tdi3_communication,TDI3_communication_MRField.conf,DELIVERED,16.1.7,TDI3,CUTOFF_DATE: Date of the data,CUTOFF_DATE,,,,,
t_tdi3_communication,TDI3_communication_MRField.conf,DELIVERED,16.0.6,TDI3,CUTOFF_DATE: Date of the data,CUTOFF_DATE,,,,,
t_tdi3_communication,TDI3_communication_MRField.conf,DELIVERED,15.1.0,TDI3,"CUTOFF_DATE: Date of the data
CATALOG_COLUMN_0: Columna del catálogo local 
CATALOG_CODE_0: Filtrado del catálogo local
CATALOG_TABLE_0: Nombre de tabla local",", CATALOG_COLUMN_0, CATALOG_CODE_0, CATALOG_TABLE_0",,,,,
t_tdi3_communication,TDI3_communication_MRField.conf,DELIVERED,16.0.5,TDI3,CUTOFF_DATE: Date of the data,CUTOFF_DATE,,,,,
t_tdi3_communication,TDI3_communication_TDI3_tracking-code_MMRule.conf,DELIVERED,15.1.0,TDI3,CUTOFF_DATE: Date of the data,CUTOFF_DATE,,,,,
t_tdi3_cust_promo_adhesion_dp,TDI3_cust-promo-adhesion-dp_KBTQ_customer-info_MMRule.conf,DELIVERED,18.3.0,TDI3,CUTOFF_DATE: Date of the data,CUTOFF_DATE,,,,,
t_tdi3_cust_promo_adhesion_dp,TDI3_cust-promo-adhesion-dp_MRField.conf,DELIVERED,15.1.0,TDI3,CUTOFF_DATE: Date of the data,CUTOFF_DATE,,,,,
t_tdi3_cust_promo_adhesion_dp,TDI3_cust-promo-adhesion-dp_MRField.conf,DELIVERED,15.1.0,TDI3,"CUTOFF_DATE: Date of the data
CATALOG_COLUMN_0: Columna del catálogo local 
CATALOG_CODE_0: Filtrado del catálogo local
CATALOG_TABLE_0: Nombre de tabla local",", CATALOG_COLUMN_0, CATALOG_CODE_0, CATALOG_TABLE_0",,,,,
t_tdi3_cust_promo_adhesion_dp,TDI3_cust-promo-adhesion-dp_MRField.conf,DELIVERED,16.0.4,TDI3,CUTOFF_DATE: Date of the data,CUTOFF_DATE,,,,,
t_tdi3_cust_promo_adhesion_dp,TDI3_cust-promo-adhesion-dp_MRObject.conf,DELIVERED,15.1.0,TDI3,"CUTOFF_DATE: Date of the data 
FECHA_VOLUMETRIC: Date of values to compare with 
LOWER_BOUND: Lower percentage bound 
UPPER_BOUND: Upper percentage bound 
IS_VOL_CRITICAL: Optional parameter to disable the criticality of the 6.9 rule","CUTOFF_DATE, FECHA_VOLUMETRIC, LOWER_BOUND, UPPER_BOUND, IS_VOL_CRITICAL",,,,,
t_tdi3_cust_promotions,TDI3_cust-promotions_MRField.conf,DELIVERED,15.1.0,TDI3,CUTOFF_DATE: Date of the data,CUTOFF_DATE,,,,,
t_tdi3_cust_promotions,TDI3_cust-promotions_MRObject.conf,DELIVERED,15.1.0,TDI3,"CUTOFF_DATE: Date of the data 
FECHA_VOLUMETRIC: Date of values to compare with 
LOWER_BOUND: Lower percentage bound 
UPPER_BOUND: Upper percentage bound 
IS_VOL_CRITICAL: Optional parameter to disable the criticality of the 6.9 rule","CUTOFF_DATE, FECHA_VOLUMETRIC, LOWER_BOUND, UPPER_BOUND, IS_VOL_CRITICAL",,,,,
t_tdi3_cust_promotions,TDI3_cust-promotions_TDI3_cust-promo-adhesion-dp_MMRule.conf,DELIVERED,18.3.0,TDI3,CUTOFF_DATE: Date of the data,CUTOFF_DATE,,,,,
t_tdi3_tracking_code,TDI3_tracking-code_L9SV_placement-display_MMRule.conf,DELIVERED,15.1.0,TDI3,CUTOFF_DATE: Date of the data,CUTOFF_DATE,,,,,
t_tdi3_tracking_code,TDI3_tracking-code_MRField.conf,DELIVERED,15.1.0,TDI3,CUTOFF_DATE: Date of the data,CUTOFF_DATE,,,,,
t_tdi3_tracking_code,TDI3_tracking-code_MRField.conf,DELIVERED,18.3.3,TDI3,CUTOFF_DATE: Date of the data,CUTOFF_DATE,,,,,
t_tdi3_tracking_code,TDI3_tracking-code_MRField.conf,DELIVERED,16.0.2,TDI3,CUTOFF_DATE: Date of the data,CUTOFF_DATE,,,,,
t_tdi3_tracking_code,TDI3_tracking-code_MRField.conf,DELIVERED,16.0.2,TDI3,"CUTOFF_DATE: Date of the data
CATALOG_COLUMN_0: Columna del catálogo local 
CATALOG_CODE_0: Filtrado del catálogo local
CATALOG_TABLE_0: Nombre de tabla local",", CATALOG_COLUMN_0, CATALOG_CODE_0, CATALOG_TABLE_0",,,,,
t_tdi3_tracking_code,TDI3_tracking-code_TDI3_communication_MMRule.conf,DELIVERED,15.1.0,TDI3,CUTOFF_DATE: Date of the data,CUTOFF_DATE,,,,,
t_tlhr_complaints_claims,TLHR_complaints-claims_MRField.conf,DELIVERED,15.1.0,TLHR,CUTOFF_DATE: Date of the data,CUTOFF_DATE,,,,,
t_tlhr_complaints_claims,TLHR_complaints-claims_MRField.conf,DELIVERED,18.3.3,TLHR,CUTOFF_DATE: Date of the data,CUTOFF_DATE,,,,,
t_tlhr_complaints_claims,TLHR_complaints-claims_MRField.conf,DELIVERED,15.1.0,TLHR,"CUTOFF_DATE: Date of the data
CATALOG_COLUMN_3: Columna del catálogo local 
CATALOG_CODE_3: Filtrado del catálogo local
CATALOG_TABLE_3: Nombre de tabla local",", CATALOG_COLUMN_3, CATALOG_CODE_3, CATALOG_TABLE_3",,,,,
t_tlhr_complaints_claims,TLHR_complaints-claims_MRField.conf,DELIVERED,15.1.0,TLHR,"CUTOFF_DATE: Date of the data
CATALOG_COLUMN_0: Columna del catálogo local 
CATALOG_CODE_0: Filtrado del catálogo local
CATALOG_TABLE_0: Nombre de tabla local",", CATALOG_COLUMN_0, CATALOG_CODE_0, CATALOG_TABLE_0",,,,,
t_tlhr_complaints_claims,TLHR_complaints-claims_MRField.conf,DELIVERED,15.1.0,TLHR,"CUTOFF_DATE: Date of the data
CATALOG_COLUMN_1: Columna del catálogo local 
CATALOG_CODE_1: Filtrado del catálogo local
CATALOG_TABLE_1: Nombre de tabla local",", CATALOG_COLUMN_1, CATALOG_CODE_1, CATALOG_TABLE_1",,,,,
t_tlhr_complaints_claims,TLHR_complaints-claims_MRField.conf,DELIVERED,15.1.0,TLHR,"CUTOFF_DATE: Date of the data
CATALOG_COLUMN_2: Columna del catálogo local 
CATALOG_CODE_2: Filtrado del catálogo local
CATALOG_TABLE_2: Nombre de tabla local",", CATALOG_COLUMN_2, CATALOG_CODE_2, CATALOG_TABLE_2",,,,,
t_tlhr_complaints_claims,TLHR_complaints-claims_MRObject.conf,DELIVERED,18.4.5,TLHR,"CUTOFF_DATE: Date of the data
FECHA_VOLUMETRIC: Date of values to compare with
LOWER_BOUND: Lower percentage bound
UPPER_BOUND: Upper percentage bound","CUTOFF_DATE, FECHA_VOLUMETRIC, LOWER_BOUND, UPPER_BOUND",,,,,
t_yfvh_cards_calc_balances,YFVH_cards-calc-balances_MRField.conf,DELIVERED,18.3.6,YFVH,CUTOFF_DATE: Date of the data,CUTOFF_DATE,,,,,
,,,,,,#N/A,,,,,
,,,,,,#N/A,,,,,
,,,,,,#N/A,,,,,
,,,,,,#N/A,,,,,
,,,,,,#N/A,,,,,
,,,,,,#N/A,,,,,
,,,,,,#N/A,,,,,
,,,,,,#N/A,,,,,
,,,,,,#N/A,,,,,
,,,,,,#N/A,,,,,
,,,,,,#N/A,,,,,
,,,,,,#N/A,,,,,
,,,,,,#N/A,,,,,
,,,,,,#N/A,,,,,
,,,,,,#N/A,,,,,
,,,,,,#N/A,,,,,
,,,,,,#N/A,,,,,
,,,,,,#N/A,,,,,
,,,,,,#N/A,,,,,
,,,,,,#N/A,,,,,
,,,,,,#N/A,,,,,
,,,,,,#N/A,,,,,
,,,,,,#N/A,,,,,
,,,,,,#N/A,,,,,
,,,,,,#N/A,,,,,
,,,,,,#N/A,,,,,
,,,,,,#N/A,,,,,
,,,,,,#N/A,,,,,
,,,,,,#N/A,,,,,
,,,,,,#N/A,,,,,
,,,,,,#N/A,,,,,
,,,,,,#N/A,,,,,
,,,,,,#N/A,,,,,
,,,,,,#N/A,,,,,
,,,,,,#N/A,,,,,
,,,,,,#N/A,,,,,
,,,,,,#N/A,,,,,
,,,,,,#N/A,,,,,
,,,,,,#N/A,,,,,
,,,,,,#N/A,,,,,
,,,,,,#N/A,,,,,
,,,,,,#N/A,,,,,
,,,,,,#N/A,,,,,
,,,,,,#N/A,,,,,
,,,,,,#N/A,,,,,
,,,,,,#N/A,,,,,
,,,,,,#N/A,,,,,
,,,,,,#N/A,,,,,
,,,,,,#N/A,,,,,
,,,,,,#N/A,,,,,
,,,,,,#N/A,,,,,
,,,,,,#N/A,,,,,
,,,,,,#N/A,,,,,
,,,,,,#N/A,,,,,
,,,,,,#N/A,,,,,
,,,,,,#N/A,,,,,
,,,,,,#N/A,,,,,
,,,,,,#N/A,,,,,
,,,,,,#N/A,,,,,
,,,,,,#N/A,,,,,
,,,,,,#N/A,,,,,
,,,,,,#N/A,,,,,
,,,,,,#N/A,,,,,
,,,,,,#N/A,,,,,
,,,,,,#N/A,,,,,
,,,,,,#N/A,,,,,
,,,,,,#N/A,,,,,
,,,,,,#N/A,,,,,
,,,,,,#N/A,,,,,
,,,,,,#N/A,,,,,
,,,,,,#N/A,,,,,
,,,,,,#N/A,,,,,
,,,,,,#N/A,,,,,
,,,,,,#N/A,,,,,
,,,,,,#N/A,,,,,
,,,,,,#N/A,,,,,
,,,,,,#N/A,,,,,
,,,,,,#N/A,,,,,
,,,,,,#N/A,,,,,
,,,,,,#N/A,,,,,
,,,,,,#N/A,,,,,
,,,,,,#N/A,,,,,
,,,,,,#N/A,,,,,
,,,,,,#N/A,,,,,
,,,,,,#N/A,,,,,
,,,,,,#N/A,,,,,
,,,,,,#N/A,,,,,
,,,,,,#N/A,,,,,
,,,,,,#N/A,,,,,
,,,,,,#N/A,,,,,
,,,,,,#N/A,,,,,
,,,,,,#N/A,,,,,
,,,,,,#N/A,,,,,
,,,,,,#N/A,,,,,
,,,,,,#N/A,,,,,
,,,,,,#N/A,,,,,
,,,,,,#N/A,,,,,
,,,,,,#N/A,,,,,
,,,,,,#N/A,,,,,
,,,,,,#N/A,,,,,
,,,,,,#N/A,,,,,
,,,,,,#N/A,,,,,
,,,,,,#N/A,,,,,
,,,,,,#N/A,,,,,
,,,,,,#N/A,,,,,
,,,,,,#N/A,,,,,
,,,,,,#N/A,,,,,
,,,,,,#N/A,,,,,
,,,,,,#N/A,,,,,
,,,,,,#N/A,,,,,
,,,,,,#N/A,,,,,
,,,,,,#N/A,,,,,
,,,,,,#N/A,,,,,
,,,,,,#N/A,,,,,
,,,,,,#N/A,,,,,
,,,,,,#N/A,,,,,
,,,,,,#N/A,,,,,
,,,,,,#N/A,,,,,
,,,,,,#N/A,,,,,
,,,,,,#N/A,,,,,
,,,,,,#N/A,,,,,
,,,,,,#N/A,,,,,
,,,,,,#N/A,,,,,
,,,,,,#N/A,,,,,
,,,,,,#N/A,,,,,
,,,,,,#N/A,,,,,
,,,,,,#N/A,,,,,
,,,,,,#N/A,,,,,
,,,,,,#N/A,,,,,
,,,,,,#N/A,,,,,
,,,,,,#N/A,,,,,
,,,,,,#N/A,,,,,
,,,,,,#N/A,,,,,
,,,,,,#N/A,,,,,
,,,,,,#N/A,,,,,
,,,,,,#N/A,,,,,
,,,,,,#N/A,,,,,
,,,,,,#N/A,,,,,
,,,,,,#N/A,,,,,
,,,,,,#N/A,,,,,
,,,,,,#N/A,,,,,
,,,,,,#N/A,,,,,
,,,,,,#N/A,,,,,
,,,,,,#N/A,,,,,
,,,,,,#N/A,,,,,
,,,,,,#N/A,,,,,
,,,,,,#N/A,,,,,
,,,,,,#N/A,,,,,
,,,,,,#N/A,,,,,
,,,,,,#N/A,,,,,
,,,,,,#N/A,,,,,
,,,,,,#N/A,,,,,
,,,,,,#N/A,,,,,
,,,,,,#N/A,,,,,
,,,,,,#N/A,,,,,
,,,,,,#N/A,,,,,
,,,,,,#N/A,,,,,
,,,,,,#N/A,,,,,
,,,,,,#N/A,,,,,
,,,,,,#N/A,,,,,
,,,,,,#N/A,,,,,
,,,,,,#N/A,,,,,
,,,,,,#N/A,,,,,
,,,,,,#N/A,,,,,
,,,,,,#N/A,,,,,
,,,,,,#N/A,,,,,
,,,,,,#N/A,,,,,
,,,,,,#N/A,,,,,
,,,,,,#N/A,,,,,
,,,,,,#N/A,,,,,
,,,,,,#N/A,,,,,
,,,,,,#N/A,,,,,
,,,,,,#N/A,,,,,
,,,,,,#N/A,,,,,
,,,,,,#N/A,,,,,
,,,,,,#N/A,,,,,
,,,,,,#N/A,,,,,
,,,,,,#N/A,,,,,
,,,,,,#N/A,,,,,
,,,,,,#N/A,,,,,
,,,,,,#N/A,,,,,
,,,,,,#N/A,,,,,
,,,,,,#N/A,,,,,
,,,,,,#N/A,,,,,
,,,,,,#N/A,,,,,
,,,,,,#N/A,,,,,
,,,,,,#N/A,,,,,
,,,,,,#N/A,,,,,
,,,,,,#N/A,,,,,
,,,,,,#N/A,,,,,
,,,,,,#N/A,,,,,
,,,,,,#N/A,,,,,
,,,,,,#N/A,,,,,
,,,,,,#N/A,,,,,
,,,,,,#N/A,,,,,
,,,,,,#N/A,,,,,
,,,,,,#N/A,,,,,
,,,,,,#N/A,,,,,
,,,,,,#N/A,,,,,
,,,,,,#N/A,,,,,
,,,,,,#N/A,,,,,
,,,,,,#N/A,,,,,
,,,,,,#N/A,,,,,
,,,,,,#N/A,,,,,
,,,,,,#N/A,,,,,
,,,,,,#N/A,,,,,
,,,,,,#N/A,,,,,
,,,,,,#N/A,,,,,
,,,,,,#N/A,,,,,
,,,,,,#N/A,,,,,
,,,,,,#N/A,,,,,
,,,,,,#N/A,,,,,
,,,,,,#N/A,,,,,
,,,,,,#N/A,,,,,
,,,,,,#N/A,,,,,
,,,,,,#N/A,,,,,
,,,,,,#N/A,,,,,
,,,,,,#N/A,,,,,
,,,,,,#N/A,,,,,
,,,,,,#N/A,,,,,
,,,,,,#N/A,,,,,
,,,,,,#N/A,,,,,
,,,,,,#N/A,,,,,
,,,,,,#N/A,,,,,
,,,,,,#N/A,,,,,
,,,,,,#N/A,,,,,
,,,,,,#N/A,,,,,
,,,,,,#N/A,,,,,
,,,,,,#N/A,,,,,
,,,,,,#N/A,,,,,
,,,,,,#N/A,,,,,
,,,,,,#N/A,,,,,
,,,,,,#N/A,,,,,
,,,,,,#N/A,,,,,
,,,,,,#N/A,,,,,
,,,,,,#N/A,,,,,
,,,,,,#N/A,,,,,
,,,,,,#N/A,,,,,
,,,,,,#N/A,,,,,
,,,,,,#N/A,,,,,
,,,,,,#N/A,,,,,
,,,,,,#N/A,,,,,
,,,,,,#N/A,,,,,
,,,,,,#N/A,,,,,
,,,,,,#N/A,,,,,
,,,,,,#N/A,,,,,
,,,,,,#N/A,,,,,
,,,,,,#N/A,,,,,
,,,,,,#N/A,,,,,
,,,,,,#N/A,,,,,
,,,,,,#N/A,,,,,
,,,,,,#N/A,,,,,
,,,,,,#N/A,,,,,
,,,,,,#N/A,,,,,
,,,,,,#N/A,,,,,
,,,,,,#N/A,,,,,
,,,,,,#N/A,,,,,
,,,,,,#N/A,,,,,
,,,,,,#N/A,,,,,
,,,,,,#N/A,,,,,
,,,,,,#N/A,,,,,
,,,,,,#N/A,,,,,
,,,,,,#N/A,,,,,
,,,,,,#N/A,,,,,
,,,,,,#N/A,,,,,
,,,,,,#N/A,,,,,
,,,,,,#N/A,,,,,
,,,,,,#N/A,,,,,
,,,,,,#N/A,,,,,
,,,,,,#N/A,,,,,
,,,,,,#N/A,,,,,
,,,,,,#N/A,,,,,
,,,,,,#N/A,,,,,
,,,,,,#N/A,,,,,
,,,,,,#N/A,,,,,
,,,,,,#N/A,,,,,
,,,,,,#N/A,,,,,
,,,,,,#N/A,,,,,
,,,,,,#N/A,,,,,
,,,,,,#N/A,,,,,
,,,,,,#N/A,,,,,
,,,,,,#N/A,,,,,
,,,,,,#N/A,,,,,
,,,,,,#N/A,,,,,
,,,,,,#N/A,,,,,
,,,,,,#N/A,,,,,
,,,,,,#N/A,,,,,
,,,,,,#N/A,,,,,
,,,,,,#N/A,,,,,
,,,,,,#N/A,,,,,
,,,,,,#N/A,,,,,
,,,,,,#N/A,,,,,
,,,,,,#N/A,,,,,
,,,,,,#N/A,,,,,
,,,,,,#N/A,,,,,
,,,,,,#N/A,,,,,
,,,,,,#N/A,,,,,
,,,,,,#N/A,,,,,
,,,,,,#N/A,,,,,
,,,,,,#N/A,,,,,
,,,,,,#N/A,,,,,
,,,,,,#N/A,,,,,
,,,,,,#N/A,,,,,
,,,,,,#N/A,,,,,
,,,,,,#N/A,,,,,
,,,,,,#N/A,,,,,
,,,,,,#N/A,,,,,
,,,,,,#N/A,,,,,
,,,,,,#N/A,,,,,
,,,,,,#N/A,,,,,
,,,,,,#N/A,,,,,
,,,,,,#N/A,,,,,
,,,,,,#N/A,,,,,
,,,,,,#N/A,,,,,
,,,,,,#N/A,,,,,
,,,,,,#N/A,,,,,
,,,,,,#N/A,,,,,
,,,,,,#N/A,,,,,
,,,,,,#N/A,,,,,
,,,,,,#N/A,,,,,
,,,,,,#N/A,,,,,
,,,,,,#N/A,,,,,
,,,,,,#N/A,,,,,
,,,,,,#N/A,,,,,
,,,,,,#N/A,,,,,
,,,,,,#N/A,,,,,
,,,,,,#N/A,,,,,
,,,,,,#N/A,,,,,
,,,,,,#N/A,,,,,
,,,,,,#N/A,,,,,
,,,,,,#N/A,,,,,
,,,,,,#N/A,,,,,
,,,,,,#N/A,,,,,
,,,,,,#N/A,,,,,
,,,,,,#N/A,,,,,
,,,,,,#N/A,,,,,
,,,,,,#N/A,,,,,
,,,,,,#N/A,,,,,
,,,,,,#N/A,,,,,
,,,,,,#N/A,,,,,
,,,,,,#N/A,,,,,
,,,,,,#N/A,,,,,
,,,,,,#N/A,,,,,
,,,,,,#N/A,,,,,
,,,,,,#N/A,,,,,
,,,,,,#N/A,,,,,
,,,,,,#N/A,,,,,
,,,,,,#N/A,,,,,
,,,,,,#N/A,,,,,
,,,,,,#N/A,,,,,
,,,,,,#N/A,,,,,
,,,,,,#N/A,,,,,
,,,,,,#N/A,,,,,
,,,,,,#N/A,,,,,
,,,,,,#N/A,,,,,
,,,,,,#N/A,,,,,
,,,,,,#N/A,,,,,
,,,,,,#N/A,,,,,
,,,,,,#N/A,,,,,
,,,,,,#N/A,,,,,
,,,,,,#N/A,,,,,
,,,,,,#N/A,,,,,
,,,,,,#N/A,,,,,
,,,,,,#N/A,,,,,
,,,,,,#N/A,,,,,
,,,,,,#N/A,,,,,
,,,,,,#N/A,,,,,
,,,,,,#N/A,,,,,
,,,,,,#N/A,,,,,
,,,,,,#N/A,,,,,
,,,,,,#N/A,,,,,
,,,,,,#N/A,,,,,
,,,,,,#N/A,,,,,
,,,,,,#N/A,,,,,
,,,,,,#N/A,,,,,
,,,,,,#N/A,,,,,
,,,,,,#N/A,,,,,
,,,,,,#N/A,,,,,
,,,,,,#N/A,,,,,
,,,,,,#N/A,,,,,
,,,,,,#N/A,,,,,
,,,,,,#N/A,,,,,
,,,,,,#N/A,,,,,
,,,,,,#N/A,,,,,
,,,,,,#N/A,,,,,
,,,,,,#N/A,,,,,
,,,,,,#N/A,,,,,
,,,,,,#N/A,,,,,
,,,,,,#N/A,,,,,
,,,,,,#N/A,,,,,
,,,,,,#N/A,,,,,
,,,,,,#N/A,,,,,
,,,,,,#N/A,,,,,
,,,,,,#N/A,,,,,
,,,,,,#N/A,,,,,
,,,,,,#N/A,,,,,
,,,,,,#N/A,,,,,
,,,,,,#N/A,,,,,
,,,,,,#N/A,,,,,
,,,,,,#N/A,,,,,
,,,,,,#N/A,,,,,
,,,,,,#N/A,,,,,
,,,,,,#N/A,,,,,
,,,,,,#N/A,,,,,
,,,,,,#N/A,,,,,
,,,,,,#N/A,,,,,
,,,,,,#N/A,,,,,
,,,,,,#N/A,,,,,
,,,,,,#N/A,,,,,
,,,,,,#N/A,,,,,
,,,,,,#N/A,,,,,
,,,,,,#N/A,,,,,
,,,,,,#N/A,,,,,
,,,,,,#N/A,,,,,
,,,,,,#N/A,,,,,
,,,,,,#N/A,,,,,
,,,,,,#N/A,,,,,
,,,,,,#N/A,,,,,
,,,,,,#N/A,,,,,
,,,,,,#N/A,,,,,
,,,,,,#N/A,,,,,
,,,,,,#N/A,,,,,
,,,,,,#N/A,,,,,
,,,,,,#N/A,,,,,
,,,,,,#N/A,,,,,
,,,,,,#N/A,,,,,
,,,,,,#N/A,,,,,
,,,,,,#N/A,,,,,
,,,,,,#N/A,,,,,
,,,,,,#N/A,,,,,
,,,,,,#N/A,,,,,
,,,,,,#N/A,,,,,
,,,,,,#N/A,,,,,
,,,,,,#N/A,,,,,
,,,,,,#N/A,,,,,
,,,,,,#N/A,,,,,
,,,,,,#N/A,,,,,
,,,,,,#N/A,,,,,
,,,,,,#N/A,,,,,
,,,,,,#N/A,,,,,
,,,,,,#N/A,,,,,
,,,,,,#N/A,,,,,
,,,,,,#N/A,,,,,
,,,,,,#N/A,,,,,
,,,,,,#N/A,,,,,
,,,,,,#N/A,,,,,
,,,,,,#N/A,,,,,
,,,,,,#N/A,,,,,
,,,,,,#N/A,,,,,
,,,,,,#N/A,,,,,
,,,,,,#N/A,,,,,
,,,,,,#N/A,,,,,
,,,,,,#N/A,,,,,
,,,,,,#N/A,,,,,
,,,,,,#N/A,,,,,
,,,,,,#N/A,,,,,
,,,,,,#N/A,,,,,
,,,,,,#N/A,,,,,
,,,,,,#N/A,,,,,
,,,,,,#N/A,,,,,
,,,,,,#N/A,,,,,
,,,,,,#N/A,,,,,
,,,,,,#N/A,,,,,
,,,,,,#N/A,,,,,
,,,,,,#N/A,,,,,
,,,,,,#N/A,,,,,
,,,,,,#N/A,,,,,
,,,,,,#N/A,,,,,
,,,,,,#N/A,,,,,
,,,,,,#N/A,,,,,
,,,,,,#N/A,,,,,
,,,,,,#N/A,,,,,
,,,,,,#N/A,,,,,
,,,,,,#N/A,,,,,
,,,,,,#N/A,,,,,
,,,,,,#N/A,,,,,
,,,,,,#N/A,,,,,
,,,,,,#N/A,,,,,
,,,,,,#N/A,,,,,
,,,,,,#N/A,,,,,
,,,,,,#N/A,,,,,
,,,,,,#N/A,,,,,
,,,,,,#N/A,,,,,
,,,,,,#N/A,,,,,
,,,,,,#N/A,,,,,
,,,,,,#N/A,,,,,
,,,,,,#N/A,,,,,
,,,,,,#N/A,,,,,
,,,,,,#N/A,,,,,
,,,,,,#N/A,,,,,
,,,,,,#N/A,,,,,
,,,,,,#N/A,,,,,
,,,,,,#N/A,,,,,
,,,,,,#N/A,,,,,
,,,,,,#N/A,,,,,
,,,,,,#N/A,,,,,
,,,,,,#N/A,,,,,
,,,,,,#N/A,,,,,
,,,,,,#N/A,,,,,
,,,,,,#N/A,,,,,
,,,,,,#N/A,,,,,
,,,,,,#N/A,,,,,
,,,,,,#N/A,,,,,
,,,,,,#N/A,,,,,
,,,,,,#N/A,,,,,
,,,,,,#N/A,,,,,
,,,,,,#N/A,,,,,
,,,,,,#N/A,,,,,
,,,,,,#N/A,,,,,
,,,,,,#N/A,,,,,
,,,,,,#N/A,,,,,
,,,,,,#N/A,,,,,
,,,,,,#N/A,,,,,
,,,,,,#N/A,,,,,
,,,,,,#N/A,,,,,
,,,,,,#N/A,,,,,
,,,,,,#N/A,,,,,
,,,,,,#N/A,,,,,
,,,,,,#N/A,,,,,
,,,,,,#N/A,,,,,
,,,,,,#N/A,,,,,
,,,,,,#N/A,,,,,
,,,,,,#N/A,,,,,
,,,,,,#N/A,,,,,
,,,,,,#N/A,,,,,
,,,,,,#N/A,,,,,
,,,,,,#N/A,,,,,
,,,,,,#N/A,,,,,
,,,,,,#N/A,,,,,
,,,,,,#N/A,,,,,
,,,,,,#N/A,,,,,
,,,,,,#N/A,,,,,
,,,,,,#N/A,,,,,
,,,,,,#N/A,,,,,
,,,,,,#N/A,,,,,
,,,,,,#N/A,,,,,
,,,,,,#N/A,,,,,
,,,,,,#N/A,,,,,
,,,,,,#N/A,,,,,
,,,,,,#N/A,,,,,
,,,,,,#N/A,,,,,
,,,,,,#N/A,,,,,
,,,,,,#N/A,,,,,
,,,,,,#N/A,,,,,
,,,,,,#N/A,,,,,
,,,,,,#N/A,,,,,
,,,,,,#N/A,,,,,
,,,,,,#N/A,,,,,
,,,,,,#N/A,,,,,
,,,,,,#N/A,,,,,
,,,,,,#N/A,,,,,
,,,,,,#N/A,,,,,
,,,,,,#N/A,,,,,
,,,,,,#N/A,,,,,
,,,,,,#N/A,,,,,
,,,,,,#N/A,,,,,
,,,,,,#N/A,,,,,
,,,,,,#N/A,,,,,
,,,,,,#N/A,,,,,
,,,,,,#N/A,,,,,
,,,,,,#N/A,,,,,
,,,,,,#N/A,,,,,
,,,,,,#N/A,,,,,
,,,,,,#N/A,,,,,
,,,,,,#N/A,,,,,
,,,,,,#N/A,,,,,
,,,,,,#N/A,,,,,
,,,,,,#N/A,,,,,
,,,,,,#N/A,,,,,
,,,,,,#N/A,,,,,
,,,,,,#N/A,,,,,
,,,,,,#N/A,,,,,
,,,,,,#N/A,,,,,
,,,,,,#N/A,,,,,
,,,,,,#N/A,,,,,
,,,,,,#N/A,,,,,
,,,,,,#N/A,,,,,
,,,,,,#N/A,,,,,
,,,,,,#N/A,,,,,
,,,,,,#N/A,,,,,
,,,,,,#N/A,,,,,
,,,,,,#N/A,,,,,
,,,,,,#N/A,,,,,
,,,,,,#N/A,,,,,
,,,,,,#N/A,,,,,
,,,,,,#N/A,,,,,
,,,,,,#N/A,,,,,
,,,,,,#N/A,,,,,
,,,,,,#N/A,,,,,
,,,,,,#N/A,,,,,
,,,,,,#N/A,,,,,
,,,,,,#N/A,,,,,
,,,,,,#N/A,,,,,
,,,,,,#N/A,,,,,
,,,,,,#N/A,,,,,
,,,,,,#N/A,,,,,
,,,,,,#N/A,,,,,
,,,,,,#N/A,,,,,